Submission id,Participant id,Status,Custom study tncs accepted at,Started at,Completed at,Reviewed at,Archived at,Time taken,Completion code,Total approvals,Age,Sex,Ethnicity simplified,Country of birth,Country of residence,Nationality,Language,Student status,Employment status
6761c6638d99e6f69bc8a5cd,6761addba5a1601b74e8fe29,RETURNED,Not Applicable,2024-12-17T18:43:52.134000Z,,,2025-01-23T16:28:45.643387Z,,,189,CONSENT_REVOKED,CONSENT_REVOKED,CONSENT_REVOKED,CONSENT_REVOKED,CONSENT_REVOKED,CONSENT_REVOKED,CONSENT_REVOKED,CONSENT_REVOKED,CONSENT_REVOKED
6761c6ca21ce976b0d340c80,673511eeb327d43c7edd51c3,RETURNED,Not Applicable,2024-12-17T18:45:47.501000Z,,,2025-01-23T16:28:45.648491Z,,,71,CONSENT_REVOKED,CONSENT_REVOKED,CONSENT_REVOKED,CONSENT_REVOKED,CONSENT_REVOKED,CONSENT_REVOKED,CONSENT_REVOKED,CONSENT_REVOKED,CONSENT_REVOKED
6761c78292d10a4ae063e604,660456076fd04832e53c09ea,RETURNED,Not Applicable,2024-12-17T18:48:38.122000Z,,,2025-01-23T16:28:45.649863Z,,,784,CONSENT_REVOKED,CONSENT_REVOKED,CONSENT_REVOKED,CONSENT_REVOKED,CONSENT_REVOKED,CONSENT_REVOKED,CONSENT_REVOKED,CONSENT_REVOKED,CONSENT_REVOKED
6761c785e3371034e89715b5,6761934aa62aae0c93863233,APPROVED,Not Applicable,2024-12-17T18:48:47.516000Z,2024-12-17T18:56:30.197000Z,2025-01-07T11:48:15.670000Z,2024-12-17T18:58:41.680964Z,463.0,75b53a55e8,3,32,Male,Black,United States,United States,United States,English,No,DATA_EXPIRED
6761c78974883383cf900960,675ee6288c0fd12397719878,APPROVED,Not Applicable,2024-12-17T18:48:51.482000Z,2024-12-17T19:01:00.389000Z,2025-01-07T11:48:16.191000Z,2024-12-17T19:01:05.703888Z,729.0,75b53a55e8,4,19,Male,Black,Ghana,United States,United States,Twi,Yes,DATA_EXPIRED
6761c7a7139fa42fb916d9cc,672bd5df119bfbb6db80947a,APPROVED,Not Applicable,2024-12-17T18:49:17.417000Z,2024-12-17T18:56:51.887000Z,2025-01-07T11:48:16.650000Z,2024-12-17T18:58:51.003602Z,455.0,75b53a55e8,164,22,Female,White,United States,United States,United States,English,Yes,DATA_EXPIRED
6761c83da4d9e54c73401ff9,67601ffcc3b5911361921e08,RETURNED,Not Applicable,2024-12-17T18:52:07.542000Z,,,2025-01-23T16:28:45.648640Z,,,199,CONSENT_REVOKED,CONSENT_REVOKED,CONSENT_REVOKED,CONSENT_REVOKED,CONSENT_REVOKED,CONSENT_REVOKED,CONSENT_REVOKED,CONSENT_REVOKED,CONSENT_REVOKED
6761c965a5c6524a6bd48b9b,663133329c295a5660a77567,APPROVED,Not Applicable,2024-12-17T18:56:41.703000Z,2024-12-17T19:03:32.009000Z,2025-01-07T11:48:17.123000Z,2024-12-17T19:03:32.461310Z,411.0,75b53a55e8,209,38,Female,Black,United States,United States,United States,English,No,"Not in paid work (e.g. homemaker', 'retired or disabled)"
6761c9937d3d96d6802b9435,661a9d90ad9d4689a46475c0,APPROVED,Not Applicable,2024-12-17T18:57:30.048000Z,2024-12-17T19:05:44.152000Z,2025-01-07T11:48:17.562000Z,2024-12-17T19:05:45.201444Z,495.0,75b53a55e8,161,58,Male,Black,United States,United States,United States,English,No,Unemployed (and job seeking)
677eb798dd491d146f356a84,677a52bcb588b3bd4490ff4d,RETURNED,Not Applicable,2025-01-08T17:47:00.063000Z,,,2025-01-23T16:28:45.651094Z,,,85,CONSENT_REVOKED,CONSENT_REVOKED,CONSENT_REVOKED,CONSENT_REVOKED,CONSENT_REVOKED,CONSENT_REVOKED,CONSENT_REVOKED,CONSENT_REVOKED,CONSENT_REVOKED
677eb7c2e8b4da15a0762b62,676c91b2de2141118d036e77,APPROVED,Not Applicable,2025-01-08T17:37:11.407000Z,2025-01-08T17:42:27.482000Z,2025-01-10T20:25:18.862000Z,2025-01-08T17:42:28.146352Z,317.0,75b53a55e8,7,37,Female,White,United States,United States,United States,English,No,Full-Time
677eb7d273b714cfb0e8f491,677bed01fade514fdf163556,RETURNED,Not Applicable,2025-01-08T17:37:30.224000Z,,,2025-01-23T16:28:45.656225Z,,,87,CONSENT_REVOKED,CONSENT_REVOKED,CONSENT_REVOKED,CONSENT_REVOKED,CONSENT_REVOKED,CONSENT_REVOKED,CONSENT_REVOKED,CONSENT_REVOKED,CONSENT_REVOKED
677eb7d7a12f30fc2db707a1,671e9d93e055c47ec6932e61,APPROVED,Not Applicable,2025-01-08T17:37:32.192000Z,2025-01-08T17:42:20.844000Z,2025-01-10T20:25:19.377000Z,2025-01-08T17:42:21.494885Z,289.0,75b53a55e8,301,28,Male,White,United States,United States,United States,English,No,Unemployed (and job seeking)
677eb7f51b28954d0ff4ee6c,5fd0261b85dd3e087609bee6,APPROVED,Not Applicable,2025-01-08T17:38:01.928000Z,2025-01-08T17:42:06.357000Z,2025-01-10T20:25:19.615000Z,2025-01-08T17:42:07.436510Z,245.0,75b53a55e8,1546,26,Female,Asian,United States,United States,United States,Vietnamese,No,Full-Time
677eb843626be3088ae0c372,6766f94f828cf789045ce1ac,APPROVED,Not Applicable,2025-01-08T17:39:24.239000Z,2025-01-08T17:58:48.670000Z,2025-01-10T20:25:19.858000Z,2025-01-08T17:58:50.544095Z,1165.0,75b53a55e8,17,38,Female,Mixed,United States,United States,United States,English,DATA_EXPIRED,DATA_EXPIRED
677eb89018e77594a861cd5e,66c8abd9541bc2f6a6a7cc33,APPROVED,Not Applicable,2025-01-08T17:40:36.904000Z,2025-01-08T17:44:03.943000Z,2025-01-10T20:25:20.175000Z,2025-01-08T17:44:04.517345Z,208.0,75b53a55e8,422,39,Female,White,United States,United States,United States,English,DATA_EXPIRED,DATA_EXPIRED
677eb89410227a4dfcb9dcbd,677d6e7d85b6018fd70e0415,RETURNED,Not Applicable,2025-01-08T17:41:05.650000Z,,,2025-01-23T16:28:45.659999Z,,,25,CONSENT_REVOKED,CONSENT_REVOKED,CONSENT_REVOKED,CONSENT_REVOKED,CONSENT_REVOKED,CONSENT_REVOKED,CONSENT_REVOKED,CONSENT_REVOKED,CONSENT_REVOKED
677eb8ee9a2496f3a7f67812,66f2b62e0ed36bbf5a254874,RETURNED,Not Applicable,2025-01-08T17:42:32.152000Z,,,2025-01-23T16:28:45.661188Z,,,620,CONSENT_REVOKED,CONSENT_REVOKED,CONSENT_REVOKED,CONSENT_REVOKED,CONSENT_REVOKED,CONSENT_REVOKED,CONSENT_REVOKED,CONSENT_REVOKED,CONSENT_REVOKED
677eb8f93111f680ade62401,67180c619687ce86be82b29f,RETURNED,Not Applicable,2025-01-08T17:44:08.755000Z,,,2025-01-23T16:28:45.778887Z,,,440,CONSENT_REVOKED,CONSENT_REVOKED,CONSENT_REVOKED,CONSENT_REVOKED,CONSENT_REVOKED,CONSENT_REVOKED,CONSENT_REVOKED,CONSENT_REVOKED,CONSENT_REVOKED
677eb90c75744b6891b6a4a9,61523a9abe7a56d2e2ef6b5f,APPROVED,Not Applicable,2025-01-08T17:42:44.497000Z,2025-01-08T17:52:00.250000Z,2025-01-10T20:25:20.497000Z,2025-01-08T17:52:01.010105Z,556.0,75b53a55e8,1632,67,Male,White,United States,United States,United States,English,DATA_EXPIRED,"Not in paid work (e.g. homemaker', 'retired or disabled)"
677eb9206cc3afe1ebe63a14,669c875560ed8446c3765679,APPROVED,Not Applicable,2025-01-08T17:43:06.119000Z,2025-01-08T17:50:34.007000Z,2025-01-10T20:25:21.526000Z,2025-01-08T17:50:34.842526Z,448.0,75b53a55e8,686,35,Female,White,United States,United States,United States,English,No,Unemployed (and job seeking)
677eb92197030cb9b29a786a,673e474c3243bb7c85a175a4,RETURNED,Not Applicable,2025-01-08T17:43:08.813000Z,,,2025-01-23T16:28:45.667509Z,,,29,CONSENT_REVOKED,CONSENT_REVOKED,CONSENT_REVOKED,CONSENT_REVOKED,CONSENT_REVOKED,CONSENT_REVOKED,CONSENT_REVOKED,CONSENT_REVOKED,CONSENT_REVOKED
677eb92f44fd2e48ef5a09c0,6761cafdb6d47535e3e6c4f6,RETURNED,Not Applicable,2025-01-08T17:43:16.514000Z,,,2025-01-23T16:28:45.671917Z,,,104,CONSENT_REVOKED,CONSENT_REVOKED,CONSENT_REVOKED,CONSENT_REVOKED,CONSENT_REVOKED,CONSENT_REVOKED,CONSENT_REVOKED,CONSENT_REVOKED,CONSENT_REVOKED
677eb934aadb5d393cf8f7f8,6419cfe35db47397bee1b0e1,APPROVED,Not Applicable,2025-01-08T17:43:24.288000Z,2025-01-08T17:49:43.878000Z,2025-01-10T20:25:21.845000Z,2025-01-08T17:49:45.230146Z,380.0,75b53a55e8,1166,32,Female,White,United States,United States,United States,English,Yes,Full-Time
677eb94c174e825d441e160c,6745233f60af5eb55ec25aa2,APPROVED,Not Applicable,2025-01-08T17:44:00.650000Z,2025-01-08T18:10:56.736000Z,2025-01-10T20:25:22.151000Z,2025-01-08T18:10:57.377709Z,1617.0,75b53a55e8,22,39,Male,White,United States,United States,United States,English,No,Full-Time
677eb96bc94d074d257caf24,671d7606bf9ca032aba06dff,APPROVED,Not Applicable,2025-01-08T17:44:16.668000Z,2025-01-08T17:54:50.463000Z,2025-01-10T20:25:22.459000Z,2025-01-08T17:54:51.188746Z,634.0,75b53a55e8,278,47,Male,Black,Somalia,United States,United States,Somali,No,DATA_EXPIRED
677eb96f3e4781e47ee8b0e5,65df987fbb5a010132ea805f,APPROVED,Not Applicable,2025-01-08T17:44:21.961000Z,2025-01-08T17:56:43.662000Z,2025-01-10T20:25:22.706000Z,2025-01-08T17:56:51.985117Z,742.0,75b53a55e8,510,49,Female,White,United States,United States,United States,English,No,Part-Time
677eb96fe302c03e6bbaf55f,6736829d3c798c8fdb4493a7,APPROVED,Not Applicable,2025-01-08T17:44:19.693000Z,2025-01-08T17:52:49.523000Z,2025-01-10T20:25:22.970000Z,2025-01-08T17:52:50.127431Z,510.0,75b53a55e8,146,37,Female,White,United States,United States,United States,English,No,"Not in paid work (e.g. homemaker', 'retired or disabled)"
677eb9762f9ca14ac7464603,6772cdf68545f04c1afa92c8,RETURNED,Not Applicable,2025-01-08T17:44:29.371000Z,,,2025-01-23T16:28:45.674194Z,,,43,CONSENT_REVOKED,CONSENT_REVOKED,CONSENT_REVOKED,CONSENT_REVOKED,CONSENT_REVOKED,CONSENT_REVOKED,CONSENT_REVOKED,CONSENT_REVOKED,CONSENT_REVOKED
677eb97724002db719c22550,6352c60b4a9850783773f265,RETURNED,Not Applicable,2025-01-08T17:44:29.389000Z,,,2025-01-23T16:28:45.677319Z,,,5914,CONSENT_REVOKED,CONSENT_REVOKED,CONSENT_REVOKED,CONSENT_REVOKED,CONSENT_REVOKED,CONSENT_REVOKED,CONSENT_REVOKED,CONSENT_REVOKED,CONSENT_REVOKED
677eb978d4b7e54839a3a2da,5dfe8e7bdc8535b21b18ea2f,APPROVED,Not Applicable,2025-01-08T17:44:36.776000Z,2025-01-08T17:54:36.319000Z,2025-01-10T20:25:23.268000Z,2025-01-08T17:54:36.903767Z,600.0,75b53a55e8,9514,43,Male,White,United States,United States,United States,English,DATA_EXPIRED,DATA_EXPIRED
677eb9798c3e289b439a3ec9,677cb4d5107ed70ac6ab64bb,APPROVED,Not Applicable,2025-01-08T17:44:35.289000Z,2025-01-08T17:53:46.932000Z,2025-01-10T20:25:23.544000Z,2025-01-08T17:53:48.325669Z,552.0,75b53a55e8,1,42,Female,White,United States,United States,United States,English,No,DATA_EXPIRED
677eb97b3e04fda87cf76017,5f7b6d4a0bfbcf12109fbf1f,APPROVED,Not Applicable,2025-01-08T17:44:34.352000Z,2025-01-08T17:50:16.014000Z,2025-01-10T20:25:23.850000Z,2025-01-08T17:50:16.515597Z,342.0,75b53a55e8,7,24,Male,White,United States,United States,United States,English,Yes,Full-Time
677eb97c5501f1f978ad6031,663ec602f5dc7af6ccc1c2d0,RETURNED,Not Applicable,2025-01-08T17:44:38.947000Z,,,2025-01-23T16:28:45.679923Z,,,260,CONSENT_REVOKED,CONSENT_REVOKED,CONSENT_REVOKED,CONSENT_REVOKED,CONSENT_REVOKED,CONSENT_REVOKED,CONSENT_REVOKED,CONSENT_REVOKED,CONSENT_REVOKED
677eb97ce16e6bc52ae87106,67780915bd051cae086a7ae8,APPROVED,Not Applicable,2025-01-08T17:44:28.931000Z,2025-01-08T18:10:16.915000Z,2025-01-10T20:25:24.163000Z,2025-01-08T18:10:17.616607Z,1548.0,75b53a55e8,9,25,Male,Black,Ghana,United States,United States,English,DATA_EXPIRED,DATA_EXPIRED
677eb97dc94d074d257caf26,677c30141774b25d07b1c14b,APPROVED,Not Applicable,2025-01-08T17:44:35.844000Z,2025-01-08T17:54:25.141000Z,2025-01-10T20:25:24.487000Z,2025-01-08T17:54:25.824187Z,590.0,75b53a55e8,5,42,Male,Other,United States,United States,United States,English,No,Full-Time
677eb97edc47c876ef9bf8ea,675d6e70a2eedcd7ec6d674c,RETURNED,Not Applicable,2025-01-08T17:44:39.435000Z,,,2025-01-23T16:28:45.814881Z,,,148,CONSENT_REVOKED,CONSENT_REVOKED,CONSENT_REVOKED,CONSENT_REVOKED,CONSENT_REVOKED,CONSENT_REVOKED,CONSENT_REVOKED,CONSENT_REVOKED,CONSENT_REVOKED
677eb97f15b02a7d45fadd84,6734f4622cbd088a82b7f773,APPROVED,Not Applicable,2025-01-08T17:51:21.834000Z,2025-01-08T18:06:00.260000Z,2025-01-10T20:25:24.837000Z,2025-01-08T18:08:03.280026Z,879.0,75b53a55e8,82,55,Female,Black,Ghana,United States,United States,English,DATA_EXPIRED,Full-Time
677eb97f167f43309e15c4eb,66d9ea1864f1cdad6eb246f9,APPROVED,Not Applicable,2025-01-08T17:45:35.568000Z,2025-01-08T17:53:51.679000Z,2025-01-10T20:25:25.149000Z,2025-01-08T17:53:52.421677Z,497.0,75b53a55e8,235,23,Female,Black,United States,United States,United States,English,No,DATA_EXPIRED
677eb97fd4867994d9bab893,677ea531e9ed9d436df3b0ec,APPROVED,Not Applicable,2025-01-08T17:44:37.306000Z,2025-01-08T17:51:09.479000Z,2025-01-10T20:25:25.407000Z,2025-01-08T17:51:10.182286Z,393.0,75b53a55e8,2,35,Male,White,United States,United States,United States,English,No,Full-Time
677eb980f1f0b8fcacff22b2,677cef46a75ed75ca16df349,REJECTED,Not Applicable,2025-01-08T17:45:13.883000Z,2025-01-08T17:59:43.258000Z,2025-01-21T17:27:16.802000Z,2025-01-23T16:28:45.680646Z,870.0,NOCODE,36,CONSENT_REVOKED,CONSENT_REVOKED,CONSENT_REVOKED,CONSENT_REVOKED,CONSENT_REVOKED,CONSENT_REVOKED,CONSENT_REVOKED,CONSENT_REVOKED,CONSENT_REVOKED
677eb9815a82422e6687e85c,65a9e8c7c7b1c1edab5df669,APPROVED,Not Applicable,2025-01-08T17:44:40.246000Z,2025-01-08T17:54:42.325000Z,2025-01-10T20:25:25.734000Z,2025-01-08T17:54:42.917411Z,603.0,75b53a55e8,1656,27,Male,White,United States,United States,United States,English,No,Full-Time
677eb981a1f8fb50687e26ae,63c0a40fed93c574b9ec5643,APPROVED,Not Applicable,2025-01-08T17:44:33.042000Z,2025-01-08T17:57:29.997000Z,2025-01-10T20:25:26.082000Z,2025-01-08T17:57:35.389886Z,777.0,75b53a55e8,1438,50,Female,Black,United States,United States,United States,English,Yes,Full-Time
677eb982a4aa6bfb4766051f,677d652e36f0f649f1441e5e,RETURNED,Not Applicable,2025-01-08T17:44:40.769000Z,,,2025-01-23T16:28:45.689096Z,,,44,CONSENT_REVOKED,CONSENT_REVOKED,CONSENT_REVOKED,CONSENT_REVOKED,CONSENT_REVOKED,CONSENT_REVOKED,CONSENT_REVOKED,CONSENT_REVOKED,CONSENT_REVOKED
677eb9842a0bc027d8d2640a,663d2c4ec6e0b969b7552ac4,APPROVED,Not Applicable,2025-01-08T17:44:43.985000Z,2025-01-08T17:52:53.661000Z,2025-01-10T20:25:26.349000Z,2025-01-08T17:52:54.429514Z,490.0,75b53a55e8,1286,40,Male,White,United States,United States,United States,English,DATA_EXPIRED,DATA_EXPIRED
677eb98461a33dc502bd7ab1,65f0ca37bee518869a2fc2b4,APPROVED,Not Applicable,2025-01-08T17:44:40.249000Z,2025-01-08T17:51:52.674000Z,2025-01-10T20:25:26.667000Z,2025-01-08T17:51:53.744815Z,433.0,75b53a55e8,641,58,Female,White,United States,United States,United States,English,DATA_EXPIRED,DATA_EXPIRED
677eb985e9cf9acff938e913,677bf4a0acb3a353abdc7d4c,REJECTED,Not Applicable,2025-01-08T17:44:57.146000Z,2025-01-08T17:56:42.686000Z,2025-01-21T17:27:08.158000Z,2025-01-23T16:28:45.692433Z,706.0,NOCODE,60,CONSENT_REVOKED,CONSENT_REVOKED,CONSENT_REVOKED,CONSENT_REVOKED,CONSENT_REVOKED,CONSENT_REVOKED,CONSENT_REVOKED,CONSENT_REVOKED,CONSENT_REVOKED
677eb9864a591fc910b70818,65c12ea66c65fd9357ae4068,APPROVED,Not Applicable,2025-01-08T17:44:43.830000Z,2025-01-08T17:53:31.296000Z,2025-01-10T20:25:26.950000Z,2025-01-08T17:53:31.962022Z,528.0,75b53a55e8,244,30,Female,Black,United States,United States,United States,English,No,Unemployed (and job seeking)
677eb987d2761ea9943d25fd,66b98484ccbb002158c5a036,APPROVED,Not Applicable,2025-01-08T17:44:46.457000Z,2025-01-08T17:56:59.695000Z,2025-01-10T20:25:27.208000Z,2025-01-08T17:57:05.173872Z,734.0,75b53a55e8,88,31,Prefer not to say,White,United States,United States,United States,English,No,Unemployed (and job seeking)
677eb987e0d686430787e895,6762d44a2b74ee8fb7416b2a,RETURNED,Not Applicable,2025-01-08T17:44:48.910000Z,,,2025-01-23T16:28:45.688331Z,,,54,CONSENT_REVOKED,CONSENT_REVOKED,CONSENT_REVOKED,CONSENT_REVOKED,CONSENT_REVOKED,CONSENT_REVOKED,CONSENT_REVOKED,CONSENT_REVOKED,CONSENT_REVOKED
677eb9883111f680ade62420,67320a318d5d4b0c44536d55,TIMED-OUT,Not Applicable,2025-01-08T17:44:52.667000Z,,,2025-01-23T16:28:45.689708Z,1291434.0,,61,34,Female,Black,Nigeria,United States,United States,English,DATA_EXPIRED,Full-Time
677eb988b64c3823a44e0edc,6582f5077f9dd146c22f5161,RETURNED,Not Applicable,2025-01-08T17:44:51.485000Z,,,2025-01-23T16:28:45.699944Z,,,355,CONSENT_REVOKED,CONSENT_REVOKED,CONSENT_REVOKED,CONSENT_REVOKED,CONSENT_REVOKED,CONSENT_REVOKED,CONSENT_REVOKED,CONSENT_REVOKED,CONSENT_REVOKED
677eb9893e04fda87cf7601d,6717c3c692d456ef49830cd2,APPROVED,Not Applicable,2025-01-08T17:44:52.556000Z,2025-01-08T17:51:45.099000Z,2025-01-10T20:25:27.479000Z,2025-01-08T17:51:45.708948Z,413.0,75b53a55e8,203,46,Male,White,United States,United States,United States,English,No,Full-Time
677eb98c47fc81394da30eb5,6674924e5847fb61b6f57ef6,RETURNED,Not Applicable,2025-01-08T17:44:49.139000Z,,,2025-01-23T16:28:45.697279Z,,,1099,CONSENT_REVOKED,CONSENT_REVOKED,CONSENT_REVOKED,CONSENT_REVOKED,CONSENT_REVOKED,CONSENT_REVOKED,CONSENT_REVOKED,CONSENT_REVOKED,CONSENT_REVOKED
677eb98d1346e21581339069,65c7e4fc097bd8b7a1d1db45,RETURNED,Not Applicable,2025-01-08T17:44:53.994000Z,,,2025-01-23T16:28:45.698688Z,,,1753,CONSENT_REVOKED,CONSENT_REVOKED,CONSENT_REVOKED,CONSENT_REVOKED,CONSENT_REVOKED,CONSENT_REVOKED,CONSENT_REVOKED,CONSENT_REVOKED,CONSENT_REVOKED
677eb98d387f24469138e954,677656148c4dc96a5e48d393,APPROVED,Not Applicable,2025-01-08T17:45:21.818000Z,2025-01-08T18:01:00.157000Z,2025-01-10T20:25:27.744000Z,2025-01-08T18:01:00.903119Z,939.0,75b53a55e8,8,22,Female,Black,Ghana,United States,United States,English,DATA_EXPIRED,DATA_EXPIRED
677eb98e308010967c8b0f52,66299adc39f876e996234d43,APPROVED,Not Applicable,2025-01-08T17:45:15.061000Z,2025-01-08T18:00:12.887000Z,2025-01-10T20:25:28.012000Z,2025-01-08T18:00:13.907981Z,898.0,75b53a55e8,745,35,Female,White,United States,United States,United States,English,No,"Not in paid work (e.g. homemaker', 'retired or disabled)"
677eb98ec4f2562df1904555,65c10d42d5c2debb4d480be6,RETURNED,Not Applicable,2025-01-08T17:45:22.494000Z,,,2025-01-23T16:28:45.707293Z,,,1144,CONSENT_REVOKED,CONSENT_REVOKED,CONSENT_REVOKED,CONSENT_REVOKED,CONSENT_REVOKED,CONSENT_REVOKED,CONSENT_REVOKED,CONSENT_REVOKED,CONSENT_REVOKED
677eb98ee94319bbcc9e709c,677d656ec9f3b9dd6aeaeee5,RETURNED,Not Applicable,2025-01-08T17:45:31.317000Z,,,2025-01-23T16:28:45.706995Z,,,56,CONSENT_REVOKED,CONSENT_REVOKED,CONSENT_REVOKED,CONSENT_REVOKED,CONSENT_REVOKED,CONSENT_REVOKED,CONSENT_REVOKED,CONSENT_REVOKED,CONSENT_REVOKED
677eb98f2186dad517925707,66db997a98d8b77dfe4314b6,RETURNED,Not Applicable,2025-01-08T17:45:00.269000Z,,,2025-01-23T16:28:45.708418Z,,,246,CONSENT_REVOKED,CONSENT_REVOKED,CONSENT_REVOKED,CONSENT_REVOKED,CONSENT_REVOKED,CONSENT_REVOKED,CONSENT_REVOKED,CONSENT_REVOKED,CONSENT_REVOKED
677eb9907de3b589e41424da,663a8050f55f768e9ea55705,APPROVED,Not Applicable,2025-01-08T17:44:59.130000Z,2025-01-08T17:50:50.041000Z,2025-01-10T20:25:28.268000Z,2025-01-08T17:50:50.615233Z,351.0,75b53a55e8,1093,28,Male,White,United States,United States,United States,English,No,Full-Time
677eb990b410391d15b5a995,6764754dc39cd64ae001cc03,APPROVED,Not Applicable,2025-01-08T17:45:50.323000Z,2025-01-08T18:03:21.287000Z,2025-01-10T20:25:28.498000Z,2025-01-08T18:03:22.032146Z,1051.0,75b53a55e8,51,36,Male,White,United States,United States,United States,English,No,DATA_EXPIRED
677eb990bb091e27806600ac,5e00f9a211999fcea4169800,RETURNED,Not Applicable,2025-01-08T17:44:57.608000Z,,,2025-01-23T16:28:45.713345Z,,,1800,CONSENT_REVOKED,CONSENT_REVOKED,CONSENT_REVOKED,CONSENT_REVOKED,CONSENT_REVOKED,CONSENT_REVOKED,CONSENT_REVOKED,CONSENT_REVOKED,CONSENT_REVOKED
677eb9912f9ca14ac746460b,67784915fe966e4dc7f485c1,APPROVED,Not Applicable,2025-01-08T17:44:56.626000Z,2025-01-08T18:04:35.045000Z,2025-01-10T20:25:28.744000Z,2025-01-08T18:04:35.721021Z,1179.0,75b53a55e8,14,24,Female,Mixed,Ghana,United States,United States,English,Yes,DATA_EXPIRED
677eb991cd77deb20f8cd9b9,5c2019f5cc850a0001b329e8,APPROVED,Not Applicable,2025-01-08T17:44:54.240000Z,2025-01-08T17:52:02.546000Z,2025-01-10T20:25:30.522000Z,2025-01-08T17:52:03.643923Z,429.0,75b53a55e8,1855,47,Male,White,United States,United States,United States,English,No,Other
677eb99253bc4d72abb5aa87,6772f8fb8bf5af253577d8e7,APPROVED,Not Applicable,2025-01-08T17:45:03.588000Z,2025-01-08T17:56:15.645000Z,2025-01-10T20:25:30.832000Z,2025-01-08T17:56:19.129836Z,673.0,75b53a55e8,8,67,Male,Black,United States,United States,United States,English,No,"Not in paid work (e.g. homemaker', 'retired or disabled)"
677eb992f40d0df49b293e93,660dde2ea4ccc7fca5fbbedb,APPROVED,Not Applicable,2025-01-08T17:44:56.419000Z,2025-01-08T18:08:30.255000Z,2025-01-10T20:25:31.085000Z,2025-01-08T18:08:31.520059Z,1414.0,75b53a55e8,507,48,Male,Black,United States,United States,United States,English,No,Full-Time
677eb9944f211ce9c608ef69,6591e587ca19fad1b674f76c,RETURNED,Not Applicable,2025-01-08T17:45:01.814000Z,,,2025-01-23T16:28:45.714684Z,,,190,CONSENT_REVOKED,CONSENT_REVOKED,CONSENT_REVOKED,CONSENT_REVOKED,CONSENT_REVOKED,CONSENT_REVOKED,CONSENT_REVOKED,CONSENT_REVOKED,CONSENT_REVOKED
677eb995524aaff067dc0752,671fae2215cb796cfc9d1207,APPROVED,Not Applicable,2025-01-08T17:45:08.995000Z,2025-01-08T17:56:27.709000Z,2025-01-10T20:25:31.383000Z,2025-01-08T17:56:32.501668Z,679.0,75b53a55e8,198,50,Female,White,United States,United States,United States,English,No,Full-Time
677eb9962fc7205daf7454da,673f63f734a88f90705704ea,RETURNED,Not Applicable,2025-01-08T17:49:57.443000Z,,,2025-01-23T16:28:45.715056Z,,,169,CONSENT_REVOKED,CONSENT_REVOKED,CONSENT_REVOKED,CONSENT_REVOKED,CONSENT_REVOKED,CONSENT_REVOKED,CONSENT_REVOKED,CONSENT_REVOKED,CONSENT_REVOKED
677eb997e120b7b320e90cdc,5d6c10948cb0f70017b1f7a4,RETURNED,Not Applicable,2025-01-08T17:45:03.368000Z,,,2025-01-23T16:28:45.716868Z,,,3099,CONSENT_REVOKED,CONSENT_REVOKED,CONSENT_REVOKED,CONSENT_REVOKED,CONSENT_REVOKED,CONSENT_REVOKED,CONSENT_REVOKED,CONSENT_REVOKED,CONSENT_REVOKED
677eb99839f6f7a0316457d0,6730694f3004dbca8137f18b,RETURNED,Not Applicable,2025-01-08T17:45:02.886000Z,,,2025-01-23T16:28:45.734750Z,,,132,CONSENT_REVOKED,CONSENT_REVOKED,CONSENT_REVOKED,CONSENT_REVOKED,CONSENT_REVOKED,CONSENT_REVOKED,CONSENT_REVOKED,CONSENT_REVOKED,CONSENT_REVOKED
677eb998a12f30fc2db7080f,6723cc582c496c56eb6a2503,RETURNED,Not Applicable,2025-01-08T17:45:06.097000Z,,,2025-01-23T16:28:45.746643Z,,,177,CONSENT_REVOKED,CONSENT_REVOKED,CONSENT_REVOKED,CONSENT_REVOKED,CONSENT_REVOKED,CONSENT_REVOKED,CONSENT_REVOKED,CONSENT_REVOKED,CONSENT_REVOKED
677eb99941f0ce49707ab375,66293c01f283b939dc9afa28,APPROVED,Not Applicable,2025-01-08T17:45:28.836000Z,2025-01-08T17:53:29.955000Z,2025-01-10T20:25:31.965000Z,2025-01-08T17:53:30.707902Z,482.0,75b53a55e8,577,55,Female,White,United States,United States,United States,English,DATA_EXPIRED,DATA_EXPIRED
677eb99b9d5ec831134bd5c7,6638dbed2fe0ea0b11a8ab86,RETURNED,Not Applicable,2025-01-08T17:45:25.244000Z,,,2025-01-23T16:28:45.783088Z,,,135,CONSENT_REVOKED,CONSENT_REVOKED,CONSENT_REVOKED,CONSENT_REVOKED,CONSENT_REVOKED,CONSENT_REVOKED,CONSENT_REVOKED,CONSENT_REVOKED,CONSENT_REVOKED
677eb99c16b1daa11570f3db,677ca36dd580965562206e78,RETURNED,Not Applicable,2025-01-08T17:45:08.164000Z,,,2025-01-23T16:28:45.727968Z,,,45,CONSENT_REVOKED,CONSENT_REVOKED,CONSENT_REVOKED,CONSENT_REVOKED,CONSENT_REVOKED,CONSENT_REVOKED,CONSENT_REVOKED,CONSENT_REVOKED,CONSENT_REVOKED
677eb99c524aaff067dc0756,663293e5a4fed57611d5ca54,APPROVED,Not Applicable,2025-01-08T17:45:05.173000Z,2025-01-08T17:58:43.938000Z,2025-01-10T20:25:32.220000Z,2025-01-08T17:58:46.660853Z,819.0,75b53a55e8,751,32,Female,Mixed,United States,United States,United States,English,DATA_EXPIRED,DATA_EXPIRED
677eb99d61a33dc502bd7ab7,675af4f7c94e98c386dffc28,APPROVED,Not Applicable,2025-01-08T17:45:07.179000Z,2025-01-08T17:50:09.481000Z,2025-01-10T20:25:32.540000Z,2025-01-08T17:50:10.147574Z,303.0,75b53a55e8,64,44,Female,Asian,United States,United States,United States,English,No,Unemployed (and job seeking)
677eb99e6dc6b4f794e6a33a,67743e95ee9c23eb02fbf4c3,RETURNED,Not Applicable,2025-01-08T17:45:16.707000Z,,,2025-01-23T16:28:45.840086Z,,,34,CONSENT_REVOKED,CONSENT_REVOKED,CONSENT_REVOKED,CONSENT_REVOKED,CONSENT_REVOKED,CONSENT_REVOKED,CONSENT_REVOKED,CONSENT_REVOKED,CONSENT_REVOKED
677eb99f8b1ad213fba553f8,677e407f69c0e576f2fa69ee,RETURNED,Not Applicable,2025-01-08T17:45:11.666000Z,,,2025-01-23T16:28:45.757549Z,,,84,CONSENT_REVOKED,CONSENT_REVOKED,CONSENT_REVOKED,CONSENT_REVOKED,CONSENT_REVOKED,CONSENT_REVOKED,CONSENT_REVOKED,CONSENT_REVOKED,CONSENT_REVOKED
677eb9a08c3e289b439a3ed3,677cb01e75c833e552e53661,RETURNED,Not Applicable,2025-01-08T17:48:51.296000Z,,,2025-01-23T16:28:45.738952Z,,,15,CONSENT_REVOKED,CONSENT_REVOKED,CONSENT_REVOKED,CONSENT_REVOKED,CONSENT_REVOKED,CONSENT_REVOKED,CONSENT_REVOKED,CONSENT_REVOKED,CONSENT_REVOKED
677eb9a0ade4ec8f6860d044,6761bde829393ca6db1b882f,APPROVED,Not Applicable,2025-01-08T17:47:40.529000Z,2025-01-08T18:12:00.861000Z,2025-01-10T20:25:32.803000Z,2025-01-08T18:12:01.650922Z,1461.0,75b53a55e8,55,25,Male,White,United States,United States,United States,English,DATA_EXPIRED,DATA_EXPIRED
677eb9a10cab98d88f2abaa0,583f080a164cd30001c347ea,APPROVED,Not Applicable,2025-01-08T17:48:13.916000Z,2025-01-08T17:55:12.777000Z,2025-01-10T20:25:33.086000Z,2025-01-08T17:55:13.465017Z,419.0,75b53a55e8,6012,40,Male,White,United States,United States,United States,English,No,Full-Time
677eb9a1d4b7e54839a3a2e5,6694ac603b639f67dbce8ee5,APPROVED,Not Applicable,2025-01-08T17:45:22.722000Z,2025-01-08T18:14:52.359000Z,2025-01-10T20:25:33.308000Z,2025-01-08T18:14:52.910942Z,1770.0,75b53a55e8,217,27,Female,Mixed,United States,United States,United States,English,Yes,"Not in paid work (e.g. homemaker', 'retired or disabled)"
677eb9a20b9005b7b3c2c5f3,677da0675e7689e927f6a454,RETURNED,Not Applicable,2025-01-08T17:45:12.451000Z,,,2025-01-23T16:28:45.764811Z,,,78,CONSENT_REVOKED,CONSENT_REVOKED,CONSENT_REVOKED,CONSENT_REVOKED,CONSENT_REVOKED,CONSENT_REVOKED,CONSENT_REVOKED,CONSENT_REVOKED,CONSENT_REVOKED
677eb9a288569e8ffcad5fdc,676120fda53c858274f4d605,RETURNED,Not Applicable,2025-01-08T17:45:31.245000Z,,,2025-01-23T16:28:45.807300Z,,,60,CONSENT_REVOKED,CONSENT_REVOKED,CONSENT_REVOKED,CONSENT_REVOKED,CONSENT_REVOKED,CONSENT_REVOKED,CONSENT_REVOKED,CONSENT_REVOKED,CONSENT_REVOKED
677eb9a34aede7a50afc0817,671a196875e535e00bb0d473,RETURNED,Not Applicable,2025-01-08T17:45:13.449000Z,,,2025-01-23T16:28:45.757017Z,,,417,CONSENT_REVOKED,CONSENT_REVOKED,CONSENT_REVOKED,CONSENT_REVOKED,CONSENT_REVOKED,CONSENT_REVOKED,CONSENT_REVOKED,CONSENT_REVOKED,CONSENT_REVOKED
677eb9a3edd29411568d2330,67695ead382f369d5a610317,RETURNED,Not Applicable,2025-01-08T17:45:21.888000Z,,,2025-01-23T16:28:45.753243Z,,,34,CONSENT_REVOKED,CONSENT_REVOKED,CONSENT_REVOKED,CONSENT_REVOKED,CONSENT_REVOKED,CONSENT_REVOKED,CONSENT_REVOKED,CONSENT_REVOKED,CONSENT_REVOKED
677eb9a4000aba7c272efedf,6747558359bcb8ef020a499c,RETURNED,Not Applicable,2025-01-08T17:45:17.521000Z,,,2025-01-23T16:28:45.767430Z,,,127,CONSENT_REVOKED,CONSENT_REVOKED,CONSENT_REVOKED,CONSENT_REVOKED,CONSENT_REVOKED,CONSENT_REVOKED,CONSENT_REVOKED,CONSENT_REVOKED,CONSENT_REVOKED
677eb9a5515bb4ee59549e19,65577234800b1fea9ae3cf4d,RETURNED,Not Applicable,2025-01-08T17:45:25.379000Z,,,2025-01-23T16:28:45.765437Z,,,2429,CONSENT_REVOKED,CONSENT_REVOKED,CONSENT_REVOKED,CONSENT_REVOKED,CONSENT_REVOKED,CONSENT_REVOKED,CONSENT_REVOKED,CONSENT_REVOKED,CONSENT_REVOKED
677eb9a58287bfab9711d74b,65e6313dae427c393fc2fbd8,RETURNED,Not Applicable,2025-01-08T17:56:00.066000Z,,,2025-01-23T16:28:45.762838Z,,,918,CONSENT_REVOKED,CONSENT_REVOKED,CONSENT_REVOKED,CONSENT_REVOKED,CONSENT_REVOKED,CONSENT_REVOKED,CONSENT_REVOKED,CONSENT_REVOKED,CONSENT_REVOKED
677eb9a675744b6891b6a4ca,66d88824286f37aa2f0eae20,APPROVED,Not Applicable,2025-01-08T17:45:32.361000Z,2025-01-08T17:54:23.210000Z,2025-01-10T20:25:33.535000Z,2025-01-08T17:54:23.831243Z,531.0,75b53a55e8,283,34,Male,White,United States,United States,United States,English,No,Full-Time
677eb9a6cd77deb20f8cd9c0,5c436ecc3be7b70001fd3759,APPROVED,Not Applicable,2025-01-08T17:45:18.776000Z,2025-01-08T17:53:06.957000Z,2025-01-10T20:25:33.759000Z,2025-01-08T17:53:07.634651Z,469.0,75b53a55e8,165,33,Female,Mixed,United States,United States,United States,English,No,Unemployed (and job seeking)
677eb9a790c712fe288112f8,5f97525e873236100b213eaa,APPROVED,Not Applicable,2025-01-08T17:46:46.432000Z,2025-01-08T17:59:54.755000Z,2025-01-10T20:25:34.027000Z,2025-01-08T18:00:03.552094Z,789.0,75b53a55e8.,6746,43,Female,White,United States,United States,United States,English,DATA_EXPIRED,DATA_EXPIRED
677eb9a883b5371ebb4e84df,6764189d95dd121330ed5625,RETURNED,Not Applicable,2025-01-08T17:45:41.621000Z,,,2025-01-23T16:28:45.805157Z,,,84,CONSENT_REVOKED,CONSENT_REVOKED,CONSENT_REVOKED,CONSENT_REVOKED,CONSENT_REVOKED,CONSENT_REVOKED,CONSENT_REVOKED,CONSENT_REVOKED,CONSENT_REVOKED
677eb9a8d75908f85fe90d02,671e9da6f5cec7e28b7fc1c9,APPROVED,Not Applicable,2025-01-08T17:45:15.604000Z,2025-01-08T18:00:55.754000Z,2025-01-10T20:25:34.286000Z,2025-01-08T18:01:01.837760Z,941.0,75b53a55e8,122,24,Male,White,United States,United States,United States,English,Yes,Unemployed (and job seeking)
677eb9a9ade4ec8f6860d047,63cedb764240865b7177c745,APPROVED,Not Applicable,2025-01-08T17:45:19.210000Z,2025-01-08T17:51:34.018000Z,2025-01-10T20:25:34.551000Z,2025-01-08T17:51:34.840009Z,375.0,75b53a55e8,1307,40,Prefer not to say,Black,United States,United States,United States,English,No,Full-Time
677eb9a9d28927c860ce1f08,674475ec065e9c1d18327303,RETURNED,Not Applicable,2025-01-08T17:45:19.104000Z,,,2025-01-23T16:28:45.774395Z,,,182,CONSENT_REVOKED,CONSENT_REVOKED,CONSENT_REVOKED,CONSENT_REVOKED,CONSENT_REVOKED,CONSENT_REVOKED,CONSENT_REVOKED,CONSENT_REVOKED,CONSENT_REVOKED
677eb9ab91d12d351cc58689,67471c42f512a336497730c4,RETURNED,Not Applicable,2025-01-08T17:45:43.044000Z,,,2025-01-23T16:28:45.767849Z,,,74,CONSENT_REVOKED,CONSENT_REVOKED,CONSENT_REVOKED,CONSENT_REVOKED,CONSENT_REVOKED,CONSENT_REVOKED,CONSENT_REVOKED,CONSENT_REVOKED,CONSENT_REVOKED
677eb9ac83b5371ebb4e84e8,6733b7864021053026668d7e,RETURNED,Not Applicable,2025-01-08T17:51:58.919000Z,2025-01-08T18:07:39.968000Z,,2025-01-23T16:28:45.769462Z,,NOCODE,35,CONSENT_REVOKED,CONSENT_REVOKED,CONSENT_REVOKED,CONSENT_REVOKED,CONSENT_REVOKED,CONSENT_REVOKED,CONSENT_REVOKED,CONSENT_REVOKED,CONSENT_REVOKED
677eb9acaadb5d393cf8f80d,677c04153646b27cfcfbed43,APPROVED,Not Applicable,2025-01-08T17:45:28.635000Z,2025-01-08T18:00:01.887000Z,2025-01-10T20:25:34.842000Z,2025-01-08T18:00:05.712004Z,874.0,75b53a55e8,1,53,Male,Asian,China,United States,United States,Chinese,No,Part-Time
677eb9ad174e825d441e1629,67554da6489b5716497a7d7d,RETURNED,Not Applicable,2025-01-08T17:45:22.275000Z,,,2025-01-23T16:28:45.811457Z,,,175,CONSENT_REVOKED,CONSENT_REVOKED,CONSENT_REVOKED,CONSENT_REVOKED,CONSENT_REVOKED,CONSENT_REVOKED,CONSENT_REVOKED,CONSENT_REVOKED,CONSENT_REVOKED
677eb9ad191bee78a76bb111,6615a12e1e26787cd3c070ed,APPROVED,Not Applicable,2025-01-08T17:45:23.279000Z,2025-01-08T17:55:39.207000Z,2025-01-10T20:25:35.134000Z,2025-01-08T17:55:41.587231Z,616.0,75b53a55e8,1706,27,Female,White,United States,United States,United States,English,No,Full-Time
677eb9ad284cce5c4f978270,5dbb9407e0a6e81863526af7,APPROVED,Not Applicable,2025-01-08T17:51:59.513000Z,2025-01-08T18:18:24.185000Z,2025-01-10T20:25:35.420000Z,2025-01-08T18:18:25.293700Z,1585.0,75b53a55e8,5231,38,Male,White,United States,United States,United States,English,DATA_EXPIRED,DATA_EXPIRED
677eb9aed08c70b352d4a645,673df0dffd1d9d1eb44e0d86,RETURNED,Not Applicable,2025-01-08T17:45:27.682000Z,,,2025-01-23T16:28:45.792418Z,,,137,CONSENT_REVOKED,CONSENT_REVOKED,CONSENT_REVOKED,CONSENT_REVOKED,CONSENT_REVOKED,CONSENT_REVOKED,CONSENT_REVOKED,CONSENT_REVOKED,CONSENT_REVOKED
677eb9af70a9fcb20dc5591f,660d6af55f2fd25599db6ebc,APPROVED,Not Applicable,2025-01-08T17:48:58.537000Z,2025-01-08T18:01:05.363000Z,2025-01-10T20:25:35.845000Z,2025-01-08T18:01:05.830181Z,727.0,75b53a55e8,470,46,Male,White,United States,United States,United States,English,No,Full-Time
677eb9af8981a470c4193803,5c1a0a74cdd50e00014c7f75,APPROVED,Not Applicable,2025-01-08T17:45:24.008000Z,2025-01-08T17:55:07.334000Z,2025-01-10T20:25:36.147000Z,2025-01-08T17:55:08.127057Z,584.0,75b53a55e8,380,34,Female,Black,United States,United States,United States,English,No,"Not in paid work (e.g. homemaker', 'retired or disabled)"
677eb9b0485db22c046bb1a3,576ad50bc8a90000010d99c8,APPROVED,Not Applicable,2025-01-08T17:46:50.702000Z,2025-01-08T17:57:20.800000Z,2025-01-10T20:25:36.418000Z,2025-01-08T17:57:25.841195Z,631.0,75b53a55e8,3398,50,Female,White,United States,United States,United States,English,No,"Not in paid work (e.g. homemaker', 'retired or disabled)"
677eb9b0bddda41006a3a339,677e435eec413988e8598b02,APPROVED,Not Applicable,2025-01-08T17:45:36.299000Z,2025-01-08T18:05:24.166000Z,2025-01-10T20:25:36.700000Z,2025-01-08T18:05:24.979760Z,1188.0,75b53a55e8.,6,58,Female,White,United States,United States,United States,English,No,DATA_EXPIRED
677eb9b0d5a598a914715d3b,6745d2c842a5f2f7f9bcaadc,APPROVED,Not Applicable,2025-01-08T17:45:31.525000Z,2025-01-08T17:56:29.717000Z,2025-01-10T20:25:36.998000Z,2025-01-08T17:56:35.064268Z,659.0,75b52a55e8,0,25,Male,Asian,United States,United States,United States,English,DATA_EXPIRED,DATA_EXPIRED
677eb9b100d887c2bff677f8,677da6635a4389f3f9a184ac,RETURNED,Not Applicable,2025-01-08T17:45:31.265000Z,,,2025-01-23T16:28:45.911144Z,,,110,CONSENT_REVOKED,CONSENT_REVOKED,CONSENT_REVOKED,CONSENT_REVOKED,CONSENT_REVOKED,CONSENT_REVOKED,CONSENT_REVOKED,CONSENT_REVOKED,CONSENT_REVOKED
677eb9b230c283ec522bed00,5e870b82d43d19359212bf47,APPROVED,Not Applicable,2025-01-08T17:45:29.242000Z,2025-01-08T18:24:52.184000Z,2025-01-10T20:25:37.279000Z,2025-01-08T18:24:53.087277Z,2363.0,75b53a55e8,484,43,Male,White,United States,United States,United States,English,DATA_EXPIRED,DATA_EXPIRED
677eb9b2af51b9a5ff235e71,66da1c527c804056b970b229,RETURNED,Not Applicable,2025-01-08T17:45:31.582000Z,,,2025-01-23T16:28:45.784377Z,,,755,CONSENT_REVOKED,CONSENT_REVOKED,CONSENT_REVOKED,CONSENT_REVOKED,CONSENT_REVOKED,CONSENT_REVOKED,CONSENT_REVOKED,CONSENT_REVOKED,CONSENT_REVOKED
677eb9b3564cd73a513577e6,5ea4c1cb7a313648ab349f3d,APPROVED,Not Applicable,2025-01-08T17:45:59.518000Z,2025-01-08T17:50:55.046000Z,2025-01-10T20:25:37.554000Z,2025-01-08T17:50:55.708908Z,296.0,75b53a55e8,2505,42,Male,White,United States,United States,United States,English,DATA_EXPIRED,DATA_EXPIRED
677eb9b357bcc6d78eaf9833,5e6687c2666c4a40886ebc43,RETURNED,Not Applicable,2025-01-08T17:45:53.740000Z,,,2025-01-23T16:28:45.798126Z,,,634,CONSENT_REVOKED,CONSENT_REVOKED,CONSENT_REVOKED,CONSENT_REVOKED,CONSENT_REVOKED,CONSENT_REVOKED,CONSENT_REVOKED,CONSENT_REVOKED,CONSENT_REVOKED
677eb9b4d4b415629937402c,639e0331bc3cc615f5a3dd89,RETURNED,Not Applicable,2025-01-08T17:45:36.874000Z,,,2025-01-23T16:28:45.857658Z,,,4394,CONSENT_REVOKED,CONSENT_REVOKED,CONSENT_REVOKED,CONSENT_REVOKED,CONSENT_REVOKED,CONSENT_REVOKED,CONSENT_REVOKED,CONSENT_REVOKED,CONSENT_REVOKED
677eb9b56e5c69e32cf8d1bf,55cac0e5fdf99b6b4040472f,APPROVED,Not Applicable,2025-01-08T17:45:40.216000Z,2025-01-08T17:56:33.204000Z,2025-01-10T20:25:39.277000Z,2025-01-08T17:56:39.349527Z,653.0,75b53a55e8,43,33,Male,White,United States,United States,United States,English,No,Full-Time
677eb9b5fa19b4b01821bd04,671237aba865147787d88e96,RETURNED,Not Applicable,2025-01-08T17:46:22.229000Z,,,2025-01-23T16:28:45.831008Z,,,215,CONSENT_REVOKED,CONSENT_REVOKED,CONSENT_REVOKED,CONSENT_REVOKED,CONSENT_REVOKED,CONSENT_REVOKED,CONSENT_REVOKED,CONSENT_REVOKED,CONSENT_REVOKED
677eb9b64c8d21e435bab86a,676a9df8cf630f0e4b512ef0,RETURNED,Not Applicable,2025-01-08T17:45:38.637000Z,,,2025-01-23T16:28:45.780465Z,,,89,CONSENT_REVOKED,CONSENT_REVOKED,CONSENT_REVOKED,CONSENT_REVOKED,CONSENT_REVOKED,CONSENT_REVOKED,CONSENT_REVOKED,CONSENT_REVOKED,CONSENT_REVOKED
677eb9b6b0aeb9892382c195,5a10ab0a120fb300019496f4,TIMED-OUT,Not Applicable,2025-01-08T17:52:00.900000Z,,,2025-01-23T16:28:45.819405Z,1291005.0,,4987,44,Male,White,United States,United States,United States,English,DATA_EXPIRED,DATA_EXPIRED
677eb9b8f1f0b8fcacff22c4,570665aeac75a4000f94eddc,APPROVED,Not Applicable,2025-01-08T17:46:57.951000Z,2025-01-08T17:57:15.991000Z,2025-01-10T20:25:39.508000Z,2025-01-08T17:57:21.873532Z,619.0,75b53a55e8,2084,31,Female,Mixed,United States,United States,United States,English,No,Full-Time
677eb9b98c343167ed2a3309,674a023faac933c0fe484be0,RETURNED,Not Applicable,2025-01-08T17:46:05.363000Z,,,2025-01-23T16:28:45.936310Z,,,86,CONSENT_REVOKED,CONSENT_REVOKED,CONSENT_REVOKED,CONSENT_REVOKED,CONSENT_REVOKED,CONSENT_REVOKED,CONSENT_REVOKED,CONSENT_REVOKED,CONSENT_REVOKED
677eb9ba3111f680ade62430,673d90359a4ea10027aa64e7,RETURNED,Not Applicable,2025-01-08T17:45:41.990000Z,,,2025-01-23T16:28:45.806865Z,,,255,CONSENT_REVOKED,CONSENT_REVOKED,CONSENT_REVOKED,CONSENT_REVOKED,CONSENT_REVOKED,CONSENT_REVOKED,CONSENT_REVOKED,CONSENT_REVOKED,CONSENT_REVOKED
677eb9bb291387df7fcf36b0,672a4264d01ce38d22037661,APPROVED,Not Applicable,2025-01-08T17:45:40.543000Z,2025-01-08T17:55:44.363000Z,2025-01-10T20:25:39.734000Z,2025-01-08T17:55:48.231973Z,604.0,75b53a55e8,14,64,Female,DATA_EXPIRED,United States,United States,United States,English,Yes,Full-Time
677eb9bb2f9ca14ac7464619,677ad05ed3467c1b5e00be11,RETURNED,Not Applicable,2025-01-08T17:45:40.491000Z,,,2025-01-23T16:28:45.823950Z,,,66,CONSENT_REVOKED,CONSENT_REVOKED,CONSENT_REVOKED,CONSENT_REVOKED,CONSENT_REVOKED,CONSENT_REVOKED,CONSENT_REVOKED,CONSENT_REVOKED,CONSENT_REVOKED
677eb9bb9855deeb06b03aaa,6738e8674919d1c111aa48fe,RETURNED,Not Applicable,2025-01-08T17:56:00.066000Z,,,2025-01-23T16:28:45.799791Z,,,179,CONSENT_REVOKED,CONSENT_REVOKED,CONSENT_REVOKED,CONSENT_REVOKED,CONSENT_REVOKED,CONSENT_REVOKED,CONSENT_REVOKED,CONSENT_REVOKED,CONSENT_REVOKED
677eb9bc1a64230eba87c8aa,5e439c635bb25721c1b00b36,APPROVED,Not Applicable,2025-01-08T17:46:27.960000Z,2025-01-08T17:51:44.882000Z,2025-01-10T20:25:39.993000Z,2025-01-08T17:51:45.490267Z,317.0,75b53a55e8,160,26,Male,White,United States,United States,United States,English,No,DATA_EXPIRED
677eb9bc2fc7205daf7454e4,65f357c5a622d1c759309691,APPROVED,Not Applicable,2025-01-08T17:45:38.094000Z,2025-01-08T17:55:39.319000Z,2025-01-10T20:25:40.258000Z,2025-01-08T17:55:40.790635Z,602.0,75b53a55e8,2019,39,Male,White,United States,United States,United States,English,No,Full-Time
677eb9bdd28927c860ce1f11,5e02e5144acfb9e385bb4c5a,APPROVED,Not Applicable,2025-01-08T17:45:39.986000Z,2025-01-08T17:52:04.465000Z,2025-01-10T20:25:40.785000Z,2025-01-08T17:52:05.103574Z,385.0,75b53a55e8,403,33,Male,White,United States,United States,United States,English,No,Part-Time
677eb9be217649c6379945cd,6742213730ae365a319f49cb,APPROVED,Not Applicable,2025-01-08T17:45:37.964000Z,2025-01-08T17:52:50.234000Z,2025-01-10T20:25:41.079000Z,2025-01-08T17:52:50.900631Z,433.0,75b53a55e8,6,28,Male,White,United States,United States,United States,English,No,Full-Time
677eb9bed737761c95ec75ee,677c6fd96806e399247c1486,RETURNED,Not Applicable,2025-01-08T17:45:47.918000Z,,,2025-01-23T16:28:45.817394Z,,,2,CONSENT_REVOKED,CONSENT_REVOKED,CONSENT_REVOKED,CONSENT_REVOKED,CONSENT_REVOKED,CONSENT_REVOKED,CONSENT_REVOKED,CONSENT_REVOKED,CONSENT_REVOKED
677eb9bfaebc03378fba3a62,65fca579f917c06b52fe67a7,APPROVED,Not Applicable,2025-01-08T17:45:54.863000Z,2025-01-08T17:55:26.502000Z,2025-01-10T20:25:41.377000Z,2025-01-08T17:55:27.851814Z,572.0,75b53a55e8,66,35,Female,Black,Bahamas,United States,United States,English,No,DATA_EXPIRED
677eb9c0284cce5c4f978274,677eb511cfcfebbfefcf1e2e,RETURNED,Not Applicable,2025-01-08T17:45:49.110000Z,,,2025-01-23T16:28:45.847654Z,,,0,CONSENT_REVOKED,CONSENT_REVOKED,CONSENT_REVOKED,CONSENT_REVOKED,CONSENT_REVOKED,CONSENT_REVOKED,CONSENT_REVOKED,CONSENT_REVOKED,CONSENT_REVOKED
677eb9c08c343167ed2a330e,663e3d37f44e641795d482c9,APPROVED,Not Applicable,2025-01-08T17:45:36.755000Z,2025-01-08T17:56:58.338000Z,2025-01-10T20:25:41.621000Z,2025-01-08T17:57:04.367078Z,682.0,75b53a55e8,382,36,Female,Mixed,United States,United States,United States,English,No,Full-Time
677eb9c10205c2f102334dd8,5cedfdab5b78dd0001cb4f59,RETURNED,Not Applicable,2025-01-08T17:45:43.986000Z,,,2025-01-23T16:28:45.993391Z,,,132,CONSENT_REVOKED,CONSENT_REVOKED,CONSENT_REVOKED,CONSENT_REVOKED,CONSENT_REVOKED,CONSENT_REVOKED,CONSENT_REVOKED,CONSENT_REVOKED,CONSENT_REVOKED
677eb9c1d40349565b2a41e4,60949e11d256bfd13a19d9c2,RETURNED,Not Applicable,2025-01-08T17:45:43.993000Z,,,2025-01-23T16:28:45.843097Z,,,462,CONSENT_REVOKED,CONSENT_REVOKED,CONSENT_REVOKED,CONSENT_REVOKED,CONSENT_REVOKED,CONSENT_REVOKED,CONSENT_REVOKED,CONSENT_REVOKED,CONSENT_REVOKED
677eb9c2018341724e78586a,66eb0b3b306ab6b9b6b8bf42,APPROVED,Not Applicable,2025-01-08T17:46:05.365000Z,2025-01-08T17:57:19.104000Z,2025-01-10T20:25:41.884000Z,2025-01-08T17:57:24.561253Z,674.0,75b53a55e8,458,40,Male,Asian,United States,United States,United States,English,No,Full-Time
677eb9c2e0d686430787e8a3,66ec879778bf72c70fc9bfba,APPROVED,Not Applicable,2025-01-08T17:45:44.729000Z,2025-01-08T17:51:55.507000Z,2025-01-10T20:25:42.162000Z,2025-01-08T17:51:58.219043Z,371.0,75b53a55e8,588,39,Female,Mixed,United States,United States,United States,English,No,"Not in paid work (e.g. homemaker', 'retired or disabled)"
677eb9c388569e8ffcad5fe0,63deac973b0ec8880c8c53f2,RETURNED,Not Applicable,2025-01-08T17:45:57.565000Z,2025-01-08T17:52:36.116000Z,,2025-01-23T16:28:45.870049Z,,NOCODE,284,CONSENT_REVOKED,CONSENT_REVOKED,CONSENT_REVOKED,CONSENT_REVOKED,CONSENT_REVOKED,CONSENT_REVOKED,CONSENT_REVOKED,CONSENT_REVOKED,CONSENT_REVOKED
677eb9c40df0e62ae30375c8,66983126a43613fe2f6a3775,RETURNED,Not Applicable,2025-01-08T17:46:05.181000Z,,,2025-01-23T16:28:45.827510Z,,,617,CONSENT_REVOKED,CONSENT_REVOKED,CONSENT_REVOKED,CONSENT_REVOKED,CONSENT_REVOKED,CONSENT_REVOKED,CONSENT_REVOKED,CONSENT_REVOKED,CONSENT_REVOKED
677eb9c42a0bc027d8d2641e,5ec195df3f2aec276ff0bf33,RETURNED,Not Applicable,2025-01-08T17:45:50.650000Z,,,2025-01-23T16:28:45.857899Z,,,3331,CONSENT_REVOKED,CONSENT_REVOKED,CONSENT_REVOKED,CONSENT_REVOKED,CONSENT_REVOKED,CONSENT_REVOKED,CONSENT_REVOKED,CONSENT_REVOKED,CONSENT_REVOKED
677eb9c5c4937c10768b23a2,6749ee639141603baf386743,RETURNED,Not Applicable,2025-01-08T17:55:41.854000Z,,,2025-01-23T16:28:45.882811Z,,,85,CONSENT_REVOKED,CONSENT_REVOKED,CONSENT_REVOKED,CONSENT_REVOKED,CONSENT_REVOKED,CONSENT_REVOKED,CONSENT_REVOKED,CONSENT_REVOKED,CONSENT_REVOKED
677eb9c5d6fa0121b9e8b0ac,67692b69cf2ab14c3a6dd4a7,RETURNED,Not Applicable,2025-01-08T17:45:51.029000Z,,,2025-01-23T16:28:45.905024Z,,,70,CONSENT_REVOKED,CONSENT_REVOKED,CONSENT_REVOKED,CONSENT_REVOKED,CONSENT_REVOKED,CONSENT_REVOKED,CONSENT_REVOKED,CONSENT_REVOKED,CONSENT_REVOKED
677eb9c6028dcdbf13d7f444,653f36d43c461bbfd79d8cab,APPROVED,Not Applicable,2025-01-08T17:45:42.736000Z,2025-01-08T17:55:49.985000Z,2025-01-10T20:25:42.394000Z,2025-01-08T17:55:53.980302Z,608.0,75b53a55e8,818,36,Female,Other,United States,United States,United States,English,No,DATA_EXPIRED
677eb9c64f211ce9c608ef77,677cdd0e3fa679214ae52d90,RETURNED,Not Applicable,2025-01-08T17:45:51.043000Z,,,2025-01-23T16:28:45.871503Z,,,12,CONSENT_REVOKED,CONSENT_REVOKED,CONSENT_REVOKED,CONSENT_REVOKED,CONSENT_REVOKED,CONSENT_REVOKED,CONSENT_REVOKED,CONSENT_REVOKED,CONSENT_REVOKED
677eb9c7425dbe08fccf36c8,676f3d0f406358d0f37a55e6,APPROVED,Not Applicable,2025-01-08T17:45:49.769000Z,2025-01-08T17:54:18.529000Z,2025-01-10T20:25:42.632000Z,2025-01-08T17:54:19.255080Z,509.0,75b53a55e8,28,49,Male,White,United States,United States,United States,English,No,DATA_EXPIRED
677eb9c88078c781b3193861,5c003b5c2c8cc1000138e25f,RETURNED,Not Applicable,2025-01-08T17:45:50.761000Z,,,2025-01-23T16:28:45.895157Z,,,2862,CONSENT_REVOKED,CONSENT_REVOKED,CONSENT_REVOKED,CONSENT_REVOKED,CONSENT_REVOKED,CONSENT_REVOKED,CONSENT_REVOKED,CONSENT_REVOKED,CONSENT_REVOKED
677eb9c8b0aeb9892382c19a,672fd9b09c82933dee625fb2,APPROVED,Not Applicable,2025-01-08T17:45:47.686000Z,2025-01-08T17:51:53.950000Z,2025-01-10T20:25:42.867000Z,2025-01-08T17:51:54.945291Z,367.0,75b53a55e8,202,27,Female,White,United States,United States,United States,English,No,Unemployed (and job seeking)
677eb9c9597d374b0ae8f668,67629e1ef09097f49c590db7,RETURNED,Not Applicable,2025-01-08T17:45:45.299000Z,,,2025-01-23T16:28:45.887078Z,,,76,CONSENT_REVOKED,CONSENT_REVOKED,CONSENT_REVOKED,CONSENT_REVOKED,CONSENT_REVOKED,CONSENT_REVOKED,CONSENT_REVOKED,CONSENT_REVOKED,CONSENT_REVOKED
677eb9c9e8b4da15a0762bde,677e7420196a190e078805b7,RETURNED,Not Applicable,2025-01-08T17:46:23.713000Z,,,2025-01-23T16:28:45.959893Z,,,56,CONSENT_REVOKED,CONSENT_REVOKED,CONSENT_REVOKED,CONSENT_REVOKED,CONSENT_REVOKED,CONSENT_REVOKED,CONSENT_REVOKED,CONSENT_REVOKED,CONSENT_REVOKED
677eb9ca5501f1f978ad603c,6767bd2ba1656cf1cdb06dbc,RETURNED,Not Applicable,2025-01-08T17:45:58.721000Z,,,2025-01-23T16:28:45.940504Z,,,70,CONSENT_REVOKED,CONSENT_REVOKED,CONSENT_REVOKED,CONSENT_REVOKED,CONSENT_REVOKED,CONSENT_REVOKED,CONSENT_REVOKED,CONSENT_REVOKED,CONSENT_REVOKED
677eb9caa7b1f3d3def7606a,662958b54d3ef835e659dc9c,RETURNED,Not Applicable,2025-01-08T17:45:53.774000Z,,,2025-01-23T16:28:45.954366Z,,,816,CONSENT_REVOKED,CONSENT_REVOKED,CONSENT_REVOKED,CONSENT_REVOKED,CONSENT_REVOKED,CONSENT_REVOKED,CONSENT_REVOKED,CONSENT_REVOKED,CONSENT_REVOKED
677eb9cb564cd73a513577eb,67326cfe7995a1f37348696f,RETURNED,Not Applicable,2025-01-08T17:45:51.933000Z,,,2025-01-23T16:28:45.998366Z,,,226,CONSENT_REVOKED,CONSENT_REVOKED,CONSENT_REVOKED,CONSENT_REVOKED,CONSENT_REVOKED,CONSENT_REVOKED,CONSENT_REVOKED,CONSENT_REVOKED,CONSENT_REVOKED
677eb9cbd75908f85fe90d08,5c5c7f9cdff4b30001aa79a5,APPROVED,Not Applicable,2025-01-08T17:45:54.991000Z,2025-01-08T17:59:27.311000Z,2025-01-10T20:25:43.119000Z,2025-01-08T17:59:28.146728Z,813.0,75b53a55e8,436,35,Male,White,United States,United States,United States,English,DATA_EXPIRED,DATA_EXPIRED
677eb9cc1bdd678c25e2d2b7,6766d6be81561a325b3802c9,APPROVED,Not Applicable,2025-01-08T17:46:17.857000Z,2025-01-08T18:04:59.227000Z,2025-01-10T20:25:43.373000Z,2025-01-08T18:04:59.958919Z,1122.0,75b53a55e8,3,27,Female,Black,United States,United States,United States,English,DATA_EXPIRED,DATA_EXPIRED
677eb9cdfa19b4b01821bd09,674ed346316a19fffbb08e6c,RETURNED,Not Applicable,2025-01-08T17:46:39.958000Z,,,2025-01-23T16:28:46.004875Z,,,168,CONSENT_REVOKED,CONSENT_REVOKED,CONSENT_REVOKED,CONSENT_REVOKED,CONSENT_REVOKED,CONSENT_REVOKED,CONSENT_REVOKED,CONSENT_REVOKED,CONSENT_REVOKED
677eb9ce2bfbe455c44643ca,677e945f2cf0751cedf87b66,APPROVED,Not Applicable,2025-01-08T17:46:04.946000Z,2025-01-08T18:00:58.527000Z,2025-01-10T20:25:43.634000Z,2025-01-08T18:00:59.984032Z,894.0,75b53a55e8.,2,45,Male,White,United States,United States,United States,English,No,DATA_EXPIRED
677eb9ce6d99dc7d832a32e8,675e0a41e59200d253dfa812,APPROVED,Not Applicable,2025-01-08T17:45:58.528000Z,2025-01-08T17:57:08.810000Z,2025-01-10T20:25:43.932000Z,2025-01-08T17:57:14.909721Z,671.0,75b53a55e8,64,25,Male,Black,Ghana,United States,United States,English,DATA_EXPIRED,Full-Time
677eb9cf0772a0a477c2c5de,67687abbe5d8d74f8bf6a0cb,RETURNED,Not Applicable,2025-01-08T17:45:58.150000Z,,,2025-01-23T16:28:45.938792Z,,,51,CONSENT_REVOKED,CONSENT_REVOKED,CONSENT_REVOKED,CONSENT_REVOKED,CONSENT_REVOKED,CONSENT_REVOKED,CONSENT_REVOKED,CONSENT_REVOKED,CONSENT_REVOKED
677eb9d032ee098ae7e624b8,65f6fac97ccc5d457ccd5f18,RETURNED,Not Applicable,2025-01-08T17:45:58.907000Z,,,2025-01-23T16:28:46.012153Z,,,192,CONSENT_REVOKED,CONSENT_REVOKED,CONSENT_REVOKED,CONSENT_REVOKED,CONSENT_REVOKED,CONSENT_REVOKED,CONSENT_REVOKED,CONSENT_REVOKED,CONSENT_REVOKED
677eb9d10cab98d88f2abaac,676acb82d687b346617ac92a,RETURNED,Not Applicable,2025-01-08T17:45:58.674000Z,,,2025-01-23T16:28:45.952860Z,,,95,CONSENT_REVOKED,CONSENT_REVOKED,CONSENT_REVOKED,CONSENT_REVOKED,CONSENT_REVOKED,CONSENT_REVOKED,CONSENT_REVOKED,CONSENT_REVOKED,CONSENT_REVOKED
677eb9d1209ea29d6a7a1d0b,6759be8bb6aa702c5a7e5a67,RETURNED,Not Applicable,2025-01-08T17:46:07.710000Z,,,2025-01-23T16:28:46.068911Z,,,70,CONSENT_REVOKED,CONSENT_REVOKED,CONSENT_REVOKED,CONSENT_REVOKED,CONSENT_REVOKED,CONSENT_REVOKED,CONSENT_REVOKED,CONSENT_REVOKED,CONSENT_REVOKED
677eb9d2349843ceca7172cf,6633ff088a92287249f6968c,RETURNED,Not Applicable,2025-01-08T17:46:02.050000Z,,,2025-01-23T16:28:45.934210Z,,,236,CONSENT_REVOKED,CONSENT_REVOKED,CONSENT_REVOKED,CONSENT_REVOKED,CONSENT_REVOKED,CONSENT_REVOKED,CONSENT_REVOKED,CONSENT_REVOKED,CONSENT_REVOKED
677eb9d2425dbe08fccf36cc,64045393fa09ada78f0b5301,APPROVED,Not Applicable,2025-01-08T17:47:40.782000Z,2025-01-08T18:20:03.261000Z,2025-01-10T20:25:44.212000Z,2025-01-08T18:20:03.876281Z,1943.0,75b53a55e8,3376,38,Male,Black,United States,United States,United States,English,DATA_EXPIRED,DATA_EXPIRED
677eb9d36aecc19f9bf1aac3,6550de88683355a74699844c,APPROVED,Not Applicable,2025-01-08T17:46:05.161000Z,2025-01-08T17:56:19.617000Z,2025-01-10T20:25:44.479000Z,2025-01-08T17:56:23.475386Z,615.0,75b53a55e8,2425,27,Female,White,United States,United States,United States,English,No,DATA_EXPIRED
677eb9d4f1f0b8fcacff22cd,672e766b80a2dfeb017ce774,RETURNED,Not Applicable,2025-01-08T17:46:17.517000Z,,,2025-01-23T16:28:45.999775Z,,,285,CONSENT_REVOKED,CONSENT_REVOKED,CONSENT_REVOKED,CONSENT_REVOKED,CONSENT_REVOKED,CONSENT_REVOKED,CONSENT_REVOKED,CONSENT_REVOKED,CONSENT_REVOKED
677eb9d52f9ca14ac7464620,672eb611e409e9fe3b35547a,RETURNED,Not Applicable,2025-01-08T17:46:06.616000Z,,,2025-01-23T16:28:46.001118Z,,,314,CONSENT_REVOKED,CONSENT_REVOKED,CONSENT_REVOKED,CONSENT_REVOKED,CONSENT_REVOKED,CONSENT_REVOKED,CONSENT_REVOKED,CONSENT_REVOKED,CONSENT_REVOKED
677eb9d578ff9172a0b03af5,66bf71be27340524abd35af1,RETURNED,Not Applicable,2025-01-08T17:46:03.122000Z,,,2025-01-23T16:28:45.973669Z,,,324,CONSENT_REVOKED,CONSENT_REVOKED,CONSENT_REVOKED,CONSENT_REVOKED,CONSENT_REVOKED,CONSENT_REVOKED,CONSENT_REVOKED,CONSENT_REVOKED,CONSENT_REVOKED
677eb9d657bcc6d78eaf9840,5d9e7982996ad300179048fa,RETURNED,Not Applicable,2025-01-08T17:55:58.480000Z,,,2025-01-23T16:28:46.225369Z,,,197,CONSENT_REVOKED,CONSENT_REVOKED,CONSENT_REVOKED,CONSENT_REVOKED,CONSENT_REVOKED,CONSENT_REVOKED,CONSENT_REVOKED,CONSENT_REVOKED,CONSENT_REVOKED
677eb9d6e9e611a4b80e33d5,6593443d4000890470adb313,APPROVED,Not Applicable,2025-01-08T17:46:16.180000Z,2025-01-08T18:10:42.730000Z,2025-01-10T20:25:44.773000Z,2025-01-08T18:10:43.479564Z,1467.0,75b53a55e8,1688,45,Female,Black,United States,United States,United States,English,No,Full-Time
677eb9d74a591fc910b70829,6749fc6ae0245d027f3f1b96,RETURNED,Not Applicable,2025-01-08T17:55:59.516000Z,,,2025-01-23T16:28:46.023730Z,,,86,CONSENT_REVOKED,CONSENT_REVOKED,CONSENT_REVOKED,CONSENT_REVOKED,CONSENT_REVOKED,CONSENT_REVOKED,CONSENT_REVOKED,CONSENT_REVOKED,CONSENT_REVOKED
677eb9d855e4a6f92bb5f644,674e79532246b9913255b0fa,RETURNED,Not Applicable,2025-01-08T17:46:13.845000Z,,,2025-01-23T16:28:45.981928Z,,,96,CONSENT_REVOKED,CONSENT_REVOKED,CONSENT_REVOKED,CONSENT_REVOKED,CONSENT_REVOKED,CONSENT_REVOKED,CONSENT_REVOKED,CONSENT_REVOKED,CONSENT_REVOKED
677eb9d88287bfab9711d759,673d2876f0632a8ee4a58abc,APPROVED,Not Applicable,2025-01-08T17:46:17.033000Z,2025-01-08T18:00:07.470000Z,2025-01-10T20:25:45.080000Z,2025-01-08T18:00:08.307826Z,831.0,75b53a55e8,21,35,Male,Black,Ghana,United States,United States,English,DATA_EXPIRED,DATA_EXPIRED
677eb9d926da2eef08e639e9,63ba386fca1ef3cc33de26d2,APPROVED,Not Applicable,2025-01-08T17:46:11.097000Z,2025-01-08T17:55:50.389000Z,2025-01-10T20:25:45.367000Z,2025-01-08T17:55:54.472591Z,580.0,75b53a55e8,5202,53,Male,White,Mexico,United States,United States,English,DATA_EXPIRED,Full-Time
677eb9d929d3de40e0813238,6282a009d98ec3cafb4d8d48,APPROVED,Not Applicable,2025-01-08T17:46:07.018000Z,2025-01-08T17:51:15.674000Z,2025-01-10T20:25:45.625000Z,2025-01-08T17:51:16.337630Z,309.0,75b53a55e8,1587,24,Female,White,United States,United States,United States,English,No,Full-Time
677eb9da3be44003a19e6e33,6771bbe322322bf003bae1f2,RETURNED,Not Applicable,2025-01-08T17:46:31.847000Z,,,2025-01-23T16:28:46.019174Z,,,76,CONSENT_REVOKED,CONSENT_REVOKED,CONSENT_REVOKED,CONSENT_REVOKED,CONSENT_REVOKED,CONSENT_REVOKED,CONSENT_REVOKED,CONSENT_REVOKED,CONSENT_REVOKED
677eb9dae1cd86a7f9dc0756,67648995eeed23dfac75e82a,TIMED-OUT,Not Applicable,2025-01-08T17:46:23.629000Z,,,2025-01-23T16:28:45.989397Z,1291343.0,,77,21,Male,Black,Ghana,United States,United States,English,Yes,Part-Time
677eb9dbd7ff332b9b8131b9,6723fefd7a09fe9da8f9bd10,RETURNED,Not Applicable,2025-01-08T17:46:12.265000Z,,,2025-01-23T16:28:46.060831Z,,,267,CONSENT_REVOKED,CONSENT_REVOKED,CONSENT_REVOKED,CONSENT_REVOKED,CONSENT_REVOKED,CONSENT_REVOKED,CONSENT_REVOKED,CONSENT_REVOKED,CONSENT_REVOKED
677eb9dc64e7560bbab9f2f3,673b882763d2c58b5306228c,RETURNED,Not Applicable,2025-01-08T17:47:07.303000Z,,,2025-01-23T16:28:46.021153Z,,,175,CONSENT_REVOKED,CONSENT_REVOKED,CONSENT_REVOKED,CONSENT_REVOKED,CONSENT_REVOKED,CONSENT_REVOKED,CONSENT_REVOKED,CONSENT_REVOKED,CONSENT_REVOKED
677eb9dcfd248b0285b8e11f,677d3f2ba8d623aeb17cd9ee,REJECTED,Not Applicable,2025-01-08T17:46:32.798000Z,2025-01-08T17:53:17.809000Z,2025-01-21T17:27:22.511000Z,2025-01-23T16:28:45.978945Z,406.0,NOCODE,23,CONSENT_REVOKED,CONSENT_REVOKED,CONSENT_REVOKED,CONSENT_REVOKED,CONSENT_REVOKED,CONSENT_REVOKED,CONSENT_REVOKED,CONSENT_REVOKED,CONSENT_REVOKED
677eb9dd0f83a53428357950,66afa84f50c7fe55bed92bd8,APPROVED,Not Applicable,2025-01-08T17:47:10.936000Z,2025-01-08T17:54:03.596000Z,2025-01-10T20:25:45.952000Z,2025-01-08T17:54:05.685265Z,413.0,75b53a55e8,196,39,Female,White,United States,United States,United States,English,No,DATA_EXPIRED
677eb9dd75744b6891b6a4e1,6777d28f449cb2f026b309b0,APPROVED,Not Applicable,2025-01-08T17:46:42.778000Z,2025-01-08T18:07:44.721000Z,2025-01-10T20:25:46.247000Z,2025-01-08T18:08:20.260639Z,1262.0,75b53a55e8,11,22,Male,Black,Kenya,United States,United States,English,No,DATA_EXPIRED
677eb9de85617988a8356aa2,63169589b2fd7dd8f24702ba,APPROVED,Not Applicable,2025-01-08T17:46:12.485000Z,2025-01-08T17:53:30.038000Z,2025-01-10T20:25:46.560000Z,2025-01-08T17:53:30.910192Z,438.0,75b53a55e8,2453,49,Male,White,United States,United States,United States,English,No,Full-Time
677eb9dec4937c10768b23a9,64294cae8d5cae1b2ed48562,APPROVED,Not Applicable,2025-01-08T17:47:42.720000Z,2025-01-08T18:08:08.718000Z,2025-01-10T20:25:46.880000Z,2025-01-08T18:08:25.937096Z,1226.0,75b53a55e8,3058,38,Male,Black,United States,United States,United States,English,DATA_EXPIRED,DATA_EXPIRED
677eb9deddc392b591f1ab25,66313f3d249cd7db8d0efff7,APPROVED,Not Applicable,2025-01-08T17:46:11.062000Z,2025-01-08T17:52:50.140000Z,2025-01-10T20:25:47.180000Z,2025-01-08T17:52:50.676150Z,400.0,75b53a55e8,258,28,Female,Asian,United States,United States,United States,English,No,DATA_EXPIRED
677eb9df4cf83d3dfa8113a8,6644bd68e6de35971ac00b45,APPROVED,Not Applicable,2025-01-08T17:49:28.550000Z,2025-01-08T18:26:07.190000Z,2025-01-10T20:25:47.465000Z,2025-01-08T18:26:07.969864Z,2199.0,75b53a55e8,791,31,Male,Other,Lebanon,United States,United States,English,DATA_EXPIRED,DATA_EXPIRED
677eb9df70a9fcb20dc5592c,616668857d426d6925dacbe6,APPROVED,Not Applicable,2025-01-08T17:46:11.689000Z,2025-01-08T17:49:57.983000Z,2025-01-10T20:25:47.755000Z,2025-01-08T17:49:58.655022Z,227.0,75b53a55e8,315,41,Male,White,United States,United States,United States,English,No,Full-Time
677eb9e073b714cfb0e8f501,585dd349445a5f00019b3b7c,RETURNED,Not Applicable,2025-01-08T17:46:13.329000Z,,,2025-01-23T16:28:46.020992Z,,,4244,CONSENT_REVOKED,CONSENT_REVOKED,CONSENT_REVOKED,CONSENT_REVOKED,CONSENT_REVOKED,CONSENT_REVOKED,CONSENT_REVOKED,CONSENT_REVOKED,CONSENT_REVOKED
677eb9e0bf9e4c07a797826e,66ca41de318c12cd9f59b13a,APPROVED,Not Applicable,2025-01-08T17:46:17.162000Z,2025-01-08T17:56:30.070000Z,2025-01-10T20:25:48.070000Z,2025-01-08T17:56:36.345059Z,613.0,75b53a55e8.,502,67,Female,White,United States,United States,United States,English,No,"Not in paid work (e.g. homemaker', 'retired or disabled)"
677eb9e15501f1f978ad6040,672bb38aaea2511c9f028125,APPROVED,Not Applicable,2025-01-08T17:46:18.315000Z,2025-01-08T17:53:58.675000Z,2025-01-10T20:25:48.373000Z,2025-01-08T17:54:00.164053Z,461.0,75b53a55e8,132,23,Female,White,United States,United States,United States,English,No,Part-Time
677eb9e18549d38c52186a26,676ebeaefc28a5d3d6ad02fc,RETURNED,Not Applicable,2025-01-08T17:46:19.998000Z,,,2025-01-23T16:28:46.118345Z,,,40,CONSENT_REVOKED,CONSENT_REVOKED,CONSENT_REVOKED,CONSENT_REVOKED,CONSENT_REVOKED,CONSENT_REVOKED,CONSENT_REVOKED,CONSENT_REVOKED,CONSENT_REVOKED
677eb9e278ff9172a0b03afa,663d214a09420dbd2ba3efde,APPROVED,Not Applicable,2025-01-08T17:46:17.559000Z,2025-01-08T17:53:06.689000Z,2025-01-10T20:25:48.604000Z,2025-01-08T17:53:07.323824Z,410.0,75b53a55e8,407,31,Female,White,United States,United States,United States,English,Yes,"Not in paid work (e.g. homemaker', 'retired or disabled)"
677eb9e2cb7f407889f2db64,6755b1d06b1c451fc688960a,RETURNED,Not Applicable,2025-01-08T17:49:55.383000Z,,,2025-01-23T16:28:46.010762Z,,,131,CONSENT_REVOKED,CONSENT_REVOKED,CONSENT_REVOKED,CONSENT_REVOKED,CONSENT_REVOKED,CONSENT_REVOKED,CONSENT_REVOKED,CONSENT_REVOKED,CONSENT_REVOKED
677eb9e32754abccaef6618a,6765e7d29cbc0ec185d7e96e,APPROVED,Not Applicable,2025-01-08T17:46:19.195000Z,2025-01-08T17:53:28.075000Z,2025-01-10T20:25:48.863000Z,2025-01-08T17:53:29.274732Z,429.0,75b53a55e8,43,37,Female,White,United States,United States,United States,English,No,DATA_EXPIRED
677eb9e36a3b2979059a3eb3,671a55ef2394e433d7f21482,RETURNED,Not Applicable,2025-01-08T17:46:16.200000Z,,,2025-01-23T16:28:46.033840Z,,,82,CONSENT_REVOKED,CONSENT_REVOKED,CONSENT_REVOKED,CONSENT_REVOKED,CONSENT_REVOKED,CONSENT_REVOKED,CONSENT_REVOKED,CONSENT_REVOKED,CONSENT_REVOKED
677eb9e40ea45dee457ab37a,66351c39f862c014cfa831c4,RETURNED,Not Applicable,2025-01-08T17:46:23.069000Z,,,2025-01-23T16:28:46.184079Z,,,754,CONSENT_REVOKED,CONSENT_REVOKED,CONSENT_REVOKED,CONSENT_REVOKED,CONSENT_REVOKED,CONSENT_REVOKED,CONSENT_REVOKED,CONSENT_REVOKED,CONSENT_REVOKED
677eb9e68b9ea20ad9f8d18b,5dceca79b988870144a19f89,APPROVED,Not Applicable,2025-01-08T17:46:26.168000Z,2025-01-08T17:58:29.474000Z,2025-01-10T20:25:49.171000Z,2025-01-08T17:58:33.237073Z,724.0,75b53a55e8,2347,56,Female,White,United States,United States,United States,English,No,Full-Time
677eb9e7591191dc77d54b37,66dc7b9bc23d2a7f0d0a34a1,APPROVED,Not Applicable,2025-01-08T17:46:21.801000Z,2025-01-08T17:54:33.677000Z,2025-01-10T20:25:49.472000Z,2025-01-08T17:54:34.479146Z,492.0,75b53a55e8,494,31,Male,White,United States,United States,United States,English,No,Unemployed (and job seeking)
677eb9e775744b6891b6a4e4,634e1076f43266192b130e13,APPROVED,Not Applicable,2025-01-08T17:46:15.790000Z,2025-01-08T17:53:38.162000Z,2025-01-10T20:25:49.711000Z,2025-01-08T17:53:38.975340Z,443.0,75b53a55e8,3530,39,Female,White,United States,United States,United States,English,No,Other
677eb9e8bc5e615da790458b,663e37687558ed18c4369eb9,APPROVED,Not Applicable,2025-01-08T17:46:23.559000Z,2025-01-08T17:55:55.442000Z,2025-01-10T20:25:49.971000Z,2025-01-08T17:56:01.090897Z,572.0,75b53a55e8,261,52,Female,White,United States,United States,United States,English,DATA_EXPIRED,DATA_EXPIRED
677eb9e8c24a4fd6bdc77e68,57dab7f721d77800018e42fe,APPROVED,Not Applicable,2025-01-08T17:47:36.588000Z,2025-01-08T17:57:34.329000Z,2025-01-10T20:25:50.274000Z,2025-01-08T17:57:41.642895Z,598.0,75b53a55e8,715,29,Male,Mixed,United States,United States,United States,English,DATA_EXPIRED,Full-Time
677eb9e9209ea29d6a7a1d15,666e0c42ac414869ed22fbc5,APPROVED,Not Applicable,2025-01-08T17:47:06.599000Z,2025-01-08T17:56:34.135000Z,2025-01-10T20:25:50.521000Z,2025-01-08T17:56:40.046980Z,568.0,75b53a55e8,878,19,Female,White,United States,United States,United States,English,No,"Not in paid work (e.g. homemaker', 'retired or disabled)"
677eb9ea564cd73a513577f2,6101930ddd5330f83b898c61,APPROVED,Not Applicable,2025-01-08T17:46:23.247000Z,2025-01-08T17:53:15.125000Z,2025-01-10T20:25:50.772000Z,2025-01-08T17:53:15.857591Z,412.0,75b53a55e8,4000,23,Female,White,United States,United States,United States,English,DATA_EXPIRED,DATA_EXPIRED
677eb9ea97030cb9b29a78a6,5e5c2320b22c133f86923d14,APPROVED,Not Applicable,2025-01-08T17:46:24.277000Z,2025-01-08T18:25:03.901000Z,2025-01-10T20:25:51.061000Z,2025-01-08T18:25:04.816847Z,2320.0,75b53a55e8,3981,34,DATA_EXPIRED,DATA_EXPIRED,United States,United States,United States,English,DATA_EXPIRED,DATA_EXPIRED
677eb9eb83c899fa35b35a63,676965ef552c352e24f424b7,RETURNED,Not Applicable,2025-01-08T17:46:28.652000Z,,,2025-01-23T16:28:46.182623Z,,,60,CONSENT_REVOKED,CONSENT_REVOKED,CONSENT_REVOKED,CONSENT_REVOKED,CONSENT_REVOKED,CONSENT_REVOKED,CONSENT_REVOKED,CONSENT_REVOKED,CONSENT_REVOKED
677eb9ec28e73c39f2949ad4,67351b9cfa18e63a8b921892,RETURNED,Not Applicable,2025-01-08T17:46:29.974000Z,,,2025-01-23T16:28:46.173577Z,,,237,CONSENT_REVOKED,CONSENT_REVOKED,CONSENT_REVOKED,CONSENT_REVOKED,CONSENT_REVOKED,CONSENT_REVOKED,CONSENT_REVOKED,CONSENT_REVOKED,CONSENT_REVOKED
677eb9edaadb5d393cf8f81a,66f1c7f19e5bb2ff5ceaf99e,RETURNED,Not Applicable,2025-01-08T17:46:27.948000Z,,,2025-01-23T16:28:46.124024Z,,,624,CONSENT_REVOKED,CONSENT_REVOKED,CONSENT_REVOKED,CONSENT_REVOKED,CONSENT_REVOKED,CONSENT_REVOKED,CONSENT_REVOKED,CONSENT_REVOKED,CONSENT_REVOKED
677eb9edf936d592dfd26a12,67472b21b93329dd5d2d2924,APPROVED,Not Applicable,2025-01-08T17:47:16.474000Z,2025-01-08T18:05:23.256000Z,2025-01-10T20:25:51.707000Z,2025-01-08T18:05:24.186397Z,1087.0,75b53a55e8,41,37,Male,White,United States,United States,United States,English,DATA_EXPIRED,DATA_EXPIRED
677eb9ee006446184c4e83fe,6741fa7328ae3c1f51f37d77,RETURNED,Not Applicable,2025-01-08T17:46:29.410000Z,,,2025-01-23T16:28:46.141644Z,,,225,CONSENT_REVOKED,CONSENT_REVOKED,CONSENT_REVOKED,CONSENT_REVOKED,CONSENT_REVOKED,CONSENT_REVOKED,CONSENT_REVOKED,CONSENT_REVOKED,CONSENT_REVOKED
677eb9eeddc392b591f1ab2c,677c789684c1d0a2fde7180f,RETURNED,Not Applicable,2025-01-08T17:46:35.362000Z,,,2025-01-23T16:28:46.088383Z,,,56,CONSENT_REVOKED,CONSENT_REVOKED,CONSENT_REVOKED,CONSENT_REVOKED,CONSENT_REVOKED,CONSENT_REVOKED,CONSENT_REVOKED,CONSENT_REVOKED,CONSENT_REVOKED
677eb9ef8981a470c4193814,667866e4686b9c20b5bcc12f,APPROVED,Not Applicable,2025-01-08T17:46:30.669000Z,2025-01-08T17:53:54.074000Z,2025-01-10T20:25:52.031000Z,2025-01-08T17:53:54.948145Z,444.0,75b53a55e8,836,44,Male,White,United States,United States,United States,English,Yes,Full-Time
677eb9efb6c6fced6f715db1,673dc54a46049efe9d4fb711,RETURNED,Not Applicable,2025-01-08T17:46:49.132000Z,,,2025-01-23T16:28:46.069808Z,,,74,CONSENT_REVOKED,CONSENT_REVOKED,CONSENT_REVOKED,CONSENT_REVOKED,CONSENT_REVOKED,CONSENT_REVOKED,CONSENT_REVOKED,CONSENT_REVOKED,CONSENT_REVOKED
677eb9f1bde94913fe7e2693,676528b4a78f7f780a57d7eb,APPROVED,Not Applicable,2025-01-08T17:46:37.734000Z,2025-01-08T17:53:16.288000Z,2025-01-10T20:25:52.350000Z,2025-01-08T17:53:16.957074Z,399.0,75b53a55e8,20,24,Female,White,United States,United States,United States,English,No,DATA_EXPIRED
677eb9f1f8b680478a7454e8,677ce525fb92c62ad51c1327,APPROVED,Not Applicable,2025-01-08T17:46:36.517000Z,2025-01-08T18:07:37.781000Z,2025-01-10T20:25:52.671000Z,2025-01-08T18:08:19.680405Z,1262.0,75b53a55e8,2,29,Female,Black,Kenya,United States,United States,English,No,DATA_EXPIRED
677eb9f20f83a53428357956,5cbe00898f939c0017c0b9d8,APPROVED,Not Applicable,2025-01-08T17:46:32.242000Z,2025-01-08T17:56:24.852000Z,2025-01-10T20:25:52.932000Z,2025-01-08T17:56:29.973595Z,593.0,75b53a55e8,6409,58,Male,White,United States,United States,United States,English,No,Part-Time
677eb9f39855deeb06b03ab2,6779345864c58d7d17e55208,RETURNED,Not Applicable,2025-01-08T17:46:39.200000Z,,,2025-01-23T16:28:46.101064Z,,,35,CONSENT_REVOKED,CONSENT_REVOKED,CONSENT_REVOKED,CONSENT_REVOKED,CONSENT_REVOKED,CONSENT_REVOKED,CONSENT_REVOKED,CONSENT_REVOKED,CONSENT_REVOKED
677eb9f4f55f63a2f082e3a6,674f6023189f0efdc201c055,RETURNED,Not Applicable,2025-01-08T17:46:51.345000Z,,,2025-01-23T16:28:46.145215Z,,,22,CONSENT_REVOKED,CONSENT_REVOKED,CONSENT_REVOKED,CONSENT_REVOKED,CONSENT_REVOKED,CONSENT_REVOKED,CONSENT_REVOKED,CONSENT_REVOKED,CONSENT_REVOKED
677eb9f51eba824fb23da120,66abd267fef54ebd672c4d7a,RETURNED,Not Applicable,2025-01-08T17:52:32.914000Z,,,2025-01-23T16:28:46.118537Z,,,245,CONSENT_REVOKED,CONSENT_REVOKED,CONSENT_REVOKED,CONSENT_REVOKED,CONSENT_REVOKED,CONSENT_REVOKED,CONSENT_REVOKED,CONSENT_REVOKED,CONSENT_REVOKED
677eb9f65501f1f978ad604a,670c0d262ead69ef8c5561cb,RETURNED,Not Applicable,2025-01-08T17:46:35.119000Z,,,2025-01-23T16:28:46.114512Z,,,134,CONSENT_REVOKED,CONSENT_REVOKED,CONSENT_REVOKED,CONSENT_REVOKED,CONSENT_REVOKED,CONSENT_REVOKED,CONSENT_REVOKED,CONSENT_REVOKED,CONSENT_REVOKED
677eb9f698e7b9e38ea553ba,65ca418b08131c4a0ee1655a,RETURNED,Not Applicable,2025-01-08T17:46:40.312000Z,,,2025-01-23T16:28:46.064001Z,,,1145,CONSENT_REVOKED,CONSENT_REVOKED,CONSENT_REVOKED,CONSENT_REVOKED,CONSENT_REVOKED,CONSENT_REVOKED,CONSENT_REVOKED,CONSENT_REVOKED,CONSENT_REVOKED
677eb9f6d7dba0a1ded4a68a,66ce0bf15319524cb74dd391,RETURNED,Not Applicable,2025-01-08T17:46:37.449000Z,,,2025-01-23T16:28:46.094483Z,,,547,CONSENT_REVOKED,CONSENT_REVOKED,CONSENT_REVOKED,CONSENT_REVOKED,CONSENT_REVOKED,CONSENT_REVOKED,CONSENT_REVOKED,CONSENT_REVOKED,CONSENT_REVOKED
677eb9f7e9e611a4b80e33d9,6763704a6b7d73013089fae2,APPROVED,Not Applicable,2025-01-08T17:46:37.255000Z,2025-01-08T17:53:07.339000Z,2025-01-10T20:25:53.236000Z,2025-01-08T17:53:08.108810Z,391.0,75b53a55e8,61,28,Female,White,United States,United States,United States,English,No,Full-Time
677eb9f866371b89be9946f1,663a722d7e8c2b7e771bd95c,APPROVED,Not Applicable,2025-01-08T17:46:43.539000Z,2025-01-08T17:57:54.726000Z,2025-01-10T20:25:53.535000Z,2025-01-08T17:58:04.422542Z,672.0,75b53a55e8,871,23,Female,White,United States,United States,United States,English,No,Part-Time
677eb9f875744b6891b6a4ef,6736f87c0838feb83e845160,RETURNED,Not Applicable,2025-01-08T17:46:57.599000Z,,,2025-01-23T16:28:46.180668Z,,,78,CONSENT_REVOKED,CONSENT_REVOKED,CONSENT_REVOKED,CONSENT_REVOKED,CONSENT_REVOKED,CONSENT_REVOKED,CONSENT_REVOKED,CONSENT_REVOKED,CONSENT_REVOKED
677eb9f8e9e611a4b80e33dc,66f18a0dc9cc467c3ef214dd,RETURNED,Not Applicable,2025-01-08T17:46:40.326000Z,,,2025-01-23T16:28:46.110256Z,,,227,CONSENT_REVOKED,CONSENT_REVOKED,CONSENT_REVOKED,CONSENT_REVOKED,CONSENT_REVOKED,CONSENT_REVOKED,CONSENT_REVOKED,CONSENT_REVOKED,CONSENT_REVOKED
677eb9f91eba824fb23da125,67619febdd1f8cb1ac913ebb,RETURNED,Not Applicable,2025-01-08T17:47:30.171000Z,,,2025-01-23T16:28:46.112378Z,,,103,CONSENT_REVOKED,CONSENT_REVOKED,CONSENT_REVOKED,CONSENT_REVOKED,CONSENT_REVOKED,CONSENT_REVOKED,CONSENT_REVOKED,CONSENT_REVOKED,CONSENT_REVOKED
677eb9f9cb32473be195f58b,5e1cc05963251a04c9fbe321,APPROVED,Not Applicable,2025-01-08T17:48:34.232000Z,2025-01-08T17:59:20.384000Z,2025-01-10T20:25:53.808000Z,2025-01-08T17:59:21.141482Z,647.0,75b53a55e8,3382,55,Male,White,United States,United States,United States,English,No,DATA_EXPIRED
677eb9fa358e96292946464f,67217280a243e442ade76a7a,APPROVED,Not Applicable,2025-01-08T17:47:02.543000Z,2025-01-08T18:23:06.189000Z,2025-01-10T20:25:54.091000Z,2025-01-08T18:23:06.857126Z,2164.0,75b53a55e8.,245,42,Female,Black,United States,United States,United States,English,No,DATA_EXPIRED
677eb9facd77deb20f8cd9d8,658ea5a4017996f2dc550d43,APPROVED,Not Applicable,2025-01-08T17:46:49.044000Z,2025-01-08T18:00:37.120000Z,2025-01-10T20:25:54.585000Z,2025-01-08T18:00:37.843691Z,829.0,75b53a55e8,697,63,Male,White,United States,United States,United States,English,DATA_EXPIRED,DATA_EXPIRED
677eb9fbd6fa0121b9e8b0b2,6723685f82010c2a369d7c83,RETURNED,Not Applicable,2025-01-08T17:47:02.272000Z,,,2025-01-23T16:28:46.147666Z,,,172,CONSENT_REVOKED,CONSENT_REVOKED,CONSENT_REVOKED,CONSENT_REVOKED,CONSENT_REVOKED,CONSENT_REVOKED,CONSENT_REVOKED,CONSENT_REVOKED,CONSENT_REVOKED
677eb9fc2a0bc027d8d26434,674ecc600d2508f8919b2660,APPROVED,Not Applicable,2025-01-08T17:50:24.870000Z,2025-01-08T18:16:44.923000Z,2025-01-10T20:25:54.875000Z,2025-01-08T18:16:45.440738Z,1581.0,75b53a55e8,75,21,Male,Mixed,Ghana,United States,United States,English,DATA_EXPIRED,DATA_EXPIRED
677eb9fce120b7b320e90cf2,5bbf523d83f9790001ce549a,RETURNED,Not Applicable,2025-01-08T17:46:36.506000Z,,,2025-01-23T16:28:46.220517Z,,,9132,CONSENT_REVOKED,CONSENT_REVOKED,CONSENT_REVOKED,CONSENT_REVOKED,CONSENT_REVOKED,CONSENT_REVOKED,CONSENT_REVOKED,CONSENT_REVOKED,CONSENT_REVOKED
677eb9fe8c343167ed2a3319,6086d528a18b6ba74ce0cd10,APPROVED,Not Applicable,2025-01-08T17:52:39.030000Z,2025-01-08T18:03:42.064000Z,2025-01-10T20:25:55.228000Z,2025-01-08T18:03:43.064291Z,664.0,75b53a55e8,1074,35,Male,Black,Kenya,United States,United States,English,No,Full-Time
677eb9feaadb5d393cf8f828,6465cd750298e0714b6391cf,APPROVED,Not Applicable,2025-01-08T17:54:50.142000Z,2025-01-08T18:11:05.012000Z,2025-01-10T20:25:56.244000Z,2025-01-08T18:11:05.589181Z,975.0,75b53a55e8,1336,54,Male,White,United States,United States,United States,English,DATA_EXPIRED,DATA_EXPIRED
677eb9ffe0d686430787e8b7,54d2c4e2fdf99b2c319a8cf6,APPROVED,Not Applicable,2025-01-08T17:46:45.786000Z,2025-01-08T18:08:01.450000Z,2025-01-10T20:25:56.817000Z,2025-01-08T18:08:22.948816Z,1276.0,75b53a55e8,3658,46,Male,White,United States,United States,United States,English,DATA_EXPIRED,DATA_EXPIRED
677eba007de3b589e41424f3,6384d848165f7e57de28607c,APPROVED,Not Applicable,2025-01-08T17:46:47.812000Z,2025-01-08T17:55:44.843000Z,2025-01-10T20:25:57.056000Z,2025-01-08T17:55:48.997979Z,538.0,75b53a55e8,4220,61,Male,White,United States,United States,United States,English,No,Full-Time
677eba01f936d592dfd26a19,673deb6b558d6db3d67d95a3,RETURNED,Not Applicable,2025-01-08T17:46:50.698000Z,,,2025-01-23T16:28:46.171023Z,,,153,CONSENT_REVOKED,CONSENT_REVOKED,CONSENT_REVOKED,CONSENT_REVOKED,CONSENT_REVOKED,CONSENT_REVOKED,CONSENT_REVOKED,CONSENT_REVOKED,CONSENT_REVOKED
677eba022175c4f3c0752d7b,63d1787e133386074516c177,APPROVED,Not Applicable,2025-01-08T17:46:48.629000Z,2025-01-08T18:10:51.895000Z,2025-01-10T20:25:57.307000Z,2025-01-08T18:10:55.454318Z,1444.0,75b53a55e8,1731,35,Female,Other,United States,United States,United States,English,No,Part-Time
677eba02b50ecb490160d0fa,677d7fd5aae572b104441608,APPROVED,Not Applicable,2025-01-08T17:47:02.209000Z,2025-01-08T18:05:07.421000Z,2025-01-10T20:25:57.624000Z,2025-01-08T18:05:08.468220Z,1086.0,75b53a55e8,0,18,Female,White,United States,United States,United States,English,Yes,DATA_EXPIRED
677eba0328e73c39f2949add,673745e7834499a073b86f4a,APPROVED,Not Applicable,2025-01-08T17:50:30.334000Z,2025-01-08T18:25:49.688000Z,2025-01-10T20:25:57.913000Z,2025-01-08T18:25:50.339389Z,2120.0,75b53a55e8,244,37,Male,White,United States,United States,United States,English,DATA_EXPIRED,DATA_EXPIRED
677eba0337a3e8cb4c33908b,67705c901ee26c2d2c0cb460,APPROVED,Not Applicable,2025-01-08T17:46:58.277000Z,2025-01-08T18:05:50.882000Z,2025-01-10T20:25:58.218000Z,2025-01-08T18:08:02.224809Z,1133.0,75b53a55e8,3,22,Male,Mixed,Ghana,United States,United States,English,DATA_EXPIRED,DATA_EXPIRED
677eba04e024f5c5b6dd9eb6,670da90090a41a3eb4d1b61c,APPROVED,Not Applicable,2025-01-08T17:47:11.753000Z,2025-01-08T18:09:53.775000Z,2025-01-10T20:25:58.510000Z,2025-01-08T18:09:54.337518Z,1363.0,75b53a55e8,81,50,Female,White,United States,United States,United States,English,No,DATA_EXPIRED
677eba05d6fa0121b9e8b0b8,60ff0521c12dee27a3e65e98,APPROVED,Not Applicable,2025-01-08T17:46:51.068000Z,2025-01-08T18:01:12.114000Z,2025-01-10T20:25:58.826000Z,2025-01-08T18:01:12.836568Z,862.0,75b53a55e8,826,30,Female,Other,United States,United States,United States,English,No,Full-Time
677eba05f40d0df49b293eb0,5f636ecb4ea0bf03d640028f,APPROVED,Not Applicable,2025-01-08T17:47:24.551000Z,2025-01-08T17:59:12.736000Z,2025-01-10T20:25:59.064000Z,2025-01-08T17:59:13.387415Z,709.0,75b53a55e8,6910,42,Female,Black,United States,United States,United States,English,DATA_EXPIRED,DATA_EXPIRED
677eba06cbe86ff8992a5810,67765ecceae26d06c3116cbd,RETURNED,Not Applicable,2025-01-08T17:46:57.726000Z,,,2025-01-23T16:28:46.165648Z,,,70,CONSENT_REVOKED,CONSENT_REVOKED,CONSENT_REVOKED,CONSENT_REVOKED,CONSENT_REVOKED,CONSENT_REVOKED,CONSENT_REVOKED,CONSENT_REVOKED,CONSENT_REVOKED
677eba075dbfe10dedaf98f8,675c7d7542741d06c5cca5a8,APPROVED,Not Applicable,2025-01-08T17:46:58.426000Z,2025-01-08T18:02:10.985000Z,2025-01-10T20:25:59.329000Z,2025-01-08T18:02:12.016082Z,913.0,75b53a55e8,99,22,Male,Mixed,Ghana,United States,United States,English,No,Full-Time
677eba07c18b61dd65d7f3d2,60ff330871c21d483589dda7,RETURNED,Not Applicable,2025-01-08T17:46:57.538000Z,,,2025-01-23T16:28:46.167305Z,,,349,CONSENT_REVOKED,CONSENT_REVOKED,CONSENT_REVOKED,CONSENT_REVOKED,CONSENT_REVOKED,CONSENT_REVOKED,CONSENT_REVOKED,CONSENT_REVOKED,CONSENT_REVOKED
677eba08626be3088ae0c3e3,5fc1b6e8a1e4b02ade141a3f,RETURNED,Not Applicable,2025-01-08T17:47:10.653000Z,,,2025-01-23T16:28:46.190776Z,,,371,CONSENT_REVOKED,CONSENT_REVOKED,CONSENT_REVOKED,CONSENT_REVOKED,CONSENT_REVOKED,CONSENT_REVOKED,CONSENT_REVOKED,CONSENT_REVOKED,CONSENT_REVOKED
677eba08d6fa0121b9e8b0bb,6078b85e024d1d094113c3aa,APPROVED,Not Applicable,2025-01-08T17:46:51.820000Z,2025-01-08T17:52:14.582000Z,2025-01-10T20:25:59.581000Z,2025-01-08T17:52:15.390114Z,323.0,75b53a55e8,5017,24,Male,Mixed,United States,United States,United States,English,DATA_EXPIRED,DATA_EXPIRED
677eba0be1cd86a7f9dc0762,663a6faaa98b09578f6ba791,APPROVED,Not Applicable,2025-01-08T17:46:56.417000Z,2025-01-08T17:53:41.878000Z,2025-01-10T20:25:59.806000Z,2025-01-08T17:53:42.575451Z,406.0,75b53a55e8,358,29,Female,Mixed,United States,United States,United States,English,No,"Not in paid work (e.g. homemaker', 'retired or disabled)"
677eba0c207f4228bbad474b,6633939b0b26817c2749943d,APPROVED,Not Applicable,2025-01-08T17:47:08.966000Z,2025-01-08T18:04:25.227000Z,2025-01-10T20:26:00.028000Z,2025-01-08T18:04:25.972378Z,1037.0,75b53a55e8,693,58,Male,White,United States,United States,United States,English,No,"Not in paid work (e.g. homemaker', 'retired or disabled)"
677eba0d1212d9959c08c17d,5d6d7049fb6f6a0017ccce08,RETURNED,Not Applicable,2025-01-08T17:47:12.555000Z,,,2025-01-23T16:28:46.243537Z,,,573,CONSENT_REVOKED,CONSENT_REVOKED,CONSENT_REVOKED,CONSENT_REVOKED,CONSENT_REVOKED,CONSENT_REVOKED,CONSENT_REVOKED,CONSENT_REVOKED,CONSENT_REVOKED
677eba0dfd2303a46870f4a4,67463e8f42e18b5c296fb0b1,APPROVED,Not Applicable,2025-01-08T17:46:59.632000Z,2025-01-08T17:52:32.484000Z,2025-01-10T20:26:00.322000Z,2025-01-08T17:52:33.174892Z,333.0,75b53a55e8,199,31,Male,White,Canada,United States,United States,English,No,Full-Time
677eba107b60aaa6e3c2251a,5eab120dde58220b71cf6599,RETURNED,Not Applicable,2025-01-08T17:47:03.094000Z,,,2025-01-23T16:28:46.180666Z,,,1324,CONSENT_REVOKED,CONSENT_REVOKED,CONSENT_REVOKED,CONSENT_REVOKED,CONSENT_REVOKED,CONSENT_REVOKED,CONSENT_REVOKED,CONSENT_REVOKED,CONSENT_REVOKED
677eba120ea45dee457ab387,6702df1c9f859271313728a0,APPROVED,Not Applicable,2025-01-08T17:47:08.780000Z,2025-01-08T18:04:26.567000Z,2025-01-10T20:26:00.661000Z,2025-01-08T18:04:27.158306Z,1038.0,75b53a55e8,19,71,Male,White,United States,United States,United States,English,No,Part-Time
677eba1359743c13d882e336,6644b750f83b1ad48d9ce14f,APPROVED,Not Applicable,2025-01-08T17:47:22.580000Z,2025-01-08T17:57:20.988000Z,2025-01-10T20:26:00.946000Z,2025-01-08T17:57:26.407397Z,599.0,75b53a55e8,715,29,Female,White,United States,United States,United States,English,DATA_EXPIRED,DATA_EXPIRED
677eba15118ac3d6cd2f492d,675f7ec3c5f6f26462a81dba,APPROVED,Not Applicable,2025-01-08T17:47:10.242000Z,2025-01-08T18:18:33.694000Z,2025-01-10T20:26:01.240000Z,2025-01-08T18:18:36.178810Z,1884.0,75b53a55e8,9,39,Female,Black,United States,United States,United States,English,No,Unemployed (and job seeking)
677eba1610227a4dfcb9dcff,62e0715747189999644b9868,APPROVED,Not Applicable,2025-01-08T17:47:14.938000Z,2025-01-08T18:02:15.359000Z,2025-01-10T20:26:01.543000Z,2025-01-08T18:02:16.040089Z,901.0,75b53a55e8,2587,28,Male,Asian,United States,United States,India,English,No,Full-Time
677eba173e04fda87cf7603f,654bb50c72b2f304d47bfdab,RETURNED,Not Applicable,2025-01-08T17:47:12.339000Z,,,2025-01-23T16:28:46.218230Z,,,1587,CONSENT_REVOKED,CONSENT_REVOKED,CONSENT_REVOKED,CONSENT_REVOKED,CONSENT_REVOKED,CONSENT_REVOKED,CONSENT_REVOKED,CONSENT_REVOKED,CONSENT_REVOKED
677eba1772ca3ae7495fb0bb,6778376703ef72513da532c9,RETURNED,Not Applicable,2025-01-08T17:47:10.109000Z,2025-01-08T17:55:00.877000Z,,2025-01-23T16:28:46.235500Z,,NOCODE,111,CONSENT_REVOKED,CONSENT_REVOKED,CONSENT_REVOKED,CONSENT_REVOKED,CONSENT_REVOKED,CONSENT_REVOKED,CONSENT_REVOKED,CONSENT_REVOKED,CONSENT_REVOKED
677eba182771fa74cb2efe5c,676df219f8b2a7d4114f08d5,RETURNED,Not Applicable,2025-01-08T17:47:26.978000Z,,,2025-01-23T16:28:46.192270Z,,,73,CONSENT_REVOKED,CONSENT_REVOKED,CONSENT_REVOKED,CONSENT_REVOKED,CONSENT_REVOKED,CONSENT_REVOKED,CONSENT_REVOKED,CONSENT_REVOKED,CONSENT_REVOKED
677eba1a0de12a7032bd6334,660fe3fb34a484613d003bdb,RETURNED,Not Applicable,2025-01-08T17:57:06.562000Z,,,2025-01-23T16:28:46.207287Z,,,480,CONSENT_REVOKED,CONSENT_REVOKED,CONSENT_REVOKED,CONSENT_REVOKED,CONSENT_REVOKED,CONSENT_REVOKED,CONSENT_REVOKED,CONSENT_REVOKED,CONSENT_REVOKED
677eba1a9a2496f3a7f67854,610f1080dee2889a226aae10,RETURNED,Not Applicable,2025-01-08T17:47:26.318000Z,,,2025-01-23T16:28:46.223025Z,,,84,CONSENT_REVOKED,CONSENT_REVOKED,CONSENT_REVOKED,CONSENT_REVOKED,CONSENT_REVOKED,CONSENT_REVOKED,CONSENT_REVOKED,CONSENT_REVOKED,CONSENT_REVOKED
677eba1af936d592dfd26a20,67257137480f85e61c01e7f2,TIMED-OUT,Not Applicable,2025-01-08T17:47:15.550000Z,,,2025-01-23T16:28:46.224378Z,1291291.0,,38,66,Male,White,United States,United States,United States,English,No,Unemployed (and job seeking)
677eba1b7759e770f05d087e,6749984956044e33ee78c07f,RETURNED,Not Applicable,2025-01-08T17:47:21.897000Z,,,2025-01-23T16:28:46.253561Z,,,78,CONSENT_REVOKED,CONSENT_REVOKED,CONSENT_REVOKED,CONSENT_REVOKED,CONSENT_REVOKED,CONSENT_REVOKED,CONSENT_REVOKED,CONSENT_REVOKED,CONSENT_REVOKED
677eba1cbddda41006a3a35c,6779516f931f49f5fe689a96,RETURNED,Not Applicable,2025-01-08T17:47:14.812000Z,,,2025-01-23T16:28:46.272053Z,,,56,CONSENT_REVOKED,CONSENT_REVOKED,CONSENT_REVOKED,CONSENT_REVOKED,CONSENT_REVOKED,CONSENT_REVOKED,CONSENT_REVOKED,CONSENT_REVOKED,CONSENT_REVOKED
677eba1d41f0ce49707ab39b,65c20d2414509f6991b7bf80,RETURNED,Not Applicable,2025-01-08T17:48:36.714000Z,,,2025-01-23T16:28:46.239336Z,,,1013,CONSENT_REVOKED,CONSENT_REVOKED,CONSENT_REVOKED,CONSENT_REVOKED,CONSENT_REVOKED,CONSENT_REVOKED,CONSENT_REVOKED,CONSENT_REVOKED,CONSENT_REVOKED
677eba1dc4937c10768b23ba,5f47fbe03c255115b01b09cf,APPROVED,Not Applicable,2025-01-08T17:55:34.218000Z,2025-01-08T18:01:51.566000Z,2025-01-10T20:26:01.837000Z,2025-01-08T18:01:52.312993Z,378.0,75b53a55e8,2876,24,Male,White,United States,United States,United States,English,Yes,Part-Time
677eba1ee120b7b320e90cfe,652898fb226b244735680703,RETURNED,Not Applicable,2025-01-08T17:47:34.609000Z,,,2025-01-23T16:28:46.285508Z,,,521,CONSENT_REVOKED,CONSENT_REVOKED,CONSENT_REVOKED,CONSENT_REVOKED,CONSENT_REVOKED,CONSENT_REVOKED,CONSENT_REVOKED,CONSENT_REVOKED,CONSENT_REVOKED
677eba1f0205c2f102334dee,6736112af674ebe6a3298994,RETURNED,Not Applicable,2025-01-08T17:47:18.545000Z,,,2025-01-23T16:28:46.330438Z,,,241,CONSENT_REVOKED,CONSENT_REVOKED,CONSENT_REVOKED,CONSENT_REVOKED,CONSENT_REVOKED,CONSENT_REVOKED,CONSENT_REVOKED,CONSENT_REVOKED,CONSENT_REVOKED
677eba1fd6fa0121b9e8b0c3,6728f002a93776be628207db,APPROVED,Not Applicable,2025-01-08T17:47:18.475000Z,2025-01-08T18:14:19.900000Z,2025-01-10T20:26:02.126000Z,2025-01-08T18:14:20.415115Z,1622.0,75b53a55e8,308,35,Male,White,United States,United States,United States,English,No,Full-Time
677eba206e5c69e32cf8d1dd,638f99069b060e317a097e5d,RETURNED,Not Applicable,2025-01-08T17:47:48.939000Z,,,2025-01-23T16:28:46.244286Z,,,1051,CONSENT_REVOKED,CONSENT_REVOKED,CONSENT_REVOKED,CONSENT_REVOKED,CONSENT_REVOKED,CONSENT_REVOKED,CONSENT_REVOKED,CONSENT_REVOKED,CONSENT_REVOKED
677eba206f404ecb80de846d,6755cccbd993abfaf69a13f3,RETURNED,Not Applicable,2025-01-08T17:47:28.664000Z,,,2025-01-23T16:28:46.278080Z,,,110,CONSENT_REVOKED,CONSENT_REVOKED,CONSENT_REVOKED,CONSENT_REVOKED,CONSENT_REVOKED,CONSENT_REVOKED,CONSENT_REVOKED,CONSENT_REVOKED,CONSENT_REVOKED
677eba214cf83d3dfa8113b5,67741dc70ec719b5729639f1,APPROVED,Not Applicable,2025-01-08T17:47:17.510000Z,2025-01-08T17:53:11.255000Z,2025-01-10T20:26:02.460000Z,2025-01-08T17:53:11.724039Z,354.0,75b53a55e8,15,60,Female,Mixed,United States,United States,United States,English,No,DATA_EXPIRED
677eba21d338d7cd99dbbe71,677d799cc535d18631f43e7a,APPROVED,Not Applicable,2025-01-08T17:47:22.165000Z,2025-01-08T17:54:42.362000Z,2025-01-10T20:26:02.750000Z,2025-01-08T17:54:43.099942Z,441.0,75b53a55e8,3,26,Male,White,United States,United States,United States,English,DATA_EXPIRED,Full-Time
677eba2230c283ec522bed24,675aedf3f9e887dd42da2f77,APPROVED,Not Applicable,2025-01-08T17:47:20.536000Z,2025-01-08T18:03:25.649000Z,2025-01-10T20:26:03.071000Z,2025-01-08T18:03:26.556230Z,966.0,75b53a55e8,75,42,Female,Black,United States,United States,United States,English,No,DATA_EXPIRED
677eba2397030cb9b29a78b7,62cc1f77c32651ff9d35a471,APPROVED,Not Applicable,2025-01-08T17:47:21.468000Z,2025-01-08T17:58:10.126000Z,2025-01-10T20:26:03.473000Z,2025-01-08T17:58:21.644295Z,649.0,75b53a55e8,3918,37,Female,White,United States,United States,United States,English,No,"Not in paid work (e.g. homemaker', 'retired or disabled)"
677eba242d962ab381b8e0c1,65e345b56280767de86de2d7,REJECTED,Not Applicable,2025-01-08T17:47:26.972000Z,2025-01-08T17:50:33.553000Z,2025-01-21T17:27:28.367000Z,2025-01-23T16:28:46.299200Z,187.0,NOCODE,155,CONSENT_REVOKED,CONSENT_REVOKED,CONSENT_REVOKED,CONSENT_REVOKED,CONSENT_REVOKED,CONSENT_REVOKED,CONSENT_REVOKED,CONSENT_REVOKED,CONSENT_REVOKED
677eba25a2ea2816f82aba91,6288131dea673aeeb3a1777c,APPROVED,Not Applicable,2025-01-08T17:47:42.271000Z,2025-01-08T17:55:39.670000Z,2025-01-10T20:26:03.798000Z,2025-01-08T17:55:41.659318Z,478.0,75b53a55e8,1940,33,Male,White,United States,United States,United States,English,DATA_EXPIRED,DATA_EXPIRED
677eba2666dd36f82f9bf831,62fdcda607c1d770ba1c6da8,RETURNED,Not Applicable,2025-01-08T17:47:38.283000Z,,,2025-01-23T16:28:46.327728Z,,,2559,CONSENT_REVOKED,CONSENT_REVOKED,CONSENT_REVOKED,CONSENT_REVOKED,CONSENT_REVOKED,CONSENT_REVOKED,CONSENT_REVOKED,CONSENT_REVOKED,CONSENT_REVOKED
677eba27edd29411568d2350,656b46a0554ca892e2d3f1e9,RETURNED,Not Applicable,2025-01-08T17:48:47.352000Z,,,2025-01-23T16:28:46.283212Z,,,1116,CONSENT_REVOKED,CONSENT_REVOKED,CONSENT_REVOKED,CONSENT_REVOKED,CONSENT_REVOKED,CONSENT_REVOKED,CONSENT_REVOKED,CONSENT_REVOKED,CONSENT_REVOKED
677eba284c8d21e435bab87d,677c599b0739176e1695257d,APPROVED,Not Applicable,2025-01-08T17:47:26.922000Z,2025-01-08T17:54:05.314000Z,2025-01-10T20:26:04.055000Z,2025-01-08T17:54:06.109163Z,399.0,75b53a55e8,2,45,Female,White,United States,United States,United States,English,No,Full-Time
677eba28f6b67356aa35eb24,64134aa1e42f07057fc2aa55,APPROVED,Not Applicable,2025-01-08T17:47:58.503000Z,2025-01-08T18:01:19.084000Z,2025-01-10T20:26:04.301000Z,2025-01-08T18:01:20.011569Z,801.0,75b53a55e8,15,62,Female,Asian,Hong Kong,United States,United States,English,DATA_EXPIRED,DATA_EXPIRED
677eba2972ca3ae7495fb0c2,674734770ea0d871dd4c943f,APPROVED,Not Applicable,2025-01-08T17:54:22.042000Z,2025-01-08T18:11:15.946000Z,2025-01-10T20:26:04.588000Z,2025-01-08T18:11:16.634882Z,1014.0,75b53a55e8,35,41,Female,Mixed,Ghana,United States,United States,English,DATA_EXPIRED,Full-Time
677eba2aa436ac59cafc08db,67505163c49671c056adec3d,APPROVED,Not Applicable,2025-01-08T17:48:00.710000Z,2025-01-08T18:10:25.007000Z,2025-01-10T20:26:04.881000Z,2025-01-08T18:10:25.984077Z,1345.0,75b53a55e8,126,21,Female,Black,Nigeria,United States,United States,English,DATA_EXPIRED,DATA_EXPIRED
677eba2bbde94913fe7e26a7,674dd6189cf2ef78c505c963,APPROVED,Not Applicable,2025-01-08T17:47:58.980000Z,2025-01-08T17:59:49.510000Z,2025-01-10T20:26:05.201000Z,2025-01-08T18:00:02.576425Z,711.0,75b53a55e8,148,21,Male,Black,Nigeria,United States,United States,English,DATA_EXPIRED,DATA_EXPIRED
677eba2bd5a598a914715d51,639618dc4a68e64c6956c39c,APPROVED,Not Applicable,2025-01-08T17:47:29.731000Z,2025-01-08T17:57:47.446000Z,2025-01-10T20:26:05.517000Z,2025-01-08T17:57:56.184115Z,618.0,75b53a55e8,3164,54,Female,White,United States,United States,United States,English,No,Part-Time
677eba2e8287bfab9711d770,5dbacecee2fafc0e38007428,APPROVED,Not Applicable,2025-01-08T17:47:54.208000Z,2025-01-08T17:59:20.902000Z,2025-01-10T20:26:05.783000Z,2025-01-08T17:59:21.649145Z,687.0,75b53a55e8,1278,27,Female,Black,United States,United States,United States,English,DATA_EXPIRED,Part-Time
677eba2f118ac3d6cd2f493e,677da7c33eeb5c3bd17187fc,APPROVED,Not Applicable,2025-01-08T17:47:37.050000Z,2025-01-08T17:50:50.247000Z,2025-01-10T20:26:06.019000Z,2025-01-08T17:50:50.819247Z,194.0,75b53a55e8,6,18,Male,Asian,United States,United States,United States,English,Yes,DATA_EXPIRED
677eba2f4f666dd870c58672,6630f9674cd8cd6fddb1ca7e,APPROVED,Not Applicable,2025-01-08T17:47:37.073000Z,2025-01-08T17:53:41.790000Z,2025-01-10T20:26:06.267000Z,2025-01-08T17:53:43.198783Z,365.0,75b53a55e8,71,22,Female,White,United States,United States,United States,English,Yes,DATA_EXPIRED
677eba30a12f30fc2db7083e,66ce2f9a9a9402052c85abb6,APPROVED,Not Applicable,2025-01-08T17:47:45.666000Z,2025-01-08T17:55:56.437000Z,2025-01-10T20:26:06.515000Z,2025-01-08T17:56:01.647320Z,491.0,75b53a55e8,586,50,Male,Other,Poland,United States,United States,Polish,No,Full-Time
677eba32a6ed2f197860e104,653d3b418bce22526d2639b4,TIMED-OUT,Not Applicable,2025-01-08T17:47:35.729000Z,,,2025-01-23T16:28:46.274969Z,1291271.0,,905,33,Male,White,United States,United States,United States,English,No,Unemployed (and job seeking)
677eba363603819f49b9e119,66e2f8e989bc2beeaabb81f4,APPROVED,Not Applicable,2025-01-08T17:47:43.692000Z,2025-01-08T17:58:35.698000Z,2025-01-10T20:26:07.368000Z,2025-01-08T17:58:40.776026Z,653.0,75b53a55e8,80,30,Female,White,United States,United States,United States,English,No,Part-Time
677eba37d4b415629937404c,5fa0d1a1e40401160ec4a011,RETURNED,Not Applicable,2025-01-08T17:47:41.317000Z,,,2025-01-23T16:28:46.371482Z,,,615,CONSENT_REVOKED,CONSENT_REVOKED,CONSENT_REVOKED,CONSENT_REVOKED,CONSENT_REVOKED,CONSENT_REVOKED,CONSENT_REVOKED,CONSENT_REVOKED,CONSENT_REVOKED
677eba38358e962929464659,6750d9caa6227fc1b528de1c,APPROVED,Not Applicable,2025-01-08T17:47:41.989000Z,2025-01-08T18:00:58.551000Z,2025-01-10T20:26:07.653000Z,2025-01-08T18:01:00.101175Z,797.0,75b53a55e8,108,43,Male,White,United States,United States,United States,English,No,"Not in paid work (e.g. homemaker', 'retired or disabled)"
677eba3a0ea45dee457ab396,675db154e66ad60c91c6c9ce,RETURNED,Not Applicable,2025-01-08T17:47:53.069000Z,,,2025-01-23T16:28:46.315240Z,,,81,CONSENT_REVOKED,CONSENT_REVOKED,CONSENT_REVOKED,CONSENT_REVOKED,CONSENT_REVOKED,CONSENT_REVOKED,CONSENT_REVOKED,CONSENT_REVOKED,CONSENT_REVOKED
677eba3b8d97d94974ce1f19,67741de9c558767d38051368,APPROVED,Not Applicable,2025-01-08T17:47:56.195000Z,2025-01-08T18:04:14.644000Z,2025-01-10T20:26:08.061000Z,2025-01-08T18:04:15.499458Z,979.0,75b53a55e8,9,25,Male,Black,Ghana,United States,United States,English,Yes,DATA_EXPIRED
677eba3ecd1e457e80bd6410,676826103596d3285fc56242,RETURNED,Not Applicable,2025-01-08T17:47:47.736000Z,,,2025-01-23T16:28:46.283704Z,,,75,CONSENT_REVOKED,CONSENT_REVOKED,CONSENT_REVOKED,CONSENT_REVOKED,CONSENT_REVOKED,CONSENT_REVOKED,CONSENT_REVOKED,CONSENT_REVOKED,CONSENT_REVOKED
677eba3edee45f9af915c3c5,644c061ce861c17549323c00,APPROVED,Not Applicable,2025-01-08T17:47:48.154000Z,2025-01-08T17:56:31.310000Z,2025-01-10T20:26:08.350000Z,2025-01-08T17:56:37.447384Z,524.0,75b53a55e8,4298,49,Male,White,United States,United States,United States,English,No,Part-Time
677eba3f3603819f49b9e124,6245c8c532cdc22633ecbf3f,APPROVED,Not Applicable,2025-01-08T17:47:50.172000Z,2025-01-08T17:53:26.472000Z,2025-01-10T20:26:08.618000Z,2025-01-08T17:53:27.376073Z,337.0,75b53a55e8,2654,31,Male,White,United States,United States,United States,English,DATA_EXPIRED,DATA_EXPIRED
677eba41369e2918471f454b,66901f424efa1239996f09cc,RETURNED,Not Applicable,2025-01-08T17:47:52.624000Z,,,2025-01-23T16:28:46.266942Z,,,658,CONSENT_REVOKED,CONSENT_REVOKED,CONSENT_REVOKED,CONSENT_REVOKED,CONSENT_REVOKED,CONSENT_REVOKED,CONSENT_REVOKED,CONSENT_REVOKED,CONSENT_REVOKED
677eba455501f1f978ad6052,663465f595731f85bf928cf3,APPROVED,Not Applicable,2025-01-08T17:47:56.457000Z,2025-01-08T18:04:51.834000Z,2025-01-10T20:26:09.096000Z,2025-01-08T18:04:52.413948Z,1016.0,75b53a55e8.,358,44,Male,Black,United States,United States,United States,English,No,Part-Time
677eba46b8435cb61792577f,673e5f6b0c248822d47e064d,APPROVED,Not Applicable,2025-01-08T17:47:59.644000Z,2025-01-08T17:56:35.299000Z,2025-01-10T20:26:09.326000Z,2025-01-08T17:56:41.074090Z,516.0,75b53a55e8,157,68,Female,White,United States,United States,United States,English,No,Part-Time
677eba470df0e62ae30375f6,674382014d1bad1a558140c6,APPROVED,Not Applicable,2025-01-08T17:48:02.299000Z,2025-01-08T18:09:01.084000Z,2025-01-10T20:26:09.588000Z,2025-01-08T18:09:02.370451Z,1259.0,75b53a55e8.,177,34,Female,White,United States,United States,United States,English,No,DATA_EXPIRED
677eba4a2fc7205daf745508,66d469950c5528673c92f3f4,APPROVED,Not Applicable,2025-01-08T17:48:38.815000Z,2025-01-08T17:56:17.927000Z,2025-01-10T20:26:09.853000Z,2025-01-08T17:56:21.484627Z,460.0,75b53a55e8,329,45,Female,White,United States,United States,United States,English,No,Full-Time
677eba4b68563c6e007ceb15,67609bff85443c1011d9ae2d,RETURNED,Not Applicable,2025-01-08T17:48:09.928000Z,,,2025-01-23T16:28:46.335670Z,,,111,CONSENT_REVOKED,CONSENT_REVOKED,CONSENT_REVOKED,CONSENT_REVOKED,CONSENT_REVOKED,CONSENT_REVOKED,CONSENT_REVOKED,CONSENT_REVOKED,CONSENT_REVOKED
677eba4bbbd992c49d1e1645,66b27ce62704b3b7138a103c,RETURNED,Not Applicable,2025-01-08T17:48:07.010000Z,,,2025-01-23T16:28:46.338957Z,,,352,CONSENT_REVOKED,CONSENT_REVOKED,CONSENT_REVOKED,CONSENT_REVOKED,CONSENT_REVOKED,CONSENT_REVOKED,CONSENT_REVOKED,CONSENT_REVOKED,CONSENT_REVOKED
677eba4dcb32473be195f5a5,668d5a454e51f2df12027e26,RETURNED,Not Applicable,2025-01-08T17:48:06.446000Z,,,2025-01-23T16:28:46.313171Z,,,975,CONSENT_REVOKED,CONSENT_REVOKED,CONSENT_REVOKED,CONSENT_REVOKED,CONSENT_REVOKED,CONSENT_REVOKED,CONSENT_REVOKED,CONSENT_REVOKED,CONSENT_REVOKED
677eba4df55f63a2f082e3c5,673b9e76456e060aaca75d35,TIMED-OUT,Not Applicable,2025-01-08T17:55:22.594000Z,,,2025-01-23T16:28:46.310853Z,1290804.0,,222,31,Male,White,United States,United States,United States,English,DATA_EXPIRED,DATA_EXPIRED
677eba4e83b5371ebb4e8512,66c7e44e327c32a60a4dda61,TIMED-OUT,Not Applicable,2025-01-08T17:48:14.390000Z,,,2025-01-23T16:28:46.334542Z,1291233.0,,506,41,Female,White,United States,United States,United States,English,No,Full-Time
677eba4e884654d4013d26de,63e16af2b97728a7e7b17b7a,RETURNED,Not Applicable,2025-01-08T17:50:24.791000Z,,,2025-01-23T16:28:46.325603Z,,,97,CONSENT_REVOKED,CONSENT_REVOKED,CONSENT_REVOKED,CONSENT_REVOKED,CONSENT_REVOKED,CONSENT_REVOKED,CONSENT_REVOKED,CONSENT_REVOKED,CONSENT_REVOKED
677eba4fa003e65f8d04b9ca,677246a9548b3a182d5f9a83,RETURNED,Not Applicable,2025-01-08T17:48:29.589000Z,,,2025-01-23T16:28:46.389929Z,,,76,CONSENT_REVOKED,CONSENT_REVOKED,CONSENT_REVOKED,CONSENT_REVOKED,CONSENT_REVOKED,CONSENT_REVOKED,CONSENT_REVOKED,CONSENT_REVOKED,CONSENT_REVOKED
677eba50d466a789d0762c7c,62bb31196b1faed16b34e914,APPROVED,Not Applicable,2025-01-08T17:49:06.819000Z,2025-01-08T17:58:14.513000Z,2025-01-10T20:26:10.127000Z,2025-01-08T17:58:23.156997Z,548.0,75b53a55e8,1006,47,Male,White,United States,United States,United States,English,No,Full-Time
677eba52298f6045b5bd7b6a,6019e00ed94edf15326f30f3,APPROVED,Not Applicable,2025-01-08T17:48:08.690000Z,2025-01-08T17:55:58.911000Z,2025-01-10T20:26:10.381000Z,2025-01-08T17:56:03.730682Z,471.0,75b53a55e8,2332,52,Female,Asian,United States,United States,United States,English,No,Full-Time
677eba52c02dc1a6eb1920f8,592f09f14217c40001a76e8e,APPROVED,Not Applicable,2025-01-08T17:48:08.359000Z,2025-01-08T17:55:38.716000Z,2025-01-10T20:26:10.616000Z,2025-01-08T17:55:41.270593Z,451.0,75b53a55e8,4353,46,Male,White,United States,United States,United States,English,No,Full-Time
677eba55f55f63a2f082e3cc,6682a107f568ce4c42a5e81a,APPROVED,Not Applicable,2025-01-08T17:48:08.955000Z,2025-01-08T17:53:00.147000Z,2025-01-10T20:26:10.894000Z,2025-01-08T17:53:00.844997Z,292.0,75b53a55e8,396,29,Female,White,United States,United States,United States,English,DATA_EXPIRED,DATA_EXPIRED
677eba566e5c69e32cf8d1f6,6771a1e6f40f232b5c3131a4,RETURNED,Not Applicable,2025-01-08T17:48:27.474000Z,,,2025-01-23T16:28:46.378981Z,,,40,CONSENT_REVOKED,CONSENT_REVOKED,CONSENT_REVOKED,CONSENT_REVOKED,CONSENT_REVOKED,CONSENT_REVOKED,CONSENT_REVOKED,CONSENT_REVOKED,CONSENT_REVOKED
677eba580205c2f102334e07,673bacc08fd79093b9382cb4,RETURNED,Not Applicable,2025-01-08T17:51:53.225000Z,2025-01-08T18:06:56.616000Z,,2025-01-23T16:28:46.370923Z,,75b53a55e8,208,CONSENT_REVOKED,CONSENT_REVOKED,CONSENT_REVOKED,CONSENT_REVOKED,CONSENT_REVOKED,CONSENT_REVOKED,CONSENT_REVOKED,CONSENT_REVOKED,CONSENT_REVOKED
677eba5875744b6891b6a52f,65cc5084db71dfd3472d5e97,RETURNED,Not Applicable,2025-01-08T17:48:16.098000Z,,,2025-01-23T16:28:46.414650Z,,,5,CONSENT_REVOKED,CONSENT_REVOKED,CONSENT_REVOKED,CONSENT_REVOKED,CONSENT_REVOKED,CONSENT_REVOKED,CONSENT_REVOKED,CONSENT_REVOKED,CONSENT_REVOKED
677eba5d883ea9feaf08c21c,59a0c7ab9b845f0001ec1c8c,APPROVED,Not Applicable,2025-01-08T17:48:28.122000Z,2025-01-08T18:23:01.125000Z,2025-01-10T20:26:11.168000Z,2025-01-08T18:23:01.859189Z,2074.0,75b53a55e8,20,45,Female,White,United States,United States,United States,English,No,Part-Time
677eba5e028dcdbf13d7f465,677660e7d7e8e39f46227a83,APPROVED,Not Applicable,2025-01-08T17:48:22.957000Z,2025-01-08T18:05:03.320000Z,2025-01-10T20:26:11.412000Z,2025-01-08T18:05:04.445312Z,1001.0,75b53a55e8,5,25,Male,Mixed,Ghana,United States,United States,English,DATA_EXPIRED,DATA_EXPIRED
677eba5f3e4781e47ee8b134,670ac5264d8ff92cdfeb5c1e,APPROVED,Not Applicable,2025-01-08T17:48:57.674000Z,2025-01-08T17:58:35.464000Z,2025-01-10T20:26:11.691000Z,2025-01-08T17:58:40.560693Z,578.0,75b53a55e8,269,40,Female,White,United States,United States,United States,English,No,Full-Time
677eba60b1868d8b7b21bc44,63d15d3dd6cacf7e94f8c0b1,APPROVED,Not Applicable,2025-01-08T17:48:21.477000Z,2025-01-08T18:01:12.409000Z,2025-01-10T20:26:11.999000Z,2025-01-08T18:01:13.240256Z,771.0,75b53a55e8,1496,42,Male,White,United States,United States,United States,English,No,Full-Time
677eba612771fa74cb2efe78,599fe704c9281e0001c1b8fe,APPROVED,Not Applicable,2025-01-08T17:48:26.198000Z,2025-01-08T18:02:59.224000Z,2025-01-10T20:26:12.339000Z,2025-01-08T18:02:59.820760Z,874.0,75b53a55e8,16,40,Female,White,United States,United States,United States,English,No,DATA_EXPIRED
677eba61592596c91926d5f6,643d681fb11898ee6b771ccf,RETURNED,Not Applicable,2025-01-08T17:48:20.998000Z,,,2025-01-23T16:28:46.384889Z,,,4438,CONSENT_REVOKED,CONSENT_REVOKED,CONSENT_REVOKED,CONSENT_REVOKED,CONSENT_REVOKED,CONSENT_REVOKED,CONSENT_REVOKED,CONSENT_REVOKED,CONSENT_REVOKED
677eba635f21307667da1df4,676d84858626178add0fc70a,RETURNED,Not Applicable,2025-01-08T17:58:19.027000Z,,,2025-01-23T16:28:46.398740Z,,,93,CONSENT_REVOKED,CONSENT_REVOKED,CONSENT_REVOKED,CONSENT_REVOKED,CONSENT_REVOKED,CONSENT_REVOKED,CONSENT_REVOKED,CONSENT_REVOKED,CONSENT_REVOKED
677eba63d28927c860ce1f3b,5a8b3fa3b093f80001a80576,APPROVED,Not Applicable,2025-01-08T17:48:27.408000Z,2025-01-08T17:52:51.991000Z,2025-01-10T20:26:12.735000Z,2025-01-08T17:52:52.685526Z,265.0,75b53a55e8,2411,35,Male,White,United States,United States,United States,English,No,Unemployed (and job seeking)
677eba672175c4f3c0752d92,668ec75042d29bd6e39f4a16,APPROVED,Not Applicable,2025-01-08T17:48:29.321000Z,2025-01-08T17:56:52.686000Z,2025-01-10T20:26:13.106000Z,2025-01-08T17:56:58.982001Z,504.0,75b53a55e8,353,19,Male,White,United States,United States,United States,English,Yes,Other
677eba681212d9959c08c18e,675c331bf20721254c470221,APPROVED,Not Applicable,2025-01-08T17:48:32.160000Z,2025-01-08T18:14:16.662000Z,2025-01-10T20:26:13.454000Z,2025-01-08T18:14:17.275814Z,1545.0,75b53a55e8,75,21,Male,Black,Ghana,United States,United States,English,Yes,Part-Time
677eba692d79bdf5ca293de6,66d61265b9217d0c311bc1b6,APPROVED,Not Applicable,2025-01-08T17:48:32.606000Z,2025-01-08T17:53:35.379000Z,2025-01-10T20:26:13.804000Z,2025-01-08T17:53:36.166730Z,303.0,75b53a55e8,61,33,Male,White,United States,United States,United States,English,No,Full-Time
677eba6af8b9e4157204b97e,676ecb8f7d2dca1194ef7122,APPROVED,Not Applicable,2025-01-08T17:48:46.287000Z,2025-01-08T18:01:54.128000Z,2025-01-10T20:26:14.150000Z,2025-01-08T18:01:54.770445Z,788.0,75b53a55e8,11,24,Male,Black,Ghana,United States,United States,English,DATA_EXPIRED,DATA_EXPIRED
677eba6c22b83b96267cb02d,677e24d968a3d85c539fba61,APPROVED,Not Applicable,2025-01-08T17:48:43.764000Z,2025-01-08T18:28:47.292000Z,2025-01-10T20:26:14.469000Z,2025-01-08T18:28:48.203181Z,2404.0,75b53a55e8,3,52,Male,Black,Nigeria,United States,United States,English,No,DATA_EXPIRED
677eba6f028dcdbf13d7f46d,674eb7195d3928c81a81d4a3,RETURNED,Not Applicable,2025-01-08T17:49:16.043000Z,,,2025-01-23T16:28:46.451762Z,,,16,CONSENT_REVOKED,CONSENT_REVOKED,CONSENT_REVOKED,CONSENT_REVOKED,CONSENT_REVOKED,CONSENT_REVOKED,CONSENT_REVOKED,CONSENT_REVOKED,CONSENT_REVOKED
677eba6fa28682572a19f881,663b7a3b1b519dfad91434f7,RETURNED,Not Applicable,2025-01-08T17:48:39.104000Z,,,2025-01-23T16:28:46.401789Z,,,250,CONSENT_REVOKED,CONSENT_REVOKED,CONSENT_REVOKED,CONSENT_REVOKED,CONSENT_REVOKED,CONSENT_REVOKED,CONSENT_REVOKED,CONSENT_REVOKED,CONSENT_REVOKED
677eba700772a0a477c2c605,674dd9ec044cab2778ab680f,RETURNED,Not Applicable,2025-01-08T17:48:37.410000Z,,,2025-01-23T16:28:46.376811Z,,,176,CONSENT_REVOKED,CONSENT_REVOKED,CONSENT_REVOKED,CONSENT_REVOKED,CONSENT_REVOKED,CONSENT_REVOKED,CONSENT_REVOKED,CONSENT_REVOKED,CONSENT_REVOKED
677eba708981a470c4193834,675f11bb8445b9b0c93359cd,RETURNED,Not Applicable,2025-01-08T17:48:44.796000Z,,,2025-01-23T16:28:46.418717Z,,,128,CONSENT_REVOKED,CONSENT_REVOKED,CONSENT_REVOKED,CONSENT_REVOKED,CONSENT_REVOKED,CONSENT_REVOKED,CONSENT_REVOKED,CONSENT_REVOKED,CONSENT_REVOKED
677eba71006446184c4e841e,66a831d910e0a2b141015591,APPROVED,Not Applicable,2025-01-08T17:48:44.663000Z,2025-01-08T18:04:32.226000Z,2025-01-10T20:26:14.709000Z,2025-01-08T18:04:34.013594Z,948.0,75b53a55e8,630,54,Female,Black,United States,United States,United States,English,No,DATA_EXPIRED
677eba71c0f78f4336d54b72,6699b3507af8f74dad172581,APPROVED,Not Applicable,2025-01-08T17:48:41.293000Z,2025-01-08T17:58:32.261000Z,2025-01-10T20:26:14.978000Z,2025-01-08T17:58:36.433495Z,591.0,75b53a55e8,508,46,Female,White,United States,United States,United States,English,No,Unemployed (and job seeking)
677eba759832aab97d464466,5a4a865e58be2b000198586d,APPROVED,Not Applicable,2025-01-08T17:48:56.393000Z,2025-01-08T17:56:31.008000Z,2025-01-10T20:26:15.219000Z,2025-01-08T17:56:36.986683Z,455.0,75b53a55e8,1974,26,Male,White,United States,United States,United States,English,No,DATA_EXPIRED
677eba76d5a598a914715d60,677eb355aadb5d393cf8f68f,APPROVED,Not Applicable,2025-01-08T17:48:50.172000Z,2025-01-08T17:53:32.973000Z,2025-01-10T20:26:15.450000Z,2025-01-08T17:53:33.615356Z,283.0,75b53a55e8,1,23,Male,White,United States,United States,United States,English,No,DATA_EXPIRED
677eba7737a3e8cb4c3390b9,6766ec2250709393a7cdbef4,RETURNED,Not Applicable,2025-01-08T17:48:45.515000Z,,,2025-01-23T16:28:46.358200Z,,,49,CONSENT_REVOKED,CONSENT_REVOKED,CONSENT_REVOKED,CONSENT_REVOKED,CONSENT_REVOKED,CONSENT_REVOKED,CONSENT_REVOKED,CONSENT_REVOKED,CONSENT_REVOKED
677eba77883ea9feaf08c225,66f8653b5a887ed81fe0528b,RETURNED,Not Applicable,2025-01-08T17:50:29.171000Z,,,2025-01-23T16:28:46.417252Z,,,405,CONSENT_REVOKED,CONSENT_REVOKED,CONSENT_REVOKED,CONSENT_REVOKED,CONSENT_REVOKED,CONSENT_REVOKED,CONSENT_REVOKED,CONSENT_REVOKED,CONSENT_REVOKED
677eba7f369e2918471f4558,62f26bd83a224b27ea4aae5d,RETURNED,Not Applicable,2025-01-08T17:48:53.166000Z,,,2025-01-23T16:28:46.507071Z,,,3236,CONSENT_REVOKED,CONSENT_REVOKED,CONSENT_REVOKED,CONSENT_REVOKED,CONSENT_REVOKED,CONSENT_REVOKED,CONSENT_REVOKED,CONSENT_REVOKED,CONSENT_REVOKED
677eba80174e825d441e1659,66b29e129fbaa65b69e26058,APPROVED,Not Applicable,2025-01-08T17:48:57.498000Z,2025-01-08T17:52:40.085000Z,2025-01-10T20:26:15.723000Z,2025-01-08T17:52:40.682107Z,223.0,75b53a55e8,357,21,Female,Asian,United States,United States,United States,English,Yes,"Not in paid work (e.g. homemaker', 'retired or disabled)"
677eba8088569e8ffcad601d,653d32174ec97b1bb7fd314b,APPROVED,Not Applicable,2025-01-08T17:48:55.129000Z,2025-01-08T18:19:15.217000Z,2025-01-10T20:26:16.333000Z,2025-01-08T18:19:15.819312Z,1821.0,75b53a55e8,581,24,Male,Mixed,United States,United States,United States,English,No,Full-Time
677eba8308ab072d4b61d112,672658dbfc7d27cee21d040c,APPROVED,Not Applicable,2025-01-08T17:48:57.482000Z,2025-01-08T18:02:17.980000Z,2025-01-10T20:26:16.642000Z,2025-01-08T18:02:18.575817Z,801.0,75b53a55e8,330,48,Female,White,Romania,United States,United States,English,No,Full-Time
677eba8339f6f7a031645802,630e641cdf91fa661bdba50d,APPROVED,Not Applicable,2025-01-08T17:49:02.677000Z,2025-01-08T17:53:56.588000Z,2025-01-10T20:26:16.932000Z,2025-01-08T17:53:57.421210Z,294.0,75b53a55e8,359,38,Male,White,DATA_EXPIRED,United States,United States,English,DATA_EXPIRED,DATA_EXPIRED
677eba8418e77594a861cddb,66b6ab1075094b4e3a7ab876,APPROVED,Not Applicable,2025-01-08T17:56:50.737000Z,2025-01-08T18:07:07.353000Z,2025-01-10T20:26:17.241000Z,2025-01-08T18:08:15.537714Z,617.0,75b53a55e8,233,20,Male,White,United States,United States,United States,English,No,DATA_EXPIRED
677eba8e29e1166620186a9b,5c2e2fa00b8ad80001aebf07,RETURNED,Not Applicable,2025-01-08T17:58:09.215000Z,,,2025-01-23T16:28:46.531478Z,,,4213,CONSENT_REVOKED,CONSENT_REVOKED,CONSENT_REVOKED,CONSENT_REVOKED,CONSENT_REVOKED,CONSENT_REVOKED,CONSENT_REVOKED,CONSENT_REVOKED,CONSENT_REVOKED
677eba8fe9cf9acff938e958,676bd079c93435020ef02e32,RETURNED,Not Applicable,2025-01-08T17:59:03.711000Z,,,2025-01-23T16:28:46.434718Z,,,76,CONSENT_REVOKED,CONSENT_REVOKED,CONSENT_REVOKED,CONSENT_REVOKED,CONSENT_REVOKED,CONSENT_REVOKED,CONSENT_REVOKED,CONSENT_REVOKED,CONSENT_REVOKED
677eba902f9ca14ac746465b,677807d71ee46a6ac20d4cc4,APPROVED,Not Applicable,2025-01-08T17:49:09.747000Z,2025-01-08T17:57:54.780000Z,2025-01-10T20:26:17.594000Z,2025-01-08T17:58:04.759953Z,526.0,75b53a55e8,13,39,Male,White,United States,United States,United States,English,No,Full-Time
677eba908287bfab9711d785,6728f4e84a1b77fb7fea04bb,RETURNED,Not Applicable,2025-01-08T17:49:09.929000Z,,,2025-01-23T16:28:46.450741Z,,,286,CONSENT_REVOKED,CONSENT_REVOKED,CONSENT_REVOKED,CONSENT_REVOKED,CONSENT_REVOKED,CONSENT_REVOKED,CONSENT_REVOKED,CONSENT_REVOKED,CONSENT_REVOKED
677eba911eba824fb23da14b,5ef1b1bfbc5bc37c8a9ec39d,APPROVED,Not Applicable,2025-01-08T17:49:14.419000Z,2025-01-08T18:05:56.735000Z,2025-01-10T20:26:17.897000Z,2025-01-08T18:08:02.998296Z,1003.0,75b53a55e8,1959,43,Male,White,United States,United States,United States,English,No,Part-Time
677eba938ee829adff44738e,677e88a742793c386a85ec72,RETURNED,Not Applicable,2025-01-08T17:49:18.106000Z,,,2025-01-23T16:28:46.439856Z,,,20,CONSENT_REVOKED,CONSENT_REVOKED,CONSENT_REVOKED,CONSENT_REVOKED,CONSENT_REVOKED,CONSENT_REVOKED,CONSENT_REVOKED,CONSENT_REVOKED,CONSENT_REVOKED
677eba9412723c7e2b752d77,607371afec9eae723cd4b3a1,RETURNED,Not Applicable,2025-01-08T17:49:14.808000Z,,,2025-01-23T16:28:46.428113Z,,,1581,CONSENT_REVOKED,CONSENT_REVOKED,CONSENT_REVOKED,CONSENT_REVOKED,CONSENT_REVOKED,CONSENT_REVOKED,CONSENT_REVOKED,CONSENT_REVOKED,CONSENT_REVOKED
677eba9590c712fe28811348,677003b47fe25105c06e9f15,RETURNED,Not Applicable,2025-01-08T17:50:54.638000Z,,,2025-01-23T16:28:46.478437Z,,,107,CONSENT_REVOKED,CONSENT_REVOKED,CONSENT_REVOKED,CONSENT_REVOKED,CONSENT_REVOKED,CONSENT_REVOKED,CONSENT_REVOKED,CONSENT_REVOKED,CONSENT_REVOKED
677eba9a2a0bc027d8d26466,663e6db831bd67564461bb68,APPROVED,Not Applicable,2025-01-08T17:49:19.736000Z,2025-01-08T17:59:39.095000Z,2025-01-10T20:26:18.162000Z,2025-01-08T17:59:39.707175Z,620.0,75b53a55e8,153,26,Male,White,United States,United States,United States,English,Yes,Part-Time
677eba9bcb32473be195f5c8,66a7baed5dd1e8c23fd77d02,APPROVED,Not Applicable,2025-01-08T17:49:29.690000Z,2025-01-08T17:55:10.134000Z,2025-01-10T20:26:18.402000Z,2025-01-08T17:55:10.756674Z,341.0,75b53a55e8,109,27,Female,White,United States,United States,United States,English,No,Unemployed (and job seeking)
677eba9bdee45f9af915c3df,5dcb5135735496bcb90f7c4c,APPROVED,Not Applicable,2025-01-08T17:49:20.086000Z,2025-01-08T17:56:32.369000Z,2025-01-10T20:26:18.648000Z,2025-01-08T17:56:38.768942Z,433.0,75b53a55e8,1545,52,Male,White,United States,United States,United States,English,No,Unemployed (and job seeking)
677eba9e5322280af28a013b,6635054dfb8caedd407ca84b,APPROVED,Not Applicable,2025-01-08T17:49:28.266000Z,2025-01-08T18:00:54.019000Z,2025-01-10T20:26:18.890000Z,2025-01-08T18:00:58.770115Z,686.0,75b53a55e8,1146,44,Female,Black,United States,United States,United States,English,Yes,Full-Time
677ebaa0645611091db35a40,669ee5224a006aa2bc5eb989,APPROVED,Not Applicable,2025-01-08T17:49:25.361000Z,2025-01-08T17:59:43.521000Z,2025-01-10T20:26:19.140000Z,2025-01-08T18:00:00.258418Z,619.0,75b53a55e8,497,44,Female,White,United States,United States,United States,English,No,Part-Time
677ebaa1f492090a1829de59,6581f44ccab6abf2c79a43fd,APPROVED,Not Applicable,2025-01-08T17:49:38.378000Z,2025-01-08T18:07:17.832000Z,2025-01-10T20:26:19.421000Z,2025-01-08T18:08:17.032139Z,1060.0,75b53a55e8,468,39,Female,Mixed,United States,United States,United States,English,No,Full-Time
677ebaa4dffc85ff65ad47f7,605f61f6a2529d666698844b,APPROVED,Not Applicable,2025-01-08T17:49:32.188000Z,2025-01-08T17:59:48.631000Z,2025-01-10T20:26:19.728000Z,2025-01-08T18:00:02.221006Z,617.0,75b53a55e8,3956,61,Female,White,United States,United States,Italy,English,No,Full-Time
677ebaa4e3178ca2cb64573b,59603d41604aac0001210da1,APPROVED,Not Applicable,2025-01-08T17:49:32.308000Z,2025-01-08T17:56:11.215000Z,2025-01-10T20:26:20.023000Z,2025-01-08T17:56:13.895181Z,399.0,75b53a55e8,672,32,Female,White,United States,United States,United States,English,No,Unemployed (and job seeking)
677ebaaa08ab072d4b61d11e,669fb915167d6c4b8e71dbfb,APPROVED,Not Applicable,2025-01-08T17:49:36.828000Z,2025-01-08T18:13:03.733000Z,2025-01-10T20:26:20.320000Z,2025-01-08T18:13:04.347007Z,1407.0,75b53a55e8,596,43,Female,Black,United States,United States,United States,English,DATA_EXPIRED,DATA_EXPIRED
677ebaab2a0bc027d8d2646f,66b52ee2307a325d8d68fe68,APPROVED,Not Applicable,2025-01-08T17:49:49.307000Z,2025-01-08T17:59:01.266000Z,2025-01-10T20:26:20.630000Z,2025-01-08T17:59:02.698818Z,552.0,75b53a55e8.,206,21,Male,Black,United States,United States,United States,English,Yes,Part-Time
677ebaaf4aede7a50afc0846,5ba10ee370181f00014992fa,APPROVED,Not Applicable,2025-01-08T17:51:20.331000Z,2025-01-08T18:00:11.466000Z,2025-01-10T20:26:20.949000Z,2025-01-08T18:00:12.024601Z,532.0,75b53a55e8.,5205,45,Female,White,United States,United States,United States,English,DATA_EXPIRED,Part-Time
677ebab4b9c0b8882c293e62,6679909cfcc8fd38d0f47381,RETURNED,Not Applicable,2025-01-08T17:49:58.626000Z,,,2025-01-23T16:28:46.450097Z,,,399,CONSENT_REVOKED,CONSENT_REVOKED,CONSENT_REVOKED,CONSENT_REVOKED,CONSENT_REVOKED,CONSENT_REVOKED,CONSENT_REVOKED,CONSENT_REVOKED,CONSENT_REVOKED
677ebab612723c7e2b752d84,5f1dea279f4818757f07f087,APPROVED,Not Applicable,2025-01-08T17:49:50.798000Z,2025-01-08T18:06:34.835000Z,2025-01-10T20:26:21.246000Z,2025-01-08T18:08:09.828256Z,1005.0,75b53a55e8,7210,62,Female,Black,United States,United States,United States,English,No,"Not in paid work (e.g. homemaker', 'retired or disabled)"
677ebab74f666dd870c586a2,605380e706df2f26164b0ba2,APPROVED,Not Applicable,2025-01-08T17:49:52.713000Z,2025-01-08T18:03:55.102000Z,2025-01-10T20:26:21.532000Z,2025-01-08T18:03:56.085229Z,843.0,75b53a55e8,1537,36,Female,White,United States,United States,United States,English,No,DATA_EXPIRED
677ebabcd1240e868d08eff0,5e3b0c66658b4d3186ee9c7a,APPROVED,Not Applicable,2025-01-08T17:49:52.475000Z,2025-01-08T17:58:15.870000Z,2025-01-10T20:26:21.823000Z,2025-01-08T17:58:24.514085Z,504.0,75b53a55e8,174,35,Male,White,United States,United States,United States,English,DATA_EXPIRED,DATA_EXPIRED
677ebabd209ea29d6a7a1d48,669fe153448a8b15cf4b12e2,RETURNED,Not Applicable,2025-01-08T17:49:54.302000Z,,,2025-01-23T16:28:46.494434Z,,,909,CONSENT_REVOKED,CONSENT_REVOKED,CONSENT_REVOKED,CONSENT_REVOKED,CONSENT_REVOKED,CONSENT_REVOKED,CONSENT_REVOKED,CONSENT_REVOKED,CONSENT_REVOKED
677ebabd90c712fe28811359,60fccf0b5b812c75042a6fd7,APPROVED,Not Applicable,2025-01-08T17:49:57.581000Z,2025-01-08T17:56:20.061000Z,2025-01-10T20:26:22.126000Z,2025-01-08T17:56:24.482392Z,383.0,75b53a55e8,233,24,Female,Other,United States,United States,United States,Spanish,No,DATA_EXPIRED
677ebac0028dcdbf13d7f482,6730385f33ed29d2376e749c,APPROVED,Not Applicable,2025-01-08T17:49:57.136000Z,2025-01-08T17:57:17.176000Z,2025-01-10T20:26:22.432000Z,2025-01-08T17:57:22.702059Z,441.0,75b53a55e8,169,30,Male,White,United States,United States,United States,English,No,DATA_EXPIRED
677ebac1022adad9ac0375b2,676b5ff830b74352d9eb0482,RETURNED,Not Applicable,2025-01-08T17:51:17.957000Z,,,2025-01-23T16:28:46.409252Z,,,86,CONSENT_REVOKED,CONSENT_REVOKED,CONSENT_REVOKED,CONSENT_REVOKED,CONSENT_REVOKED,CONSENT_REVOKED,CONSENT_REVOKED,CONSENT_REVOKED,CONSENT_REVOKED
677ebac4515bb4ee59549e59,6711ee336b91eb0fcf53841f,RETURNED,Not Applicable,2025-01-08T17:50:12.336000Z,,,2025-01-23T16:28:46.459407Z,,,572,CONSENT_REVOKED,CONSENT_REVOKED,CONSENT_REVOKED,CONSENT_REVOKED,CONSENT_REVOKED,CONSENT_REVOKED,CONSENT_REVOKED,CONSENT_REVOKED,CONSENT_REVOKED
677ebacdc97d3371bde5ff97,64f9db6943940e98c173b596,RETURNED,Not Applicable,2025-01-08T17:51:17.207000Z,,,2025-01-23T16:28:46.510642Z,,,1456,CONSENT_REVOKED,CONSENT_REVOKED,CONSENT_REVOKED,CONSENT_REVOKED,CONSENT_REVOKED,CONSENT_REVOKED,CONSENT_REVOKED,CONSENT_REVOKED,CONSENT_REVOKED
677ebad078e573e9e8b9f21b,63f82a4ff43ec144ca3622a8,APPROVED,Not Applicable,2025-01-08T17:50:29.776000Z,2025-01-08T18:00:55.281000Z,2025-01-10T20:26:22.761000Z,2025-01-08T18:00:56.216305Z,626.0,75b53a55e8,3639,42,Male,Black,DATA_EXPIRED,United States,United States,English,DATA_EXPIRED,DATA_EXPIRED
677ebad2b7349fea16c558b7,5d16dd58686b190015ea4466,APPROVED,Not Applicable,2025-01-08T17:50:13.748000Z,2025-01-08T18:13:36.807000Z,2025-01-10T20:26:57.555000Z,2025-01-08T18:13:37.482808Z,1404.0,75b53a55e8,1196,29,Male,Black,United States,United States,United States,English,Yes,DATA_EXPIRED
677ebad3fa19b4b01821bd47,6319a120a5bdba85483bf97f,APPROVED,Not Applicable,2025-01-08T17:50:15.882000Z,2025-01-08T17:57:05.311000Z,2025-01-10T20:26:57.967000Z,2025-01-08T17:57:11.547557Z,410.0,75b53a55e8,79,20,Male,White,United States,United States,United States,English,DATA_EXPIRED,DATA_EXPIRED
677ebad8c61b0635517249c2,66ec4adbeb5602188fdf76f4,RETURNED,Not Applicable,2025-01-08T17:51:10.878000Z,,,2025-01-23T16:28:46.467744Z,,,465,CONSENT_REVOKED,CONSENT_REVOKED,CONSENT_REVOKED,CONSENT_REVOKED,CONSENT_REVOKED,CONSENT_REVOKED,CONSENT_REVOKED,CONSENT_REVOKED,CONSENT_REVOKED
677ebade6f404ecb80de84ab,675ae49118327054fb0483ee,RETURNED,Not Applicable,2025-01-08T17:50:29.790000Z,,,2025-01-23T16:28:46.480370Z,,,133,CONSENT_REVOKED,CONSENT_REVOKED,CONSENT_REVOKED,CONSENT_REVOKED,CONSENT_REVOKED,CONSENT_REVOKED,CONSENT_REVOKED,CONSENT_REVOKED,CONSENT_REVOKED
677ebae0fb3016e62f8f6272,631b883c9a6d6722114a6eed,RETURNED,Not Applicable,2025-01-08T17:50:29.939000Z,,,2025-01-23T16:28:46.468292Z,,,644,CONSENT_REVOKED,CONSENT_REVOKED,CONSENT_REVOKED,CONSENT_REVOKED,CONSENT_REVOKED,CONSENT_REVOKED,CONSENT_REVOKED,CONSENT_REVOKED,CONSENT_REVOKED
677ebae1696ee5f269248f10,662a9424413abe279fda0f42,RETURNED,Not Applicable,2025-01-08T17:52:10.383000Z,,,2025-01-23T16:28:46.489275Z,,,1092,CONSENT_REVOKED,CONSENT_REVOKED,CONSENT_REVOKED,CONSENT_REVOKED,CONSENT_REVOKED,CONSENT_REVOKED,CONSENT_REVOKED,CONSENT_REVOKED,CONSENT_REVOKED
677ebae83e04fda87cf76082,671c6388e7f3a0500d64bf30,RETURNED,Not Applicable,2025-01-08T17:50:40.024000Z,,,2025-01-23T16:28:46.517862Z,,,282,CONSENT_REVOKED,CONSENT_REVOKED,CONSENT_REVOKED,CONSENT_REVOKED,CONSENT_REVOKED,CONSENT_REVOKED,CONSENT_REVOKED,CONSENT_REVOKED,CONSENT_REVOKED
677ebae96e5c69e32cf8d228,677bcddf093960435a9300e7,RETURNED,Not Applicable,2025-01-08T17:50:44.106000Z,,,2025-01-23T16:28:46.500716Z,,,21,CONSENT_REVOKED,CONSENT_REVOKED,CONSENT_REVOKED,CONSENT_REVOKED,CONSENT_REVOKED,CONSENT_REVOKED,CONSENT_REVOKED,CONSENT_REVOKED,CONSENT_REVOKED
677ebae972ca3ae7495fb0fe,6735eecb06506b304430f534,APPROVED,Not Applicable,2025-01-08T17:50:58.657000Z,2025-01-08T18:13:47.431000Z,2025-01-10T20:26:58.241000Z,2025-01-08T18:13:48.164876Z,1369.0,75b53a55e8,11,49,Female,Black,United States,United States,United States,English,No,DATA_EXPIRED
677ebae9b6c6fced6f715df2,677ba9991fd7d015b60b4c8d,RETURNED,Not Applicable,2025-01-08T17:51:00.043000Z,,,2025-01-23T16:28:46.475089Z,,,4,CONSENT_REVOKED,CONSENT_REVOKED,CONSENT_REVOKED,CONSENT_REVOKED,CONSENT_REVOKED,CONSENT_REVOKED,CONSENT_REVOKED,CONSENT_REVOKED,CONSENT_REVOKED
677ebaec60580fe50eff236d,67714acf159f012f681f32f2,RETURNED,Not Applicable,2025-01-08T17:50:45.279000Z,,,2025-01-23T16:28:46.470930Z,,,66,CONSENT_REVOKED,CONSENT_REVOKED,CONSENT_REVOKED,CONSENT_REVOKED,CONSENT_REVOKED,CONSENT_REVOKED,CONSENT_REVOKED,CONSENT_REVOKED,CONSENT_REVOKED
677ebaede1cd86a7f9dc079c,67279fa0368ebc801eb5817a,RETURNED,Not Applicable,2025-01-08T17:50:45.747000Z,,,2025-01-23T16:28:46.493419Z,,,182,CONSENT_REVOKED,CONSENT_REVOKED,CONSENT_REVOKED,CONSENT_REVOKED,CONSENT_REVOKED,CONSENT_REVOKED,CONSENT_REVOKED,CONSENT_REVOKED,CONSENT_REVOKED
677ebaeea003e65f8d04b9fc,6361946867aaa026320f144f,APPROVED,Not Applicable,2025-01-08T17:50:41.125000Z,2025-01-08T17:55:01.554000Z,2025-01-10T20:26:58.667000Z,2025-01-08T17:55:02.160177Z,261.0,75b53a55e8,1184,36,Male,White,United States,United States,United States,English,No,Full-Time
677ebaef10227a4dfcb9dd36,671aac78fe2a45db746d3d5f,RETURNED,Not Applicable,2025-01-08T17:50:46.684000Z,,,2025-01-23T16:28:46.634028Z,,,267,CONSENT_REVOKED,CONSENT_REVOKED,CONSENT_REVOKED,CONSENT_REVOKED,CONSENT_REVOKED,CONSENT_REVOKED,CONSENT_REVOKED,CONSENT_REVOKED,CONSENT_REVOKED
677ebaf26e5c69e32cf8d22f,5be87ae193ca1f00014dae06,APPROVED,Not Applicable,2025-01-08T17:50:49.274000Z,2025-01-08T18:20:15.912000Z,2025-01-10T20:26:58.900000Z,2025-01-08T18:20:18.749963Z,1767.0,75b53a55e8,4779,48,Male,White,United States,United States,United States,English,No,Full-Time
677ebaf5aadb5d393cf8f85b,5df12d8b53e84603acbf5319,APPROVED,Not Applicable,2025-01-08T17:52:26.578000Z,2025-01-08T17:59:52.322000Z,2025-01-10T20:26:59.151000Z,2025-01-08T18:00:03.031360Z,446.0,75b53a55e8,5590,23,Female,White,United States,United States,United States,English,No,Other
677ebaf5c0d57509a0de840f,674f3f4ced98ee521e3fb5ff,RETURNED,Not Applicable,2025-01-08T17:50:50.307000Z,,,2025-01-23T16:28:46.483215Z,,,71,CONSENT_REVOKED,CONSENT_REVOKED,CONSENT_REVOKED,CONSENT_REVOKED,CONSENT_REVOKED,CONSENT_REVOKED,CONSENT_REVOKED,CONSENT_REVOKED,CONSENT_REVOKED
677ebaf653bc4d72abb5aacc,66506102c88d9e801985e8b5,RETURNED,Not Applicable,2025-01-08T18:00:40.522000Z,,,2025-01-23T16:28:46.562876Z,,,1181,CONSENT_REVOKED,CONSENT_REVOKED,CONSENT_REVOKED,CONSENT_REVOKED,CONSENT_REVOKED,CONSENT_REVOKED,CONSENT_REVOKED,CONSENT_REVOKED,CONSENT_REVOKED
677ebaf747fc81394da30efb,665f1309c64c2a4f4ea7bb91,APPROVED,Not Applicable,2025-01-08T17:50:53.873000Z,2025-01-08T17:59:17.110000Z,2025-01-10T20:26:59.369000Z,2025-01-08T17:59:18.053053Z,504.0,75b53a55e8,897,26,Female,White,United States,United States,United States,English,No,"Not in paid work (e.g. homemaker', 'retired or disabled)"
677ebaf95982e67b31006ef8,633266bf68544440fd064f94,APPROVED,Not Applicable,2025-01-08T17:51:24.069000Z,2025-01-08T18:08:54.327000Z,2025-01-10T20:26:59.619000Z,2025-01-08T18:08:55.141039Z,1051.0,75b53a55e8,1641,37,Male,Black,United States,United States,United States,English,No,Full-Time
677ebb036e5c69e32cf8d233,664d1b9b1121d570eb3f81a6,TIMED-OUT,Not Applicable,2025-01-08T17:53:15.438000Z,,,2025-01-23T16:28:46.505247Z,1290932.0,,119,32,Male,Asian,DATA_EXPIRED,United States,United States,Chinese,Yes,DATA_EXPIRED
677ebb0632ee098ae7e62501,6151cc958642dcba8d46f1ac,APPROVED,Not Applicable,2025-01-08T17:51:10.084000Z,2025-01-08T18:01:05.577000Z,2025-01-10T20:27:00.374000Z,2025-01-08T18:01:06.483883Z,596.0,75b53a55e8,614,47,Male,White,United States,United States,United States,English,No,Full-Time
677ebb08bddda41006a3a398,6743ab932df5504fb810d1cd,APPROVED,Not Applicable,2025-01-08T17:51:13.670000Z,2025-01-08T18:02:17.139000Z,2025-01-10T20:27:00.638000Z,2025-01-08T18:02:17.645694Z,664.0,75b53a55e8,218,27,Male,White,United States,United States,United States,English,No,DATA_EXPIRED
677ebb0902e9c6dffda31016,66514573b9a70d7b816ef18f,APPROVED,Not Applicable,2025-01-08T17:52:33.095000Z,2025-01-08T17:58:27.472000Z,2025-01-10T20:27:00.881000Z,2025-01-08T17:58:31.889148Z,355.0,75b53a55e8,1351,49,Female,White,United States,United States,United States,English,DATA_EXPIRED,Full-Time
677ebb0a369e2918471f457f,663e40045a25750e24268b32,RETURNED,Not Applicable,2025-01-08T17:51:22.542000Z,,,2025-01-23T16:28:46.630487Z,,,1203,CONSENT_REVOKED,CONSENT_REVOKED,CONSENT_REVOKED,CONSENT_REVOKED,CONSENT_REVOKED,CONSENT_REVOKED,CONSENT_REVOKED,CONSENT_REVOKED,CONSENT_REVOKED
677ebb11c0d57509a0de8418,65e5ec7c5cc8e775d79139b5,APPROVED,Not Applicable,2025-01-08T17:51:20.102000Z,2025-01-08T18:06:54.220000Z,2025-01-10T20:27:01.152000Z,2025-01-08T18:08:13.193604Z,935.0,75b53a55e8,1568,47,Female,White,United States,United States,United States,English,No,Part-Time
677ebb13dcee10c2f02a0686,56a3d5d751212a000c64c299,APPROVED,Not Applicable,2025-01-08T17:51:33.442000Z,2025-01-08T18:02:05.084000Z,2025-01-10T20:27:01.382000Z,2025-01-08T18:02:05.854356Z,632.0,75b53a55e8,434,36,Male,White,United States,United States,United States,English,DATA_EXPIRED,DATA_EXPIRED
677ebb1529d3de40e081327b,603202f68083d81c26b50318,RETURNED,Not Applicable,2025-01-08T17:51:30.873000Z,,,2025-01-23T16:28:46.663770Z,,,7239,CONSENT_REVOKED,CONSENT_REVOKED,CONSENT_REVOKED,CONSENT_REVOKED,CONSENT_REVOKED,CONSENT_REVOKED,CONSENT_REVOKED,CONSENT_REVOKED,CONSENT_REVOKED
677ebb17b8362a15598d0584,568e7144e3ef9e000da20149,RETURNED,Not Applicable,2025-01-08T17:51:29.685000Z,,,2025-01-23T16:28:46.549274Z,,,6463,CONSENT_REVOKED,CONSENT_REVOKED,CONSENT_REVOKED,CONSENT_REVOKED,CONSENT_REVOKED,CONSENT_REVOKED,CONSENT_REVOKED,CONSENT_REVOKED,CONSENT_REVOKED
677ebb18291387df7fcf3706,5beca802fcb5fe0001259b62,APPROVED,Not Applicable,2025-01-08T17:51:31.432000Z,2025-01-08T17:59:08.664000Z,2025-01-10T20:27:01.628000Z,2025-01-08T17:59:09.367544Z,458.0,75b53a55e8,3262,32,Female,White,United States,United States,United States,English,DATA_EXPIRED,DATA_EXPIRED
677ebb1968563c6e007ceb4d,66371cc4de71aac65b5f1980,APPROVED,Not Applicable,2025-01-08T17:52:18.433000Z,2025-01-08T18:01:35.642000Z,2025-01-10T20:27:02.049000Z,2025-01-08T18:01:36.845726Z,558.0,75b53a55e8,567,41,Female,White,United States,United States,United States,English,No,Part-Time
677ebb1ccb32473be195f5ee,66644b493ad8e4efaadd70ef,RETURNED,Not Applicable,2025-01-08T18:02:00.059000Z,,,2025-01-23T16:28:46.566028Z,,,654,CONSENT_REVOKED,CONSENT_REVOKED,CONSENT_REVOKED,CONSENT_REVOKED,CONSENT_REVOKED,CONSENT_REVOKED,CONSENT_REVOKED,CONSENT_REVOKED,CONSENT_REVOKED
677ebb1ce77958c076ff6467,66f0960234d7c1b04491c70b,APPROVED,Not Applicable,2025-01-08T17:51:29.330000Z,2025-01-08T18:00:40.939000Z,2025-01-10T20:27:02.311000Z,2025-01-08T18:00:41.598820Z,552.0,75b53a55e8,493,45,Male,White,United States,United States,United States,English,No,Full-Time
677ebb21fd20e2ff27dbbe28,5f358e731ac47958a6253a1d,RETURNED,Not Applicable,2025-01-08T17:51:33.835000Z,,,2025-01-23T16:28:46.577830Z,,,184,CONSENT_REVOKED,CONSENT_REVOKED,CONSENT_REVOKED,CONSENT_REVOKED,CONSENT_REVOKED,CONSENT_REVOKED,CONSENT_REVOKED,CONSENT_REVOKED,CONSENT_REVOKED
677ebb2708ab072d4b61d139,62728a0a9af43a4421bcbcfa,APPROVED,Not Applicable,2025-01-08T17:51:48.029000Z,2025-01-08T18:00:47.027000Z,2025-01-10T20:27:02.565000Z,2025-01-08T18:00:47.769149Z,539.0,75b53a55e8,3376,45,Male,White,United States,United States,United States,English,DATA_EXPIRED,DATA_EXPIRED
677ebb287b60aaa6e3c22553,5ee11eb5636ea94d3ad43e3b,APPROVED,Not Applicable,2025-01-08T17:51:44.765000Z,2025-01-08T18:03:35.557000Z,2025-01-10T20:27:02.817000Z,2025-01-08T18:03:36.141695Z,711.0,75b53a55e8,5147,43,Male,White,United States,United States,United States,English,No,Full-Time
677ebb28cb32473be195f5f2,67780a0e3d8d2cd47bdf4ed9,APPROVED,Not Applicable,2025-01-08T17:51:45.059000Z,2025-01-08T18:01:45.123000Z,2025-01-10T20:27:03.377000Z,2025-01-08T18:01:45.830869Z,601.0,75b53a55e8,6,61,Male,White,United States,United States,United States,English,No,DATA_EXPIRED
677ebb28fc50de49938b0fa2,66c6433698ea92b7ef15182b,RETURNED,Not Applicable,2025-01-08T17:51:41.233000Z,,,2025-01-23T16:28:46.528168Z,,,1027,CONSENT_REVOKED,CONSENT_REVOKED,CONSENT_REVOKED,CONSENT_REVOKED,CONSENT_REVOKED,CONSENT_REVOKED,CONSENT_REVOKED,CONSENT_REVOKED,CONSENT_REVOKED
677ebb29e3178ca2cb645763,663a7e442f4600c1dc410725,RETURNED,Not Applicable,2025-01-08T18:02:00.059000Z,,,2025-01-23T16:28:46.627026Z,,,952,CONSENT_REVOKED,CONSENT_REVOKED,CONSENT_REVOKED,CONSENT_REVOKED,CONSENT_REVOKED,CONSENT_REVOKED,CONSENT_REVOKED,CONSENT_REVOKED,CONSENT_REVOKED
677ebb2a28e73c39f2949b1f,665f267c82361fbb9f0bc2d9,APPROVED,Not Applicable,2025-01-08T17:51:53.444000Z,2025-01-08T18:01:28.176000Z,2025-01-10T20:27:03.704000Z,2025-01-08T18:01:29.187032Z,575.0,75b53a55e8,677,32,Male,Asian,United States,United States,United States,English,No,Full-Time
677ebb2aac96826b380e34c1,65ddb419cd6dd91fdbe6dbdc,APPROVED,Not Applicable,2025-01-08T17:51:43.733000Z,2025-01-08T18:00:16.043000Z,2025-01-10T20:27:03.989000Z,2025-01-08T18:00:16.826187Z,513.0,75b53a55e8,338,19,Female,White,United States,United States,United States,English,No,Unemployed (and job seeking)
677ebb2b645611091db35a58,616da069522e6b8aa420a603,APPROVED,Not Applicable,2025-01-08T17:52:08.696000Z,2025-01-08T18:02:29.871000Z,2025-01-10T20:27:04.234000Z,2025-01-08T18:02:30.576444Z,622.0,75b53a55e8,1693,53,Female,White,United States,United States,United States,English,No,Full-Time
677ebb33d08c70b352d4a6ac,6661c345c3042dd7cdf93aaa,APPROVED,Not Applicable,2025-01-08T17:51:52.357000Z,2025-01-08T17:55:44.365000Z,2025-01-10T20:27:04.490000Z,2025-01-08T17:55:48.362791Z,233.0,75b53a55e8,138,29,Male,White,United States,United States,United States,English,DATA_EXPIRED,DATA_EXPIRED
677ebb35207f4228bbad4797,675007babc51794491dff255,RETURNED,Not Applicable,2025-01-08T17:52:27.747000Z,,,2025-01-23T16:28:46.582350Z,,,47,CONSENT_REVOKED,CONSENT_REVOKED,CONSENT_REVOKED,CONSENT_REVOKED,CONSENT_REVOKED,CONSENT_REVOKED,CONSENT_REVOKED,CONSENT_REVOKED,CONSENT_REVOKED
677ebb3753bc4d72abb5aad4,65e7f78720de0f0d1cc92cd2,RETURNED,Not Applicable,2025-01-08T17:52:01.475000Z,,,2025-01-23T16:28:46.576761Z,,,1192,CONSENT_REVOKED,CONSENT_REVOKED,CONSENT_REVOKED,CONSENT_REVOKED,CONSENT_REVOKED,CONSENT_REVOKED,CONSENT_REVOKED,CONSENT_REVOKED,CONSENT_REVOKED
677ebb38b8de28d53de0c45f,66b4472e1a33def75e72efab,RETURNED,Not Applicable,2025-01-08T18:01:52.613000Z,,,2025-01-23T16:28:46.597004Z,,,155,CONSENT_REVOKED,CONSENT_REVOKED,CONSENT_REVOKED,CONSENT_REVOKED,CONSENT_REVOKED,CONSENT_REVOKED,CONSENT_REVOKED,CONSENT_REVOKED,CONSENT_REVOKED
677ebb3cbddda41006a3a3a5,5edb09b209cfd076a73c8ed8,APPROVED,Not Applicable,2025-01-08T17:52:00.520000Z,2025-01-08T17:57:43.611000Z,2025-01-10T20:27:04.749000Z,2025-01-08T17:57:52.942418Z,344.0,75b53a55e8,209,27,Male,White,United States,United States,United States,English,No,Part-Time
677ebb3d68563c6e007ceb56,668436a6aea1d1d7e159f7ed,APPROVED,Not Applicable,2025-01-08T17:52:01.947000Z,2025-01-08T18:03:08.097000Z,2025-01-10T20:27:04.979000Z,2025-01-08T18:03:09.520325Z,667.0,75b53a55e8,663,32,Female,DATA_EXPIRED,DATA_EXPIRED,United States,United States,English,DATA_EXPIRED,DATA_EXPIRED
677ebb3e85ba793b3435ef58,6778035f6773adf6ce287910,APPROVED,Not Applicable,2025-01-08T17:52:03.824000Z,2025-01-08T17:59:03.327000Z,2025-01-10T20:27:05.216000Z,2025-01-08T17:59:04.883338Z,420.0,75b53a55e8,7,31,Female,White,United States,United States,United States,English,No,Part-Time
677ebb4020a43c649c724a4c,677bc101f0a2a9b54660a6a4,RETURNED,Not Applicable,2025-01-08T17:52:09.305000Z,,,2025-01-23T16:28:46.620295Z,,,49,CONSENT_REVOKED,CONSENT_REVOKED,CONSENT_REVOKED,CONSENT_REVOKED,CONSENT_REVOKED,CONSENT_REVOKED,CONSENT_REVOKED,CONSENT_REVOKED,CONSENT_REVOKED
677ebb4368563c6e007ceb59,664fc75026476d4429e47c1f,APPROVED,Not Applicable,2025-01-08T17:52:20.553000Z,2025-01-08T18:03:37.111000Z,2025-01-10T20:27:05.452000Z,2025-01-08T18:03:37.696177Z,677.0,75b53a55e8,776,61,Male,White,United States,United States,United States,English,No,DATA_EXPIRED
677ebb43e77958c076ff6473,64776e3beba1085215214ec0,RETURNED,Not Applicable,2025-01-08T17:52:15.260000Z,,,2025-01-23T16:28:46.579512Z,,,3892,CONSENT_REVOKED,CONSENT_REVOKED,CONSENT_REVOKED,CONSENT_REVOKED,CONSENT_REVOKED,CONSENT_REVOKED,CONSENT_REVOKED,CONSENT_REVOKED,CONSENT_REVOKED
677ebb4a91d12d351cc586ec,653be40e7331e59bf42923a6,RETURNED,Not Applicable,2025-01-08T17:52:16.578000Z,,,2025-01-23T16:28:46.656079Z,,,868,CONSENT_REVOKED,CONSENT_REVOKED,CONSENT_REVOKED,CONSENT_REVOKED,CONSENT_REVOKED,CONSENT_REVOKED,CONSENT_REVOKED,CONSENT_REVOKED,CONSENT_REVOKED
677ebb4b696ee5f269248f23,5f83aa68ed5575548c117363,APPROVED,Not Applicable,2025-01-08T17:52:17.769000Z,2025-01-08T18:03:09.707000Z,2025-01-10T20:27:05.684000Z,2025-01-08T18:03:10.292439Z,652.0,75b53a55e8,1043,25,Male,White,United States,United States,United States,English,No,Other
677ebb4d591191dc77d54b98,6547beb459e7f644c638fc49,APPROVED,Not Applicable,2025-01-08T17:52:39.503000Z,2025-01-08T18:00:30.253000Z,2025-01-10T20:27:05.941000Z,2025-01-08T18:00:31.498578Z,471.0,75b53a55e8,141,57,Male,White,United States,United States,United States,English,No,DATA_EXPIRED
677ebb56c24a4fd6bdc77ec0,67744104be9134f4867a0742,RETURNED,Not Applicable,2025-01-08T17:52:27.675000Z,,,2025-01-23T16:28:46.621375Z,,,46,CONSENT_REVOKED,CONSENT_REVOKED,CONSENT_REVOKED,CONSENT_REVOKED,CONSENT_REVOKED,CONSENT_REVOKED,CONSENT_REVOKED,CONSENT_REVOKED,CONSENT_REVOKED
677ebb57c94d074d257caf84,6766df1e766885effb202fb3,RETURNED,Not Applicable,2025-01-08T17:52:46.001000Z,,,2025-01-23T16:28:46.609022Z,,,55,CONSENT_REVOKED,CONSENT_REVOKED,CONSENT_REVOKED,CONSENT_REVOKED,CONSENT_REVOKED,CONSENT_REVOKED,CONSENT_REVOKED,CONSENT_REVOKED,CONSENT_REVOKED
677ebb57e0e560b4fea70645,610c010b707c68e0500f0f27,RETURNED,Not Applicable,2025-01-08T17:52:27.849000Z,,,2025-01-23T16:28:46.658942Z,,,1285,CONSENT_REVOKED,CONSENT_REVOKED,CONSENT_REVOKED,CONSENT_REVOKED,CONSENT_REVOKED,CONSENT_REVOKED,CONSENT_REVOKED,CONSENT_REVOKED,CONSENT_REVOKED
677ebb59cb7f407889f2dbb1,5cdf200b86ce58001a332764,RETURNED,Not Applicable,2025-01-08T17:52:32.475000Z,,,2025-01-23T16:28:46.625468Z,,,114,CONSENT_REVOKED,CONSENT_REVOKED,CONSENT_REVOKED,CONSENT_REVOKED,CONSENT_REVOKED,CONSENT_REVOKED,CONSENT_REVOKED,CONSENT_REVOKED,CONSENT_REVOKED
677ebb5a1a64230eba87c918,569298838d93fe000dfa033c,RETURNED,Not Applicable,2025-01-08T17:52:32.972000Z,,,2025-01-23T16:28:46.620774Z,,,10217,CONSENT_REVOKED,CONSENT_REVOKED,CONSENT_REVOKED,CONSENT_REVOKED,CONSENT_REVOKED,CONSENT_REVOKED,CONSENT_REVOKED,CONSENT_REVOKED,CONSENT_REVOKED
677ebb5ca12f30fc2db7089e,67731d83048e5762685c768e,APPROVED,Not Applicable,2025-01-08T17:52:34.126000Z,2025-01-08T18:01:33.205000Z,2025-01-10T20:27:06.199000Z,2025-01-08T18:01:33.918292Z,540.0,75b53a55e8,14,32,Female,White,United States,United States,United States,English,No,"Not in paid work (e.g. homemaker', 'retired or disabled)"
677ebb5e29e1166620186ac6,677eb3e3626be3088ae0c269,RETURNED,Not Applicable,2025-01-08T17:53:10.251000Z,,,2025-01-23T16:28:46.683091Z,,,3,CONSENT_REVOKED,CONSENT_REVOKED,CONSENT_REVOKED,CONSENT_REVOKED,CONSENT_REVOKED,CONSENT_REVOKED,CONSENT_REVOKED,CONSENT_REVOKED,CONSENT_REVOKED
677ebb630de12a7032bd6385,6767f431e5619579957096d5,RETURNED,Not Applicable,2025-01-08T17:52:47.171000Z,,,2025-01-23T16:28:46.664142Z,,,54,CONSENT_REVOKED,CONSENT_REVOKED,CONSENT_REVOKED,CONSENT_REVOKED,CONSENT_REVOKED,CONSENT_REVOKED,CONSENT_REVOKED,CONSENT_REVOKED,CONSENT_REVOKED
677ebb6629e1166620186ace,668aa757440ee7f82a05b88e,APPROVED,Not Applicable,2025-01-08T18:01:26.591000Z,2025-01-08T18:18:18.219000Z,2025-01-10T20:27:06.445000Z,2025-01-08T18:18:18.877978Z,1012.0,75b53a55e,745,31,Male,Black,Ghana,United States,United States,English,No,DATA_EXPIRED
677ebb6a3e4781e47ee8b17f,651fd111639df862e12e984d,RETURNED,Not Applicable,2025-01-08T17:54:21.951000Z,,,2025-01-23T16:28:46.766898Z,,,1070,CONSENT_REVOKED,CONSENT_REVOKED,CONSENT_REVOKED,CONSENT_REVOKED,CONSENT_REVOKED,CONSENT_REVOKED,CONSENT_REVOKED,CONSENT_REVOKED,CONSENT_REVOKED
677ebb6c9dbb59e5c55191e7,66a06477b60e5f14713a8fa4,APPROVED,Not Applicable,2025-01-08T17:53:01.924000Z,2025-01-08T18:30:41.196000Z,2025-01-10T20:27:06.685000Z,2025-01-08T18:30:41.926574Z,2260.0,75b53a55e8.,529,29,Male,Black,DATA_EXPIRED,United States,United States,English,Yes,Part-Time
677ebb6fa7b09d9cc48b2476,5bca2688526bab000199550a,APPROVED,Not Applicable,2025-01-08T17:58:19.296000Z,2025-01-08T18:12:14.806000Z,2025-01-10T20:27:06.939000Z,2025-01-08T18:12:15.512516Z,836.0,75b53a55e8,2343,38,Female,White,Iraq,United States,United States,DATA_EXPIRED,DATA_EXPIRED,DATA_EXPIRED
677ebb71d1240e868d08f024,673538d6ae24aee832ca8de1,APPROVED,Not Applicable,2025-01-08T18:02:20.190000Z,2025-01-08T18:27:15.677000Z,2025-01-10T20:27:07.196000Z,2025-01-08T18:27:16.286603Z,1496.0,75b53a55e8,106,33,Male,White,United States,United States,United States,English,No,Full-Time
677ebb7318e77594a861ce06,6766dee165ff1cc0f8decea0,APPROVED,Not Applicable,2025-01-08T17:53:00.221000Z,2025-01-08T18:02:43.687000Z,2025-01-10T20:27:07.450000Z,2025-01-08T18:02:44.302772Z,584.0,75b53a55e8,31,26,Female,Black,United States,United States,United States,English,Yes,DATA_EXPIRED
677ebb74626be3088ae0c440,5ea974ce007217052a763022,APPROVED,Not Applicable,2025-01-08T17:52:59.936000Z,2025-01-08T17:57:29.472000Z,2025-01-10T20:27:07.708000Z,2025-01-08T17:57:34.797483Z,270.0,75b53a55e8,3426,38,Female,White,United States,United States,United States,English,No,Full-Time
677ebb75823bd996f72bee23,677d47851a266930ad6ebe78,RETURNED,Not Applicable,2025-01-08T17:53:28.775000Z,,,2025-01-23T16:28:46.596041Z,,,64,CONSENT_REVOKED,CONSENT_REVOKED,CONSENT_REVOKED,CONSENT_REVOKED,CONSENT_REVOKED,CONSENT_REVOKED,CONSENT_REVOKED,CONSENT_REVOKED,CONSENT_REVOKED
677ebb79e024f5c5b6dd9f68,677c42b5833b8a52f6ff514b,APPROVED,Not Applicable,2025-01-08T17:53:01.978000Z,2025-01-08T18:07:52.213000Z,2025-01-10T20:27:07.951000Z,2025-01-08T18:08:21.722922Z,891.0,75b53a55e8,11,24,Male,White,United States,United States,United States,English,No,Full-Time
677ebb7b369e2918471f4599,6764a378bfd2f0b0d9c06e15,RETURNED,Not Applicable,2025-01-08T17:53:08.093000Z,,,2025-01-23T16:28:46.680824Z,,,130,CONSENT_REVOKED,CONSENT_REVOKED,CONSENT_REVOKED,CONSENT_REVOKED,CONSENT_REVOKED,CONSENT_REVOKED,CONSENT_REVOKED,CONSENT_REVOKED,CONSENT_REVOKED
677ebb7e0ea45dee457ab3f1,67604706721a4c939359834a,APPROVED,Not Applicable,2025-01-08T17:53:11.078000Z,2025-01-08T18:02:15.210000Z,2025-01-10T20:27:08.268000Z,2025-01-08T18:02:15.835313Z,545.0,75b53a55e8,14,30,Male,White,United States,United States,United States,English,No,Part-Time
677ebb80439ced98417d70ed,5aeb9cdeaa05510001ff624e,RETURNED,Not Applicable,2025-01-08T17:53:18.198000Z,,,2025-01-23T16:28:46.788811Z,,,5615,CONSENT_REVOKED,CONSENT_REVOKED,CONSENT_REVOKED,CONSENT_REVOKED,CONSENT_REVOKED,CONSENT_REVOKED,CONSENT_REVOKED,CONSENT_REVOKED,CONSENT_REVOKED
677ebb807759e770f05d08ea,664f846220375730049a406c,APPROVED,Not Applicable,2025-01-08T17:53:10.521000Z,2025-01-08T18:06:57.339000Z,2025-01-10T20:27:08.500000Z,2025-01-08T18:08:13.852606Z,827.0,75b53a55e8,776,62,Male,White,United States,United States,United States,English,No,Full-Time
677ebb84a4aa6bfb4766059d,5a50f10eeedc32000141fccd,RETURNED,Not Applicable,2025-01-08T18:04:00.055000Z,,,2025-01-23T16:28:46.655977Z,,,2939,CONSENT_REVOKED,CONSENT_REVOKED,CONSENT_REVOKED,CONSENT_REVOKED,CONSENT_REVOKED,CONSENT_REVOKED,CONSENT_REVOKED,CONSENT_REVOKED,CONSENT_REVOKED
677ebb8839f6f7a031645833,63c40b98533b26ec941005c3,RETURNED,Not Applicable,2025-01-08T17:53:47.027000Z,,,2025-01-23T16:28:46.738082Z,,,2473,CONSENT_REVOKED,CONSENT_REVOKED,CONSENT_REVOKED,CONSENT_REVOKED,CONSENT_REVOKED,CONSENT_REVOKED,CONSENT_REVOKED,CONSENT_REVOKED,CONSENT_REVOKED
677ebb89ddc392b591f1aba4,670c9fb30bf5e9eb98a4a30a,APPROVED,Not Applicable,2025-01-08T17:53:19.492000Z,2025-01-08T18:02:21.752000Z,2025-01-10T20:27:08.740000Z,2025-01-08T18:02:22.542662Z,543.0,75b53a55e8,507,54,Female,White,United States,United States,United States,English,No,Full-Time
677ebb8a1bdd678c25e2d328,5f50b1bbe29c992335098fb1,RETURNED,Not Applicable,2025-01-08T17:53:20.264000Z,,,2025-01-23T16:28:46.729683Z,,,4531,CONSENT_REVOKED,CONSENT_REVOKED,CONSENT_REVOKED,CONSENT_REVOKED,CONSENT_REVOKED,CONSENT_REVOKED,CONSENT_REVOKED,CONSENT_REVOKED,CONSENT_REVOKED
677ebb8b191bee78a76bb16f,6762d56192f5bcba7886e019,RETURNED,Not Applicable,2025-01-08T18:04:00.055000Z,,,2025-01-23T16:28:46.761145Z,,,7,CONSENT_REVOKED,CONSENT_REVOKED,CONSENT_REVOKED,CONSENT_REVOKED,CONSENT_REVOKED,CONSENT_REVOKED,CONSENT_REVOKED,CONSENT_REVOKED,CONSENT_REVOKED
677ebb8d564cd73a5135784f,66cc0be94d734db826f04f36,RETURNED,Not Applicable,2025-01-08T17:53:23.617000Z,,,2025-01-23T16:28:46.698644Z,,,554,CONSENT_REVOKED,CONSENT_REVOKED,CONSENT_REVOKED,CONSENT_REVOKED,CONSENT_REVOKED,CONSENT_REVOKED,CONSENT_REVOKED,CONSENT_REVOKED,CONSENT_REVOKED
677ebb902bfbe455c4464424,636212999d9d4a04989c95e9,APPROVED,Not Applicable,2025-01-08T17:53:28.650000Z,2025-01-08T18:08:34.079000Z,2025-01-10T20:27:08.994000Z,2025-01-08T18:08:34.719964Z,906.0,75b53a55e8,2157,44,Male,White,United States,United States,United States,English,DATA_EXPIRED,DATA_EXPIRED
677ebb92fae85dad36248f0f,66468913bf5fcda0c18b3e2a,APPROVED,Not Applicable,2025-01-08T17:53:33.860000Z,2025-01-08T18:04:16.831000Z,2025-01-10T20:27:09.305000Z,2025-01-08T18:04:17.425315Z,643.0,75b53a55e8,492,37,Male,Black,United States,United States,United States,English,DATA_EXPIRED,DATA_EXPIRED
677ebb936d99dc7d832a336b,6400db21df5ae26a72cfdf82,APPROVED,Not Applicable,2025-01-08T17:53:40.919000Z,2025-01-08T17:59:14.827000Z,2025-01-10T20:27:09.540000Z,2025-01-08T17:59:15.568952Z,334.0,75b53a55e8,1594,36,Male,White,United States,United States,United States,English,No,Full-Time
677ebb93c67cda2a278f6260,651d69310233083b5b630cef,RETURNED,Not Applicable,2025-01-08T17:53:29.583000Z,,,2025-01-23T16:28:46.728980Z,,,503,CONSENT_REVOKED,CONSENT_REVOKED,CONSENT_REVOKED,CONSENT_REVOKED,CONSENT_REVOKED,CONSENT_REVOKED,CONSENT_REVOKED,CONSENT_REVOKED,CONSENT_REVOKED
677ebb94406a3c534bf2dc72,664184a2b35e6aa7e4eb89fd,RETURNED,Not Applicable,2025-01-08T17:55:36.095000Z,,,2025-01-23T16:28:46.708589Z,,,686,CONSENT_REVOKED,CONSENT_REVOKED,CONSENT_REVOKED,CONSENT_REVOKED,CONSENT_REVOKED,CONSENT_REVOKED,CONSENT_REVOKED,CONSENT_REVOKED,CONSENT_REVOKED
677ebb9597030cb9b29a7929,646633f7c6264a9a636042d8,APPROVED,Not Applicable,2025-01-08T17:54:04.313000Z,2025-01-08T18:23:24.956000Z,2025-01-10T20:27:09.806000Z,2025-01-08T18:23:25.697412Z,1761.0,75b53a55e8,1491,26,Male,White,United States,United States,United States,English,DATA_EXPIRED,DATA_EXPIRED
677ebb98f0a6d51871da1e3d,67703e30458c53843bf66ce0,APPROVED,Not Applicable,2025-01-08T17:53:34.633000Z,2025-01-08T18:06:28.284000Z,2025-01-10T20:27:10.054000Z,2025-01-08T18:08:08.860838Z,774.0,75b53a55e8,10,26,Female,Asian,United States,United States,United States,Chinese,DATA_EXPIRED,Other
677ebb996d99dc7d832a336d,677e9dcc7ebfe78eca7fa135,APPROVED,Not Applicable,2025-01-08T17:53:34.426000Z,2025-01-08T18:03:27.318000Z,2025-01-10T20:27:10.296000Z,2025-01-08T18:03:28.167509Z,593.0,75b53a55e8,5,28,Male,Asian,United States,United States,United States,English,No,DATA_EXPIRED
677ebb9a1a64230eba87c927,676d0743f448332f52b022a2,RETURNED,Not Applicable,2025-01-08T17:53:47.534000Z,,,2025-01-23T16:28:46.829450Z,,,52,CONSENT_REVOKED,CONSENT_REVOKED,CONSENT_REVOKED,CONSENT_REVOKED,CONSENT_REVOKED,CONSENT_REVOKED,CONSENT_REVOKED,CONSENT_REVOKED,CONSENT_REVOKED
677ebb9b4aede7a50afc0880,628fa5a9e4861ff79f633452,RETURNED,Not Applicable,2025-01-08T17:53:36.457000Z,,,2025-01-23T16:28:46.716580Z,,,394,CONSENT_REVOKED,CONSENT_REVOKED,CONSENT_REVOKED,CONSENT_REVOKED,CONSENT_REVOKED,CONSENT_REVOKED,CONSENT_REVOKED,CONSENT_REVOKED,CONSENT_REVOKED
677ebb9b70a9fcb20dc559aa,676153e35012c895c1ab5e0e,RETURNED,Not Applicable,2025-01-08T17:53:46.025000Z,,,2025-01-23T16:28:46.769319Z,,,63,CONSENT_REVOKED,CONSENT_REVOKED,CONSENT_REVOKED,CONSENT_REVOKED,CONSENT_REVOKED,CONSENT_REVOKED,CONSENT_REVOKED,CONSENT_REVOKED,CONSENT_REVOKED
677ebb9cddc392b591f1aba7,671fae1be03bf361e4a6342e,RETURNED,Not Applicable,2025-01-08T18:03:32.330000Z,,,2025-01-23T16:28:46.837601Z,,,305,CONSENT_REVOKED,CONSENT_REVOKED,CONSENT_REVOKED,CONSENT_REVOKED,CONSENT_REVOKED,CONSENT_REVOKED,CONSENT_REVOKED,CONSENT_REVOKED,CONSENT_REVOKED
677ebba07b60aaa6e3c2256c,62cec3cb41e7c7bf53ff6191,RETURNED,Not Applicable,2025-01-08T17:53:36.187000Z,,,2025-01-23T16:28:46.700578Z,,,4026,CONSENT_REVOKED,CONSENT_REVOKED,CONSENT_REVOKED,CONSENT_REVOKED,CONSENT_REVOKED,CONSENT_REVOKED,CONSENT_REVOKED,CONSENT_REVOKED,CONSENT_REVOKED
677ebba6823bd996f72bee30,6739c4f0d99b84de45a8a277,RETURNED,Not Applicable,2025-01-08T17:53:42.645000Z,,,2025-01-23T16:28:46.783182Z,,,126,CONSENT_REVOKED,CONSENT_REVOKED,CONSENT_REVOKED,CONSENT_REVOKED,CONSENT_REVOKED,CONSENT_REVOKED,CONSENT_REVOKED,CONSENT_REVOKED,CONSENT_REVOKED
677ebbb42771fa74cb2efed8,558abceafdf99b65685f02b1,APPROVED,Not Applicable,2025-01-08T17:54:36.929000Z,2025-01-08T18:08:35.123000Z,2025-01-10T20:27:10.539000Z,2025-01-08T18:08:35.733883Z,839.0,75b53a55e8,883,48,Female,White,United States,United States,United States,English,DATA_EXPIRED,DATA_EXPIRED
677ebbb52771fa74cb2efeda,6583f9395617de003e6056d4,RETURNED,Not Applicable,2025-01-08T17:59:28.060000Z,,,2025-01-23T16:28:46.821910Z,,,1215,CONSENT_REVOKED,CONSENT_REVOKED,CONSENT_REVOKED,CONSENT_REVOKED,CONSENT_REVOKED,CONSENT_REVOKED,CONSENT_REVOKED,CONSENT_REVOKED,CONSENT_REVOKED
677ebbb7bde94913fe7e26f5,5f1c2ebf1d8b7c48ad3ec3db,APPROVED,Not Applicable,2025-01-08T17:54:26.098000Z,2025-01-08T18:02:33.494000Z,2025-01-10T20:27:10.772000Z,2025-01-08T18:02:34.167957Z,488.0,: 75b53a55e8,3742,58,Female,White,United States,United States,United States,English,No,Unemployed (and job seeking)
677ebbb8b1868d8b7b21bc9b,66fb200064be800a18812d8f,APPROVED,Not Applicable,2025-01-08T17:54:09.918000Z,2025-01-08T18:16:13.786000Z,2025-01-10T20:27:11.024000Z,2025-01-08T18:16:14.577171Z,1324.0,75b53a55e8,205,30,Female,White,United States,United States,United States,English,Yes,Full-Time
677ebbc097030cb9b29a793e,6768696396c5cd6fbd0c2e65,APPROVED,Not Applicable,2025-01-08T17:54:13.425000Z,2025-01-08T18:07:02.701000Z,2025-01-10T20:27:11.317000Z,2025-01-08T18:08:14.947710Z,770.0,75b53a55e8,19,54,Male,White,United States,United States,United States,English,No,DATA_EXPIRED
677ebbc5d895387e503da1cb,62a1e0fa590f6a0427492e41,APPROVED,Not Applicable,2025-01-08T17:54:31.843000Z,2025-01-08T18:03:45.387000Z,2025-01-10T20:27:11.564000Z,2025-01-08T18:03:46.017258Z,554.0,75b53a55e8,4849,46,Male,White,United States,United States,United States,English,DATA_EXPIRED,DATA_EXPIRED
677ebbcf018341724e7858e7,5626a623ddff3c0005bcd3f5,APPROVED,Not Applicable,2025-01-08T17:54:30.683000Z,2025-01-08T18:01:37.297000Z,2025-01-10T20:27:11.938000Z,2025-01-08T18:01:37.906668Z,427.0,75b53a55e8,1086,35,Female,White,United States,United States,United States,English,DATA_EXPIRED,DATA_EXPIRED
677ebbd0cb32473be195f618,66a921ddcf1241aa94ec487d,RETURNED,Not Applicable,2025-01-08T17:54:37.320000Z,,,2025-01-23T16:28:46.775651Z,,,221,CONSENT_REVOKED,CONSENT_REVOKED,CONSENT_REVOKED,CONSENT_REVOKED,CONSENT_REVOKED,CONSENT_REVOKED,CONSENT_REVOKED,CONSENT_REVOKED,CONSENT_REVOKED
677ebbd40f83a534283579da,676554a56d8e3f0cb3903b32,APPROVED,Not Applicable,2025-01-08T17:54:55.870000Z,2025-01-08T18:22:22.071000Z,2025-01-10T20:27:12.951000Z,2025-01-08T18:22:22.910690Z,1647.0,75b53a55e8,57,22,Male,Black,United States,United States,United States,English,DATA_EXPIRED,Part-Time
677ebbd61b28954d0ff4ef43,677ad07aecf1434e5bf2123b,APPROVED,Not Applicable,2025-01-08T17:54:40.469000Z,2025-01-08T18:04:30.955000Z,2025-01-10T20:27:13.837000Z,2025-01-08T18:04:31.879077Z,591.0,75b53a55e8,8,53,Male,Other,United States,United States,United States,English,No,DATA_EXPIRED
677ebbdb2bfbe455c446443b,671cec18f651eede3c0447d7,APPROVED,Not Applicable,2025-01-08T17:54:35.479000Z,2025-01-08T18:10:03.212000Z,2025-01-10T20:27:14.107000Z,2025-01-08T18:10:03.990938Z,928.0,75b53a55e8,235,21,Male,Black,Ghana,United States,United States,English,No,Part-Time
677ebbe8298f6045b5bd7bfa,6766c079828cf789045cd811,RETURNED,Not Applicable,2025-01-08T17:55:10.545000Z,,,2025-01-23T16:28:46.817777Z,,,17,CONSENT_REVOKED,CONSENT_REVOKED,CONSENT_REVOKED,CONSENT_REVOKED,CONSENT_REVOKED,CONSENT_REVOKED,CONSENT_REVOKED,CONSENT_REVOKED,CONSENT_REVOKED
677ebbf2ac96826b380e34f5,66ba9415ceb69b4b0aeded33,RETURNED,Not Applicable,2025-01-08T18:00:53.040000Z,,,2025-01-23T16:28:46.764203Z,,,516,CONSENT_REVOKED,CONSENT_REVOKED,CONSENT_REVOKED,CONSENT_REVOKED,CONSENT_REVOKED,CONSENT_REVOKED,CONSENT_REVOKED,CONSENT_REVOKED,CONSENT_REVOKED
677ebc15c61b063551724a07,677dbcf6ea23c6076a549051,TIMED-OUT,Not Applicable,2025-01-08T17:56:28.957000Z,,,2025-01-23T16:28:46.749784Z,1290738.0,,7,73,Female,White,United States,United States,United States,English,No,DATA_EXPIRED
677ebc1b53bc4d72abb5ab10,675dedf9b43d714376719d12,APPROVED,Not Applicable,2025-01-08T17:56:14.711000Z,2025-01-08T18:14:28.710000Z,2025-01-10T20:27:14.343000Z,2025-01-08T18:14:29.354318Z,1094.0,75b53a55e8,11,75,Male,White,United States,United States,United States,English,DATA_EXPIRED,DATA_EXPIRED
677ebc1df6b67356aa35eb92,666e1d133e3ae53e65ea40b3,TIMED-OUT,Not Applicable,2025-01-08T18:02:04.237000Z,,,2025-01-23T16:28:46.735179Z,1290403.0,,377,43,Male,Black,Ghana,United States,United States,English,No,Full-Time
677ebc24696ee5f269248f51,559052f3fdf99b3f7aada553,APPROVED,Not Applicable,2025-01-08T17:55:54.544000Z,2025-01-08T18:02:13.605000Z,2025-01-10T20:27:14.569000Z,2025-01-08T18:02:14.125649Z,380.0,75b53a55e8,762,42,Female,DATA_EXPIRED,United States,United States,United States,English,No,Full-Time
677ebc30a7b09d9cc48b24b1,67260b3b13ed00e0ea7afa8c,APPROVED,Not Applicable,2025-01-08T17:56:09.246000Z,2025-01-08T18:15:22.803000Z,2025-01-10T20:27:14.800000Z,2025-01-08T18:15:23.670440Z,1154.0,75b53a55e8,135,18,Male,Mixed,Ghana,United States,United States,English,Yes,DATA_EXPIRED
677ebc3110227a4dfcb9dd74,674cb4c0f4ffbfaf859d259a,RETURNED,Not Applicable,2025-01-08T17:56:25.130000Z,,,2025-01-23T16:28:46.775824Z,,,112,CONSENT_REVOKED,CONSENT_REVOKED,CONSENT_REVOKED,CONSENT_REVOKED,CONSENT_REVOKED,CONSENT_REVOKED,CONSENT_REVOKED,CONSENT_REVOKED,CONSENT_REVOKED
677ebc44b8de28d53de0c49e,6629497a938b0963356f7002,RETURNED,Not Applicable,2025-01-08T17:56:28.005000Z,,,2025-01-23T16:28:46.868290Z,,,1201,CONSENT_REVOKED,CONSENT_REVOKED,CONSENT_REVOKED,CONSENT_REVOKED,CONSENT_REVOKED,CONSENT_REVOKED,CONSENT_REVOKED,CONSENT_REVOKED,CONSENT_REVOKED
677ebc479855deeb06b03b3e,65dddf17b8d6050c2ffd5f30,RETURNED,Not Applicable,2025-01-08T17:56:23.445000Z,2025-01-08T17:56:58.299000Z,,2025-01-23T16:28:46.772808Z,,NOCODE,444,CONSENT_REVOKED,CONSENT_REVOKED,CONSENT_REVOKED,CONSENT_REVOKED,CONSENT_REVOKED,CONSENT_REVOKED,CONSENT_REVOKED,CONSENT_REVOKED,CONSENT_REVOKED
677ebc624aede7a50afc08b2,6721a9661ed822922d7d4ce0,APPROVED,Not Applicable,2025-01-08T17:57:03.156000Z,2025-01-08T18:03:05.955000Z,2025-01-10T20:27:15.082000Z,2025-01-08T18:03:07.211808Z,363.0,75b53a55e8,396,40,Male,White,United States,United States,United States,English,No,Full-Time
677ebc75d9fe13bb3a29ddcd,629fb59ba81f4f5791475548,APPROVED,Not Applicable,2025-01-08T17:57:21.025000Z,2025-01-08T18:14:10.220000Z,2025-01-10T20:27:15.342000Z,2025-01-08T18:14:11.017435Z,1010.0,75b53a55e8,4401,50,Male,Black,United States,United States,United States,English,DATA_EXPIRED,DATA_EXPIRED
677ebc825501f1f978ad60ca,641b75662ac773952a58da70,APPROVED,Not Applicable,2025-01-08T17:57:56.707000Z,2025-01-08T18:11:22.743000Z,2025-01-10T20:27:15.574000Z,2025-01-08T18:11:23.582453Z,807.0,75b53a55e8,1122,21,Male,White,DATA_EXPIRED,United States,United States,English,DATA_EXPIRED,DATA_EXPIRED
677ebc91d5a598a914715dc9,66eaef6e046fe41ad9356532,APPROVED,Not Applicable,2025-01-08T17:57:43.150000Z,2025-01-08T18:08:58.054000Z,2025-01-10T20:27:15.814000Z,2025-01-08T18:08:59.525109Z,675.0,75b53a55e8,388,26,Female,Mixed,United States,United States,United States,English,No,"Not in paid work (e.g. homemaker', 'retired or disabled)"
677ebc93823bd996f72bee69,63dcbb18395960c5560fadb8,RETURNED,Not Applicable,2025-01-08T17:57:46.619000Z,,,2025-01-23T16:28:46.806029Z,,,3319,CONSENT_REVOKED,CONSENT_REVOKED,CONSENT_REVOKED,CONSENT_REVOKED,CONSENT_REVOKED,CONSENT_REVOKED,CONSENT_REVOKED,CONSENT_REVOKED,CONSENT_REVOKED
677ebc9601e76b344312bdd4,5c054e8a553fb800011917d7,RETURNED,Not Applicable,2025-01-08T17:57:42.043000Z,,,2025-01-23T16:28:46.880191Z,,,4738,CONSENT_REVOKED,CONSENT_REVOKED,CONSENT_REVOKED,CONSENT_REVOKED,CONSENT_REVOKED,CONSENT_REVOKED,CONSENT_REVOKED,CONSENT_REVOKED,CONSENT_REVOKED
677ebcb6823bd996f72bee75,5c6efb8565434c0001a483ec,APPROVED,Not Applicable,2025-01-08T17:58:19.601000Z,2025-01-08T18:04:00.448000Z,2025-01-10T20:27:16.078000Z,2025-01-08T18:04:01.153171Z,341.0,75b53a55e8,4611,52,Male,White,United States,United States,United States,English,DATA_EXPIRED,DATA_EXPIRED
677ebcb744fd2e48ef5a0a84,672cf326f28e34c4eab96fea,RETURNED,Not Applicable,2025-01-08T17:58:22.293000Z,,,2025-01-23T16:28:46.890471Z,,,208,CONSENT_REVOKED,CONSENT_REVOKED,CONSENT_REVOKED,CONSENT_REVOKED,CONSENT_REVOKED,CONSENT_REVOKED,CONSENT_REVOKED,CONSENT_REVOKED,CONSENT_REVOKED
677ebcbf9d5ec831134bd6c4,6650ba88f2e4099801ab8357,APPROVED,Not Applicable,2025-01-08T17:58:23.418000Z,2025-01-08T18:15:37.474000Z,2025-01-10T20:27:16.304000Z,2025-01-08T18:15:38.285794Z,1035.0,75b53a55e8,1086,54,Female,Asian,Philippines,United States,United States,Tagalog-Filipino,No,Full-Time
677ebccd69b1a9fcfa549ee1,674ca339857a9e45bdb27d5c,RETURNED,Not Applicable,2025-01-08T17:58:45.643000Z,,,2025-01-23T16:28:46.775413Z,,,184,CONSENT_REVOKED,CONSENT_REVOKED,CONSENT_REVOKED,CONSENT_REVOKED,CONSENT_REVOKED,CONSENT_REVOKED,CONSENT_REVOKED,CONSENT_REVOKED,CONSENT_REVOKED
677ebcd2ade4ec8f6860d113,6716dbc5faa8d435d67f0ed7,APPROVED,Not Applicable,2025-01-08T17:58:49.998000Z,2025-01-08T18:27:05.540000Z,2025-01-10T20:27:16.549000Z,2025-01-08T18:27:06.225049Z,1696.0,75b53a55e8,26,26,Female,Other,United States,United States,United States,English,Yes,Part-Time
677ebce4c4f2562df1904604,668327594e2bd7a211c3fa6f,APPROVED,Not Applicable,2025-01-08T17:59:54.408000Z,2025-01-08T18:17:16.440000Z,2025-01-10T20:27:16.799000Z,2025-01-08T18:17:17.117118Z,1043.0,75b53a55e8,576,34,Female,White,United States,United States,United States,English,DATA_EXPIRED,DATA_EXPIRED
677ebce78b1ad213fba554fe,6704528e7062531a612844c8,APPROVED,Not Applicable,2025-01-08T17:59:34.227000Z,2025-01-08T18:18:50.983000Z,2025-01-10T20:27:17.111000Z,2025-01-08T18:18:52.172733Z,1157.0,75b53a55e8,263,47,Male,Other,United States,United States,United States,English,No,Part-Time
677ebceb4e5b1a571a3ebbce,677ac434bfa52701037d63c6,RETURNED,Not Applicable,2025-01-08T17:59:17.632000Z,,,2025-01-23T16:28:46.926325Z,,,51,CONSENT_REVOKED,CONSENT_REVOKED,CONSENT_REVOKED,CONSENT_REVOKED,CONSENT_REVOKED,CONSENT_REVOKED,CONSENT_REVOKED,CONSENT_REVOKED,CONSENT_REVOKED
677ebceda7b09d9cc48b24dc,67768846cdbca05a041761b5,RETURNED,Not Applicable,2025-01-08T18:10:00.070000Z,,,2025-01-23T16:28:46.947479Z,,,33,CONSENT_REVOKED,CONSENT_REVOKED,CONSENT_REVOKED,CONSENT_REVOKED,CONSENT_REVOKED,CONSENT_REVOKED,CONSENT_REVOKED,CONSENT_REVOKED,CONSENT_REVOKED
677ebd024e5b1a571a3ebbd1,5faa369a7112b63051d70135,RETURNED,Not Applicable,2025-01-08T18:00:40.853000Z,,,2025-01-23T16:28:46.877842Z,,,3052,CONSENT_REVOKED,CONSENT_REVOKED,CONSENT_REVOKED,CONSENT_REVOKED,CONSENT_REVOKED,CONSENT_REVOKED,CONSENT_REVOKED,CONSENT_REVOKED,CONSENT_REVOKED
677ebd098db12e847c4e0fe2,6732096624d0e2bb965f5d6a,TIMED-OUT,Not Applicable,2025-01-08T17:59:46.768000Z,,,2025-01-23T16:28:46.910171Z,1290541.0,,267,47,Male,Black,United States,United States,United States,English,Yes,Unemployed (and job seeking)
677ebd12439ced98417d7161,676f28a680afa9fe2cf06ac0,RETURNED,Not Applicable,2025-01-08T17:59:55.831000Z,,,2025-01-23T16:28:46.905419Z,,,52,CONSENT_REVOKED,CONSENT_REVOKED,CONSENT_REVOKED,CONSENT_REVOKED,CONSENT_REVOKED,CONSENT_REVOKED,CONSENT_REVOKED,CONSENT_REVOKED,CONSENT_REVOKED
677ebd29fa19b4b01821bdd5,545f1e11fdf99b3156e7588b,APPROVED,Not Applicable,2025-01-08T18:00:15.087000Z,2025-01-08T18:08:36.517000Z,2025-01-10T20:27:17.367000Z,2025-01-08T18:08:37.335105Z,502.0,75b53a55e8,687,32,Male,DATA_EXPIRED,United States,United States,United States,English,No,Full-Time
677ebd2d5f21307667da1ea1,672b6da7be5437489d8c0dd9,APPROVED,Not Applicable,2025-01-08T18:03:17.347000Z,2025-01-08T18:40:16.696000Z,2025-01-10T20:27:17.651000Z,2025-01-08T18:40:17.550082Z,2220.0,75b53a55e8.,204,44,Male,Black,Nigeria,United States,United States,English,No,Full-Time
677ebd386d35e75ec77cec6a,5db0e17518230d00170d4332,APPROVED,Not Applicable,2025-01-08T18:00:32.268000Z,2025-01-08T18:26:04.728000Z,2025-01-10T20:27:17.896000Z,2025-01-08T18:26:05.607863Z,1533.0,75b53a55e8,4543,49,Male,White,United States,United States,United Kingdom,English,No,Full-Time
677ebd3e028dcdbf13d7f518,66cdcd6ee6132637b782530d,RETURNED,Not Applicable,2025-01-08T18:00:36.576000Z,,,2025-01-23T16:28:46.916340Z,,,334,CONSENT_REVOKED,CONSENT_REVOKED,CONSENT_REVOKED,CONSENT_REVOKED,CONSENT_REVOKED,CONSENT_REVOKED,CONSENT_REVOKED,CONSENT_REVOKED,CONSENT_REVOKED
677ebd587759e770f05d0947,66aa8d04719b0f5ef3433e9c,RETURNED,Not Applicable,2025-01-08T18:01:20.080000Z,,,2025-01-23T16:28:46.866311Z,,,254,CONSENT_REVOKED,CONSENT_REVOKED,CONSENT_REVOKED,CONSENT_REVOKED,CONSENT_REVOKED,CONSENT_REVOKED,CONSENT_REVOKED,CONSENT_REVOKED,CONSENT_REVOKED
677ebd59c94d074d257cafe3,66797cfa223ce836775e0038,APPROVED,Not Applicable,2025-01-08T18:01:07.016000Z,2025-01-08T18:13:28.034000Z,2025-01-10T20:27:18.685000Z,2025-01-08T18:13:28.987057Z,742.0,75b53a55e8,800,25,Male,Mixed,United States,United States,United States,English,No,Full-Time
677ebd6567a8f92c6811d815,642b2d8a7b84306d49e2f4b0,RETURNED,Not Applicable,2025-01-08T18:05:11.276000Z,,,2025-01-23T16:28:46.811047Z,,,4281,CONSENT_REVOKED,CONSENT_REVOKED,CONSENT_REVOKED,CONSENT_REVOKED,CONSENT_REVOKED,CONSENT_REVOKED,CONSENT_REVOKED,CONSENT_REVOKED,CONSENT_REVOKED
677ebd8330c283ec522bedde,6102ed0d80010b0ccc4a7772,RETURNED,Not Applicable,2025-01-08T18:01:44.771000Z,,,2025-01-23T16:28:46.869713Z,,,391,CONSENT_REVOKED,CONSENT_REVOKED,CONSENT_REVOKED,CONSENT_REVOKED,CONSENT_REVOKED,CONSENT_REVOKED,CONSENT_REVOKED,CONSENT_REVOKED,CONSENT_REVOKED
677ebd95018341724e785973,6667a8bf0b49990063d81087,APPROVED,Not Applicable,2025-01-08T18:05:41.869000Z,2025-01-08T18:18:37.524000Z,2025-01-10T20:27:18.921000Z,2025-01-08T18:18:38.684507Z,776.0,75b53a55e8,1186,54,Female,White,United States,United States,United States,English,DATA_EXPIRED,DATA_EXPIRED
677ebd9655c9958353717389,676aec73d25690f731aabe2b,APPROVED,Not Applicable,2025-01-08T18:02:34.619000Z,2025-01-08T18:19:39.133000Z,2025-01-10T20:27:19.153000Z,2025-01-08T18:19:39.962829Z,1025.0,75b53a55e8.,29,49,Male,White,United States,United States,United States,English,No,Full-Time
677ebd9a9a2496f3a7f6793b,66480b43bd7049130ffa7047,APPROVED,Not Applicable,2025-01-08T18:02:08.177000Z,2025-01-08T18:07:37.677000Z,2025-01-10T20:27:19.400000Z,2025-01-08T18:08:19.495766Z,330.0,75b53a55e8,610,31,Female,White,Russian Federation,United States,United States,Russian,No,Full-Time
677ebd9bd08c70b352d4a73c,6643c34315b04d498e71017e,RETURNED,Not Applicable,2025-01-08T18:02:40.579000Z,,,2025-01-23T16:28:46.966219Z,,,945,CONSENT_REVOKED,CONSENT_REVOKED,CONSENT_REVOKED,CONSENT_REVOKED,CONSENT_REVOKED,CONSENT_REVOKED,CONSENT_REVOKED,CONSENT_REVOKED,CONSENT_REVOKED
677ebdb51376a88a3916390e,6737cd5c9d4c58c971233296,RETURNED,Not Applicable,2025-01-08T18:02:52.017000Z,,,2025-01-23T16:28:46.925362Z,,,111,CONSENT_REVOKED,CONSENT_REVOKED,CONSENT_REVOKED,CONSENT_REVOKED,CONSENT_REVOKED,CONSENT_REVOKED,CONSENT_REVOKED,CONSENT_REVOKED,CONSENT_REVOKED
677ebdc6b6c6fced6f715ea4,63a2844c9d6acbec7228a420,APPROVED,Not Applicable,2025-01-08T18:02:52.595000Z,2025-01-08T18:11:35.400000Z,2025-01-10T20:27:19.629000Z,2025-01-08T18:11:36.114929Z,523.0,75b53a55e8,5178,52,Female,Black,Nigeria,United States,United States,English,DATA_EXPIRED,DATA_EXPIRED
677ebe1a12723c7e2b752e38,6633ab60e6db7d0856f0abc8,RETURNED,Not Applicable,2025-01-08T18:04:17.757000Z,,,2025-01-23T16:28:46.863857Z,,,365,CONSENT_REVOKED,CONSENT_REVOKED,CONSENT_REVOKED,CONSENT_REVOKED,CONSENT_REVOKED,CONSENT_REVOKED,CONSENT_REVOKED,CONSENT_REVOKED,CONSENT_REVOKED
677ebe1be3178ca2cb645816,63d71e67dd0fcccd3cc745b0,APPROVED,Not Applicable,2025-01-08T18:04:19.407000Z,2025-01-08T18:16:01.668000Z,2025-01-10T20:27:19.876000Z,2025-01-08T18:16:02.437941Z,703.0,75b53a55e8,3869,34,Male,White,United States,United States,United States,English,No,DATA_EXPIRED
677ebe1d4fb05739512f4a3c,6671d56daa99a8dd48996d20,APPROVED,Not Applicable,2025-01-08T18:04:18.080000Z,2025-01-08T18:10:01.590000Z,2025-01-10T20:27:20.127000Z,2025-01-08T18:10:02.478989Z,344.0,75b53a55e8,659,30,Female,White,United States,United States,United States,English,DATA_EXPIRED,DATA_EXPIRED
677ebe1e4c077581a6949b92,5ef6308c40846d2dfca0b66a,APPROVED,Not Applicable,2025-01-08T18:04:22.586000Z,2025-01-08T18:16:57.741000Z,2025-01-10T20:27:20.395000Z,2025-01-08T18:16:58.510850Z,756.0,75b53a55e8,3418,51,Female,White,United States,United States,United States,English,No,Part-Time
677ebe47c67cda2a278f62d4,677a477dd840b73369dc8f81,RETURNED,Not Applicable,2025-01-08T18:05:23.150000Z,,,2025-01-23T16:28:46.902389Z,,,28,CONSENT_REVOKED,CONSENT_REVOKED,CONSENT_REVOKED,CONSENT_REVOKED,CONSENT_REVOKED,CONSENT_REVOKED,CONSENT_REVOKED,CONSENT_REVOKED,CONSENT_REVOKED
677ebe5cf1f0b8fcacff23b6,66d1ef3e66354b0eeec5435d,RETURNED,Not Applicable,2025-01-08T18:05:25.969000Z,,,2025-01-23T16:28:46.951886Z,,,270,CONSENT_REVOKED,CONSENT_REVOKED,CONSENT_REVOKED,CONSENT_REVOKED,CONSENT_REVOKED,CONSENT_REVOKED,CONSENT_REVOKED,CONSENT_REVOKED,CONSENT_REVOKED
677ebe6e2bfbe455c44644c3,675d0dbdf9317eae3e27f2f9,APPROVED,Not Applicable,2025-01-08T18:05:47.035000Z,2025-01-08T18:13:10.823000Z,2025-01-10T20:27:20.671000Z,2025-01-08T18:13:11.700348Z,444.0,75b53a55e8,87,19,Male,White,United States,United States,United States,English,Yes,"Not in paid work (e.g. homemaker', 'retired or disabled)"
677ebe7188569e8ffcad60ed,5e29cc3230cf9d03580c34bf,APPROVED,Not Applicable,2025-01-08T18:05:45.001000Z,2025-01-08T18:12:38.339000Z,2025-01-10T20:27:20.919000Z,2025-01-08T18:12:39.118374Z,414.0,75b53a55e8,3240,35,Male,White,United States,United States,United States,English,No,Full-Time
677ebe7b6a3b2979059a3fe2,55bb74f1fdf99b1519ef4762,APPROVED,Not Applicable,2025-01-08T18:05:54.823000Z,2025-01-08T18:14:13.480000Z,2025-01-10T20:27:21.169000Z,2025-01-08T18:14:14.258263Z,499.0,75b53a55e8,3481,53,Male,White,United States,United States,United States,English,No,DATA_EXPIRED
677ebee4b7349fea16c5596c,672d4db907ea45407fb76538,RETURNED,Not Applicable,2025-01-08T18:07:38.690000Z,,,2025-01-23T16:28:46.924931Z,,,213,CONSENT_REVOKED,CONSENT_REVOKED,CONSENT_REVOKED,CONSENT_REVOKED,CONSENT_REVOKED,CONSENT_REVOKED,CONSENT_REVOKED,CONSENT_REVOKED,CONSENT_REVOKED
677ebf3a78e573e9e8b9f2fe,677da339b70debe44becaf92,REJECTED,Not Applicable,2025-01-08T18:09:08.348000Z,2025-01-08T18:10:24.450000Z,2025-01-21T17:27:33.529000Z,2025-01-23T16:28:46.936554Z,77.0,NOCODE,36,CONSENT_REVOKED,CONSENT_REVOKED,CONSENT_REVOKED,CONSENT_REVOKED,CONSENT_REVOKED,CONSENT_REVOKED,CONSENT_REVOKED,CONSENT_REVOKED,CONSENT_REVOKED
677ebf7e823bd996f72bef0d,66bd25c9e66d26e486cf615a,RETURNED,Not Applicable,2025-01-08T18:10:10.931000Z,,,2025-01-23T16:28:46.909519Z,,,34,CONSENT_REVOKED,CONSENT_REVOKED,CONSENT_REVOKED,CONSENT_REVOKED,CONSENT_REVOKED,CONSENT_REVOKED,CONSENT_REVOKED,CONSENT_REVOKED,CONSENT_REVOKED
677ebf8c79eb1672cc3ebc52,673a912c81f9dbcef1ee26f2,RETURNED,Not Applicable,2025-01-08T18:10:48.891000Z,,,2025-01-23T16:28:46.892891Z,,,196,CONSENT_REVOKED,CONSENT_REVOKED,CONSENT_REVOKED,CONSENT_REVOKED,CONSENT_REVOKED,CONSENT_REVOKED,CONSENT_REVOKED,CONSENT_REVOKED,CONSENT_REVOKED
677ebf911346e21581339195,66d925cf0e6264c70bba83e4,APPROVED,Not Applicable,2025-01-08T18:10:43.168000Z,2025-01-08T18:40:39.325000Z,2025-01-10T20:27:21.408000Z,2025-01-08T18:40:40.170790Z,1797.0,75b53a55e8,254,31,Male,Mixed,United States,United States,United States,English,DATA_EXPIRED,Full-Time
677ebfc2c4937c10768b2506,66d22a0226f719f8eaa2993f,APPROVED,Not Applicable,2025-01-08T18:11:19.487000Z,2025-01-08T18:22:24.759000Z,2025-01-10T20:27:21.652000Z,2025-01-08T18:22:25.579721Z,666.0,75b53a55e8,498,52,Female,White,United States,United States,United States,English,No,Full-Time
677ebfebe72f4ae743f662b9,6752dfa83d6bd053f4a82672,RETURNED,Not Applicable,2025-01-08T18:12:22.847000Z,,,2025-01-23T16:28:46.941279Z,,,185,CONSENT_REVOKED,CONSENT_REVOKED,CONSENT_REVOKED,CONSENT_REVOKED,CONSENT_REVOKED,CONSENT_REVOKED,CONSENT_REVOKED,CONSENT_REVOKED,CONSENT_REVOKED
677ec014b1868d8b7b21bd6b,655fc9dcc20e0befdda4251a,APPROVED,Not Applicable,2025-01-08T18:12:44.382000Z,2025-01-08T18:20:11.597000Z,2025-01-10T20:27:21.915000Z,2025-01-08T18:20:12.269190Z,448.0,75b53a55e8,90,25,Female,Asian,United States,United States,Korea,English,No,Full-Time
677ec04be9e611a4b80e353a,5d7cefc73f9ae70018b400f1,APPROVED,Not Applicable,2025-01-08T18:13:40.199000Z,2025-01-08T18:21:54.094000Z,2025-01-10T20:27:22.164000Z,2025-01-08T18:21:54.911766Z,494.0,75b53a55e8,5219,42,Male,White,United States,United States,United States,English,No,Part-Time
677ec053291387df7fcf380a,5b1579cdea4977000163067a,RETURNED,Not Applicable,2025-01-08T18:13:51.359000Z,,,2025-01-23T16:28:46.942713Z,,,1354,CONSENT_REVOKED,CONSENT_REVOKED,CONSENT_REVOKED,CONSENT_REVOKED,CONSENT_REVOKED,CONSENT_REVOKED,CONSENT_REVOKED,CONSENT_REVOKED,CONSENT_REVOKED
677ec070291387df7fcf3817,67248f60a306f3f8b69fd56d,APPROVED,Not Applicable,2025-01-08T18:14:16.058000Z,2025-01-08T18:31:41.958000Z,2025-01-10T20:27:22.406000Z,2025-01-08T18:31:42.804286Z,1046.0,75b53a55e8,187,43,Female,White,United States,United States,United States,English,No,Part-Time
677ec0bb88569e8ffcad6164,67605811fa82b481d668d891,RETURNED,Not Applicable,2025-01-08T18:15:35.478000Z,,,2025-01-23T16:28:46.962057Z,,,61,CONSENT_REVOKED,CONSENT_REVOKED,CONSENT_REVOKED,CONSENT_REVOKED,CONSENT_REVOKED,CONSENT_REVOKED,CONSENT_REVOKED,CONSENT_REVOKED,CONSENT_REVOKED
677ec0e2aa468c0e4e1f4669,676820393596d3285fc56141,APPROVED,Not Applicable,2025-01-08T18:16:12.961000Z,2025-01-08T18:31:42.712000Z,2025-01-10T20:27:22.642000Z,2025-01-08T18:31:43.671026Z,930.0,75b53a55e8,29,23,Male,Black,Ghana,United States,United States,English,No,DATA_EXPIRED
677ec0e76d67046cca7d1510,60d5c66db6493439a72a6d25,APPROVED,Not Applicable,2025-01-08T18:16:24.187000Z,2025-01-08T18:30:26Z,2025-01-10T20:27:22.870000Z,2025-01-08T18:30:26.911978Z,842.0,75b53a55e8,669,35,Male,Black,United States,United States,United States,English,No,Full-Time
677ec1258ee829adff4474f9,6763332f6b53c37a4f97d092,RETURNED,Not Applicable,2025-01-08T18:17:18.620000Z,,,2025-01-23T16:28:46.945345Z,,,97,CONSENT_REVOKED,CONSENT_REVOKED,CONSENT_REVOKED,CONSENT_REVOKED,CONSENT_REVOKED,CONSENT_REVOKED,CONSENT_REVOKED,CONSENT_REVOKED,CONSENT_REVOKED
677ec148b1eca5faba44755b,5f76586f6ce6850f223a25ab,APPROVED,Not Applicable,2025-01-08T18:17:51.287000Z,2025-01-08T18:26:04.498000Z,2025-01-10T20:27:23.122000Z,2025-01-08T18:26:05.350799Z,494.0,75b53a55e8,2446,33,Male,White,United States,United States,United States,English,No,Unemployed (and job seeking)
677ec1510cab98d88f2abc4e,67540347ce3c6b35d5453059,APPROVED,Not Applicable,2025-01-08T18:18:59.241000Z,2025-01-08T18:40:35.525000Z,2025-01-10T20:27:23.353000Z,2025-01-08T18:40:36.290650Z,1297.0,75b53a55e8,106,41,Female,Black,Nigeria,United States,United States,English,Yes,Full-Time
677ec1588549d38c52186bf5,6731f305c584ce8f264db24c,APPROVED,Not Applicable,2025-01-08T18:18:09.262000Z,2025-01-08T18:30:52.566000Z,2025-01-10T20:27:23.585000Z,2025-01-08T18:30:53.560329Z,764.0,75b53a55e8,125,24,Male,Black,Ghana,United States,United States,English,DATA_EXPIRED,Full-Time
677ec262953f95809cf59ad0,63d4409d5b0e57d3d3a3819d,APPROVED,Not Applicable,2025-01-08T18:25:03.628000Z,2025-01-08T18:34:16.338000Z,2025-01-10T20:27:23.822000Z,2025-01-08T18:34:19.247124Z,553.0,75b53a55e8,3058,32,Male,White,United States,United States,United States,English,DATA_EXPIRED,DATA_EXPIRED
677ec3102d962ab381b8e25f,601b28841ca7bb2f8edaa293,APPROVED,Not Applicable,2025-01-08T18:25:26.294000Z,2025-01-08T18:31:37.882000Z,2025-01-10T20:27:24.063000Z,2025-01-08T18:31:38.474683Z,372.0,75b53a55e8,4531,33,Male,Mixed,United States,United States,United States,English,No,DATA_EXPIRED
677ec38baebc03378fba3c5c,6759c8027cd76c58fcf051af,RETURNED,Not Applicable,2025-01-08T18:27:37.336000Z,,,2025-01-23T16:28:46.912731Z,,,60,CONSENT_REVOKED,CONSENT_REVOKED,CONSENT_REVOKED,CONSENT_REVOKED,CONSENT_REVOKED,CONSENT_REVOKED,CONSENT_REVOKED,CONSENT_REVOKED,CONSENT_REVOKED
677ec409a7b1f3d3def762a9,674f68dde0df9b7d0cc274d9,RETURNED,Not Applicable,2025-01-08T18:29:43.631000Z,,,2025-01-23T16:28:46.985934Z,,,139,CONSENT_REVOKED,CONSENT_REVOKED,CONSENT_REVOKED,CONSENT_REVOKED,CONSENT_REVOKED,CONSENT_REVOKED,CONSENT_REVOKED,CONSENT_REVOKED,CONSENT_REVOKED
677ec43577141ff4e795f7a3,66821bd8c0252a33b4c4390f,APPROVED,Not Applicable,2025-01-08T18:30:18.322000Z,2025-01-08T18:35:39.455000Z,2025-01-10T20:27:24.358000Z,2025-01-08T18:35:52.317824Z,322.0,75b53a55e8,1295,49,Male,White,United States,United States,United States,English,No,Full-Time
677ec493283386565c58a947,67081d4d02dabc04bcb82a99,APPROVED,Not Applicable,2025-01-08T18:32:25.529000Z,2025-01-08T18:44:39.164000Z,2025-01-10T20:27:24.668000Z,2025-01-08T18:44:40.422508Z,734.0,75b53a55e8,382,72,Female,White,United States,United States,United States,English,No,"Not in paid work (e.g. homemaker', 'retired or disabled)"
677ec4b7883ea9feaf08c469,61089a35dbc0aaf020ab264d,RETURNED,Not Applicable,2025-01-08T18:32:42.365000Z,,,2025-01-23T16:28:46.913828Z,,,5170,CONSENT_REVOKED,CONSENT_REVOKED,CONSENT_REVOKED,CONSENT_REVOKED,CONSENT_REVOKED,CONSENT_REVOKED,CONSENT_REVOKED,CONSENT_REVOKED,CONSENT_REVOKED
677ec4d3e77958c076ff6653,66d9bc1832f8ef1fe7dcd3b7,RETURNED,Not Applicable,2025-01-08T18:33:24.849000Z,,,2025-01-23T16:28:47.086289Z,,,303,CONSENT_REVOKED,CONSENT_REVOKED,CONSENT_REVOKED,CONSENT_REVOKED,CONSENT_REVOKED,CONSENT_REVOKED,CONSENT_REVOKED,CONSENT_REVOKED,CONSENT_REVOKED
677ec4ea97030cb9b29a7b46,673f8f6c5240f520eb3625bc,RETURNED,Not Applicable,2025-01-08T18:36:27.956000Z,,,2025-01-23T16:28:47.050754Z,,,110,CONSENT_REVOKED,CONSENT_REVOKED,CONSENT_REVOKED,CONSENT_REVOKED,CONSENT_REVOKED,CONSENT_REVOKED,CONSENT_REVOKED,CONSENT_REVOKED,CONSENT_REVOKED
677ec4ee524aaff067dc09aa,6773aaf61a1a8eacd86ec235,RETURNED,Not Applicable,2025-01-08T18:33:18.540000Z,,,2025-01-23T16:28:47.005754Z,,,78,CONSENT_REVOKED,CONSENT_REVOKED,CONSENT_REVOKED,CONSENT_REVOKED,CONSENT_REVOKED,CONSENT_REVOKED,CONSENT_REVOKED,CONSENT_REVOKED,CONSENT_REVOKED
677ec4eed7dba0a1ded4a8e2,5fd0ef1dbfdf0801f669f642,RETURNED,Not Applicable,2025-01-08T18:33:32.669000Z,,,2025-01-23T16:28:47.042609Z,,,3133,CONSENT_REVOKED,CONSENT_REVOKED,CONSENT_REVOKED,CONSENT_REVOKED,CONSENT_REVOKED,CONSENT_REVOKED,CONSENT_REVOKED,CONSENT_REVOKED,CONSENT_REVOKED
677ec4ef67a8f92c6811d9b3,5720a9f6fd3a5200113c1891,RETURNED,Not Applicable,2025-01-08T18:36:09.904000Z,,,2025-01-23T16:28:47.020343Z,,,7497,CONSENT_REVOKED,CONSENT_REVOKED,CONSENT_REVOKED,CONSENT_REVOKED,CONSENT_REVOKED,CONSENT_REVOKED,CONSENT_REVOKED,CONSENT_REVOKED,CONSENT_REVOKED
677ec4f0cff498fc2279f0ad,67526e5223c595b4b7b6f25c,APPROVED,Not Applicable,2025-01-08T18:33:46.614000Z,2025-01-08T18:42:43.839000Z,2025-01-10T20:27:25.998000Z,2025-01-08T18:42:44.412699Z,538.0,75b53a55e8,152,41,Male,White,United States,United States,United States,English,No,Unemployed (and job seeking)
677ec51fac96826b380e370a,6760ede1221987d84893e678,RETURNED,Not Applicable,2025-01-08T18:34:36.819000Z,,,2025-01-23T16:28:46.965581Z,,,124,CONSENT_REVOKED,CONSENT_REVOKED,CONSENT_REVOKED,CONSENT_REVOKED,CONSENT_REVOKED,CONSENT_REVOKED,CONSENT_REVOKED,CONSENT_REVOKED,CONSENT_REVOKED
677ec5c0bbb08bc37c8d01da,6764062da2b9f9701881a8f2,APPROVED,Not Applicable,2025-01-08T18:36:57.075000Z,2025-01-08T19:00:17.738000Z,2025-01-10T20:27:26.247000Z,2025-01-08T19:01:07.210000Z,1401.0,75b53a55e8,57,23,Male,Black,Ghana,United States,United States,English,DATA_EXPIRED,DATA_EXPIRED
677ec5c35f0fb76a84e66d48,676c759c9461dbd7edccdca6,RETURNED,Not Applicable,2025-01-08T18:36:58.964000Z,,,2025-01-23T16:28:47.013536Z,,,65,CONSENT_REVOKED,CONSENT_REVOKED,CONSENT_REVOKED,CONSENT_REVOKED,CONSENT_REVOKED,CONSENT_REVOKED,CONSENT_REVOKED,CONSENT_REVOKED,CONSENT_REVOKED
677ec5c4bf9e4c07a7978520,676f674b28634d645fe4ab35,RETURNED,Not Applicable,2025-01-08T18:36:52.723000Z,,,2025-01-23T16:28:47.040314Z,,,33,CONSENT_REVOKED,CONSENT_REVOKED,CONSENT_REVOKED,CONSENT_REVOKED,CONSENT_REVOKED,CONSENT_REVOKED,CONSENT_REVOKED,CONSENT_REVOKED,CONSENT_REVOKED
677ec60688e433abef82c480,672bb5dadc26d7849dc27b55,RETURNED,Not Applicable,2025-01-08T18:38:06.788000Z,,,2025-01-23T16:28:46.966917Z,,,475,CONSENT_REVOKED,CONSENT_REVOKED,CONSENT_REVOKED,CONSENT_REVOKED,CONSENT_REVOKED,CONSENT_REVOKED,CONSENT_REVOKED,CONSENT_REVOKED,CONSENT_REVOKED
677ec6083be44003a19e7144,662ddcfc1103d1acda67d937,RETURNED,Not Applicable,2025-01-08T18:38:00.097000Z,,,2025-01-23T16:28:46.995155Z,,,613,CONSENT_REVOKED,CONSENT_REVOKED,CONSENT_REVOKED,CONSENT_REVOKED,CONSENT_REVOKED,CONSENT_REVOKED,CONSENT_REVOKED,CONSENT_REVOKED,CONSENT_REVOKED
677ec60ab4d1f0e88d3742a5,66e8ba86b35cd54fc4fdd970,RETURNED,Not Applicable,2025-01-08T18:38:31.215000Z,,,2025-01-23T16:28:47.003639Z,,,524,CONSENT_REVOKED,CONSENT_REVOKED,CONSENT_REVOKED,CONSENT_REVOKED,CONSENT_REVOKED,CONSENT_REVOKED,CONSENT_REVOKED,CONSENT_REVOKED,CONSENT_REVOKED
677ec616a2dcd543a64c5eb7,66f63aed90df9fde39209ed5,APPROVED,Not Applicable,2025-01-08T18:38:47.853000Z,2025-01-08T18:50:13.640000Z,2025-01-10T20:27:26.500000Z,2025-01-08T18:50:44.267671Z,686.0,75b53a55e8,314,34,Female,White,United States,United States,United States,English,Yes,Full-Time
677ec630645611091db35c79,663bea630d3b45b260478da3,APPROVED,Not Applicable,2025-01-08T18:38:44.962000Z,2025-01-08T18:50:12.960000Z,2025-01-10T20:27:26.790000Z,2025-01-08T18:50:43.519686Z,688.0,75b53a55e8,895,39,Male,Other,United States,United States,United States,English,No,DATA_EXPIRED
677ec6c33111f680ade6273a,65316cc42df1082ea53d162b,APPROVED,Not Applicable,2025-01-08T18:41:13.301000Z,2025-01-08T18:53:47.943000Z,2025-01-10T20:27:27.037000Z,2025-01-08T18:53:48.996245Z,755.0,75b53a55e8.,1992,63,Male,White,United States,United States,United States,English,No,"Not in paid work (e.g. homemaker', 'retired or disabled)"
677ec6c5d26396528b57bb22,65e25a56b48b9af00aaf76d5,RETURNED,Not Applicable,2025-01-08T18:41:09.487000Z,,,2025-01-23T16:28:47.123277Z,,,1241,CONSENT_REVOKED,CONSENT_REVOKED,CONSENT_REVOKED,CONSENT_REVOKED,CONSENT_REVOKED,CONSENT_REVOKED,CONSENT_REVOKED,CONSENT_REVOKED,CONSENT_REVOKED
677ec6c5d9fe13bb3a29e03a,66c5eb8e624ca2722eebf99d,APPROVED,Not Applicable,2025-01-08T18:41:15.489000Z,2025-01-08T18:50:13.425000Z,2025-01-10T20:27:27.278000Z,2025-01-08T18:50:43.973754Z,538.0,75b53a55e8,835,42,Female,Asian,Korea,United States,United States,English,No,Full-Time
677ec6dd46d009cfab4c5ea0,6746c680672c3ab45f25efb7,APPROVED,Not Applicable,2025-01-08T18:41:41.600000Z,2025-01-08T18:52:39.225000Z,2025-01-10T20:27:27.691000Z,2025-01-08T18:52:47.769693Z,658.0,75b53a55e8,184,45,Female,White,United States,United States,United States,English,No,"Not in paid work (e.g. homemaker', 'retired or disabled)"
677ec7b72f9ca14ac7464a17,66f418c3b2fe2f9aac4fd234,APPROVED,Not Applicable,2025-01-08T18:45:40.794000Z,2025-01-08T19:12:31.561000Z,2025-01-10T20:27:27.987000Z,2025-01-08T19:12:32.465668Z,1611.0,75b53a55e8,455,30,Male,Other,United States,United States,United States,English,Yes,Full-Time
677ec829a805d5d1515f35b1,60ac66a8e1bf5a1c51fa864c,RETURNED,Not Applicable,2025-01-08T18:47:36.856000Z,,,2025-01-23T16:28:47.084293Z,,,4205,CONSENT_REVOKED,CONSENT_REVOKED,CONSENT_REVOKED,CONSENT_REVOKED,CONSENT_REVOKED,CONSENT_REVOKED,CONSENT_REVOKED,CONSENT_REVOKED,CONSENT_REVOKED
677ec82b79eb1672cc3ebe58,671acd4b14ebfd595a8b6c09,RETURNED,Not Applicable,2025-01-08T18:47:07.381000Z,2025-01-08T19:27:52.790000Z,,2025-01-23T16:28:46.998414Z,,75b53a55e8,354,CONSENT_REVOKED,CONSENT_REVOKED,CONSENT_REVOKED,CONSENT_REVOKED,CONSENT_REVOKED,CONSENT_REVOKED,CONSENT_REVOKED,CONSENT_REVOKED,CONSENT_REVOKED
677ec8428db12e847c4e1264,65878d4de4ec34e24bedb823,APPROVED,Not Applicable,2025-01-08T18:47:37.150000Z,2025-01-08T18:53:30.131000Z,2025-01-10T20:27:28.314000Z,2025-01-08T18:53:30.783572Z,353.0,75b53a55e8,1431,43,Female,White,United States,United States,United States,English,No,DATA_EXPIRED
677eca64b7349fea16c55c7e,665d61bbaf19822f9f7f8cbf,RETURNED,Not Applicable,2025-01-08T18:56:42.870000Z,,,2025-01-23T16:28:46.991479Z,,,372,CONSENT_REVOKED,CONSENT_REVOKED,CONSENT_REVOKED,CONSENT_REVOKED,CONSENT_REVOKED,CONSENT_REVOKED,CONSENT_REVOKED,CONSENT_REVOKED,CONSENT_REVOKED
677ecacf64e4453daf5fb32e,673d1423ff3f7beef3984b8b,APPROVED,Not Applicable,2025-01-08T18:58:57.391000Z,2025-01-08T19:10:10.397000Z,2025-01-10T20:27:28.585000Z,2025-01-08T19:10:12.001112Z,674.0,75b53a55e8,206,30,Male,White,United States,United States,United States,English,No,Full-Time
677ecae18b9ea20ad9f8d58f,675f7f733de701819974353e,RETURNED,Not Applicable,2025-01-08T19:05:59.260000Z,,,2025-01-23T16:28:47.165894Z,,,194,CONSENT_REVOKED,CONSENT_REVOKED,CONSENT_REVOKED,CONSENT_REVOKED,CONSENT_REVOKED,CONSENT_REVOKED,CONSENT_REVOKED,CONSENT_REVOKED,CONSENT_REVOKED
677ecd6b94f6d8932df91ffe,6637a0af708028e9a78a0331,APPROVED,Not Applicable,2025-01-08T19:12:00.145000Z,2025-01-08T19:32:27.415000Z,2025-01-10T20:27:28.821000Z,2025-01-08T19:32:29.701729Z,1228.0,75b53a55e8,360,65,Male,Black,Nigeria,United States,United States,English,No,Full-Time
677ecd726118f56025d6fd47,67780717c3b1aacda6312940,RETURNED,Not Applicable,2025-01-08T19:09:56.385000Z,,,2025-01-23T16:28:47.053967Z,,,62,CONSENT_REVOKED,CONSENT_REVOKED,CONSENT_REVOKED,CONSENT_REVOKED,CONSENT_REVOKED,CONSENT_REVOKED,CONSENT_REVOKED,CONSENT_REVOKED,CONSENT_REVOKED
677ecf182f83cbc20baee6b9,6757fea7a364adae48da37a8,APPROVED,Not Applicable,2025-01-08T19:20:05.596000Z,2025-01-08T19:57:46.785000Z,2025-01-10T20:27:29.065000Z,2025-01-08T19:57:47.937362Z,2262.0,75b53a55e8,54,19,Male,White,United States,United States,United States,English,No,Full-Time
6781822a60f2541c557337ba,670bcf056d924b08085553b3,RETURNED,Not Applicable,2025-01-10T20:25:24.472000Z,,,2025-01-23T16:28:47.107628Z,,,20,CONSENT_REVOKED,CONSENT_REVOKED,CONSENT_REVOKED,CONSENT_REVOKED,CONSENT_REVOKED,CONSENT_REVOKED,CONSENT_REVOKED,CONSENT_REVOKED,CONSENT_REVOKED
67818239bdb5fee5ad207d9d,665e133235d73b1096c8697e,APPROVED,Not Applicable,2025-01-10T20:25:33.730000Z,2025-01-10T20:30:42.094000Z,2025-01-16T00:41:08.180000Z,2025-01-10T20:30:42.804162Z,309.0,75b53a55e8,198,24,Male,White,United States,United States,United States,English,DATA_EXPIRED,DATA_EXPIRED
67818242b5830987836688ba,66e34181c9a864e249da9836,APPROVED,Not Applicable,2025-01-10T20:25:46.521000Z,2025-01-10T20:37:19.270000Z,2025-01-16T00:41:09.859000Z,2025-01-10T20:37:19.828074Z,693.0,75b53a55e8,5,69,Male,White,United States,United States,United States,English,No,DATA_EXPIRED
678182506fef5fe1695fd486,614795c351b6c8373e6225fb,TIMED-OUT,Not Applicable,2025-01-10T20:26:08.162000Z,,,2025-01-23T16:28:47.021021Z,1108959.0,,3292,70,Female,White,United States,United States,United States,English,No,DATA_EXPIRED
67818de2ea6b716567841ce9,5d4359295a5b010001523b4e,APPROVED,Not Applicable,2025-01-10T21:15:21.138000Z,2025-01-10T21:21:22.563000Z,2025-01-16T00:41:12.039000Z,2025-01-10T21:21:30.794385Z,362.0,75b53a55e8,7075,44,Female,Mixed,Canada,United States,United States,English,No,DATA_EXPIRED
678fd9b8943b83f899c89e5e,678e3536313ce16f4628c4f3,REJECTED,Not Applicable,2025-01-21T17:30:45.726000Z,2025-01-21T17:33:42.372000Z,2025-01-21T18:19:02.910000Z,2025-01-23T16:28:47.098639Z,177.0,NOCODE,46,CONSENT_REVOKED,CONSENT_REVOKED,CONSENT_REVOKED,CONSENT_REVOKED,CONSENT_REVOKED,CONSENT_REVOKED,CONSENT_REVOKED,CONSENT_REVOKED,CONSENT_REVOKED
678fd9dc8613bbf2032d5e44,678f5ff32bb579cc77116301,RETURNED,Not Applicable,2025-01-21T17:31:13.548000Z,,,2025-01-23T16:28:47.154424Z,,,32,CONSENT_REVOKED,CONSENT_REVOKED,CONSENT_REVOKED,CONSENT_REVOKED,CONSENT_REVOKED,CONSENT_REVOKED,CONSENT_REVOKED,CONSENT_REVOKED,CONSENT_REVOKED
678fdb6dce8e53c1e1461f25,66b5857859661d391594e059,APPROVED,Not Applicable,2025-01-21T17:38:06.592000Z,2025-01-21T17:53:21.109000Z,2025-01-21T18:19:09.642000Z,2025-01-21T17:53:21.689595Z,915.0,75b53a55e8,530,26,Female,White,United States,United States,United States,English,No,"Not in paid work (e.g. homemaker', 'retired or disabled)"
678fdb9f28549c6e63c08ddf,5d648fb785633f0019b04570,APPROVED,Not Applicable,2025-01-21T17:38:46.585000Z,2025-01-21T17:49:54.004000Z,2025-01-21T18:19:12.555000Z,2025-01-21T17:50:45.153054Z,668.0,75b53a55e8,686,64,Female,White,United States,United States,United States,English,DATA_EXPIRED,DATA_EXPIRED
678fdc799d9fa467ff057a8d,67533789f304b450547f9e97,RETURNED,Not Applicable,2025-01-21T17:45:02.836000Z,,,2025-01-23T16:28:47.137386Z,,,146,CONSENT_REVOKED,CONSENT_REVOKED,CONSENT_REVOKED,CONSENT_REVOKED,CONSENT_REVOKED,CONSENT_REVOKED,CONSENT_REVOKED,CONSENT_REVOKED,CONSENT_REVOKED
678fdc7de8addc90819d8180,66465afcd7be26227a70ea74,APPROVED,Not Applicable,2025-01-21T17:42:29.499000Z,2025-01-21T17:48:34.061000Z,2025-01-21T18:19:11.146000Z,2025-01-21T17:49:52.128487Z,365.0,75b53a55e8,732,36,Female,Mixed,United States,United States,United States,English,No,Full-Time
678fe18206731feff4e0af57,678673a114aeec75647ddbac,RETURNED,Not Applicable,2025-01-21T18:04:00.606000Z,,,2025-01-23T16:28:47.136823Z,,,38,CONSENT_REVOKED,CONSENT_REVOKED,CONSENT_REVOKED,CONSENT_REVOKED,CONSENT_REVOKED,CONSENT_REVOKED,CONSENT_REVOKED,CONSENT_REVOKED,CONSENT_REVOKED
678fe2d3823b2fa5c5326b7d,6733a59e283ca7f40acdb70d,RETURNED,Not Applicable,2025-01-21T18:09:34.971000Z,,,2025-01-23T16:28:47.194088Z,,,61,CONSENT_REVOKED,CONSENT_REVOKED,CONSENT_REVOKED,CONSENT_REVOKED,CONSENT_REVOKED,CONSENT_REVOKED,CONSENT_REVOKED,CONSENT_REVOKED,CONSENT_REVOKED
678fe38e06214762cae0aecd,66f990d0c00f121e9aa14b3a,RETURNED,Not Applicable,2025-01-21T18:12:37.601000Z,,,2025-01-23T16:28:47.116400Z,,,116,CONSENT_REVOKED,CONSENT_REVOKED,CONSENT_REVOKED,CONSENT_REVOKED,CONSENT_REVOKED,CONSENT_REVOKED,CONSENT_REVOKED,CONSENT_REVOKED,CONSENT_REVOKED
678fe3e6accfdbaeec0704e5,67600ef891736b3e0c2878d8,RETURNED,Not Applicable,2025-01-21T18:14:21.846000Z,,,2025-01-23T16:28:47.219052Z,,,62,CONSENT_REVOKED,CONSENT_REVOKED,CONSENT_REVOKED,CONSENT_REVOKED,CONSENT_REVOKED,CONSENT_REVOKED,CONSENT_REVOKED,CONSENT_REVOKED,CONSENT_REVOKED
678fe4bd2e80b0d1265a1d17,678f7ffc109fe53d77b669d1,RETURNED,Not Applicable,2025-01-21T18:17:48.896000Z,,,2025-01-23T16:28:47.109500Z,,,38,CONSENT_REVOKED,CONSENT_REVOKED,CONSENT_REVOKED,CONSENT_REVOKED,CONSENT_REVOKED,CONSENT_REVOKED,CONSENT_REVOKED,CONSENT_REVOKED,CONSENT_REVOKED
678fe51e5a9daf7e2371fa13,5a09f857074b190001251b20,RETURNED,Not Applicable,2025-01-21T18:19:15.223000Z,,,2025-01-23T16:28:47.172962Z,,,1200,CONSENT_REVOKED,CONSENT_REVOKED,CONSENT_REVOKED,CONSENT_REVOKED,CONSENT_REVOKED,CONSENT_REVOKED,CONSENT_REVOKED,CONSENT_REVOKED,CONSENT_REVOKED
678fe5997041b2cd8a5b2aab,66a1037662e90facb31635ab,RETURNED,Not Applicable,2025-01-21T18:32:00.063000Z,,,2025-01-23T16:28:47.076507Z,,,381,CONSENT_REVOKED,CONSENT_REVOKED,CONSENT_REVOKED,CONSENT_REVOKED,CONSENT_REVOKED,CONSENT_REVOKED,CONSENT_REVOKED,CONSENT_REVOKED,CONSENT_REVOKED
678fe761bb74dc93a4d2c9a8,6157f554c8d842257650f397,APPROVED,Not Applicable,2025-01-21T18:29:55.026000Z,2025-01-21T18:40:40.549000Z,2025-01-21T18:49:50.606000Z,2025-01-21T18:40:41.689336Z,646.0,75b53a55e8,2757,38,Male,Black,United States,United States,United States,English,Yes,Full-Time
678fe95b5b463d796a61e372,6781281ba97768af20578846,RETURNED,Not Applicable,2025-01-21T18:37:21.920000Z,,,2025-01-23T16:28:47.158110Z,,,27,CONSENT_REVOKED,CONSENT_REVOKED,CONSENT_REVOKED,CONSENT_REVOKED,CONSENT_REVOKED,CONSENT_REVOKED,CONSENT_REVOKED,CONSENT_REVOKED,CONSENT_REVOKED
678fea93127619edc402af15,678c10f2da262715257f2eb3,RETURNED,Not Applicable,2025-01-21T18:42:42.502000Z,,,2025-01-23T16:28:47.155182Z,,,30,CONSENT_REVOKED,CONSENT_REVOKED,CONSENT_REVOKED,CONSENT_REVOKED,CONSENT_REVOKED,CONSENT_REVOKED,CONSENT_REVOKED,CONSENT_REVOKED,CONSENT_REVOKED
678febe14d8b48fa7ffbb47d,678e5b472d40a1f9675894a1,RETURNED,Not Applicable,2025-01-21T18:48:12.413000Z,,,2025-01-23T16:28:47.179846Z,,,12,CONSENT_REVOKED,CONSENT_REVOKED,CONSENT_REVOKED,CONSENT_REVOKED,CONSENT_REVOKED,CONSENT_REVOKED,CONSENT_REVOKED,CONSENT_REVOKED,CONSENT_REVOKED
678fec1d30aa1b9b033e71a9,59f226a9d6380600018b2923,APPROVED,Not Applicable,2025-01-21T18:49:01.888000Z,2025-01-21T19:01:18.267000Z,2025-01-21T22:58:21.548000Z,2025-01-21T19:01:19.978382Z,737.0,75b53a55e8,9849,60,Female,White,United States,United States,United States,English,No,Full-Time
679272b84baaff6c3fec1ab7,675daf25bf896cb18f01bc2d,APPROVED,Not Applicable,2025-01-23T16:56:20.174000Z,2025-01-23T17:23:07.566000Z,2025-01-23T17:48:02.871000Z,2025-01-23T17:23:08.297329Z,1608.0,75b53a55e8.,114,23,Female,Black,United States,United States,United States,English,No,Full-Time
679272dff1238ae52e645300,617323e630f3fa36361cb35b,APPROVED,Not Applicable,2025-01-23T16:48:38.406000Z,2025-01-23T16:56:31.342000Z,2025-01-23T17:48:03.703000Z,2025-01-23T16:58:34.024800Z,473.0,75b53a55e8,31,54,Female,White,United States,United States,United States,English,No,Full-Time
679272e733ad9acc5cc90607,678d3bdbb0d8edc128917604,RETURNED,Not Applicable,2025-01-23T16:48:49.437000Z,,,2025-01-23T20:51:20.684249Z,,,18,CONSENT_REVOKED,CONSENT_REVOKED,CONSENT_REVOKED,CONSENT_REVOKED,CONSENT_REVOKED,CONSENT_REVOKED,CONSENT_REVOKED,CONSENT_REVOKED,CONSENT_REVOKED
679272ee28da2e33e994e022,6716b6c226999978985ab6bd,APPROVED,Not Applicable,2025-01-23T16:50:34.552000Z,2025-01-23T17:04:37.247000Z,2025-01-23T17:48:04.185000Z,2025-01-23T17:05:56.891377Z,843.0,75b53a55e8,314,25,Male,White,United States,United States,United States,English,No,Full-Time
679272f803fa3adc8115dd65,6631a1c8755d8554913b3b86,APPROVED,Not Applicable,2025-01-23T16:49:05.398000Z,2025-01-23T16:55:12.316000Z,2025-01-23T17:48:04.934000Z,2025-01-23T16:57:35.875839Z,367.0,75b53a55e8,963,40,Female,Black,United States,United States,United States,English,No,Full-Time
6792730762445c092a319fc5,66e0585aeee549c122da5983,RETURNED,Not Applicable,2025-01-23T16:49:22.104000Z,,,2025-01-23T20:51:20.688843Z,,,247,CONSENT_REVOKED,CONSENT_REVOKED,CONSENT_REVOKED,CONSENT_REVOKED,CONSENT_REVOKED,CONSENT_REVOKED,CONSENT_REVOKED,CONSENT_REVOKED,CONSENT_REVOKED
679273125bfe87413f578fe3,5eaf1a2c649fd108284c2b5f,APPROVED,Not Applicable,2025-01-23T16:49:22.893000Z,2025-01-23T16:56:34.117000Z,2025-01-23T17:48:06.453000Z,2025-01-23T16:58:34.999141Z,432.0,75b53a55e8,9261,49,Female,White,United States,United States,United States,English,No,Full-Time
6792732024f72d2f9884fffc,6658eac7e945182d30fa04d2,RETURNED,Not Applicable,2025-01-23T16:50:41.172000Z,,,2025-01-23T20:51:20.690161Z,,,221,CONSENT_REVOKED,CONSENT_REVOKED,CONSENT_REVOKED,CONSENT_REVOKED,CONSENT_REVOKED,CONSENT_REVOKED,CONSENT_REVOKED,CONSENT_REVOKED,CONSENT_REVOKED
6792733151d53306c0c647b0,6687b00fea5aa786440b51d1,RETURNED,Not Applicable,2025-01-23T16:50:06.836000Z,,,2025-01-23T20:51:20.702948Z,,,954,CONSENT_REVOKED,CONSENT_REVOKED,CONSENT_REVOKED,CONSENT_REVOKED,CONSENT_REVOKED,CONSENT_REVOKED,CONSENT_REVOKED,CONSENT_REVOKED,CONSENT_REVOKED
679273320f963a156e83fc6f,61078717c9c9dfb7f766d6fb,APPROVED,Not Applicable,2025-01-23T16:50:00.056000Z,2025-01-23T17:00:12.654000Z,2025-01-23T17:48:07.506000Z,2025-01-23T17:00:13.938811Z,613.0,75b53a55e8,91,22,Male,Mixed,United States,United States,United States,Spanish,Yes,Unemployed (and job seeking)
67927334f05ac4b2dcf37db3,6740fb8501a6ef0e0891e991,RETURNED,Not Applicable,2025-01-23T16:50:04.594000Z,,,2025-01-23T20:51:20.694682Z,,,218,CONSENT_REVOKED,CONSENT_REVOKED,CONSENT_REVOKED,CONSENT_REVOKED,CONSENT_REVOKED,CONSENT_REVOKED,CONSENT_REVOKED,CONSENT_REVOKED,CONSENT_REVOKED
679273354837ec7e82e67a10,5bee1550ecd1a90001a0af15,APPROVED,Not Applicable,2025-01-23T16:50:02.902000Z,2025-01-23T16:54:35.760000Z,2025-01-23T17:48:08.914000Z,2025-01-23T16:57:15.717084Z,273.0,75b53a55e8,2183,31,Female,White,United States,United States,United States,English,No,Full-Time
679273377d6ef691ca09a8d3,678632c94e925f707eeb5751,APPROVED,Not Applicable,2025-01-23T16:50:18.473000Z,2025-01-23T17:23:07.331000Z,2025-01-23T17:48:09.436000Z,2025-01-23T17:23:08.055858Z,1969.0,75b53a55e8,43,22,Female,White,Kenya,United States,United States,English,No,Unemployed (and job seeking)
6792734c560250f99fc9062f,67747729bdd906ada64a8cb9,APPROVED,Not Applicable,2025-01-23T16:50:27.350000Z,2025-01-23T17:01:52.762000Z,2025-01-23T17:48:09.971000Z,2025-01-23T17:01:53.564976Z,686.0,75b53a55e8.,114,48,Male,White,United States,United States,United States,English,No,Other
67927373718d915d18dc3fd5,6738ce69c2ccef32577b4a2d,APPROVED,Not Applicable,2025-01-23T16:51:05.623000Z,2025-01-23T17:05:18.971000Z,2025-01-23T17:48:10.515000Z,2025-01-23T17:07:22.294310Z,854.0,75b53a55e8,314,20,Male,Mixed,United States,United States,United States,English,Yes,Full-Time
6792739c1e1ff61e287f8192,678bd318261c89d0742230f3,RETURNED,Not Applicable,2025-01-23T16:51:51.679000Z,,,2025-01-23T20:51:20.721490Z,,,5,CONSENT_REVOKED,CONSENT_REVOKED,CONSENT_REVOKED,CONSENT_REVOKED,CONSENT_REVOKED,CONSENT_REVOKED,CONSENT_REVOKED,CONSENT_REVOKED,CONSENT_REVOKED
679273a9960f46783eba2631,660471517eb2df29a88092c7,APPROVED,Not Applicable,2025-01-23T16:52:29.578000Z,2025-01-23T17:01:46.442000Z,2025-01-23T17:48:10.949000Z,2025-01-23T17:01:47.189951Z,557.0,75b53a55e8,1279,49,Female,White,Spain,United States,United States,English,No,Unemployed (and job seeking)
679273ad3317c1529c70c48d,66587c4637981e408edaf59a,APPROVED,Not Applicable,2025-01-23T16:52:03.876000Z,2025-01-23T16:56:42.290000Z,2025-01-23T17:48:11.439000Z,2025-01-23T16:58:37.676676Z,279.0,75b53a55e8,901,33,Female,White,United States,United States,United States,English,No,Full-Time
679273aef553580c3ee53900,6737cc743014b846981bdae5,RETURNED,Not Applicable,2025-01-23T16:52:04.056000Z,,,2025-01-23T20:51:20.739112Z,,,254,CONSENT_REVOKED,CONSENT_REVOKED,CONSENT_REVOKED,CONSENT_REVOKED,CONSENT_REVOKED,CONSENT_REVOKED,CONSENT_REVOKED,CONSENT_REVOKED,CONSENT_REVOKED
679273d94837ec7e82e67a35,673b526ab7e5178aadf40172,TIMED-OUT,Not Applicable,2025-01-23T16:54:06.393000Z,,,2025-01-23T20:51:20.715476Z,14235.0,,75,31,Female,Black,Nigeria,United States,United States,English,No,Full-Time
67927419f16dcc0b8bd939b0,60e49d8302404edb1e133168,RETURNED,Not Applicable,2025-01-23T16:53:55.487000Z,,,2025-01-23T20:51:20.729254Z,,,4278,CONSENT_REVOKED,CONSENT_REVOKED,CONSENT_REVOKED,CONSENT_REVOKED,CONSENT_REVOKED,CONSENT_REVOKED,CONSENT_REVOKED,CONSENT_REVOKED,CONSENT_REVOKED
6792741d67896208e5869d0d,667c826d96c7fc3eefb6ccec,RETURNED,Not Applicable,2025-01-23T16:53:55.493000Z,,,2025-01-23T20:51:20.735096Z,,,227,CONSENT_REVOKED,CONSENT_REVOKED,CONSENT_REVOKED,CONSENT_REVOKED,CONSENT_REVOKED,CONSENT_REVOKED,CONSENT_REVOKED,CONSENT_REVOKED,CONSENT_REVOKED
6792742190b99d48eed3f306,67853b35ec4670a4a8c5463d,APPROVED,Not Applicable,2025-01-23T16:54:13.108000Z,2025-01-23T17:17:38.978000Z,2025-01-23T17:48:12.775000Z,2025-01-23T17:17:46.464011Z,1406.0,75b53a55e8,33,21,Female,Black,Nigeria,United States,United States,English,DATA_EXPIRED,DATA_EXPIRED
679274426c6b222af61444c2,6643a03cae7b7a08b496f4f3,RETURNED,Not Applicable,2025-01-23T16:54:51.560000Z,,,2025-01-23T20:51:20.728732Z,,,1314,CONSENT_REVOKED,CONSENT_REVOKED,CONSENT_REVOKED,CONSENT_REVOKED,CONSENT_REVOKED,CONSENT_REVOKED,CONSENT_REVOKED,CONSENT_REVOKED,CONSENT_REVOKED
679274649882fab86f1e527f,678ac2d97fe406bd1271a74f,RETURNED,Not Applicable,2025-01-23T16:55:10.540000Z,,,2025-01-23T20:51:20.767962Z,,,28,CONSENT_REVOKED,CONSENT_REVOKED,CONSENT_REVOKED,CONSENT_REVOKED,CONSENT_REVOKED,CONSENT_REVOKED,CONSENT_REVOKED,CONSENT_REVOKED,CONSENT_REVOKED
67927467ff7eb857473aae31,5e437d7404eaba215eafbd2a,RETURNED,Not Applicable,2025-01-23T16:55:10.379000Z,,,2025-01-23T20:51:20.755211Z,,,7064,CONSENT_REVOKED,CONSENT_REVOKED,CONSENT_REVOKED,CONSENT_REVOKED,CONSENT_REVOKED,CONSENT_REVOKED,CONSENT_REVOKED,CONSENT_REVOKED,CONSENT_REVOKED
679274aa8d907acd792b0fc2,671fef4fbb7859f8518c4ab2,APPROVED,Not Applicable,2025-01-23T16:56:29.124000Z,2025-01-23T17:00:38.067000Z,2025-01-23T17:48:14.176000Z,2025-01-23T17:00:38.861426Z,249.0,75b53a55e8,367,26,Female,White,United States,United States,United States,English,No,Full-Time
679274d1a781a5e63b8df089,678fb834512bd07496d7f855,APPROVED,Not Applicable,2025-01-23T16:56:59.957000Z,2025-01-23T17:13:59.053000Z,2025-01-23T17:48:14.626000Z,2025-01-23T17:13:59.891127Z,1020.0,75b53a55e8,29,61,Male,White,United States,United States,United States,English,No,Part-Time
679274e1730e4a4d54858080,678d78b7a7aead5819d65a55,APPROVED,Not Applicable,2025-01-23T16:57:16.394000Z,2025-01-23T17:09:56.646000Z,2025-01-23T17:48:15.130000Z,2025-01-23T17:10:01.525882Z,761.0,75b53a55e8,27,33,Male,White,United States,United States,United States,English,No,Unemployed (and job seeking)
6792754728da2e33e994e0a4,66d0de0d9d748dbc8edf8d75,APPROVED,Not Applicable,2025-01-23T17:00:09.501000Z,2025-01-23T17:04:32.974000Z,2025-01-23T17:48:15.689000Z,2025-01-23T17:05:42.931057Z,264.0,75b53a55e8,490,39,Male,Mixed,United States,United States,United States,English,No,Full-Time
679275bde76d14803ce9b1c7,66a3ec7b903a771878c6e491,APPROVED,Not Applicable,2025-01-23T17:00:53.106000Z,2025-01-23T17:06:58.556000Z,2025-01-23T17:48:16.237000Z,2025-01-23T17:09:00.123722Z,366.0,75b53a55e8,393,28,Female,White,United States,United States,United States,English,Yes,Full-Time
679276fc2518483cb5d882c7,6720a1549562a6af6a6f17a3,RETURNED,Not Applicable,2025-01-23T17:06:10.742000Z,,,2025-01-23T20:51:20.873980Z,,,344,CONSENT_REVOKED,CONSENT_REVOKED,CONSENT_REVOKED,CONSENT_REVOKED,CONSENT_REVOKED,CONSENT_REVOKED,CONSENT_REVOKED,CONSENT_REVOKED,CONSENT_REVOKED
6792773ad3df6d2434448ffa,674236ec7bb46c669276b311,APPROVED,Not Applicable,2025-01-23T17:07:12.442000Z,2025-01-23T17:12:57.699000Z,2025-01-23T17:48:16.736000Z,2025-01-23T17:12:58.675199Z,346.0,75b53a55e8,294,33,Male,White,United States,United States,United States,Spanish,No,Full-Time
6792790eead8e52c42804880,6728cf96c727b2ab8c2c63dd,APPROVED,Not Applicable,2025-01-23T17:14:54.321000Z,2025-01-23T17:29:51.629000Z,2025-01-23T17:48:17.210000Z,2025-01-23T17:29:52.504063Z,898.0,75b53a55e8,480,22,Male,Black,Ghana,United States,United States,English,Yes,Part-Time
67928084af8252786fbb55af,674469f7ae21e7d1b08040bb,APPROVED,Not Applicable,2025-01-23T17:47:00.356000Z,2025-01-23T18:13:05.624000Z,2025-01-23T18:34:49.533000Z,2025-01-23T18:13:06.881900Z,1566.0,75b53a55e8,297,24,Male,Black,Nigeria,United States,United States,English,Yes,Part-Time
6792bad65b5a93a798167542,677d3cc83d0aa6a39541f5d6,APPROVED,Not Applicable,2025-01-23T21:58:31.190000Z,2025-01-23T22:16:16.118000Z,2025-01-24T14:09:44.992000Z,2025-01-23T22:16:18.526970Z,1065.0,75b53a55e8,24,27,Female,White,United States,United States,United States,English,No,Full-Time
6792b1ebd8cdd9caa5103d65,677becae8b9b9c3777523c89,RETURNED,Not Applicable,2025-01-23T21:17:40.844000Z,,,,,,36,CONSENT_REVOKED,CONSENT_REVOKED,CONSENT_REVOKED,CONSENT_REVOKED,CONSENT_REVOKED,CONSENT_REVOKED,CONSENT_REVOKED,CONSENT_REVOKED,CONSENT_REVOKED
6792b28e7d4c374911be298a,66f8603709fe14fdef64781a,RETURNED,Not Applicable,2025-01-23T21:20:18.498000Z,,,,,,213,CONSENT_REVOKED,CONSENT_REVOKED,CONSENT_REVOKED,CONSENT_REVOKED,CONSENT_REVOKED,CONSENT_REVOKED,CONSENT_REVOKED,CONSENT_REVOKED,CONSENT_REVOKED
6792b3e1c48f4061a1ffc556,66ee033078ac153667a8aa2f,RETURNED,Not Applicable,2025-01-23T21:26:05.992000Z,,,,,,711,CONSENT_REVOKED,CONSENT_REVOKED,CONSENT_REVOKED,CONSENT_REVOKED,CONSENT_REVOKED,CONSENT_REVOKED,CONSENT_REVOKED,CONSENT_REVOKED,CONSENT_REVOKED
6792b476c40eb441f4945f27,673fb3b52fb5aab22859712b,RETURNED,Not Applicable,2025-01-23T21:28:29.922000Z,,,,,,122,CONSENT_REVOKED,CONSENT_REVOKED,CONSENT_REVOKED,CONSENT_REVOKED,CONSENT_REVOKED,CONSENT_REVOKED,CONSENT_REVOKED,CONSENT_REVOKED,CONSENT_REVOKED
