Submission id,Participant id,Status,Custom study tncs accepted at,Started at,Completed at,Reviewed at,Archived at,Time taken,Completion code,Total approvals,Age,Sex,Ethnicity simplified,Country of birth,Country of residence,Nationality,Language,Student status,Employment status
66967bed102fbd34d92586c4,6689a1fe29a96f94df7e4052,APPROVED,Not Applicable,2024-07-16T13:56:01.567000Z,2024-07-16T14:09:17.447000Z,2024-07-18T14:21:52.110000Z,2024-07-16T14:10:23.399071Z,796.0,75b53a55e8,7,58,Female,Black,United States,United States,United States,English,No,Full-Time
66967cd91fd6a66cbd66504b,660c6506219c56f73617fd54,APPROVED,Not Applicable,2024-07-16T13:59:58.305000Z,2024-07-16T14:05:03.072000Z,2024-07-18T14:21:52.763000Z,2024-07-16T14:05:07.743317Z,305.0,75b53a55e8,2,30,Male,White,United States,United States,Ukraine,English,No,Full-Time
66967dee77a5a509a9033347,60fdd97a86e9e5d18dc06846,RETURNED,Not Applicable,2024-07-16T14:04:36.095000Z,,,2024-09-06T15:37:58.549014Z,,,345,CONSENT_REVOKED,CONSENT_REVOKED,CONSENT_REVOKED,CONSENT_REVOKED,CONSENT_REVOKED,CONSENT_REVOKED,CONSENT_REVOKED,CONSENT_REVOKED,CONSENT_REVOKED
66967e900afb67eaffaf9865,65c77b00ea091a0562445f2b,APPROVED,Not Applicable,2024-07-16T14:07:18.111000Z,2024-07-16T14:15:55.512000Z,2024-07-18T14:21:53.453000Z,2024-07-16T14:15:56.232604Z,518.0,75b53a55e8,12,30,Female,Black,United States,United States,United States,English,No,DATA_EXPIRED
66967ee1c68a2b4d55460f0f,6690d8d9036d550281d71219,APPROVED,Not Applicable,2024-07-16T14:08:40.748000Z,2024-07-16T14:51:57.131000Z,2024-07-18T14:21:53.827000Z,2024-07-16T14:52:21.996772Z,2597.0,75b53a55e8,7,54,Female,Black,United States,United States,United States,English,DATA_EXPIRED,DATA_EXPIRED
66967f4bb212798dda8b747f,65bba4d18a1e43cfbb86d62b,APPROVED,Not Applicable,2024-07-16T14:10:25.434000Z,2024-07-16T14:18:37.784000Z,2024-07-18T14:21:54.230000Z,2024-07-16T14:19:32.570488Z,493.0,75b53a55e8,82,50,Male,Black,United States,United States,United States,English,No,Other
66967f7ac97d0926f1e28d34,6690354384b71b45e8abcd20,APPROVED,Not Applicable,2024-07-16T14:11:21.768000Z,2024-07-16T14:25:19.819000Z,2024-07-18T14:21:54.614000Z,2024-07-16T14:25:20.474579Z,839.0,75b53a55e8,24,35,Male,White,United States,United States,United States,English,No,Unemployed (and job seeking)
66967f7c14729e440c3ec84a,66958d2036fba4205e041bd7,APPROVED,Not Applicable,2024-07-16T14:11:15.018000Z,2024-07-16T14:27:46.817000Z,2024-07-18T14:21:55.020000Z,2024-07-16T14:29:25.113832Z,992.0,75b53a55e8,10,21,Female,White,United States,United States,United States,English,Yes,DATA_EXPIRED
66967fa4bc952766cbda6d67,66783863af5fa16cae9ff5e7,RETURNED,Not Applicable,2024-07-16T14:12:00.360000Z,,,2024-09-06T15:37:58.557296Z,,,166,CONSENT_REVOKED,CONSENT_REVOKED,CONSENT_REVOKED,CONSENT_REVOKED,CONSENT_REVOKED,CONSENT_REVOKED,CONSENT_REVOKED,CONSENT_REVOKED,CONSENT_REVOKED
669680094e109035d47dbc1c,6696603cc85126b6fd29b2a0,APPROVED,Not Applicable,2024-07-16T14:13:48.233000Z,2024-07-16T14:28:00.397000Z,2024-07-18T14:21:55.469000Z,2024-07-16T14:29:26.939487Z,853.0,75b53a55e8,3,43,Female,White,United States,United States,United States,English,No,Unemployed (and job seeking)
669680655883a6e89f602024,669030ce58506574f5d1672b,APPROVED,Not Applicable,2024-07-16T14:15:16.508000Z,2024-07-16T14:23:24.774000Z,2024-07-18T14:21:55.830000Z,2024-07-16T14:23:25.360880Z,489.0,75b53a55e8,9,33,Male,White,United States,United States,United States,English,No,Full-Time
66968077bc22730f1aee0631,66956f9b0b5f7fac68b289a3,APPROVED,Not Applicable,2024-07-16T14:15:25.079000Z,2024-07-16T14:22:28.810000Z,2024-07-18T14:21:56.195000Z,2024-07-16T14:22:29.530971Z,424.0,75b53a55e8,4,47,Male,White,United States,United States,United States,English,No,DATA_EXPIRED
66968093a48f30233aee063b,61087c13a81ba5e114b6a24f,RETURNED,Not Applicable,2024-07-16T14:15:56.355000Z,,,2024-09-06T15:37:58.558470Z,,,114,CONSENT_REVOKED,CONSENT_REVOKED,CONSENT_REVOKED,CONSENT_REVOKED,CONSENT_REVOKED,CONSENT_REVOKED,CONSENT_REVOKED,CONSENT_REVOKED,CONSENT_REVOKED
6696811aeb7435590129e7e5,6691f0208c3cf6bcdaa19afc,APPROVED,Not Applicable,2024-07-16T14:18:06.794000Z,2024-07-16T14:25:52.525000Z,2024-07-18T14:21:56.517000Z,2024-07-16T14:25:53.247403Z,466.0,75b53a55e8,12,26,Male,White,United States,United States,United States,English,No,Full-Time
66968151d2fce0968cb0841c,644074ad2b44d91834ed0d7a,RETURNED,Not Applicable,2024-07-16T14:19:05.515000Z,,,2024-09-06T15:37:58.562183Z,,,603,CONSENT_REVOKED,CONSENT_REVOKED,CONSENT_REVOKED,CONSENT_REVOKED,CONSENT_REVOKED,CONSENT_REVOKED,CONSENT_REVOKED,CONSENT_REVOKED,CONSENT_REVOKED
66968197fcc2f56e1586b7de,6630f8d9ddb45112d66bfdb0,APPROVED,Not Applicable,2024-07-16T14:20:12.845000Z,2024-07-16T14:30:55.709000Z,2024-07-18T14:21:56.811000Z,2024-07-16T14:30:56.564739Z,643.0,75b53a55e8,12,38,Female,Other,United States,United States,United States,English,No,Full-Time
669681a670d6372a2ef4e513,6692cfa023a28e4363024f61,RETURNED,Not Applicable,2024-07-16T14:20:33.453000Z,,,2024-09-06T15:37:58.567232Z,,,160,CONSENT_REVOKED,CONSENT_REVOKED,CONSENT_REVOKED,CONSENT_REVOKED,CONSENT_REVOKED,CONSENT_REVOKED,CONSENT_REVOKED,CONSENT_REVOKED,CONSENT_REVOKED
669681a948e7f3282b60207c,66329c1aecce28708f9c0fe3,APPROVED,Not Applicable,2024-07-16T14:20:31.316000Z,2024-07-16T14:27:37.411000Z,2024-07-18T14:21:57.257000Z,2024-07-16T14:29:23.893993Z,427.0,75b53a55e8,2,44,Female,White,United States,United States,United States,English,No,Full-Time
669681ca64a43b4b75caad3a,6695a8e266bee0078c3c11a3,RETURNED,Not Applicable,2024-07-16T14:21:02.731000Z,,,2024-09-06T15:37:58.568348Z,,,310,CONSENT_REVOKED,CONSENT_REVOKED,CONSENT_REVOKED,CONSENT_REVOKED,CONSENT_REVOKED,CONSENT_REVOKED,CONSENT_REVOKED,CONSENT_REVOKED,CONSENT_REVOKED
6696825b150d8b75fce8a200,66952404eef7c3d518dbd5c7,RETURNED,Not Applicable,2024-07-16T14:23:27.252000Z,,,2024-09-06T15:37:58.572568Z,,,106,CONSENT_REVOKED,CONSENT_REVOKED,CONSENT_REVOKED,CONSENT_REVOKED,CONSENT_REVOKED,CONSENT_REVOKED,CONSENT_REVOKED,CONSENT_REVOKED,CONSENT_REVOKED
66968293de8403f066b2d485,6669a1caf3f192a95174ebcd,APPROVED,Not Applicable,2024-07-16T14:24:32.417000Z,2024-07-16T14:38:57.876000Z,2024-07-18T14:21:57.641000Z,2024-07-16T14:39:55.437244Z,866.0,75b53a55e8,18,27,Male,Black,United States,United States,United States,English,DATA_EXPIRED,Part-Time
6696829ff7b571ced6379f40,668574f0ec7ac7f1fc76bf10,RETURNED,Not Applicable,2024-07-16T14:24:36.252000Z,,,2024-09-06T15:37:58.571772Z,,,89,CONSENT_REVOKED,CONSENT_REVOKED,CONSENT_REVOKED,CONSENT_REVOKED,CONSENT_REVOKED,CONSENT_REVOKED,CONSENT_REVOKED,CONSENT_REVOKED,CONSENT_REVOKED
669682da3682dbfe5373bcdf,60fc8f87e8ad692447b04247,APPROVED,Not Applicable,2024-07-16T14:25:35.206000Z,2024-07-16T14:40:32.289000Z,2024-07-18T14:21:57.997000Z,2024-07-16T14:40:33.216263Z,898.0,75b53a55e8,229,26,Female,Mixed,United States,United States,United States,English,No,Full-Time
669682e7c06ea3bf54de6d99,66953d3b8484b9db6e4d22e8,APPROVED,Not Applicable,2024-07-16T14:25:47.047000Z,2024-07-16T14:33:54.107000Z,2024-07-18T14:21:58.355000Z,2024-07-16T14:33:54.707617Z,488.0,75b53a55e8,15,30,Male,White,United States,United States,United States,English,No,Part-Time
669683114e45f3bee0f08e94,642b6547b732b663d7180d06,APPROVED,Not Applicable,2024-07-16T14:26:34.115000Z,2024-07-16T14:34:51.382000Z,2024-07-18T14:21:58.654000Z,2024-07-16T14:34:54.977289Z,498.0,75b53a55e8,1730,52,Male,White,United States,United States,United States,English,DATA_EXPIRED,Full-Time
669683139c68b5e098a2c3d5,66950efa8b7cb0fcf353ccb9,RETURNED,Not Applicable,2024-07-16T14:26:37.225000Z,,,2024-09-06T15:37:58.574428Z,,,185,CONSENT_REVOKED,CONSENT_REVOKED,CONSENT_REVOKED,CONSENT_REVOKED,CONSENT_REVOKED,CONSENT_REVOKED,CONSENT_REVOKED,CONSENT_REVOKED,CONSENT_REVOKED
669683339c68b5e098a2c3d9,669561024606d0d66a7ed3a1,APPROVED,Not Applicable,2024-07-16T14:27:02.770000Z,2024-07-16T14:36:44.480000Z,2024-07-18T14:21:59.004000Z,2024-07-16T14:39:29.220164Z,582.0,75b53a55e8,2,58,Female,Mixed,United States,United States,United States,English,No,DATA_EXPIRED
66968368d5d2b3384b88337d,668dd5b907b836ef29084c98,APPROVED,Not Applicable,2024-07-16T14:27:55.832000Z,2024-07-16T14:37:45.923000Z,2024-07-18T14:21:59.374000Z,2024-07-16T14:39:37.055250Z,591.0,75b53a55e8,30,20,Female,White,United States,United States,United States,English,No,"Not in paid work (e.g. homemaker', 'retired or disabled)"
669683a2b395be77846bc941,66967fcc17413113fbcf8aa7,APPROVED,Not Applicable,2024-07-16T14:29:03.116000Z,2024-07-16T14:41:12.316000Z,2024-07-18T14:21:59.762000Z,2024-07-16T14:41:14.579944Z,730.0,75b53a55e8,0,43,Male,White,United States,United States,United States,English,DATA_EXPIRED,DATA_EXPIRED
669683a78fa06a3970e39ddb,666d86268a386185e18dad9a,RETURNED,Not Applicable,2024-07-16T14:29:03.163000Z,,,2024-09-06T15:37:58.581258Z,,,123,CONSENT_REVOKED,CONSENT_REVOKED,CONSENT_REVOKED,CONSENT_REVOKED,CONSENT_REVOKED,CONSENT_REVOKED,CONSENT_REVOKED,CONSENT_REVOKED,CONSENT_REVOKED
669683c1e691665ef49ba1a2,668dce9bb98a8ddbe56ad524,APPROVED,Not Applicable,2024-07-16T14:29:24.397000Z,2024-07-16T14:36:20.575000Z,2024-07-18T14:22:00.110000Z,2024-07-16T14:36:57.804315Z,417.0,75b53a55e8,22,21,Male,White,United States,United States,United States,English,No,Part-Time
669683c9bfcd93ba9f8aeec4,66927671dd1ddfa05021849c,RETURNED,Not Applicable,2024-07-16T14:29:37.568000Z,,,2024-09-06T15:37:58.584362Z,,,97,CONSENT_REVOKED,CONSENT_REVOKED,CONSENT_REVOKED,CONSENT_REVOKED,CONSENT_REVOKED,CONSENT_REVOKED,CONSENT_REVOKED,CONSENT_REVOKED,CONSENT_REVOKED
6696840503d51745f952ad15,6110e61635b5f414d41265d6,RETURNED,Not Applicable,2024-07-16T14:30:34.366000Z,,,2024-09-06T15:37:58.586801Z,,,156,CONSENT_REVOKED,CONSENT_REVOKED,CONSENT_REVOKED,CONSENT_REVOKED,CONSENT_REVOKED,CONSENT_REVOKED,CONSENT_REVOKED,CONSENT_REVOKED,CONSENT_REVOKED
66968433f202ee56f761df9e,66928dba6ec70dde14a4b032,RETURNED,Not Applicable,2024-07-16T14:31:19.435000Z,,,2024-09-06T15:37:58.589347Z,,,181,CONSENT_REVOKED,CONSENT_REVOKED,CONSENT_REVOKED,CONSENT_REVOKED,CONSENT_REVOKED,CONSENT_REVOKED,CONSENT_REVOKED,CONSENT_REVOKED,CONSENT_REVOKED
6696844b3f27138ea1f037a8,668edda910d11a76c447c4ae,APPROVED,Not Applicable,2024-07-16T14:31:50.929000Z,2024-07-16T14:39:22.730000Z,2024-07-18T14:22:00.446000Z,2024-07-16T14:40:02.106517Z,452.0,75b53a55e8,30,28,Male,Other,United States,United States,United States,English,Yes,Full-Time
66968456f0385f6d3b7eb712,5fb4838f3efce01cc28e7f1b,RETURNED,Not Applicable,2024-07-16T14:31:53.917000Z,,,2024-09-06T15:37:58.601528Z,,,2189,CONSENT_REVOKED,CONSENT_REVOKED,CONSENT_REVOKED,CONSENT_REVOKED,CONSENT_REVOKED,CONSENT_REVOKED,CONSENT_REVOKED,CONSENT_REVOKED,CONSENT_REVOKED
66968470f729236ce9bb90e4,5a81fbb22a842c0001fc9cde,APPROVED,Not Applicable,2024-07-16T14:32:27.982000Z,2024-07-16T14:43:09.198000Z,2024-07-18T14:22:00.753000Z,2024-07-16T14:43:12.726152Z,642.0,75b53a55e8,1069,56,Male,Black,United States,United States,United States,English,No,Part-Time
6696847a49964b712ff972b2,5ee017103409e1371735c44d,APPROVED,Not Applicable,2024-07-16T14:32:31.631000Z,2024-07-16T14:39:13.987000Z,2024-07-18T14:22:01.037000Z,2024-07-16T14:40:00.530960Z,403.0,75b53a55e8,2984,24,Female,Mixed,United States,United States,United States,English,Yes,Other
669684813d57352882ab15fc,5d5e4baff521f100166c5d3a,APPROVED,Not Applicable,2024-07-16T14:34:29.663000Z,2024-07-16T14:56:29.265000Z,2024-07-18T14:22:01.328000Z,2024-07-16T14:56:29.859811Z,1320.0,75b53a55e8,3896,26,Male,Black,United States,United States,United States,English,DATA_EXPIRED,DATA_EXPIRED
6696849a20f596b402c8ab19,55aa9c8dfdf99b634b427b9a,APPROVED,Not Applicable,2024-07-16T14:33:02.328000Z,2024-07-16T14:51:09.764000Z,2024-07-18T14:22:02.044000Z,2024-07-16T14:52:19.575219Z,1088.0,75b53a55e8,262,40,Female,White,United States,United States,United States,English,No,Full-Time
669685122360373ecb65b5ac,6691705e4321bd88db7ec10d,APPROVED,Not Applicable,2024-07-16T14:35:07.441000Z,2024-07-16T14:50:20.136000Z,2024-07-18T14:22:02.392000Z,2024-07-16T14:52:16.175239Z,913.0,75b53a55e8,35,42,Female,White,United States,United States,United States,English,No,DATA_EXPIRED
6696856b7df648325be5be94,6317476911b4c96129da9ce0,APPROVED,Not Applicable,2024-07-16T14:37:04.764000Z,2024-07-16T14:46:57.737000Z,2024-07-18T14:22:02.666000Z,2024-07-16T14:47:05.168172Z,593.0,75b53a55e8,2097,30,Female,White,United States,United States,United States,English,No,Full-Time
6696857bcf35152fecf8d7b4,667e81c643fc0a5c5f11b106,RETURNED,Not Applicable,2024-07-16T14:37:08.441000Z,,,2024-09-06T15:37:58.606572Z,,,212,CONSENT_REVOKED,CONSENT_REVOKED,CONSENT_REVOKED,CONSENT_REVOKED,CONSENT_REVOKED,CONSENT_REVOKED,CONSENT_REVOKED,CONSENT_REVOKED,CONSENT_REVOKED
669685a8d1705590755911e6,667d7b084884c62abf249185,APPROVED,Not Applicable,2024-07-16T14:37:33.149000Z,2024-07-16T14:43:16.902000Z,2024-07-18T14:22:02.992000Z,2024-07-16T14:43:17.541300Z,344.0,75b53a55e8,48,19,Female,White,United States,United States,United States,English,Yes,Due to start a new job within the next month
669685ebbc22730f1aee0846,5cbe17ed7d21cd0013e90fee,APPROVED,Not Applicable,2024-07-16T14:38:39.884000Z,2024-07-16T14:46:03.569000Z,2024-07-18T14:22:03.314000Z,2024-07-16T14:46:04.098710Z,444.0,75b53a55e8,1966,49,Female,White,United States,United States,United States,English,No,DATA_EXPIRED
669685ff709464a686552e8e,66952d5507cd937cf7c2a35d,RETURNED,Not Applicable,2024-07-16T14:39:00.087000Z,,,2024-09-06T15:37:58.608651Z,,,310,CONSENT_REVOKED,CONSENT_REVOKED,CONSENT_REVOKED,CONSENT_REVOKED,CONSENT_REVOKED,CONSENT_REVOKED,CONSENT_REVOKED,CONSENT_REVOKED,CONSENT_REVOKED
6696860520f596b402c8ab7c,6670695ddda879e28629fbe0,APPROVED,Not Applicable,2024-07-16T14:39:07.064000Z,2024-07-16T14:45:42.388000Z,2024-07-18T14:22:03.585000Z,2024-07-16T14:45:42.937331Z,396.0,75b53a55e8,19,30,Female,Asian,Vietnam,United States,United States,Vietnamese,Yes,"Not in paid work (e.g. homemaker', 'retired or disabled)"
6696861878ee2754ed6af47f,622a066173bc257c44fa255b,RETURNED,Not Applicable,2024-07-16T14:39:26.126000Z,,,2024-09-06T15:37:58.607261Z,,,1661,CONSENT_REVOKED,CONSENT_REVOKED,CONSENT_REVOKED,CONSENT_REVOKED,CONSENT_REVOKED,CONSENT_REVOKED,CONSENT_REVOKED,CONSENT_REVOKED,CONSENT_REVOKED
6696861a17d6b1ef54b7ed50,66426129b471b74a7c576020,APPROVED,Not Applicable,2024-07-16T14:39:46.965000Z,2024-07-16T15:03:14.717000Z,2024-07-18T14:22:03.876000Z,2024-07-16T15:05:26.380255Z,1408.0,75b53a55e8,67,28,Male,White,United States,United States,United States,English,DATA_EXPIRED,Part-Time
66968635c0a5018d5da2bc0f,6543efbcebd16f055d561c5c,APPROVED,Not Applicable,2024-07-16T14:39:54.134000Z,2024-07-16T14:49:50.307000Z,2024-07-18T14:22:04.248000Z,2024-07-16T14:52:13.931600Z,597.0,75b53a55e8,362,56,Female,Mixed,United States,United States,United States,English,No,Full-Time
6696863b6778417a4cb2d5dc,66954597674618ad4e1331cb,APPROVED,Not Applicable,2024-07-16T14:40:01.001000Z,2024-07-16T14:47:33.684000Z,2024-07-18T14:22:04.552000Z,2024-07-16T14:50:38.046919Z,453.0,75b53a55e8,7,41,Male,White,United States,United States,United States,English,No,Part-Time
669686403f2febceada807d2,660443c5c86206f906f8762e,APPROVED,Not Applicable,2024-07-16T14:40:03.110000Z,2024-07-16T14:48:43.967000Z,2024-07-18T14:22:04.874000Z,2024-07-16T14:52:04.294767Z,521.0,75b53a55e8,249,36,Male,White,United States,United States,United States,English,No,Part-Time
6696868e709464a686552ec4,60c8ac90afb08667c1b43bfa,APPROVED,Not Applicable,2024-07-16T14:44:08.622000Z,2024-07-16T14:51:58.609000Z,2024-07-18T14:22:05.259000Z,2024-07-16T14:52:22.011028Z,470.0,75b53a55e8,92,37,Male,White,United States,United States,United States,English,No,Other
6696869417d6b1ef54b7ed72,631d021a11ebe06162a7fad7,RETURNED,Not Applicable,2024-07-16T14:41:28.448000Z,,,2024-09-06T15:37:58.611999Z,,,852,CONSENT_REVOKED,CONSENT_REVOKED,CONSENT_REVOKED,CONSENT_REVOKED,CONSENT_REVOKED,CONSENT_REVOKED,CONSENT_REVOKED,CONSENT_REVOKED,CONSENT_REVOKED
669686952a46592373ba0c9e,66365729fc992b3ad77ecd65,RETURNED,Not Applicable,2024-07-16T14:41:32.669000Z,,,2024-09-06T15:37:58.613485Z,,,50,CONSENT_REVOKED,CONSENT_REVOKED,CONSENT_REVOKED,CONSENT_REVOKED,CONSENT_REVOKED,CONSENT_REVOKED,CONSENT_REVOKED,CONSENT_REVOKED,CONSENT_REVOKED
669686a11204d0acdf93430c,667f1bc757a7c4c011c9ce69,RETURNED,Not Applicable,2024-07-16T14:41:42.560000Z,,,2024-09-06T15:37:58.617687Z,,,103,CONSENT_REVOKED,CONSENT_REVOKED,CONSENT_REVOKED,CONSENT_REVOKED,CONSENT_REVOKED,CONSENT_REVOKED,CONSENT_REVOKED,CONSENT_REVOKED,CONSENT_REVOKED
669686a418f1ac28f7d7904d,6632986f7482ba229b0e48b2,RETURNED,Not Applicable,2024-07-16T14:41:45.314000Z,,,2024-09-06T15:37:58.618911Z,,,341,CONSENT_REVOKED,CONSENT_REVOKED,CONSENT_REVOKED,CONSENT_REVOKED,CONSENT_REVOKED,CONSENT_REVOKED,CONSENT_REVOKED,CONSENT_REVOKED,CONSENT_REVOKED
669686b3c07837e91110468f,65d938edebdf0f3bd98b3924,APPROVED,Not Applicable,2024-07-16T14:42:08.540000Z,2024-07-16T14:50:24.948000Z,2024-07-18T14:22:05.639000Z,2024-07-16T14:52:16.636555Z,497.0,75b53a55e8,302,49,Female,Other,United States,United States,United States,English,No,Part-Time
669686de33cd3c1de6bb9125,586d9260d6df700001874515,APPROVED,Not Applicable,2024-07-16T14:42:43.255000Z,2024-07-16T14:50:27.606000Z,2024-07-18T14:22:06.415000Z,2024-07-16T14:52:17.363723Z,465.0,75b53a55e8,2818,31,Male,Black,United States,United States,United States,English,DATA_EXPIRED,DATA_EXPIRED
669686ef2ff1b834b24f809c,668741fa31fac68797236ac1,RETURNED,Not Applicable,2024-07-16T14:42:59.536000Z,,,2024-09-06T15:37:58.619575Z,,,60,CONSENT_REVOKED,CONSENT_REVOKED,CONSENT_REVOKED,CONSENT_REVOKED,CONSENT_REVOKED,CONSENT_REVOKED,CONSENT_REVOKED,CONSENT_REVOKED,CONSENT_REVOKED
669686fc183b12e20b2a3616,6634676e7e1382ed37e18942,APPROVED,Not Applicable,2024-07-16T14:43:50.018000Z,2024-07-16T14:55:10.099000Z,2024-07-18T14:22:06.854000Z,2024-07-16T14:55:12.117057Z,681.0,75b53a55e8,266,32,Female,White,United States,United States,United States,English,No,Unemployed (and job seeking)
669687012ff1b834b24f80a4,664667f6a0697e6fa5a5447a,APPROVED,Not Applicable,2024-07-16T14:43:20.236000Z,2024-07-16T14:50:46.392000Z,2024-07-18T14:22:07.242000Z,2024-07-16T14:52:18.415543Z,447.0,75b53a55e8,23,30,Male,Other,United States,United States,United States,English,Yes,Full-Time
6696870f9f805323f46cde58,669519293719d01c2fdd1311,RETURNED,Not Applicable,2024-07-16T14:43:33.557000Z,,,2024-09-06T15:37:58.623597Z,,,245,CONSENT_REVOKED,CONSENT_REVOKED,CONSENT_REVOKED,CONSENT_REVOKED,CONSENT_REVOKED,CONSENT_REVOKED,CONSENT_REVOKED,CONSENT_REVOKED,CONSENT_REVOKED
669687230760b86f4dac7c9d,668bfff4c2ce3106a2dbf9b6,RETURNED,Not Applicable,2024-07-16T14:44:08.768000Z,,,2024-09-06T15:37:58.624572Z,,,207,CONSENT_REVOKED,CONSENT_REVOKED,CONSENT_REVOKED,CONSENT_REVOKED,CONSENT_REVOKED,CONSENT_REVOKED,CONSENT_REVOKED,CONSENT_REVOKED,CONSENT_REVOKED
6696875665a439480f6e667c,650701f8a16c8bb7f56b2002,RETURNED,Not Applicable,2024-07-16T14:44:43.101000Z,,,2024-09-06T15:37:58.625755Z,,,1065,CONSENT_REVOKED,CONSENT_REVOKED,CONSENT_REVOKED,CONSENT_REVOKED,CONSENT_REVOKED,CONSENT_REVOKED,CONSENT_REVOKED,CONSENT_REVOKED,CONSENT_REVOKED
6696876f4a7d13801c4a01e5,665c58c3f948d3e83dff8c8a,RETURNED,Not Applicable,2024-07-16T14:45:11.485000Z,2024-07-16T14:46:37.371000Z,,2024-09-06T15:37:58.628757Z,,NOCODE,67,CONSENT_REVOKED,CONSENT_REVOKED,CONSENT_REVOKED,CONSENT_REVOKED,CONSENT_REVOKED,CONSENT_REVOKED,CONSENT_REVOKED,CONSENT_REVOKED,CONSENT_REVOKED
6696877f78c33927692a8566,6633b5e471caa8a6640cd5d0,RETURNED,Not Applicable,2024-07-16T14:45:33.973000Z,,,2024-09-06T15:37:58.632785Z,,,338,CONSENT_REVOKED,CONSENT_REVOKED,CONSENT_REVOKED,CONSENT_REVOKED,CONSENT_REVOKED,CONSENT_REVOKED,CONSENT_REVOKED,CONSENT_REVOKED,CONSENT_REVOKED
6696878b723b1d444c37a07f,664654610af03706414a1322,APPROVED,Not Applicable,2024-07-16T14:45:39.512000Z,2024-07-16T15:08:16.835000Z,2024-07-18T14:22:07.642000Z,2024-07-16T15:08:17.545109Z,1358.0,75b53a55e8,83,28,Female,Black,United States,United States,United States,English,No,Unemployed (and job seeking)
6696879e3db98d98db40900f,5e2c9026f4a3052be159c494,APPROVED,Not Applicable,2024-07-16T14:45:57.761000Z,2024-07-16T14:54:43.828000Z,2024-07-18T14:22:07.985000Z,2024-07-16T14:54:45.224852Z,527.0,75b53a55e8,3729,32,Male,White,United States,United States,United States,English,No,DATA_EXPIRED
669687a02111b2c1bad8ed15,6444d251104d1e6caddd6eca,APPROVED,Not Applicable,2024-07-16T14:45:56.646000Z,2024-07-16T14:53:14.018000Z,2024-07-18T14:22:08.364000Z,2024-07-16T14:53:16.554392Z,438.0,75b53a55e8,35,31,Male,White,United States,United States,United States,English,No,Full-Time
669687b3400bb0cd3821ec83,6584799f35ef411a8fb9fdb6,RETURNED,Not Applicable,2024-07-16T14:46:21.223000Z,,,2024-09-06T15:37:58.635585Z,,,435,CONSENT_REVOKED,CONSENT_REVOKED,CONSENT_REVOKED,CONSENT_REVOKED,CONSENT_REVOKED,CONSENT_REVOKED,CONSENT_REVOKED,CONSENT_REVOKED,CONSENT_REVOKED
669687ba9985951426d8230b,66843aefb79dccb06ebfdeb1,APPROVED,Not Applicable,2024-07-16T14:46:27.770000Z,2024-07-16T14:59:03.036000Z,2024-07-18T14:22:08.786000Z,2024-07-16T14:59:03.792221Z,756.0,75b53a55e8,7,27,Male,Asian,China,United States,United States,Chinese,Yes,DATA_EXPIRED
669687c121660ec43260f049,667c73ff33cc883ce431cd3d,RETURNED,Not Applicable,2024-07-16T14:46:33.067000Z,,,2024-09-06T15:37:58.641961Z,,,138,CONSENT_REVOKED,CONSENT_REVOKED,CONSENT_REVOKED,CONSENT_REVOKED,CONSENT_REVOKED,CONSENT_REVOKED,CONSENT_REVOKED,CONSENT_REVOKED,CONSENT_REVOKED
669687c224123926348b70c1,63d3ff28c338c75425b282b9,RETURNED,Not Applicable,2024-07-16T14:46:32.698000Z,,,2024-09-06T15:37:58.639985Z,,,2236,CONSENT_REVOKED,CONSENT_REVOKED,CONSENT_REVOKED,CONSENT_REVOKED,CONSENT_REVOKED,CONSENT_REVOKED,CONSENT_REVOKED,CONSENT_REVOKED,CONSENT_REVOKED
669687c474de5842ace1fa3c,66957bfe3b92f8bad67edf73,RETURNED,Not Applicable,2024-07-16T14:46:35.993000Z,,,2024-09-06T15:37:58.639357Z,,,151,CONSENT_REVOKED,CONSENT_REVOKED,CONSENT_REVOKED,CONSENT_REVOKED,CONSENT_REVOKED,CONSENT_REVOKED,CONSENT_REVOKED,CONSENT_REVOKED,CONSENT_REVOKED
669687d72111b2c1bad8ed29,65650946622e86e14ebe50ea,APPROVED,Not Applicable,2024-07-16T14:46:51.353000Z,2024-07-16T14:53:21.036000Z,2024-07-18T14:22:09.110000Z,2024-07-16T14:53:22.791436Z,390.0,75b53a55e8,234,42,Female,Asian,Vietnam,United States,United States,English,DATA_EXPIRED,DATA_EXPIRED
669687e2db63db7609e86b24,667d62a0f766b37ba4ea0914,RETURNED,Not Applicable,2024-07-16T14:47:04.943000Z,,,2024-09-06T15:37:58.645317Z,,,119,CONSENT_REVOKED,CONSENT_REVOKED,CONSENT_REVOKED,CONSENT_REVOKED,CONSENT_REVOKED,CONSENT_REVOKED,CONSENT_REVOKED,CONSENT_REVOKED,CONSENT_REVOKED
669687eebef8682b5372365e,5d02c9be020a21001835c3b4,RETURNED,Not Applicable,2024-07-16T14:48:05.051000Z,,,2024-09-06T15:37:58.660872Z,,,3458,CONSENT_REVOKED,CONSENT_REVOKED,CONSENT_REVOKED,CONSENT_REVOKED,CONSENT_REVOKED,CONSENT_REVOKED,CONSENT_REVOKED,CONSENT_REVOKED,CONSENT_REVOKED
669687f2a18834df1acbb417,66901970cca0cda709292aa4,RETURNED,Not Applicable,2024-07-16T14:57:14.590000Z,,,2024-09-06T15:37:58.647528Z,,,213,CONSENT_REVOKED,CONSENT_REVOKED,CONSENT_REVOKED,CONSENT_REVOKED,CONSENT_REVOKED,CONSENT_REVOKED,CONSENT_REVOKED,CONSENT_REVOKED,CONSENT_REVOKED
66968837b395be77846bca5f,65009eacfd6f8c6bb8a3c4cc,APPROVED,Not Applicable,2024-07-16T14:48:27.874000Z,2024-07-16T14:52:50.738000Z,2024-07-18T14:22:09.618000Z,2024-07-16T14:52:54.061204Z,263.0,75b53a55e8,257,22,Male,White,United States,United States,United States,English,No,DATA_EXPIRED
6696883fe7cc14f22a4a3880,66952999d9daa03cfee0115f,APPROVED,Not Applicable,2024-07-16T14:48:41.207000Z,2024-07-16T14:52:39.963000Z,2024-07-18T14:22:10.018000Z,2024-07-16T14:52:40.729109Z,239.0,75b53a55e8,12,37,Male,White,United States,United States,United States,English,No,DATA_EXPIRED
6696884fefd1ea98fdf8923b,66924bc95c72455b31b5c5ac,RETURNED,Not Applicable,2024-07-16T14:48:54.332000Z,,,2024-09-06T15:37:58.650120Z,,,169,CONSENT_REVOKED,CONSENT_REVOKED,CONSENT_REVOKED,CONSENT_REVOKED,CONSENT_REVOKED,CONSENT_REVOKED,CONSENT_REVOKED,CONSENT_REVOKED,CONSENT_REVOKED
669688601b982eacf1e189dd,669535cc1fc32283d1408c2f,RETURNED,Not Applicable,2024-07-16T14:49:12.776000Z,,,2024-09-06T15:37:58.651050Z,,,85,CONSENT_REVOKED,CONSENT_REVOKED,CONSENT_REVOKED,CONSENT_REVOKED,CONSENT_REVOKED,CONSENT_REVOKED,CONSENT_REVOKED,CONSENT_REVOKED,CONSENT_REVOKED
6696888c17a96d6d0ec8abb5,668edfe4e6fc8f4b65e9531e,APPROVED,Not Applicable,2024-07-16T14:49:53.167000Z,2024-07-16T14:58:12.682000Z,2024-07-18T14:22:10.409000Z,2024-07-16T14:58:13.517365Z,500.0,75b53a55e8,29,32,Female,White,United States,United States,United States,English,No,"Not in paid work (e.g. homemaker', 'retired or disabled)"
669688abc8fe78dea9dfc734,666775aeaff08da8a359a0ba,RETURNED,Not Applicable,2024-07-16T14:50:26.205000Z,,,2024-09-06T15:37:58.658714Z,,,289,CONSENT_REVOKED,CONSENT_REVOKED,CONSENT_REVOKED,CONSENT_REVOKED,CONSENT_REVOKED,CONSENT_REVOKED,CONSENT_REVOKED,CONSENT_REVOKED,CONSENT_REVOKED
669688bb3827850d6b8a0c56,6691c8eb250cdadffd5da03e,APPROVED,Not Applicable,2024-07-16T14:50:41.253000Z,2024-07-16T14:54:57.608000Z,2024-08-06T00:02:18.791000Z,2024-07-16T14:54:58.426438Z,257.0,NOCODE,7,48,Female,White,United States,United States,United States,French,No,Part-Time
669688c8e691665ef49ba2a1,666a34cd0e31f96a55ce2fe1,RETURNED,Not Applicable,2024-07-16T14:50:54.519000Z,,,2024-09-06T15:37:58.655970Z,,,164,CONSENT_REVOKED,CONSENT_REVOKED,CONSENT_REVOKED,CONSENT_REVOKED,CONSENT_REVOKED,CONSENT_REVOKED,CONSENT_REVOKED,CONSENT_REVOKED,CONSENT_REVOKED
669688faf6d71e0e1e793cfb,660de9ab331574164db5d770,RETURNED,Not Applicable,2024-07-16T14:52:46.020000Z,,,2024-09-06T15:37:58.659878Z,,,89,CONSENT_REVOKED,CONSENT_REVOKED,CONSENT_REVOKED,CONSENT_REVOKED,CONSENT_REVOKED,CONSENT_REVOKED,CONSENT_REVOKED,CONSENT_REVOKED,CONSENT_REVOKED
669688fcabd0d9cb2b1b6cbc,664cda13124e3ad6e6276c49,RETURNED,Not Applicable,2024-07-16T14:51:51.494000Z,,,2024-09-06T15:37:58.659626Z,,,318,CONSENT_REVOKED,CONSENT_REVOKED,CONSENT_REVOKED,CONSENT_REVOKED,CONSENT_REVOKED,CONSENT_REVOKED,CONSENT_REVOKED,CONSENT_REVOKED,CONSENT_REVOKED
66968902c72dadb46829bcd8,6689996936b52c2937a6172d,REJECTED,Not Applicable,2024-07-16T14:51:51.602000Z,2024-07-16T14:52:15.800000Z,2024-07-17T15:20:56.771000Z,2024-09-06T15:37:58.663951Z,25.0,NOCODE,160,CONSENT_REVOKED,CONSENT_REVOKED,CONSENT_REVOKED,CONSENT_REVOKED,CONSENT_REVOKED,CONSENT_REVOKED,CONSENT_REVOKED,CONSENT_REVOKED,CONSENT_REVOKED
66968910818e00114d577d37,6672c0a7168246028052d022,APPROVED,Not Applicable,2024-07-16T14:52:17.381000Z,2024-07-16T15:19:39.549000Z,2024-07-18T14:22:10.806000Z,2024-07-16T15:20:14.425107Z,1643.0,75b53a55e8,11,21,Male,Mixed,Ghana,United States,United States,English,DATA_EXPIRED,DATA_EXPIRED
66968916d86bba340d05cf5c,6600c0b08f68f313132f20e1,APPROVED,Not Applicable,2024-07-16T14:52:11.768000Z,2024-07-16T15:10:26.984000Z,2024-07-18T14:22:11.252000Z,2024-07-16T15:10:27.611782Z,1096.0,75b53a55e8,249,46,Female,White,United States,United States,United States,English,No,Full-Time
66968917cc574cc50f1e3c6f,61548e103213611528722709,APPROVED,Not Applicable,2024-07-16T14:52:15.319000Z,2024-07-16T14:57:36.626000Z,2024-07-18T14:22:11.700000Z,2024-07-16T14:57:37.184273Z,322.0,75b53a55e8,4346,25,Male,Asian,United States,United States,United States,English,DATA_EXPIRED,DATA_EXPIRED
66968919edb5eed5bee857ad,63e529b38a27ffb9ee6088cd,RETURNED,Not Applicable,2024-07-16T14:52:15.994000Z,,,2024-09-06T15:37:58.664961Z,,,84,CONSENT_REVOKED,CONSENT_REVOKED,CONSENT_REVOKED,CONSENT_REVOKED,CONSENT_REVOKED,CONSENT_REVOKED,CONSENT_REVOKED,CONSENT_REVOKED,CONSENT_REVOKED
66968927185a715f072db876,66919c4eedd2622f923b0a27,APPROVED,Not Applicable,2024-07-16T14:52:29.081000Z,2024-07-16T14:59:28.546000Z,2024-07-18T14:22:12.031000Z,2024-07-16T14:59:29.049855Z,420.0,75b53a55e8,34,59,Male,White,United States,United States,United States,English,No,DATA_EXPIRED
6696892aa4dc5737604a0290,5ba4057af0741400010637b9,APPROVED,Not Applicable,2024-07-16T14:52:32.568000Z,2024-07-16T15:00:37.138000Z,2024-07-18T14:22:12.377000Z,2024-07-16T15:00:37.859758Z,485.0,75b53a55e8,3143,61,Female,White,United States,United States,United States,English,DATA_EXPIRED,DATA_EXPIRED
6696892de1bc4b58da3a4ebf,668ac190d5812c5acb87b6f7,RETURNED,Not Applicable,2024-07-16T14:52:44.166000Z,,,2024-09-06T15:37:58.667277Z,,,84,CONSENT_REVOKED,CONSENT_REVOKED,CONSENT_REVOKED,CONSENT_REVOKED,CONSENT_REVOKED,CONSENT_REVOKED,CONSENT_REVOKED,CONSENT_REVOKED,CONSENT_REVOKED
6696893a7a72641afe962d5f,6695376bc67a3ddcfb778ca9,RETURNED,Not Applicable,2024-07-16T14:52:57.837000Z,,,2024-09-06T15:37:58.667928Z,,,262,CONSENT_REVOKED,CONSENT_REVOKED,CONSENT_REVOKED,CONSENT_REVOKED,CONSENT_REVOKED,CONSENT_REVOKED,CONSENT_REVOKED,CONSENT_REVOKED,CONSENT_REVOKED
66968953efd1ea98fdf89270,6112e8cb6a60ae866f92a12a,APPROVED,Not Applicable,2024-07-16T14:53:18.778000Z,2024-07-16T14:57:42.552000Z,2024-07-18T14:22:12.695000Z,2024-07-16T14:57:43.823432Z,264.0,75b53a55e8,424,21,Male,Asian,United States,United States,United States,English,Yes,DATA_EXPIRED
6696896444f4113bb57c5928,5c0fa2324324e80001c951c9,APPROVED,Not Applicable,2024-07-16T14:53:32.255000Z,2024-07-16T15:00:40.026000Z,2024-07-18T14:22:13.007000Z,2024-07-16T15:00:40.919942Z,428.0,75b53a55e8,3849,38,Female,White,United States,United States,United States,English,No,Full-Time
6696896d8d2cc56fcbec42c2,636719fd55675ab71c8d97fd,APPROVED,Not Applicable,2024-07-16T14:53:49.430000Z,2024-07-16T15:07:08.140000Z,2024-07-18T14:22:13.374000Z,2024-07-16T15:07:08.632047Z,799.0,75b53a55e8,674,32,Male,Other,United States,United States,United States,English,DATA_EXPIRED,Full-Time
6696897ce7cc14f22a4a38dd,6632e5e41f3afd573a1d88ca,APPROVED,Not Applicable,2024-07-16T14:54:05.387000Z,2024-07-16T15:01:26.924000Z,2024-07-18T14:22:13.672000Z,2024-07-16T15:01:28.545957Z,442.0,75b53a55e8,48,50,Female,White,United States,United States,United States,English,No,Full-Time
6696898f68d5ca56043eb8b3,6633a826d3932c5527ab4295,APPROVED,Not Applicable,2024-07-16T14:54:45.885000Z,2024-07-16T15:19:10.606000Z,2024-07-18T14:22:14.096000Z,2024-07-16T15:20:06.403270Z,1465.0,75b53a55e8,108,53,Female,White,United States,United States,United States,English,DATA_EXPIRED,DATA_EXPIRED
669689ab0703d19c18b6cf1b,665a2c1ceb0ce5fb9258aac4,APPROVED,Not Applicable,2024-07-16T14:54:46.098000Z,2024-07-16T15:00:27.959000Z,2024-07-18T14:22:14.552000Z,2024-07-16T15:00:28.584677Z,342.0,75b53a55e8,67,20,Male,Asian,United States,United States,United States,English,Yes,DATA_EXPIRED
669689ab92eff52581a84ca4,6660f30d9cab7604513cf59b,RETURNED,Not Applicable,2024-07-16T14:54:55.284000Z,,,2024-09-06T15:37:58.676721Z,,,316,CONSENT_REVOKED,CONSENT_REVOKED,CONSENT_REVOKED,CONSENT_REVOKED,CONSENT_REVOKED,CONSENT_REVOKED,CONSENT_REVOKED,CONSENT_REVOKED,CONSENT_REVOKED
669689ac0703d19c18b6cf1e,664bae9ae5900c0b842196f2,APPROVED,Not Applicable,2024-07-16T14:54:50.621000Z,2024-07-16T15:03:50.627000Z,2024-07-18T14:22:15.026000Z,2024-07-16T15:05:32.219356Z,541.0,75b53a55e8,75,45,Male,White,United States,United States,United States,English,No,DATA_EXPIRED
669689c42c6fa01329359f8b,6155b9c45f96867d9d9631fd,APPROVED,Not Applicable,2024-07-16T14:55:12.376000Z,2024-07-16T15:07:09.632000Z,2024-07-18T14:22:15.843000Z,2024-07-16T15:07:10.386989Z,718.0,75b53a55e8,1818,31,Female,White,United States,United States,United States,English,DATA_EXPIRED,DATA_EXPIRED
669689d2ccc0a2dd782090ef,5aa81ccd1eda41000136eaec,RETURNED,Not Applicable,2024-07-16T14:55:18.547000Z,,,2024-09-06T15:37:58.676325Z,,,880,CONSENT_REVOKED,CONSENT_REVOKED,CONSENT_REVOKED,CONSENT_REVOKED,CONSENT_REVOKED,CONSENT_REVOKED,CONSENT_REVOKED,CONSENT_REVOKED,CONSENT_REVOKED
669689d5f1c66bfe22d00615,60e7fc4d86d580c1cb232d5a,APPROVED,Not Applicable,2024-07-16T14:55:21.661000Z,2024-07-16T15:00:41.042000Z,2024-07-18T14:22:16.242000Z,2024-07-16T15:00:41.787561Z,320.0,75b53a55e8,283,36,Male,White,United States,United States,United States,English,No,DATA_EXPIRED
669689dfc3b27d61c4b79ee6,6693e8330cbd52bc4cbf892d,APPROVED,Not Applicable,2024-07-16T14:55:35.855000Z,2024-07-16T15:05:24.770000Z,2024-07-18T14:22:16.773000Z,2024-07-16T15:05:47.496195Z,589.0,75b53a55e8,10,26,Female,Black,Ghana,United States,United States,English,DATA_EXPIRED,DATA_EXPIRED
669689e125063d77484e7a8b,668959a7ecf71cb66cf9768a,RETURNED,Not Applicable,2024-07-16T14:55:33.770000Z,,,2024-09-06T15:37:58.679624Z,,,74,CONSENT_REVOKED,CONSENT_REVOKED,CONSENT_REVOKED,CONSENT_REVOKED,CONSENT_REVOKED,CONSENT_REVOKED,CONSENT_REVOKED,CONSENT_REVOKED,CONSENT_REVOKED
669689e760608bb9810920e3,668d08202c64c06fc4c0fbd6,APPROVED,Not Applicable,2024-07-16T14:55:43.853000Z,2024-07-16T15:10:10.286000Z,2024-07-18T14:22:17.174000Z,2024-07-16T15:10:11.993222Z,867.0,75b53a55e8,114,40,Female,White,United States,United States,United States,English,No,DATA_EXPIRED
669689e818289cb9863cedb2,669479d00f2ca2c4b0533644,RETURNED,Not Applicable,2024-07-16T14:55:43.616000Z,,,2024-09-06T15:37:58.682178Z,,,84,CONSENT_REVOKED,CONSENT_REVOKED,CONSENT_REVOKED,CONSENT_REVOKED,CONSENT_REVOKED,CONSENT_REVOKED,CONSENT_REVOKED,CONSENT_REVOKED,CONSENT_REVOKED
669689f5794f5aaab8be91df,669424e6b661e0a098ec66a4,APPROVED,Not Applicable,2024-07-16T15:01:51.414000Z,2024-07-16T15:25:20.328000Z,2024-07-18T14:22:17.712000Z,2024-07-16T15:25:21.109871Z,1409.0,75b53a55e8,4,42,Male,White,United States,United States,United States,English,No,Full-Time
669689f6965498a9979091cd,6174172f47b271984e0a31c6,APPROVED,Not Applicable,2024-07-16T14:55:56.845000Z,2024-07-16T15:01:51.678000Z,2024-07-18T14:22:18.071000Z,2024-07-16T15:01:52.439681Z,355.0,75b53a55e8,611,53,Female,White,United States,United States,United States,English,No,Part-Time
669689fea53f7d50a0be91de,667d754cce398ea4846162c7,APPROVED,Not Applicable,2024-07-16T14:56:03.105000Z,2024-07-16T15:02:41.773000Z,2024-07-18T14:22:18.439000Z,2024-07-16T15:05:14.328099Z,399.0,75b53a55e8,21,43,Male,White,United States,United States,United States,English,No,Full-Time
66968a1c92c5c6dde6bf0638,6679af725f681821b6bc1328,APPROVED,Not Applicable,2024-07-16T14:56:36.255000Z,2024-07-16T15:02:01.276000Z,2024-07-18T14:22:18.915000Z,2024-07-16T15:02:01.951396Z,326.0,75b53a55e8,59,31,Male,White,United States,United States,United States,English,Yes,DATA_EXPIRED
66968a1c96fddc122bcaf1a2,661b24165c8e4d85787325a3,RETURNED,Not Applicable,2024-07-16T14:56:33.315000Z,,,2024-09-06T15:37:58.683543Z,,,139,CONSENT_REVOKED,CONSENT_REVOKED,CONSENT_REVOKED,CONSENT_REVOKED,CONSENT_REVOKED,CONSENT_REVOKED,CONSENT_REVOKED,CONSENT_REVOKED,CONSENT_REVOKED
66968a1cea58db19e2e3365b,65e3321b89bd7513faa0cb76,TIMED-OUT,Not Applicable,2024-07-16T14:56:58.762000Z,,,2024-09-06T15:37:58.687029Z,4495261.0,,830,26,Male,Black,Nigeria,United States,United States,English,DATA_EXPIRED,DATA_EXPIRED
66968a1d3a45c2fc4f6d832b,5cf4554205346a000160f049,RETURNED,Not Applicable,2024-07-16T14:56:35.704000Z,,,2024-09-06T15:37:58.698645Z,,,128,CONSENT_REVOKED,CONSENT_REVOKED,CONSENT_REVOKED,CONSENT_REVOKED,CONSENT_REVOKED,CONSENT_REVOKED,CONSENT_REVOKED,CONSENT_REVOKED,CONSENT_REVOKED
66968a1ed64642709d06a3c9,61fa904ed42cb19beec490d9,APPROVED,Not Applicable,2024-07-16T14:56:37.060000Z,2024-07-16T15:06:37.122000Z,2024-07-18T14:22:19.205000Z,2024-07-16T15:06:37.812501Z,601.0,75b53a55e8,3041,50,Male,White,United States,United States,United States,English,No,"Not in paid work (e.g. homemaker', 'retired or disabled)"
66968a2f25063d77484e7a9f,6695464216431c1f53258e98,RETURNED,Not Applicable,2024-07-16T14:56:52.999000Z,,,2024-09-06T15:37:58.691312Z,,,206,CONSENT_REVOKED,CONSENT_REVOKED,CONSENT_REVOKED,CONSENT_REVOKED,CONSENT_REVOKED,CONSENT_REVOKED,CONSENT_REVOKED,CONSENT_REVOKED,CONSENT_REVOKED
66968a39597dc6f962d054e1,60ff1c72c1a37791bb5e1c7a,APPROVED,Not Applicable,2024-07-16T14:57:01.239000Z,2024-07-16T15:06:44.338000Z,2024-07-18T14:22:19.525000Z,2024-07-16T15:06:44.982680Z,584.0,75b53a55e8.,1588,21,Male,DATA_EXPIRED,United States,United States,United States,English,DATA_EXPIRED,Unemployed (and job seeking)
66968a3f568473d29ee71703,65786a6b1b6fc0068d00f593,RETURNED,Not Applicable,2024-07-16T14:57:07.745000Z,,,2024-09-06T15:37:58.699404Z,,,798,CONSENT_REVOKED,CONSENT_REVOKED,CONSENT_REVOKED,CONSENT_REVOKED,CONSENT_REVOKED,CONSENT_REVOKED,CONSENT_REVOKED,CONSENT_REVOKED,CONSENT_REVOKED
66968a4152d7ab968acef5a9,665fe1a6172b55ef78d5256d,APPROVED,Not Applicable,2024-07-16T14:57:10.623000Z,2024-07-16T15:02:34.489000Z,2024-07-18T14:22:19.882000Z,2024-07-16T15:02:34.998328Z,324.0,75b53a55e8,98,24,Male,Mixed,United States,United States,United States,English,No,Full-Time
66968a481e05b3fcad601051,666c3100634cc2e1573b54e0,RETURNED,Not Applicable,2024-07-16T14:57:33.758000Z,,,2024-09-06T15:37:58.703245Z,,,108,CONSENT_REVOKED,CONSENT_REVOKED,CONSENT_REVOKED,CONSENT_REVOKED,CONSENT_REVOKED,CONSENT_REVOKED,CONSENT_REVOKED,CONSENT_REVOKED,CONSENT_REVOKED
66968a4888950703a11f50f8,65366fac14a02ad857b2b94e,APPROVED,Not Applicable,2024-07-16T14:57:55.957000Z,2024-07-16T15:05:16.990000Z,2024-07-18T14:22:20.441000Z,2024-07-16T15:05:44.799138Z,442.0,75b53a55e8,1549,36,Male,White,United States,United States,United States,English,No,Full-Time
66968a5cb6de7201c2aee4c5,66685fb6233a029391bc2269,RETURNED,Not Applicable,2024-07-16T15:06:14.192000Z,,,2024-09-06T15:37:58.705636Z,,,199,CONSENT_REVOKED,CONSENT_REVOKED,CONSENT_REVOKED,CONSENT_REVOKED,CONSENT_REVOKED,CONSENT_REVOKED,CONSENT_REVOKED,CONSENT_REVOKED,CONSENT_REVOKED
66968a5d705561dfc4fba21c,589a46af57995d0001a8a03a,APPROVED,Not Applicable,2024-07-16T14:57:36.846000Z,2024-07-16T15:01:59.472000Z,2024-07-18T14:22:21.297000Z,2024-07-16T15:02:00.104797Z,263.0,75b53a55e8,4859,44,Female,White,United States,United States,United States,English,DATA_EXPIRED,DATA_EXPIRED
66968a74516607dc638f2897,6694066fe0a8b35901c88b3e,APPROVED,Not Applicable,2024-07-16T14:58:08.426000Z,2024-07-16T15:19:21.917000Z,2024-07-18T14:22:21.641000Z,2024-07-16T15:20:08.510140Z,1274.0,75b53a55e8,24,30,Female,Black,DATA_EXPIRED,United States,United States,English,DATA_EXPIRED,DATA_EXPIRED
66968a7a82a1944bd5ad36d6,5aa2dcf36219a30001f57b7e,APPROVED,Not Applicable,2024-07-16T14:58:07.951000Z,2024-07-16T15:04:33.105000Z,2024-07-18T14:22:21.912000Z,2024-07-16T15:05:37.861472Z,386.0,75b53a55e8,73,45,Male,DATA_EXPIRED,United States,United States,United States,English,No,DATA_EXPIRED
66968a7b1310b918866d253f,668ce2077d3fb478d9a3a843,RETURNED,Not Applicable,2024-07-16T14:58:15.006000Z,,,2024-09-06T15:37:58.709360Z,,,114,CONSENT_REVOKED,CONSENT_REVOKED,CONSENT_REVOKED,CONSENT_REVOKED,CONSENT_REVOKED,CONSENT_REVOKED,CONSENT_REVOKED,CONSENT_REVOKED,CONSENT_REVOKED
66968a81738e48e78c83c09d,631b8852e29b89b2a4a7fae9,APPROVED,Not Applicable,2024-07-16T14:58:12.886000Z,2024-07-16T15:05:05.681000Z,2024-07-18T14:22:22.238000Z,2024-07-16T15:05:42.944199Z,413.0,75b53a55e8,1538,26,Male,White,United States,United States,United States,English,No,Full-Time
66968a88783873b6c5fa10c0,65b665beb71112daa56760b7,RETURNED,Not Applicable,2024-07-16T14:58:53.846000Z,,,2024-09-06T15:37:58.710403Z,,,247,CONSENT_REVOKED,CONSENT_REVOKED,CONSENT_REVOKED,CONSENT_REVOKED,CONSENT_REVOKED,CONSENT_REVOKED,CONSENT_REVOKED,CONSENT_REVOKED,CONSENT_REVOKED
66968a8b9d1d4680a893a442,631f7e30612b0bfe3a4e3819,RETURNED,Not Applicable,2024-07-16T14:58:27.023000Z,,,2024-09-06T15:37:58.716262Z,,,321,CONSENT_REVOKED,CONSENT_REVOKED,CONSENT_REVOKED,CONSENT_REVOKED,CONSENT_REVOKED,CONSENT_REVOKED,CONSENT_REVOKED,CONSENT_REVOKED,CONSENT_REVOKED
66968a9fd0c734d42910410c,663a5c3dbd43282a77e68a89,APPROVED,Not Applicable,2024-07-16T14:58:43.616000Z,2024-07-16T15:05:28.172000Z,2024-07-18T14:22:22.586000Z,2024-07-16T15:05:48.037624Z,405.0,75b53a55e8,228,37,Female,White,United States,United States,United States,English,No,Full-Time
66968ab35b06ea70482283ba,667859f6dcaa63af2cecc312,APPROVED,Not Applicable,2024-07-16T14:59:03.902000Z,2024-07-16T15:18:59.229000Z,2024-07-18T14:22:23.036000Z,2024-07-16T15:19:59.647664Z,1196.0,75b53a55e8,68,28,Male,Mixed,Ghana,United States,United States,English,DATA_EXPIRED,DATA_EXPIRED
66968ab9474f4fcaa4dac347,6657b643fdbc8d1963818ac3,APPROVED,Not Applicable,2024-07-16T14:59:09.598000Z,2024-07-16T15:05:55.169000Z,2024-07-18T14:22:23.474000Z,2024-07-16T15:05:55.808725Z,406.0,75b53a55e8,232,33,Female,White,United States,United States,United States,English,No,Full-Time
66968af8c2bd153d7fae45d5,663153485ed0dbb32f0c86e0,APPROVED,Not Applicable,2024-07-16T15:00:12.046000Z,2024-07-16T15:05:33.740000Z,2024-07-18T14:22:23.855000Z,2024-07-16T15:05:49.137115Z,322.0,75b53a55e8,122,33,Female,Asian,United States,United States,United States,Korean,No,Full-Time
66968afc596cac46d9de9ed5,666436dd6bae8488eb78b105,APPROVED,Not Applicable,2024-07-16T15:00:23.471000Z,2024-07-16T15:09:04.383000Z,2024-07-18T14:22:24.135000Z,2024-07-16T15:09:05.330623Z,521.0,75b53a55e8,6,23,Female,Mixed,Ghana,United States,United States,English,No,Full-Time
66968afc955d6ee49a76c29b,5d77f95590745d000195a0b2,RETURNED,Not Applicable,2024-07-16T15:00:16.665000Z,,,2024-09-06T15:37:58.717103Z,,,473,CONSENT_REVOKED,CONSENT_REVOKED,CONSENT_REVOKED,CONSENT_REVOKED,CONSENT_REVOKED,CONSENT_REVOKED,CONSENT_REVOKED,CONSENT_REVOKED,CONSENT_REVOKED
66968b0321f8b0a4a5cf7643,66955d5f4a209fc719999c97,RETURNED,Not Applicable,2024-07-16T15:00:32.413000Z,,,2024-09-06T15:37:58.719052Z,,,124,CONSENT_REVOKED,CONSENT_REVOKED,CONSENT_REVOKED,CONSENT_REVOKED,CONSENT_REVOKED,CONSENT_REVOKED,CONSENT_REVOKED,CONSENT_REVOKED,CONSENT_REVOKED
66968b10446291a1881eb108,6108681f9a9d64d888b9addb,APPROVED,Not Applicable,2024-07-16T15:00:36.576000Z,2024-07-16T15:06:00.955000Z,2024-07-18T14:22:24.610000Z,2024-07-16T15:06:01.663320Z,325.0,75b53a55e8,906,22,Female,Other,United States,United States,United States,English,Yes,Full-Time
66968b1272ef4f194d43da63,629e1261dc860cbee1a8be12,RETURNED,Not Applicable,2024-07-16T15:00:42.154000Z,,,2024-09-06T15:37:58.722157Z,,,5417,CONSENT_REVOKED,CONSENT_REVOKED,CONSENT_REVOKED,CONSENT_REVOKED,CONSENT_REVOKED,CONSENT_REVOKED,CONSENT_REVOKED,CONSENT_REVOKED,CONSENT_REVOKED
66968b21d7b96ad650f34044,664cfa1d8becbafd68ad7e2b,APPROVED,Not Applicable,2024-07-16T15:00:52.146000Z,2024-07-16T15:09:20.484000Z,2024-07-18T14:22:25.005000Z,2024-07-16T15:09:22.330952Z,509.0,75b53a55e8,5,23,Female,White,DATA_EXPIRED,United States,United States,English,DATA_EXPIRED,Full-Time
66968b24705561dfc4fba245,6564b279c75a09e2e42f9550,APPROVED,Not Applicable,2024-07-16T15:00:55.800000Z,2024-07-16T15:11:56.125000Z,2024-07-18T14:22:25.318000Z,2024-07-16T15:11:56.724270Z,661.0,75b53a55e8,630,29,Female,Black,United States,United States,United States,English,DATA_EXPIRED,DATA_EXPIRED
66968b3ae6dca590e07620e7,66967eb4484162b60c5f2f75,TIMED-OUT,Not Applicable,2024-07-16T15:01:27.413000Z,,,2024-09-06T15:37:58.725476Z,4494992.0,,1,30,Male,White,United States,United States,United States,English,DATA_EXPIRED,DATA_EXPIRED
66968b462435cf5ca19b690a,6172f296fd04a01c4e962bef,APPROVED,Not Applicable,2024-07-16T15:01:33.165000Z,2024-07-16T15:06:02.844000Z,2024-07-18T14:22:25.642000Z,2024-07-16T15:06:03.548200Z,270.0,75b53a55e8,700,21,Male,White,United States,United States,United States,English,Yes,Part-Time
66968b4d625c6ad283359fca,669475d387d34b7b420c6410,APPROVED,Not Applicable,2024-07-16T15:01:36.675000Z,2024-07-16T15:09:35.054000Z,2024-07-18T14:22:25.911000Z,2024-07-16T15:09:36.365481Z,479.0,75b53a55e8,20,30,Male,White,United States,United States,United States,English,No,Full-Time
66968b4e60608bb98109212d,662942298bc71e33a4250e33,APPROVED,Not Applicable,2024-07-16T15:01:41.506000Z,2024-07-16T15:17:06.296000Z,2024-07-18T14:22:26.299000Z,2024-07-16T15:19:35.192129Z,925.0,75b53a55e8,57,52,Female,White,United States,United States,United States,English,No,Part-Time
66968b500a669cc63e3c83a9,6692c523dece52b3d6569b9a,APPROVED,Not Applicable,2024-07-16T15:01:41.327000Z,2024-07-16T15:15:30.192000Z,2024-07-18T14:22:26.602000Z,2024-07-16T15:15:30.839876Z,829.0,75b53a55e8,19,40,Male,Asian,United States,United States,United States,English,Yes,Full-Time
66968b54fdf034881b20e357,6645ed3edd1e2b9dfae36658,RETURNED,Not Applicable,2024-07-16T15:11:40.617000Z,,,2024-09-06T15:37:58.728410Z,,,61,CONSENT_REVOKED,CONSENT_REVOKED,CONSENT_REVOKED,CONSENT_REVOKED,CONSENT_REVOKED,CONSENT_REVOKED,CONSENT_REVOKED,CONSENT_REVOKED,CONSENT_REVOKED
66968b5e5b06ea70482283d8,60f59dfcc7f2c3ebb0307926,APPROVED,Not Applicable,2024-07-16T15:01:53.929000Z,2024-07-16T15:06:39.655000Z,2024-07-18T14:22:26.917000Z,2024-07-16T15:06:40.360884Z,286.0,75b53a55e8,1855,24,Male,Asian,United States,United States,United States,Gujarati,Yes,Other
66968b631e1940bbb4e06767,668d3c9b5a1fdcb0d80c3d2f,APPROVED,Not Applicable,2024-07-16T15:02:23.905000Z,2024-07-21T21:20:48.454000Z,2024-07-21T21:20:49.676000Z,2024-07-21T21:20:49.821028Z,454705.0,Manual Completion,48,42,Male,Black,Nigeria,United States,United States,English,No,Full-Time
66968b6680da9079904c0a8c,5c2805401d4eb70001177bfc,RETURNED,Not Applicable,2024-07-16T15:02:03.862000Z,,,2024-09-06T15:37:58.729040Z,,,2738,CONSENT_REVOKED,CONSENT_REVOKED,CONSENT_REVOKED,CONSENT_REVOKED,CONSENT_REVOKED,CONSENT_REVOKED,CONSENT_REVOKED,CONSENT_REVOKED,CONSENT_REVOKED
66968b775ca9affce260109d,668eeab24bd7447a7208168d,RETURNED,Not Applicable,2024-07-16T15:04:06.448000Z,,,2024-09-06T15:37:58.731667Z,,,221,CONSENT_REVOKED,CONSENT_REVOKED,CONSENT_REVOKED,CONSENT_REVOKED,CONSENT_REVOKED,CONSENT_REVOKED,CONSENT_REVOKED,CONSENT_REVOKED,CONSENT_REVOKED
66968b7b8048534ce87e898f,5fd1010738899d00096e8802,APPROVED,Not Applicable,2024-07-16T15:02:22.618000Z,2024-07-16T15:06:00.651000Z,2024-07-18T14:22:27.269000Z,2024-07-16T15:06:01.229132Z,219.0,75b53a55e8,1197,26,Male,White,United States,United States,United States,English,No,Full-Time
66968b8b0eaaae01059716bd,5d5464629b7c4e000188782d,APPROVED,Not Applicable,2024-07-16T15:02:39.533000Z,2024-07-16T15:10:35.003000Z,2024-07-18T14:22:27.546000Z,2024-07-16T15:10:36.167052Z,476.0,75b53a55e8,1928,41,Female,Other,United States,United States,United States,English,No,Other
66968b8d5b06ea70482283e2,655fd9d5bb03869d53e75f4e,APPROVED,Not Applicable,2024-07-16T15:02:41.382000Z,2024-07-16T15:12:13.699000Z,2024-07-18T14:22:27.891000Z,2024-07-16T15:12:14.269220Z,573.0,75b53a55e8,596,23,Female,Asian,Nepal,United States,United States,Nepali,DATA_EXPIRED,Full-Time
66968b8e07be937676ec432e,6282486284f992485dcdf4ea,APPROVED,Not Applicable,2024-07-16T15:02:45.758000Z,2024-07-16T15:08:21.516000Z,2024-07-18T14:22:28.298000Z,2024-07-16T15:08:22.245120Z,336.0,75b53a55e8,1996,29,Female,White,United States,United States,United States,English,No,DATA_EXPIRED
66968b90f50bdf1a1c031528,668e9dc336d88c22d32f77a4,RETURNED,Not Applicable,2024-07-16T15:02:51.024000Z,,,2024-09-06T15:37:58.736438Z,,,321,CONSENT_REVOKED,CONSENT_REVOKED,CONSENT_REVOKED,CONSENT_REVOKED,CONSENT_REVOKED,CONSENT_REVOKED,CONSENT_REVOKED,CONSENT_REVOKED,CONSENT_REVOKED
66968b92b835c6dd3c831aa7,66914fcb2c63981b064e11b1,APPROVED,Not Applicable,2024-07-16T15:02:49.529000Z,2024-07-16T15:11:41.571000Z,2024-07-18T14:22:28.675000Z,2024-07-16T15:11:42.245574Z,533.0,75b53a55e8,25,19,Female,White,United States,United States,United States,English,Yes,Part-Time
66968b95cd377f7517d45248,59107216127b0b00011fabea,APPROVED,Not Applicable,2024-07-16T15:02:45.836000Z,2024-07-16T15:08:11.024000Z,2024-07-18T14:22:29.033000Z,2024-07-16T15:08:11.494446Z,326.0,75b53a55e8,3199,34,Female,Asian,United States,United States,United States,English,No,Full-Time
66968b96ca96e7c676ba240c,6693dcc036e902f9b4a9ff4b,APPROVED,Not Applicable,2024-07-16T15:02:54.007000Z,2024-07-16T15:14:25.482000Z,2024-07-18T14:22:29.466000Z,2024-07-16T15:14:26.152011Z,692.0,75b53a55e8,11,45,Male,White,United States,United States,United States,English,No,Full-Time
66968b9863a4a9ad6a59785c,5b92b49921e7200001f530a0,APPROVED,Not Applicable,2024-07-16T15:03:39.323000Z,2024-07-16T15:15:30.889000Z,2024-07-18T14:22:29.769000Z,2024-07-16T15:15:31.452753Z,712.0,75b53a55e8,3535,30,Female,White,United States,United States,United States,English,DATA_EXPIRED,DATA_EXPIRED
66968b9a529daa67b3cef5eb,5d0943bf52fb1200194137f5,RETURNED,Not Applicable,2024-07-16T15:02:55.153000Z,,,2024-09-06T15:37:58.736887Z,,,3489,CONSENT_REVOKED,CONSENT_REVOKED,CONSENT_REVOKED,CONSENT_REVOKED,CONSENT_REVOKED,CONSENT_REVOKED,CONSENT_REVOKED,CONSENT_REVOKED,CONSENT_REVOKED
66968ba1372926a5931bca8d,623a4d7294028cfe9638272f,APPROVED,Not Applicable,2024-07-16T15:03:01.920000Z,2024-07-16T15:15:38.209000Z,2024-07-18T14:22:30.146000Z,2024-07-16T15:15:39.683832Z,757.0,75b53a55e8,4682,56,Female,White,United States,United States,United States,English,No,Part-Time
66968ba32a5aa8299844ef0c,63b82398bbe6a599972413ad,APPROVED,Not Applicable,2024-07-16T15:03:03.629000Z,2024-07-16T15:09:13.933000Z,2024-07-18T14:22:30.552000Z,2024-07-16T15:09:14.866018Z,371.0,75b53a55e8,1273,46,Female,White,United States,United States,United States,English,No,Full-Time
66968bb96f7546ee549f0c3b,66461b42c96ee6c5a414f1a0,APPROVED,Not Applicable,2024-07-16T15:03:25.839000Z,2024-07-16T15:10:20.809000Z,2024-07-18T14:22:30.921000Z,2024-07-16T15:10:21.454590Z,415.0,75b53a55e8,85,29,Female,Mixed,United States,United States,United States,English,No,Part-Time
66968bbbb6621922c15a2205,6693cf72c57e3523e7ce8ec3,RETURNED,Not Applicable,2024-07-16T15:03:28.567000Z,,,2024-09-06T15:37:58.740780Z,,,117,CONSENT_REVOKED,CONSENT_REVOKED,CONSENT_REVOKED,CONSENT_REVOKED,CONSENT_REVOKED,CONSENT_REVOKED,CONSENT_REVOKED,CONSENT_REVOKED,CONSENT_REVOKED
66968bbe705561dfc4fba268,58a5d58bb2a7180001f061d4,APPROVED,Not Applicable,2024-07-16T15:03:29.910000Z,2024-07-16T15:10:04.284000Z,2024-07-18T14:22:31.261000Z,2024-07-16T15:10:05.064457Z,395.0,75b53a55e8,2804,38,Male,DATA_EXPIRED,United States,United States,United States,English,DATA_EXPIRED,Full-Time
66968bbec4ff9c7733f25e9a,60fd16c6a00b62b2852f0eaf,APPROVED,Not Applicable,2024-07-16T15:03:31.212000Z,2024-07-16T15:08:31.822000Z,2024-07-18T14:22:31.574000Z,2024-07-16T15:08:32.618640Z,301.0,75b53a55e8,1106,31,Female,White,United States,United States,United States,English,Yes,Part-Time
66968bbf40c84d6e355978ca,665de1b65a8c2b8ab7c83316,APPROVED,Not Applicable,2024-07-16T15:03:32.181000Z,2024-07-16T15:09:44.620000Z,2024-07-18T14:22:31.866000Z,2024-07-16T15:09:45.757668Z,373.0,75b53a55e8,82,29,Female,White,United States,United States,United States,English,No,Full-Time
66968bc3ef1df511ac198bdf,66926bdaacd865fc152ef5ff,APPROVED,Not Applicable,2024-07-16T15:03:36.656000Z,2024-07-16T15:08:27.066000Z,2024-07-18T14:22:32.225000Z,2024-07-16T15:08:29.197463Z,291.0,75b53a55e8,14,50,Female,White,United States,United States,United States,English,No,Full-Time
66968bdb73dd37f0381d2f2e,668f0f5a2c9eaa731e4813b0,APPROVED,Not Applicable,2024-07-16T15:04:04.173000Z,2024-07-16T15:12:19.962000Z,2024-07-18T14:22:32.630000Z,2024-07-16T15:12:20.583061Z,496.0,75b53a55e8.,66,54,Male,Asian,Korea,United States,United States,Korean,No,Part-Time
66968be5b4690ed0646f24cf,668cf4c58580d899759a287d,RETURNED,Not Applicable,2024-07-16T15:04:57.520000Z,,,2024-09-06T15:37:58.741716Z,,,66,CONSENT_REVOKED,CONSENT_REVOKED,CONSENT_REVOKED,CONSENT_REVOKED,CONSENT_REVOKED,CONSENT_REVOKED,CONSENT_REVOKED,CONSENT_REVOKED,CONSENT_REVOKED
66968beef23dbaf4d7cc9710,66876deb0173cb4b392593d0,RETURNED,Not Applicable,2024-07-16T15:04:26.635000Z,,,2024-09-06T15:37:58.742739Z,,,237,CONSENT_REVOKED,CONSENT_REVOKED,CONSENT_REVOKED,CONSENT_REVOKED,CONSENT_REVOKED,CONSENT_REVOKED,CONSENT_REVOKED,CONSENT_REVOKED,CONSENT_REVOKED
66968bf494fea3179c1099ec,667c5ac2e2bd1c0e9a4343bc,APPROVED,Not Applicable,2024-07-16T15:04:24.128000Z,2024-07-16T15:11:43.714000Z,2024-07-18T14:22:32.994000Z,2024-07-16T15:11:44.649486Z,440.0,75b53a55e8,65,28,Male,White,United States,United States,United States,English,No,Unemployed (and job seeking)
66968bf5738e48e78c83c0e7,659b7c5ec0267a15dd6327f6,RETURNED,Not Applicable,2024-07-16T15:04:34.601000Z,,,2024-09-06T15:37:58.744656Z,,,1100,CONSENT_REVOKED,CONSENT_REVOKED,CONSENT_REVOKED,CONSENT_REVOKED,CONSENT_REVOKED,CONSENT_REVOKED,CONSENT_REVOKED,CONSENT_REVOKED,CONSENT_REVOKED
66968c0330b7b6f73e2a4c38,6692921e78b8b313d148192e,RETURNED,Not Applicable,2024-07-16T15:04:41.266000Z,,,2024-09-06T15:37:58.747875Z,,,199,CONSENT_REVOKED,CONSENT_REVOKED,CONSENT_REVOKED,CONSENT_REVOKED,CONSENT_REVOKED,CONSENT_REVOKED,CONSENT_REVOKED,CONSENT_REVOKED,CONSENT_REVOKED
66968c09c2bd153d7fae461d,65cd75c66bdcab83d5bd2a58,RETURNED,Not Applicable,2024-07-16T15:04:54.341000Z,,,2024-09-06T15:37:58.751215Z,,,256,CONSENT_REVOKED,CONSENT_REVOKED,CONSENT_REVOKED,CONSENT_REVOKED,CONSENT_REVOKED,CONSENT_REVOKED,CONSENT_REVOKED,CONSENT_REVOKED,CONSENT_REVOKED
66968c19b6621922c15a2223,66759451c6635d3975513267,RETURNED,Not Applicable,2024-07-16T15:14:57.547000Z,,,2024-09-06T15:37:58.783153Z,,,195,CONSENT_REVOKED,CONSENT_REVOKED,CONSENT_REVOKED,CONSENT_REVOKED,CONSENT_REVOKED,CONSENT_REVOKED,CONSENT_REVOKED,CONSENT_REVOKED,CONSENT_REVOKED
66968c1dde197146cbf93082,5f42f33216548e5291508e33,RETURNED,Not Applicable,2024-07-16T15:05:15.558000Z,,,2024-09-06T15:37:58.754916Z,,,3288,CONSENT_REVOKED,CONSENT_REVOKED,CONSENT_REVOKED,CONSENT_REVOKED,CONSENT_REVOKED,CONSENT_REVOKED,CONSENT_REVOKED,CONSENT_REVOKED,CONSENT_REVOKED
66968c1f01620e3d770ed0b0,668b775c1cf718094bd6185d,APPROVED,Not Applicable,2024-07-16T15:05:16.277000Z,2024-07-16T15:22:33.300000Z,2024-07-18T14:22:33.366000Z,2024-07-16T15:22:34.042387Z,1038.0,75b53a55e8,54,29,Female,White,United States,United States,United States,English,No,Unemployed (and job seeking)
66968c21cd377f7517d45260,663633860ed692818764e278,RETURNED,Not Applicable,2024-07-16T15:05:09.027000Z,,,2024-09-06T15:37:58.758684Z,,,182,CONSENT_REVOKED,CONSENT_REVOKED,CONSENT_REVOKED,CONSENT_REVOKED,CONSENT_REVOKED,CONSENT_REVOKED,CONSENT_REVOKED,CONSENT_REVOKED,CONSENT_REVOKED
66968c295cda5ecc94be0f71,664a11e477414942776ae7fd,RETURNED,Not Applicable,2024-07-16T15:05:20.035000Z,,,2024-09-06T15:37:58.758843Z,,,131,CONSENT_REVOKED,CONSENT_REVOKED,CONSENT_REVOKED,CONSENT_REVOKED,CONSENT_REVOKED,CONSENT_REVOKED,CONSENT_REVOKED,CONSENT_REVOKED,CONSENT_REVOKED
66968c2dd06e3f6e6560e897,610049da8150fc6d3e6d6edc,APPROVED,Not Applicable,2024-07-16T15:05:25.539000Z,2024-07-16T15:12:23.219000Z,2024-07-18T14:22:33.759000Z,2024-07-16T15:12:23.845068Z,418.0,75b53a55e8,1490,25,Female,Other,United States,United States,United States,English,No,Full-Time
66968c2f4262a6262eaeaec3,66906bb9500d9af3abbf9675,RETURNED,Not Applicable,2024-07-16T15:05:26.570000Z,,,2024-09-06T15:37:58.759626Z,,,236,CONSENT_REVOKED,CONSENT_REVOKED,CONSENT_REVOKED,CONSENT_REVOKED,CONSENT_REVOKED,CONSENT_REVOKED,CONSENT_REVOKED,CONSENT_REVOKED,CONSENT_REVOKED
66968c32f23dbaf4d7cc9722,6677306248a67102128b019c,RETURNED,Not Applicable,2024-07-16T15:05:27.582000Z,,,2024-09-06T15:37:58.765011Z,,,101,CONSENT_REVOKED,CONSENT_REVOKED,CONSENT_REVOKED,CONSENT_REVOKED,CONSENT_REVOKED,CONSENT_REVOKED,CONSENT_REVOKED,CONSENT_REVOKED,CONSENT_REVOKED
66968c33ca96e7c676ba2427,665f902e572a7d68c602f86d,APPROVED,Not Applicable,2024-07-16T15:05:28.166000Z,2024-07-16T15:13:55.955000Z,2024-07-18T14:22:34.042000Z,2024-07-16T15:13:56.483218Z,508.0,75b53a55e8,123,40,Male,White,United States,United States,United States,English,No,Full-Time
66968c4568d5ca56043eb93e,6672211a95a636a7a6de3ad8,APPROVED,Not Applicable,2024-07-16T15:05:45.099000Z,2024-07-16T15:10:05.433000Z,2024-07-18T14:22:34.320000Z,2024-07-16T15:10:08.452810Z,261.0,75b53a55e8,96,36,Female,White,United States,United States,United States,English,No,"Not in paid work (e.g. homemaker', 'retired or disabled)"
66968c472e1cd366a9cbac27,649b3ba0c563aa2593be04d7,RETURNED,Not Applicable,2024-07-16T15:05:49.073000Z,,,2024-09-06T15:37:58.764697Z,,,1328,CONSENT_REVOKED,CONSENT_REVOKED,CONSENT_REVOKED,CONSENT_REVOKED,CONSENT_REVOKED,CONSENT_REVOKED,CONSENT_REVOKED,CONSENT_REVOKED,CONSENT_REVOKED
66968c4a6198de4de4de9f8d,66901538e629aa1373733e9e,APPROVED,Not Applicable,2024-07-16T15:05:50.414000Z,2024-07-16T15:12:12.861000Z,2024-07-18T14:22:34.651000Z,2024-07-16T15:12:13.406052Z,383.0,75b53a55e8,30,22,Male,Asian,United States,United States,United States,English,No,Full-Time
66968c4bf06451d3b6909226,6695c0f382fd54349473da11,RETURNED,Not Applicable,2024-07-16T15:05:50.141000Z,,,2024-09-06T15:37:58.764257Z,,,295,CONSENT_REVOKED,CONSENT_REVOKED,CONSENT_REVOKED,CONSENT_REVOKED,CONSENT_REVOKED,CONSENT_REVOKED,CONSENT_REVOKED,CONSENT_REVOKED,CONSENT_REVOKED
66968c531e1940bbb4e06794,667aa8193c8a13d292ac9822,APPROVED,Not Applicable,2024-07-16T15:06:00.052000Z,2024-07-16T15:13:00.228000Z,2024-07-18T14:22:35.086000Z,2024-07-16T15:13:00.776113Z,421.0,75b53a55e8,83,19,Female,White,United States,United States,United States,English,Yes,Part-Time
66968c58b096a9cef168e616,6687a62065c68c458a68cbb5,RETURNED,Not Applicable,2024-07-16T15:06:07.262000Z,,,2024-09-06T15:37:58.767567Z,,,251,CONSENT_REVOKED,CONSENT_REVOKED,CONSENT_REVOKED,CONSENT_REVOKED,CONSENT_REVOKED,CONSENT_REVOKED,CONSENT_REVOKED,CONSENT_REVOKED,CONSENT_REVOKED
66968c59d0c734d42910417c,633e64bfaab0e4bed6e5307d,APPROVED,Not Applicable,2024-07-16T15:06:04.971000Z,2024-07-16T15:17:25.346000Z,2024-07-18T14:22:35.428000Z,2024-07-16T15:19:39.515644Z,681.0,75b53a55e8,2931,46,Male,Black,United States,United States,United States,English,No,Full-Time
66968c5aef8e2d93597b5d33,665a2cf3b294c287f2aee220,APPROVED,Not Applicable,2024-07-16T15:06:34.756000Z,2024-07-16T15:16:25.872000Z,2024-07-18T14:22:35.719000Z,2024-07-16T15:19:20.077564Z,592.0,75b53a55e8,18,46,Female,White,United States,United States,United States,English,No,Part-Time
66968c5c3031c800d18cead4,6400e79fec0b310140841aee,RETURNED,Not Applicable,2024-07-16T15:07:23.299000Z,,,2024-09-06T15:37:58.769544Z,,,2559,CONSENT_REVOKED,CONSENT_REVOKED,CONSENT_REVOKED,CONSENT_REVOKED,CONSENT_REVOKED,CONSENT_REVOKED,CONSENT_REVOKED,CONSENT_REVOKED,CONSENT_REVOKED
66968c5f6e672886dbc53fce,65c0426ec8e91b3051f3a0b4,APPROVED,Not Applicable,2024-07-16T15:06:10.140000Z,2024-07-16T15:12:03.061000Z,2024-07-18T14:22:36.056000Z,2024-07-16T15:12:03.695427Z,353.0,75b53a55e8,723,39,Female,White,United States,United States,United States,English,No,"Not in paid work (e.g. homemaker', 'retired or disabled)"
66968c61fed5f3283eb46c7c,669022fca44c3d22d5cdee50,APPROVED,Not Applicable,2024-07-16T15:06:14.527000Z,2024-07-16T15:17:17.930000Z,2024-07-18T14:22:36.417000Z,2024-07-16T15:19:37.966160Z,664.0,75b53a55e8,17,53,Male,White,United States,United States,United States,English,DATA_EXPIRED,Full-Time
66968c625b51baded6985b64,60fe4500b9d48a537a42f35a,APPROVED,Not Applicable,2024-07-16T15:06:13.433000Z,2024-07-16T15:11:22.498000Z,2024-07-18T14:22:36.751000Z,2024-07-16T15:11:23.406457Z,310.0,75b53a55e8,2522,23,Prefer not to say,Asian,United States,United States,United States,English,No,Unemployed (and job seeking)
66968c62a9a92c505cfa1116,668aa70936b52c2937a64944,RETURNED,Not Applicable,2024-07-16T15:06:18.494000Z,,,2024-09-06T15:37:58.801801Z,,,245,CONSENT_REVOKED,CONSENT_REVOKED,CONSENT_REVOKED,CONSENT_REVOKED,CONSENT_REVOKED,CONSENT_REVOKED,CONSENT_REVOKED,CONSENT_REVOKED,CONSENT_REVOKED
66968c63081e30d1588cea28,668cac728d2fe30f1e0eddcb,APPROVED,Not Applicable,2024-07-16T15:06:16.090000Z,2024-07-16T15:17:59.212000Z,2024-07-18T14:22:37.269000Z,2024-07-16T15:19:48.298283Z,704.0,75b53a55e8,44,49,Male,Black,Haiti,United States,United States,English,Yes,DATA_EXPIRED
66968c645ffcda7fadbfa5e7,66800afe07db0b23543d3975,RETURNED,Not Applicable,2024-07-16T15:06:35.738000Z,,,2024-09-06T15:37:58.788409Z,,,335,CONSENT_REVOKED,CONSENT_REVOKED,CONSENT_REVOKED,CONSENT_REVOKED,CONSENT_REVOKED,CONSENT_REVOKED,CONSENT_REVOKED,CONSENT_REVOKED,CONSENT_REVOKED
66968c67bbd9aa69fd648683,6599b8f50e7e5db183c012a0,RETURNED,Not Applicable,2024-07-16T15:06:20.413000Z,,,2024-09-06T15:37:58.776761Z,,,154,CONSENT_REVOKED,CONSENT_REVOKED,CONSENT_REVOKED,CONSENT_REVOKED,CONSENT_REVOKED,CONSENT_REVOKED,CONSENT_REVOKED,CONSENT_REVOKED,CONSENT_REVOKED
66968c6c907801a8805c31c6,5a54f0daac562400015388da,APPROVED,Not Applicable,2024-07-16T15:06:24.533000Z,2024-07-16T15:18:47.510000Z,2024-07-18T14:22:37.582000Z,2024-07-16T15:19:56.970316Z,743.0,75b53a55e8,2556,43,Female,White,United States,United States,United States,English,No,Full-Time
66968c6ef23dbaf4d7cc9730,669481361451a734ed206d76,RETURNED,Not Applicable,2024-07-16T15:17:00.050000Z,,,2024-09-06T15:37:58.779202Z,,,82,CONSENT_REVOKED,CONSENT_REVOKED,CONSENT_REVOKED,CONSENT_REVOKED,CONSENT_REVOKED,CONSENT_REVOKED,CONSENT_REVOKED,CONSENT_REVOKED,CONSENT_REVOKED
66968c707ccbe1248ed2ebaa,668c8ed1b6d5c48d7b9a15d8,APPROVED,Not Applicable,2024-07-16T15:06:29.249000Z,2024-07-16T15:18:42.813000Z,2024-07-18T14:22:37.905000Z,2024-07-16T15:19:56.605296Z,734.0,75b53a55e8,69,29,Female,White,United States,United States,United States,English,DATA_EXPIRED,Part-Time
66968c7314a656c6179f0c96,65045b40a2dd8a23c4101be5,RETURNED,Not Applicable,2024-07-16T15:06:45.760000Z,,,2024-09-06T15:37:58.780429Z,,,2947,CONSENT_REVOKED,CONSENT_REVOKED,CONSENT_REVOKED,CONSENT_REVOKED,CONSENT_REVOKED,CONSENT_REVOKED,CONSENT_REVOKED,CONSENT_REVOKED,CONSENT_REVOKED
66968c76018c5a0cd4e23e9b,65a8308560c35c0bf9453010,RETURNED,Not Applicable,2024-07-16T15:06:38.459000Z,,,2024-09-06T15:37:58.783060Z,,,108,CONSENT_REVOKED,CONSENT_REVOKED,CONSENT_REVOKED,CONSENT_REVOKED,CONSENT_REVOKED,CONSENT_REVOKED,CONSENT_REVOKED,CONSENT_REVOKED,CONSENT_REVOKED
66968c78eb8dcac6a09efbe6,62ac7b54e6dedee3369c8c11,RETURNED,Not Applicable,2024-07-16T15:06:39.596000Z,,,2024-09-06T15:37:58.788029Z,,,565,CONSENT_REVOKED,CONSENT_REVOKED,CONSENT_REVOKED,CONSENT_REVOKED,CONSENT_REVOKED,CONSENT_REVOKED,CONSENT_REVOKED,CONSENT_REVOKED,CONSENT_REVOKED
66968c7a616d1e22a928e81b,65961fb3eace7483b2a7536e,APPROVED,Not Applicable,2024-07-16T15:06:47.593000Z,2024-07-16T15:16:22.233000Z,2024-07-18T14:22:38.297000Z,2024-07-16T15:19:18.859540Z,575.0,75b53a55e8,351,26,Female,Black,United States,United States,United States,English,Yes,Other
66968c7bccc0a2dd7820919b,666293e1581f90e370ce741c,APPROVED,Not Applicable,2024-07-16T15:06:39.859000Z,2024-07-16T15:14:34.545000Z,2024-07-18T14:22:38.682000Z,2024-07-16T15:14:35.129121Z,475.0,75b53a55e8,127,24,Male,Mixed,United States,United States,United States,English,DATA_EXPIRED,Other
66968c7cf06451d3b690922e,6077a808b8d8534a901e5d78,APPROVED,Not Applicable,2024-07-16T15:06:47.787000Z,2024-07-16T15:17:57.208000Z,2024-07-18T14:22:39.198000Z,2024-07-16T15:19:47.939606Z,670.0,75b53a55e8,2153,30,Male,Black,Ethiopia,United States,United States,Amharic,No,Unemployed (and job seeking)
66968c81e39a52b9bd76c2df,644149a38a0d3ec2b79996e6,REJECTED,Not Applicable,2024-07-16T15:06:45.249000Z,2024-07-16T15:07:11.791000Z,2024-07-17T15:20:46.100000Z,2024-09-06T15:37:58.819462Z,27.0,NOCODE,757,CONSENT_REVOKED,CONSENT_REVOKED,CONSENT_REVOKED,CONSENT_REVOKED,CONSENT_REVOKED,CONSENT_REVOKED,CONSENT_REVOKED,CONSENT_REVOKED,CONSENT_REVOKED
66968c887249001fe48f2962,60edac884fef13c0b0660daf,APPROVED,Not Applicable,2024-07-16T15:07:17.459000Z,2024-07-16T15:16:40.283000Z,2024-07-18T14:22:39.843000Z,2024-07-16T15:19:25.608291Z,563.0,75b53a55e8,1993,39,Female,White,United States,United States,United States,English,No,Full-Time
66968c8cca96e7c676ba2446,668ac8ccac0dc505afbafed8,APPROVED,Not Applicable,2024-07-16T15:07:00.231000Z,2024-07-16T15:14:51.409000Z,2024-07-18T14:22:40.237000Z,2024-07-16T15:14:52.017937Z,472.0,75b53a55e8,28,45,Male,White,United States,United States,United States,English,DATA_EXPIRED,DATA_EXPIRED
66968c8d871769490914166f,6616eff822e8996e023e5b74,APPROVED,Not Applicable,2024-07-16T15:06:57.820000Z,2024-07-16T15:16:44.747000Z,2024-07-18T14:22:40.662000Z,2024-07-16T15:19:27.063222Z,587.0,75b53a55e8,188,30,Male,White,United States,United States,United States,English,No,DATA_EXPIRED
66968c8e08abe61490572c17,63f803e51098e70b96b6d1f6,RETURNED,Not Applicable,2024-07-16T15:06:59.363000Z,,,2024-09-06T15:37:58.797862Z,,,1640,CONSENT_REVOKED,CONSENT_REVOKED,CONSENT_REVOKED,CONSENT_REVOKED,CONSENT_REVOKED,CONSENT_REVOKED,CONSENT_REVOKED,CONSENT_REVOKED,CONSENT_REVOKED
66968c8e1310b918866d25a9,668c07ec4fe5c9ee3a605e12,RETURNED,Not Applicable,2024-07-16T15:07:04.795000Z,,,2024-09-06T15:37:58.822712Z,,,109,CONSENT_REVOKED,CONSENT_REVOKED,CONSENT_REVOKED,CONSENT_REVOKED,CONSENT_REVOKED,CONSENT_REVOKED,CONSENT_REVOKED,CONSENT_REVOKED,CONSENT_REVOKED
66968c8f48fd7ad1f5b6cfa1,667ff6d2bd193b9a57cbb7cc,RETURNED,Not Applicable,2024-07-16T15:07:03.839000Z,,,2024-09-06T15:37:58.808482Z,,,210,CONSENT_REVOKED,CONSENT_REVOKED,CONSENT_REVOKED,CONSENT_REVOKED,CONSENT_REVOKED,CONSENT_REVOKED,CONSENT_REVOKED,CONSENT_REVOKED,CONSENT_REVOKED
66968c908fc33a02e524aa86,5e28556d0a328c022e11f058,RETURNED,Not Applicable,2024-07-16T15:07:00.356000Z,,,2024-09-06T15:37:58.813092Z,,,6241,CONSENT_REVOKED,CONSENT_REVOKED,CONSENT_REVOKED,CONSENT_REVOKED,CONSENT_REVOKED,CONSENT_REVOKED,CONSENT_REVOKED,CONSENT_REVOKED,CONSENT_REVOKED
66968c924262a6262eaeaed2,66866fb7ce5b8822d5771b9c,APPROVED,Not Applicable,2024-07-16T15:07:35.749000Z,2024-07-16T15:54:34.479000Z,2024-07-18T14:22:41.031000Z,2024-07-16T15:55:13.626538Z,2819.0,75b53a55e8,45,34,Female,Black,Nigeria,United States,United States,English,No,Full-Time
66968c99d1083c197070bc35,6102c843811b2ec9d92767ad,APPROVED,Not Applicable,2024-07-16T15:07:41.608000Z,2024-07-16T15:18:26.320000Z,2024-07-18T14:22:41.365000Z,2024-07-16T15:19:52.135465Z,645.0,75b53a55e8,1786,37,Male,White,United States,United States,United States,English,DATA_EXPIRED,DATA_EXPIRED
66968c9a474f4fcaa4dac40e,66570d7835436cd37536373c,APPROVED,Not Applicable,2024-07-16T15:07:15.161000Z,2024-07-16T15:18:53.642000Z,2024-07-18T14:22:42.239000Z,2024-07-16T15:19:58.303828Z,699.0,75b53a55e8,48,29,Male,Black,DATA_EXPIRED,United States,United States,English,DATA_EXPIRED,DATA_EXPIRED
66968c9b9b86ce834897169c,663a634c699be44f4c4dd4e7,APPROVED,Not Applicable,2024-07-16T15:07:13.507000Z,2024-07-16T15:14:01.034000Z,2024-07-18T14:22:42.652000Z,2024-07-16T15:14:01.560680Z,408.0,75b53a55e8,84,32,Female,White,United States,United States,United States,English,No,DATA_EXPIRED
66968c9be6a93ae624572bd0,6676a7163e8ac376937ab791,RETURNED,Not Applicable,2024-07-16T15:07:07.073000Z,,,2024-09-06T15:37:58.932717Z,,,171,CONSENT_REVOKED,CONSENT_REVOKED,CONSENT_REVOKED,CONSENT_REVOKED,CONSENT_REVOKED,CONSENT_REVOKED,CONSENT_REVOKED,CONSENT_REVOKED,CONSENT_REVOKED
66968ca37c68b4477b6f251a,6643c8a1a6dc21b9444c01d0,APPROVED,Not Applicable,2024-07-16T15:07:22.017000Z,2024-07-16T15:17:04.099000Z,2024-07-18T14:22:43.054000Z,2024-07-16T15:19:34.619987Z,583.0,75b53a55e8,97,24,Female,White,DATA_EXPIRED,United States,United States,English,No,DATA_EXPIRED
66968ca4907801a8805c31d2,6679b43fc8497bbd25cec707,APPROVED,Not Applicable,2024-07-16T15:07:22.175000Z,2024-07-16T15:16:41.555000Z,2024-07-18T14:22:43.401000Z,2024-07-16T15:19:26.169726Z,560.0,75b53a55e8,79,41,Female,White,United States,United States,United States,English,No,"Not in paid work (e.g. homemaker', 'retired or disabled)"
66968cac705561dfc4fba294,66781ef5ffa4374196749d7c,APPROVED,Not Applicable,2024-07-16T15:07:43.449000Z,2024-07-16T15:31:54.766000Z,2024-07-18T14:22:43.769000Z,2024-07-16T15:33:34.475325Z,1452.0,75b53a55e8,23,38,Female,Black,Nigeria,United States,United States,English,DATA_EXPIRED,Full-Time
66968cb592eff52581a84d3f,668aed4dc87d5ba789404d5f,RETURNED,Not Applicable,2024-07-16T15:07:39.190000Z,,,2024-09-06T15:37:58.981616Z,,,199,CONSENT_REVOKED,CONSENT_REVOKED,CONSENT_REVOKED,CONSENT_REVOKED,CONSENT_REVOKED,CONSENT_REVOKED,CONSENT_REVOKED,CONSENT_REVOKED,CONSENT_REVOKED
66968cb6018c5a0cd4e23eac,66046a74d1b3024a872c2d62,APPROVED,Not Applicable,2024-07-16T15:07:37.937000Z,2024-07-16T15:18:22.893000Z,2024-07-18T14:22:44.117000Z,2024-07-16T15:19:51.786252Z,645.0,75b53a55e8,5,49,Female,Mixed,United States,United States,United States,English,No,Unemployed (and job seeking)
66968cb71e05b3fcad6010c3,664b66887dfe21f3b0f26f19,RETURNED,Not Applicable,2024-07-16T15:07:47.875000Z,,,2024-09-06T15:37:58.989942Z,,,157,CONSENT_REVOKED,CONSENT_REVOKED,CONSENT_REVOKED,CONSENT_REVOKED,CONSENT_REVOKED,CONSENT_REVOKED,CONSENT_REVOKED,CONSENT_REVOKED,CONSENT_REVOKED
66968cb94eba9f5e8378782a,5ddb5ed4a64380abb2907440,APPROVED,Not Applicable,2024-07-16T15:07:41.802000Z,2024-07-16T15:15:27.793000Z,2024-07-18T14:22:44.675000Z,2024-07-16T15:15:28.439098Z,466.0,75b53a55e8,1834,29,Female,Black,United States,United States,United States,English,Yes,Full-Time
66968cbc25063d77484e7b32,668d408eaac15a4f21b197f5,RETURNED,Not Applicable,2024-07-16T15:09:49.196000Z,,,2024-09-06T15:37:58.997503Z,,,262,CONSENT_REVOKED,CONSENT_REVOKED,CONSENT_REVOKED,CONSENT_REVOKED,CONSENT_REVOKED,CONSENT_REVOKED,CONSENT_REVOKED,CONSENT_REVOKED,CONSENT_REVOKED
66968cc24cabe7810a6e46ef,60aa30669b1bc58945396e74,RETURNED,Not Applicable,2024-07-16T15:07:49.480000Z,,,2024-09-06T15:37:59.014231Z,,,4717,CONSENT_REVOKED,CONSENT_REVOKED,CONSENT_REVOKED,CONSENT_REVOKED,CONSENT_REVOKED,CONSENT_REVOKED,CONSENT_REVOKED,CONSENT_REVOKED,CONSENT_REVOKED
66968cc301821204e8cc9789,6650acc89ad6f750c740e344,APPROVED,Not Applicable,2024-07-16T15:07:53.688000Z,2024-07-16T15:13:50.278000Z,2024-07-18T14:22:45.019000Z,2024-07-16T15:13:50.886595Z,357.0,75b53a55e8,56,22,Female,Asian,United States,United States,United States,Korean,Yes,DATA_EXPIRED
66968cc8e39a52b9bd76c2ee,660b144e2a9a53bbfb630825,APPROVED,Not Applicable,2024-07-16T15:07:56.424000Z,2024-07-16T15:13:28.304000Z,2024-07-18T14:22:45.348000Z,2024-07-16T15:13:29.327268Z,332.0,75b53a55e8,281,21,Female,Asian,United States,United States,United States,English,Yes,Full-Time
66968cce081e30d1588cea4d,6568d4906ab6ee801e728ef2,RETURNED,Not Applicable,2024-07-16T15:08:06.085000Z,,,2024-09-06T15:37:59.009362Z,,,473,CONSENT_REVOKED,CONSENT_REVOKED,CONSENT_REVOKED,CONSENT_REVOKED,CONSENT_REVOKED,CONSENT_REVOKED,CONSENT_REVOKED,CONSENT_REVOKED,CONSENT_REVOKED
66968cd2dacd45646028e8e5,575f70fc8ddaf40006ce9641,APPROVED,Not Applicable,2024-07-16T15:08:05.032000Z,2024-07-16T15:12:08.616000Z,2024-07-18T14:22:45.630000Z,2024-07-16T15:12:09.352048Z,244.0,75b53a55e8,996,33,Male,Asian,Korea,United States,United States,Korean,Yes,Other
66968cd5c4ff9c7733f25ef6,66535d150e634a7084d17fbb,RETURNED,Not Applicable,2024-07-16T15:08:32.375000Z,,,2024-09-06T15:37:59.024949Z,,,352,CONSENT_REVOKED,CONSENT_REVOKED,CONSENT_REVOKED,CONSENT_REVOKED,CONSENT_REVOKED,CONSENT_REVOKED,CONSENT_REVOKED,CONSENT_REVOKED,CONSENT_REVOKED
66968cd680da9079904c0ad8,66229b19818762d4346cb155,APPROVED,Not Applicable,2024-07-16T15:08:10.489000Z,2024-07-16T15:13:02.165000Z,2024-07-18T14:22:45.919000Z,2024-07-16T15:13:02.760447Z,292.0,75b53a55e8,156,37,Female,White,United States,United States,United States,English,No,Full-Time
66968ce6f06451d3b6909241,66699083b576a87a7736ee2f,APPROVED,Not Applicable,2024-07-16T15:10:25.672000Z,2024-07-16T15:27:44.180000Z,2024-07-18T14:22:46.248000Z,2024-07-16T15:27:59.310520Z,1039.0,75b53a55e8,30,34,Male,Mixed,United States,United States,United States,English,No,Part-Time
66968ce8c93d8e5643a52772,612e41fb25de530ea83df0bc,RETURNED,Not Applicable,2024-07-16T15:08:30.519000Z,,,2024-09-06T15:37:59.032263Z,,,3878,CONSENT_REVOKED,CONSENT_REVOKED,CONSENT_REVOKED,CONSENT_REVOKED,CONSENT_REVOKED,CONSENT_REVOKED,CONSENT_REVOKED,CONSENT_REVOKED,CONSENT_REVOKED
66968ceadacd45646028e8ef,668ab76a440be53a07aaa80a,APPROVED,Not Applicable,2024-07-16T15:08:38.958000Z,2024-07-16T15:16:00.822000Z,2024-07-18T14:22:46.599000Z,2024-07-16T15:16:01.370852Z,442.0,75b53a55e8,39,41,Male,White,United States,United States,United States,English,No,Full-Time
66968ceadc2ce892c10ed090,66032c7a6ddffd6f7088b69d,APPROVED,Not Applicable,2024-07-16T15:08:32.071000Z,2024-07-16T15:20:52.547000Z,2024-07-18T14:22:46.953000Z,2024-07-16T15:20:53.203189Z,741.0,75b53a55e8,279,35,Male,White,United States,United States,United States,English,No,Full-Time
66968cebcc1c4cceeafea0d1,5658d6d67d69570012dfe258,RETURNED,Not Applicable,2024-07-16T15:08:36.276000Z,,,2024-09-06T15:37:59.033144Z,,,2844,CONSENT_REVOKED,CONSENT_REVOKED,CONSENT_REVOKED,CONSENT_REVOKED,CONSENT_REVOKED,CONSENT_REVOKED,CONSENT_REVOKED,CONSENT_REVOKED,CONSENT_REVOKED
66968cef5cef1f381756f5dd,5c5404c24831db000161c5e8,APPROVED,Not Applicable,2024-07-16T15:08:48.206000Z,2024-07-16T15:15:47.840000Z,2024-07-18T14:22:47.271000Z,2024-07-16T15:15:48.506987Z,420.0,75b53a55e8,666,35,Female,White,United States,United States,United States,English,DATA_EXPIRED,DATA_EXPIRED
66968cf056c880da68353757,66692488888ba007257afe05,RETURNED,Not Applicable,2024-07-16T15:09:01.037000Z,,,2024-09-06T15:37:59.048495Z,,,237,CONSENT_REVOKED,CONSENT_REVOKED,CONSENT_REVOKED,CONSENT_REVOKED,CONSENT_REVOKED,CONSENT_REVOKED,CONSENT_REVOKED,CONSENT_REVOKED,CONSENT_REVOKED
66968cf24f99ed62241d2f65,5959945fe4bdfd00016100c2,APPROVED,Not Applicable,2024-07-16T15:08:46.465000Z,2024-07-16T15:17:10.421000Z,2024-07-18T14:22:47.560000Z,2024-07-16T15:19:35.982282Z,504.0,75b53a55e8,1324,33,Female,Other,United States,United States,United States,English,No,Full-Time
66968cfb705561dfc4fba2ab,6665aba732386533b0c1510d,RETURNED,Not Applicable,2024-07-16T15:08:50.788000Z,,,2024-09-06T15:37:59.055357Z,,,175,CONSENT_REVOKED,CONSENT_REVOKED,CONSENT_REVOKED,CONSENT_REVOKED,CONSENT_REVOKED,CONSENT_REVOKED,CONSENT_REVOKED,CONSENT_REVOKED,CONSENT_REVOKED
66968d08c89cf4c5ee7368af,5fb9eb323531776e460fe5e0,APPROVED,Not Applicable,2024-07-16T15:14:13.726000Z,2024-07-16T15:31:40.475000Z,2024-07-18T14:22:47.871000Z,2024-07-16T15:33:29.039841Z,1047.0,75b53a55e8,768,45,Female,White,United States,United States,United States,English,No,Unemployed (and job seeking)
66968d0ace114783c030b86c,65d7618924ced69f831161c8,TIMED-OUT,Not Applicable,2024-07-16T15:09:50.247000Z,,,2024-09-06T15:37:59.057871Z,4494489.0,,129,49,Male,DATA_EXPIRED,United States,United States,United States,English,No,Full-Time
66968d0ccc1378582e0ee771,66303e673635423378ae6ac3,APPROVED,Not Applicable,2024-07-16T15:09:31.747000Z,2024-07-16T15:24:31.323000Z,2024-07-18T14:22:48.215000Z,2024-07-16T15:24:32.252402Z,900.0,75b53a55e8,283,19,Female,White,United States,United States,United States,English,No,Unemployed (and job seeking)
66968d0e2a3c29ed89c60146,6643cbd6903cfc9bd5d0be09,APPROVED,Not Applicable,2024-07-16T15:11:02.058000Z,2024-07-16T15:19:21.449000Z,2024-07-18T14:22:48.554000Z,2024-07-16T15:20:10.132035Z,500.0,75b53a55e8,150,31,Female,Mixed,United States,United States,United States,English,No,DATA_EXPIRED
66968d1301fec424566d2613,668293ed74c71ad1fdca20c9,RETURNED,Not Applicable,2024-07-16T15:09:19.755000Z,,,2024-09-06T15:37:59.063260Z,,,113,CONSENT_REVOKED,CONSENT_REVOKED,CONSENT_REVOKED,CONSENT_REVOKED,CONSENT_REVOKED,CONSENT_REVOKED,CONSENT_REVOKED,CONSENT_REVOKED,CONSENT_REVOKED
66968d18168e0b75a5f31d7a,5600b1e577f33b0005cb3364,APPROVED,Not Applicable,2024-07-16T15:09:19.441000Z,2024-07-16T15:14:27.504000Z,2024-07-18T14:22:48.835000Z,2024-07-16T15:14:28.002343Z,309.0,75b53a55e8,882,32,Female,Mixed,United States,United States,United States,English,No,Full-Time
66968d1b53f8f08465a981cb,66508848ae8517d428150c62,APPROVED,Not Applicable,2024-07-16T15:09:47.967000Z,2024-07-16T15:14:20.561000Z,2024-07-18T14:22:49.102000Z,2024-07-16T15:14:21.271818Z,273.0,75b53a55e8,241,22,Male,Asian,Canada,United States,United States,English,Yes,Part-Time
66968d22bea1e4317ba822e6,65e1f674f319fba1ef5d2c84,APPROVED,Not Applicable,2024-07-16T15:09:40.266000Z,2024-07-16T15:25:50.619000Z,2024-07-18T14:22:49.415000Z,2024-07-16T15:25:51.205717Z,971.0,75b53a55e8.,120,41,Female,White,United States,United States,United States,English,No,Full-Time
66968d2cb97d12880b4a057f,5e1aa82a8b6dfb30edf157a8,RETURNED,Not Applicable,2024-07-16T15:09:43.273000Z,,,2024-09-06T15:37:59.073389Z,,,536,CONSENT_REVOKED,CONSENT_REVOKED,CONSENT_REVOKED,CONSENT_REVOKED,CONSENT_REVOKED,CONSENT_REVOKED,CONSENT_REVOKED,CONSENT_REVOKED,CONSENT_REVOKED
66968d2f02ecf1c15ca60363,660d30d34f79021ef5329828,APPROVED,Not Applicable,2024-07-16T15:09:46.372000Z,2024-07-16T15:19:37.220000Z,2024-07-18T14:22:49.698000Z,2024-07-16T15:20:16.472560Z,591.0,75b53a55e8,69,54,Female,DATA_EXPIRED,United Kingdom,United States,United States,English,No,DATA_EXPIRED
66968d304c433939eb42786a,6651d67c16a15ab9a2efbe48,APPROVED,Not Applicable,2024-07-16T15:09:53.958000Z,2024-07-16T15:26:28.379000Z,2024-07-18T14:22:49.995000Z,2024-07-16T15:26:29.836583Z,995.0,75b53a55e8,130,72,Female,White,United States,United States,United States,English,No,Other
66968d33596cac46d9de9f3e,65989e6e0e7e5db183bfe51b,APPROVED,Not Applicable,2024-07-16T15:09:49.314000Z,2024-07-16T15:15:51.700000Z,2024-07-18T14:22:50.314000Z,2024-07-16T15:15:52.236686Z,363.0,75b53a55e8,131,24,Female,White,United States,United States,United States,English,DATA_EXPIRED,DATA_EXPIRED
66968d34af9740394c2bafaa,6317ac941faaf331c4573eab,APPROVED,Not Applicable,2024-07-16T15:10:45.571000Z,2024-07-16T15:22:03.643000Z,2024-07-18T14:22:50.681000Z,2024-07-16T15:22:04.607914Z,679.0,75b53a55e8,3701,37,Male,White,United States,United States,United States,English,DATA_EXPIRED,DATA_EXPIRED
66968d36e3665bd6d42a4cab,5fb3cbedb3cc10000a19c09d,APPROVED,Not Applicable,2024-07-16T15:09:55.418000Z,2024-07-16T15:16:25.809000Z,2024-07-18T14:22:51.088000Z,2024-07-16T15:19:20.393508Z,391.0,75b53a55e8,5398,43,Female,White,United States,United States,United States,English,DATA_EXPIRED,DATA_EXPIRED
66968d3ab4e18849d2914241,5bdbce5593c9ba0001ef52a0,APPROVED,Not Applicable,2024-07-16T15:09:57.321000Z,2024-07-16T15:17:55.585000Z,2024-07-18T14:22:51.438000Z,2024-07-16T15:19:47.719634Z,479.0,75b53a55e8,2826,28,Male,White,United States,United States,United States,English,No,Unemployed (and job seeking)
66968d3cc2bd153d7fae4659,60dd09edc00654d72f6259b3,RETURNED,Not Applicable,2024-07-16T15:10:02.083000Z,,,2024-09-06T15:37:59.078525Z,,,448,CONSENT_REVOKED,CONSENT_REVOKED,CONSENT_REVOKED,CONSENT_REVOKED,CONSENT_REVOKED,CONSENT_REVOKED,CONSENT_REVOKED,CONSENT_REVOKED,CONSENT_REVOKED
66968d4607cf5306fa62ddf6,664124a221f88b6a260a3df3,RETURNED,Not Applicable,2024-07-16T15:10:09.208000Z,,,2024-09-06T15:37:59.087784Z,,,145,CONSENT_REVOKED,CONSENT_REVOKED,CONSENT_REVOKED,CONSENT_REVOKED,CONSENT_REVOKED,CONSENT_REVOKED,CONSENT_REVOKED,CONSENT_REVOKED,CONSENT_REVOKED
66968d4c43ca405e19686c62,667335808f3dc04be7ef2350,APPROVED,Not Applicable,2024-07-16T15:10:09.037000Z,2024-07-16T15:21:11.926000Z,2024-07-18T14:22:51.779000Z,2024-07-16T15:21:12.926047Z,663.0,75b53a55e8,53,20,Female,Mixed,United States,United States,United States,English,Yes,Other
66968d4e9e484c8d3de4a4cd,5e175705cfe8dc000b559793,APPROVED,Not Applicable,2024-07-16T15:10:11.141000Z,2024-07-16T15:16:58.578000Z,2024-07-18T14:22:52.116000Z,2024-07-16T15:19:32.472511Z,408.0,75b53a55e8,8654,46,Male,White,United States,United States,United States,English,No,Full-Time
66968d4f0845ff656091ade9,663f6d2d30995d622cad9746,APPROVED,Not Applicable,2024-07-16T15:10:13.458000Z,2024-07-16T15:14:04.807000Z,2024-07-18T14:22:52.432000Z,2024-07-16T15:14:05.388985Z,232.0,75b53a55e8,28,23,Male,Asian,United States,United States,United States,English,Yes,Part-Time
66968d4f2c26103106daad41,6687c2949dd2d0b9f4b52293,APPROVED,Not Applicable,2024-07-16T15:12:08.647000Z,2024-07-16T15:54:39.372000Z,2024-07-18T14:22:52.743000Z,2024-07-16T15:55:15.091648Z,2551.0,75b53a55e8,24,33,Female,Black,Nigeria,United States,United States,English,No,Full-Time
66968d5028c9355adfaec9d4,5b84089d449ef2000114945c,APPROVED,Not Applicable,2024-07-16T15:10:19.599000Z,2024-07-16T15:27:20.242000Z,2024-07-18T14:22:53.083000Z,2024-07-16T15:27:29.157360Z,1021.0,75b53a55e8,134,66,Female,DATA_EXPIRED,United States,United States,United States,English,No,DATA_EXPIRED
66968d53b4e029df49b49ca0,648730b1a1d3e2608b42d144,APPROVED,Not Applicable,2024-07-16T15:10:17.606000Z,2024-07-16T15:27:58.772000Z,2024-07-18T14:22:53.393000Z,2024-07-16T15:28:09.082360Z,1062.0,75b53a55e8,440,65,Male,White,United States,United States,United States,English,No,Unemployed (and job seeking)
66968d5bcc25e2118ae31b8d,66927596325885c57058e460,RETURNED,Not Applicable,2024-07-16T15:10:32.999000Z,,,2024-09-06T15:37:59.139347Z,,,338,CONSENT_REVOKED,CONSENT_REVOKED,CONSENT_REVOKED,CONSENT_REVOKED,CONSENT_REVOKED,CONSENT_REVOKED,CONSENT_REVOKED,CONSENT_REVOKED,CONSENT_REVOKED
66968d62c2f4e59fd9d469cd,5af835d8e19f8c00019e6dc0,APPROVED,Not Applicable,2024-07-16T15:10:31.892000Z,2024-07-16T15:18:35.600000Z,2024-07-18T14:22:53.665000Z,2024-07-16T15:19:54.629179Z,484.0,75b53a55e8,4364,41,Male,White,United States,United States,United States,English,No,Full-Time
66968d64f08376bf7f7727b2,668d87333fe9d01f7ce01eb8,APPROVED,Not Applicable,2024-07-16T15:10:31.621000Z,2024-07-16T15:16:48.552000Z,2024-07-18T14:22:53.986000Z,2024-07-16T15:19:28.494013Z,377.0,75b53a55e8,57,41,Female,White,United Kingdom,United States,United States,English,No,Part-Time
66968d6fcc0041695c493319,57bdb5eb467f26000125db79,APPROVED,Not Applicable,2024-07-16T15:10:55.501000Z,2024-07-16T15:23:05.405000Z,2024-07-18T14:22:54.343000Z,2024-07-16T15:23:06.000380Z,730.0,75b53a55e8,5916,48,Male,White,United States,United States,United States,English,DATA_EXPIRED,DATA_EXPIRED
66968d75ebdfe7ef67e15fff,5f9b05167e97592c4251373b,APPROVED,Not Applicable,2024-07-16T15:10:49.702000Z,2024-07-16T15:16:13.990000Z,2024-07-18T14:22:54.608000Z,2024-07-16T15:19:16.866030Z,325.0,75b53a55e8,1135,26,Female,White,United States,United States,United States,English,Yes,Other
66968d7a28abfc294a191143,66912c5b5e9bf77026a08e27,APPROVED,Not Applicable,2024-07-16T15:11:01.059000Z,2024-07-16T15:15:28.286000Z,2024-07-18T14:22:54.876000Z,2024-07-16T15:15:28.874996Z,268.0,75b53a55e8,26,36,Male,White,United States,United States,United States,English,No,DATA_EXPIRED
66968d7c004d5b7efb90e36b,6632a3f72c38b86fb7aeb7f2,APPROVED,Not Applicable,2024-07-16T15:10:56.823000Z,2024-07-16T15:21:46.924000Z,2024-07-18T14:22:55.226000Z,2024-07-16T15:21:47.431372Z,651.0,75b53a55e8,107,50,Male,White,United States,United States,United States,English,No,DATA_EXPIRED
66968d7e6209826e83bd8f3f,6670c1f3b2f38a44e95e40e9,APPROVED,Not Applicable,2024-07-16T15:10:58.963000Z,2024-07-16T15:18:51.705000Z,2024-07-18T14:22:55.558000Z,2024-07-16T15:19:57.846688Z,473.0,75b53a55e8,50,24,Male,White,United States,United States,United States,English,No,Unemployed (and job seeking)
66968d809fc742dcedc5340c,657a61186d29df3411389f27,RETURNED,Not Applicable,2024-07-16T15:11:03.713000Z,,,2024-09-06T15:37:59.147865Z,,,1174,CONSENT_REVOKED,CONSENT_REVOKED,CONSENT_REVOKED,CONSENT_REVOKED,CONSENT_REVOKED,CONSENT_REVOKED,CONSENT_REVOKED,CONSENT_REVOKED,CONSENT_REVOKED
66968d81a1c5980c2516f00d,667dccfaaebd2f94fe9779d1,RETURNED,Not Applicable,2024-07-16T15:11:05.528000Z,,,2024-09-06T15:37:59.154859Z,,,273,CONSENT_REVOKED,CONSENT_REVOKED,CONSENT_REVOKED,CONSENT_REVOKED,CONSENT_REVOKED,CONSENT_REVOKED,CONSENT_REVOKED,CONSENT_REVOKED,CONSENT_REVOKED
66968d83809d48781da9b430,62cef3a68ad303ac017d56a7,RETURNED,Not Applicable,2024-07-16T15:11:03.626000Z,,,2024-09-06T15:37:59.163681Z,,,4918,CONSENT_REVOKED,CONSENT_REVOKED,CONSENT_REVOKED,CONSENT_REVOKED,CONSENT_REVOKED,CONSENT_REVOKED,CONSENT_REVOKED,CONSENT_REVOKED,CONSENT_REVOKED
66968d84369d100e653a5760,655b6d4f57ae1636c0b4f647,APPROVED,Not Applicable,2024-07-16T15:11:05.413000Z,2024-07-16T15:23:07.833000Z,2024-07-18T14:22:55.898000Z,2024-07-16T15:23:08.727329Z,723.0,75b53a55e8,915,40,Female,White,United States,United States,United States,English,DATA_EXPIRED,DATA_EXPIRED
66968d87afdd2ef4682bafae,66927c1896292f304a1fed4f,APPROVED,Not Applicable,2024-07-16T15:11:21.602000Z,2024-07-16T15:39:41.201000Z,2024-07-18T14:22:56.238000Z,2024-07-16T15:39:41.862784Z,1700.0,75b53a55e8,30,30,Male,Black,DATA_EXPIRED,United States,United States,English,DATA_EXPIRED,Full-Time
66968d880b912c0d029cba85,663f5fad6202298784d35b0b,APPROVED,Not Applicable,2024-07-16T15:11:57.575000Z,2024-07-16T15:23:39.732000Z,2024-07-18T14:22:56.573000Z,2024-07-16T15:23:40.428764Z,703.0,75b53a55e8,131,30,Female,White,United States,United States,United States,English,No,Full-Time
66968d88bdc66c5606e16006,5a44c42b1ba496000102a3ed,RETURNED,Not Applicable,2024-07-16T15:11:10.257000Z,,,2024-09-06T15:37:59.169565Z,,,1074,CONSENT_REVOKED,CONSENT_REVOKED,CONSENT_REVOKED,CONSENT_REVOKED,CONSENT_REVOKED,CONSENT_REVOKED,CONSENT_REVOKED,CONSENT_REVOKED,CONSENT_REVOKED
66968d895a3ecd9577613d57,6672076d37a7cc14a9321e7e,APPROVED,Not Applicable,2024-07-16T15:11:24.864000Z,2024-07-16T15:33:35.112000Z,2024-07-18T14:22:56.923000Z,2024-07-16T15:34:09.013887Z,1331.0,75b53a55e8,96,37,Male,White,United States,United States,United States,English,DATA_EXPIRED,DATA_EXPIRED
66968d8ed7909348c0218a2c,659808191190fc6e6c23a99f,APPROVED,Not Applicable,2024-07-16T15:11:16.350000Z,2024-07-16T15:33:39.620000Z,2024-07-18T14:22:57.268000Z,2024-07-16T15:34:11.031355Z,1344.0,75b53a55e8,1008,30,Female,White,United States,United States,United States,English,No,Due to start a new job within the next month
66968d8fc09ea46423d837b4,6658dcb2430699a798b026bd,APPROVED,Not Applicable,2024-07-16T15:11:17.133000Z,2024-07-16T15:21:29.147000Z,2024-07-18T14:22:57.774000Z,2024-07-16T15:21:29.818484Z,613.0,75b53a55e8,138,22,Female,White,United States,United States,United States,English,No,Full-Time
66968d900da1187e409a27aa,5b1edbdc5e45c000012a9c57,APPROVED,Not Applicable,2024-07-16T15:11:18.462000Z,2024-07-16T15:23:20.178000Z,2024-07-18T14:22:58.412000Z,2024-07-16T15:23:20.683795Z,722.0,75b53a55e8,1025,35,Female,Mixed,United States,United States,United States,English,DATA_EXPIRED,Full-Time
66968d92036934fb26f7c07c,63ea5b695d3f16b10c21a530,APPROVED,Not Applicable,2024-07-16T15:11:21.583000Z,2024-07-16T15:19:37.119000Z,2024-07-18T14:22:58.825000Z,2024-07-16T15:20:13.863550Z,496.0,75b53a55e8,2339,46,Male,White,United Kingdom,United States,United States,English,No,Full-Time
66968d94809d48781da9b436,664fbe84a8fc9e67b349cdbe,RETURNED,Not Applicable,2024-07-16T15:11:19.313000Z,,,2024-09-06T15:37:59.173229Z,,,315,CONSENT_REVOKED,CONSENT_REVOKED,CONSENT_REVOKED,CONSENT_REVOKED,CONSENT_REVOKED,CONSENT_REVOKED,CONSENT_REVOKED,CONSENT_REVOKED,CONSENT_REVOKED
66968d956c1e3a2871c9b09e,669041884256730dc2ce4171,APPROVED,Not Applicable,2024-07-16T15:11:25.924000Z,2024-07-16T15:24:01.336000Z,2024-07-18T14:22:59.196000Z,2024-07-16T15:24:02.980870Z,756.0,75b53a55e8,18,52,Male,White,United States,United States,United States,English,No,"Not in paid work (e.g. homemaker', 'retired or disabled)"
66968d9fab3236f505f65780,61705fe76382292b1f27974d,RETURNED,Not Applicable,2024-07-16T15:11:34.433000Z,,,2024-09-06T15:37:59.177762Z,,,2374,CONSENT_REVOKED,CONSENT_REVOKED,CONSENT_REVOKED,CONSENT_REVOKED,CONSENT_REVOKED,CONSENT_REVOKED,CONSENT_REVOKED,CONSENT_REVOKED,CONSENT_REVOKED
66968da0a8e3f28927c014b5,66929dd289c0d9d85c057c75,APPROVED,Not Applicable,2024-07-16T15:11:33.234000Z,2024-07-16T15:16:21.745000Z,2024-07-18T14:22:59.510000Z,2024-07-16T16:19:21.638646Z,289.0,75b53a55e8,32,42,Male,White,United States,United States,United States,English,No,Full-Time
66968da1e8b1eb2c7b0e4b79,66293afa0603edc9d10882fc,APPROVED,Not Applicable,2024-07-16T15:11:33.367000Z,2024-07-16T15:18:11.099000Z,2024-07-18T14:22:59.822000Z,2024-07-16T15:19:50.022054Z,398.0,75b53a55e8,311,49,Female,White,United States,United States,United States,English,No,Full-Time
66968da64c433939eb427881,5ebca40606c6fe000da5f510,APPROVED,Not Applicable,2024-07-16T15:11:36.799000Z,2024-07-16T15:15:00.129000Z,2024-07-18T14:23:00.251000Z,2024-07-16T15:15:00.673485Z,204.0,75b53a55e8,2608,25,Male,White,United States,United States,United States,English,No,Full-Time
66968da75a31399ac98e0f75,5d90298097a2130015f3fa3c,APPROVED,Not Applicable,2024-07-16T15:11:50.298000Z,2024-07-16T15:50:16.551000Z,2024-07-18T14:23:00.998000Z,2024-07-16T15:50:21.185380Z,2307.0,75b53a55e8,1448,33,Male,White,United States,United States,United States,English,DATA_EXPIRED,DATA_EXPIRED
66968da8139d919fe5c9b08d,6616965da366a89dbc8086fa,APPROVED,Not Applicable,2024-07-16T15:11:41.769000Z,2024-07-16T15:19:42.212000Z,2024-07-18T14:23:01.281000Z,2024-07-16T15:20:15.336667Z,481.0,75b53a55e8,35,36,Male,Mixed,United States,United States,United States,English,No,Unemployed (and job seeking)
66968dab6a8d1cd08ced1c87,656bd2dd35a65b4a8959e747,RETURNED,Not Applicable,2024-07-16T15:11:44.708000Z,,,2024-09-06T15:37:59.181892Z,,,1033,CONSENT_REVOKED,CONSENT_REVOKED,CONSENT_REVOKED,CONSENT_REVOKED,CONSENT_REVOKED,CONSENT_REVOKED,CONSENT_REVOKED,CONSENT_REVOKED,CONSENT_REVOKED
66968dab7c7d965a21ab8d6f,6651369f763de4f83164bd6b,RETURNED,Not Applicable,2024-07-16T15:11:44.046000Z,,,2024-09-06T15:37:59.184712Z,,,209,CONSENT_REVOKED,CONSENT_REVOKED,CONSENT_REVOKED,CONSENT_REVOKED,CONSENT_REVOKED,CONSENT_REVOKED,CONSENT_REVOKED,CONSENT_REVOKED,CONSENT_REVOKED
66968dac31fa16f99d6bca71,668daa26d3e5b83734714dbd,APPROVED,Not Applicable,2024-07-16T15:11:52.538000Z,2024-07-16T15:21:57.383000Z,2024-07-18T14:23:01.603000Z,2024-07-16T15:21:58.395874Z,605.0,75b53a55e8,61,42,Female,DATA_EXPIRED,United States,United States,United States,English,No,DATA_EXPIRED
66968dade8468eb933854c07,6612e8ca7ec3b45b05385159,APPROVED,Not Applicable,2024-07-16T15:11:45.249000Z,2024-07-16T15:17:44.180000Z,2024-07-18T14:23:01.889000Z,2024-07-16T15:19:45.795732Z,359.0,75b53a55e8.,347,43,Female,White,United States,United States,United States,English,No,Full-Time
66968db6e066cf1c54854c10,665720b12c35ca2639845514,APPROVED,Not Applicable,2024-07-16T15:11:57.273000Z,2024-07-16T15:28:26.931000Z,2024-07-18T14:23:02.247000Z,2024-07-16T15:28:31.256280Z,990.0,75b53a55e8,17,52,Female,White,United States,United States,United States,English,No,Full-Time
66968dbe7c7d965a21ab8d73,6608a98ae93091f728c7257a,APPROVED,Not Applicable,2024-07-16T15:12:12.622000Z,2024-07-16T15:19:56.213000Z,2024-07-18T14:23:03.129000Z,2024-07-16T15:20:23.914059Z,464.0,75b53a55e8,479,25,Female,White,Germany,United States,United States,English,No,Part-Time
66968dc92c10ecd847051423,65a693cf341680ad6bb19863,APPROVED,Not Applicable,2024-07-16T15:12:13.580000Z,2024-07-16T15:22:55.371000Z,2024-07-18T14:23:03.529000Z,2024-07-16T15:22:55.930180Z,642.0,75b53a55e8,563,29,Female,Other,United States,United States,United States,English,Yes,Part-Time
66968dcb30af0624a12e2fb2,5ee0e5063f7f190b2b3f3b14,RETURNED,Not Applicable,2024-07-16T15:12:15.680000Z,,,2024-09-06T15:37:59.188646Z,,,3061,CONSENT_REVOKED,CONSENT_REVOKED,CONSENT_REVOKED,CONSENT_REVOKED,CONSENT_REVOKED,CONSENT_REVOKED,CONSENT_REVOKED,CONSENT_REVOKED,CONSENT_REVOKED
66968dd4806547d716395b65,6676a58f148e206207136eb4,RETURNED,Not Applicable,2024-07-16T15:12:27.473000Z,,,2024-09-06T15:37:59.193315Z,,,256,CONSENT_REVOKED,CONSENT_REVOKED,CONSENT_REVOKED,CONSENT_REVOKED,CONSENT_REVOKED,CONSENT_REVOKED,CONSENT_REVOKED,CONSENT_REVOKED,CONSENT_REVOKED
66968dd69ab538074c4678dd,6695227ee33b1435180a693c,APPROVED,Not Applicable,2024-07-16T15:12:26.790000Z,2024-07-16T15:16:22.373000Z,2024-07-18T14:23:03.927000Z,2024-07-16T15:19:19.154215Z,236.0,75b53a55e8,36,33,Male,White,United States,United States,United States,English,No,Unemployed (and job seeking)
66968dd7ad959788cb8154d0,5e2a4ad0e8a5c40ab6f047c5,APPROVED,Not Applicable,2024-07-16T15:12:27.538000Z,2024-07-16T15:22:15.158000Z,2024-07-18T14:23:04.341000Z,2024-07-16T15:22:16.124926Z,588.0,75b53a55e8,1515,23,Female,Mixed,United States,United States,United States,English,Yes,Part-Time
66968dde4fee5a4c57c89619,60b8fb32cf60b9905fb72f17,APPROVED,Not Applicable,2024-07-16T15:12:33.866000Z,2024-07-16T15:22:34.802000Z,2024-07-18T14:23:04.851000Z,2024-07-16T15:22:35.432294Z,601.0,75b53a55e8,699,28,Male,White,United States,United States,United States,English,No,Unemployed (and job seeking)
66968ddfb44c583d41c31e3d,66441d10662725412dc26be4,APPROVED,Not Applicable,2024-07-16T15:12:34.367000Z,2024-07-16T15:23:16.456000Z,2024-07-18T14:23:05.204000Z,2024-07-16T15:23:17.098395Z,643.0,75b53a55e8,92,27,Female,White,United States,United States,United States,English,No,Full-Time
66968de1d68203e645d820b7,6646cdbd7a8e4d39556e459b,RETURNED,Not Applicable,2024-07-16T15:18:16.246000Z,,,2024-09-06T15:37:59.194015Z,,,455,CONSENT_REVOKED,CONSENT_REVOKED,CONSENT_REVOKED,CONSENT_REVOKED,CONSENT_REVOKED,CONSENT_REVOKED,CONSENT_REVOKED,CONSENT_REVOKED,CONSENT_REVOKED
66968de26cbfbc3825a50df2,5dcc9ee9b4cc7892cce47c45,APPROVED,Not Applicable,2024-07-16T15:12:36.848000Z,2024-07-16T15:20:07.413000Z,2024-07-18T14:23:05.562000Z,2024-07-16T15:20:29.633764Z,451.0,75b53a55e8,535,22,Male,White,United States,United States,United States,English,DATA_EXPIRED,Full-Time
66968de8890e8cf17e8448a3,5fc803709e587e1295172443,RETURNED,Not Applicable,2024-07-16T15:12:45.293000Z,,,2024-09-06T15:37:59.196590Z,,,4370,CONSENT_REVOKED,CONSENT_REVOKED,CONSENT_REVOKED,CONSENT_REVOKED,CONSENT_REVOKED,CONSENT_REVOKED,CONSENT_REVOKED,CONSENT_REVOKED,CONSENT_REVOKED
66968ded2d28e9ec23a9b358,60f3320a37b06dff39dd1d8c,RETURNED,Not Applicable,2024-07-16T15:12:49.982000Z,,,2024-09-06T15:37:59.208711Z,,,3774,CONSENT_REVOKED,CONSENT_REVOKED,CONSENT_REVOKED,CONSENT_REVOKED,CONSENT_REVOKED,CONSENT_REVOKED,CONSENT_REVOKED,CONSENT_REVOKED,CONSENT_REVOKED
66968ded725c755f79b35c50,55899b8dfdf99b7ae47f5fa4,RETURNED,Not Applicable,2024-07-16T15:12:51.751000Z,,,2024-09-06T15:37:59.219846Z,,,1747,CONSENT_REVOKED,CONSENT_REVOKED,CONSENT_REVOKED,CONSENT_REVOKED,CONSENT_REVOKED,CONSENT_REVOKED,CONSENT_REVOKED,CONSENT_REVOKED,CONSENT_REVOKED
66968dee9a86e674943de741,66786fd4594ab649c244de43,RETURNED,Not Applicable,2024-07-16T15:12:57.217000Z,,,2024-09-06T15:37:59.222456Z,,,325,CONSENT_REVOKED,CONSENT_REVOKED,CONSENT_REVOKED,CONSENT_REVOKED,CONSENT_REVOKED,CONSENT_REVOKED,CONSENT_REVOKED,CONSENT_REVOKED,CONSENT_REVOKED
66968def43a324756ea45c8a,66587160f8303bc552312f66,APPROVED,Not Applicable,2024-07-16T15:12:53.128000Z,2024-07-16T15:21:17.460000Z,2024-07-18T14:23:06.001000Z,2024-07-16T15:21:18.050601Z,505.0,75b53a55e8,37,29,Male,White,United States,United States,United States,English,No,Full-Time
66968df00a823ec86dcb6241,664b8b0baab61db9495a6a19,APPROVED,Not Applicable,2024-07-16T15:12:53.082000Z,2024-07-16T15:20:39.323000Z,2024-07-18T14:23:06.319000Z,2024-07-16T15:20:43.297030Z,467.0,75b53a55e8,127,31,Male,White,United States,United States,United States,English,No,Unemployed (and job seeking)
66968df309bbb20a76218a70,650da97f0e8d1e74d590dc2e,RETURNED,Not Applicable,2024-07-16T15:22:00.127000Z,,,2024-09-06T15:37:59.228247Z,,,1196,CONSENT_REVOKED,CONSENT_REVOKED,CONSENT_REVOKED,CONSENT_REVOKED,CONSENT_REVOKED,CONSENT_REVOKED,CONSENT_REVOKED,CONSENT_REVOKED,CONSENT_REVOKED
66968df3b4e18849d2914272,5dd6d370194e486498e13ab6,APPROVED,Not Applicable,2024-07-16T15:12:55.458000Z,2024-07-16T15:20:50.150000Z,2024-07-18T14:23:06.653000Z,2024-07-16T15:20:50.912937Z,475.0,75b53a55e8,2698,49,Female,White,United States,United States,United States,English,No,Full-Time
66968df6809d48781da9b448,664418988b3ca83ab6067b4f,RETURNED,Not Applicable,2024-07-16T15:12:59.576000Z,,,2024-09-06T15:37:59.237098Z,,,298,CONSENT_REVOKED,CONSENT_REVOKED,CONSENT_REVOKED,CONSENT_REVOKED,CONSENT_REVOKED,CONSENT_REVOKED,CONSENT_REVOKED,CONSENT_REVOKED,CONSENT_REVOKED
66968df761ab941f2307becd,5e9809d80c268a000ae24a39,APPROVED,Not Applicable,2024-07-16T15:13:00.117000Z,2024-07-16T15:17:57.944000Z,2024-07-18T14:23:06.957000Z,2024-07-16T15:19:49.347602Z,298.0,75b53a55e8,353,21,Male,Asian,United States,United States,United States,English,Yes,Other
66968df86664bc27a0191158,65848e8b3335f883ddc08496,RETURNED,Not Applicable,2024-07-16T15:13:04.665000Z,,,2024-09-06T15:37:59.241426Z,,,151,CONSENT_REVOKED,CONSENT_REVOKED,CONSENT_REVOKED,CONSENT_REVOKED,CONSENT_REVOKED,CONSENT_REVOKED,CONSENT_REVOKED,CONSENT_REVOKED,CONSENT_REVOKED
66968df8725c755f79b35c53,6677236a52a158c0bdb6c809,APPROVED,Not Applicable,2024-07-16T15:12:59.753000Z,2024-07-16T15:18:47.904000Z,2024-07-18T14:20:53.038000Z,2024-07-16T15:19:56.969974Z,349.0,75b53a55e8,61,23,Female,White,United States,United States,United States,English,Yes,Full-Time
66968e03be253cae93ef72aa,668dc9c9cb393e15f3baf53e,RETURNED,Not Applicable,2024-07-16T15:13:11.908000Z,,,2024-09-06T15:37:59.243474Z,,,321,CONSENT_REVOKED,CONSENT_REVOKED,CONSENT_REVOKED,CONSENT_REVOKED,CONSENT_REVOKED,CONSENT_REVOKED,CONSENT_REVOKED,CONSENT_REVOKED,CONSENT_REVOKED
66968e08ab4ac3ddec9218bb,66928daf513c6887f66b6e19,RETURNED,Not Applicable,2024-07-16T15:13:16.092000Z,,,2024-09-06T15:37:59.319198Z,,,248,CONSENT_REVOKED,CONSENT_REVOKED,CONSENT_REVOKED,CONSENT_REVOKED,CONSENT_REVOKED,CONSENT_REVOKED,CONSENT_REVOKED,CONSENT_REVOKED,CONSENT_REVOKED
66968e08ad75acbfa4a16ef0,665e107b0f22e57ff8be50b8,RETURNED,Not Applicable,2024-07-16T15:14:20.289000Z,,,2024-09-06T15:37:59.328901Z,,,104,CONSENT_REVOKED,CONSENT_REVOKED,CONSENT_REVOKED,CONSENT_REVOKED,CONSENT_REVOKED,CONSENT_REVOKED,CONSENT_REVOKED,CONSENT_REVOKED,CONSENT_REVOKED
66968e0f0188b7ca5205f812,66928297f3b9a8a2bc8ced10,RETURNED,Not Applicable,2024-07-16T15:13:31.526000Z,,,2024-09-06T15:37:59.343716Z,,,148,CONSENT_REVOKED,CONSENT_REVOKED,CONSENT_REVOKED,CONSENT_REVOKED,CONSENT_REVOKED,CONSENT_REVOKED,CONSENT_REVOKED,CONSENT_REVOKED,CONSENT_REVOKED
66968e0f036934fb26f7c095,6665e60f1e2f8d963f8c393c,APPROVED,Not Applicable,2024-07-16T15:13:23.810000Z,2024-07-16T15:26:12.935000Z,2024-07-18T14:20:53.433000Z,2024-07-16T15:26:13.639394Z,770.0,75b53a55e8,101,64,Male,White,United States,United States,United States,English,No,Other
66968e155b50a768b9b5987b,66940050ebcc22947ead5ddd,RETURNED,Not Applicable,2024-07-16T15:13:34.064000Z,,,2024-09-06T15:37:59.349819Z,,,168,CONSENT_REVOKED,CONSENT_REVOKED,CONSENT_REVOKED,CONSENT_REVOKED,CONSENT_REVOKED,CONSENT_REVOKED,CONSENT_REVOKED,CONSENT_REVOKED,CONSENT_REVOKED
66968e18bacc16f5a51c4027,61720637efa93f56c3c3b92b,RETURNED,Not Applicable,2024-07-16T15:24:00.067000Z,,,2024-09-06T15:37:59.352956Z,,,835,CONSENT_REVOKED,CONSENT_REVOKED,CONSENT_REVOKED,CONSENT_REVOKED,CONSENT_REVOKED,CONSENT_REVOKED,CONSENT_REVOKED,CONSENT_REVOKED,CONSENT_REVOKED
66968e239e484c8d3de4a50c,5f744fb50bfbbd0a01cd5435,APPROVED,Not Applicable,2024-07-16T15:13:43.645000Z,2024-07-16T15:21:00.077000Z,2024-07-18T14:20:53.757000Z,2024-07-16T15:21:01.000558Z,437.0,75b53a55e8,5365,49,Female,White,United States,United States,United States,English,No,"Not in paid work (e.g. homemaker', 'retired or disabled)"
66968e297bc4c2d6e3d03934,6695298f48824fe079e10e8c,APPROVED,Not Applicable,2024-07-16T15:13:52.868000Z,2024-07-16T15:31:59.942000Z,2024-07-18T14:20:54.070000Z,2024-07-16T15:33:36.503740Z,1088.0,75b53a55e8,4,28,Female,Black,United States,United States,United States,English,No,Part-Time
66968e2ff67abc48613212ea,60f5eade80843a39e86ada6a,APPROVED,Not Applicable,2024-07-16T15:13:56.482000Z,2024-07-16T15:20:42.453000Z,2024-07-18T14:20:54.373000Z,2024-07-16T15:20:44.340659Z,406.0,75b53a55e8,291,24,Female,Mixed,United States,United States,United States,English,No,Full-Time
66968e32a26a6d5d1d6bca5c,6107720cff13015082b48f4a,APPROVED,Not Applicable,2024-07-16T15:19:21.194000Z,2024-07-16T15:26:24.579000Z,2024-07-18T14:20:54.679000Z,2024-07-16T15:26:25.404018Z,424.0,75b53a55e8,3979,24,Male,Mixed,United States,United States,United States,English,Yes,Full-Time
66968e342d4576957d32c612,65627c72163e4c5a24c985fc,APPROVED,Not Applicable,2024-07-16T15:14:00.091000Z,2024-07-16T15:20:26.585000Z,2024-07-18T14:20:54.978000Z,2024-07-16T15:20:38.596567Z,387.0,75b53a55e8,1517,30,Male,Asian,United States,United States,United States,Chinese,No,Full-Time
66968e38369d100e653a5792,6516ddfe712859d53bf6499a,APPROVED,Not Applicable,2024-07-16T15:14:04.924000Z,2024-07-16T15:20:21.165000Z,2024-07-18T14:20:55.328000Z,2024-07-16T15:20:36.558526Z,377.0,75b53a55e8,754,52,Male,White,United States,United States,United States,English,No,Full-Time
66968e3ab1fd7b566b8664cd,6672465caacbf8f0a756a5fc,APPROVED,Not Applicable,2024-07-16T15:14:08.210000Z,2024-07-16T15:34:23.562000Z,2024-07-18T14:20:55.624000Z,2024-07-16T15:34:34.273973Z,1216.0,75b53a55e8,107,18,Female,Black,United States,United States,United States,English,Yes,DATA_EXPIRED
66968e3bae8985d43812cc00,5fb9de27e62120924c5b2176,APPROVED,Not Applicable,2024-07-16T15:14:06.201000Z,2024-07-16T15:18:21.285000Z,2024-07-18T14:20:55.996000Z,2024-07-16T15:19:51.321898Z,256.0,75b53a55e8,2903,61,Female,White,United States,United States,United States,English,No,Part-Time
66968e3e22d6642d0ffca4ac,580cab86b869700001d71628,APPROVED,Not Applicable,2024-07-16T15:14:10.869000Z,2024-07-16T15:20:51.169000Z,2024-07-18T14:20:56.304000Z,2024-07-16T15:20:51.858110Z,401.0,75b53a55e8,6792,61,Female,White,United States,United States,United States,English,DATA_EXPIRED,Other
66968e3f7144f95b89950a8b,65ce44312d4ad7ca12d31bc6,RETURNED,Not Applicable,2024-07-16T15:14:13.406000Z,,,2024-09-06T15:37:59.354628Z,,,305,CONSENT_REVOKED,CONSENT_REVOKED,CONSENT_REVOKED,CONSENT_REVOKED,CONSENT_REVOKED,CONSENT_REVOKED,CONSENT_REVOKED,CONSENT_REVOKED,CONSENT_REVOKED
66968e41cc25e2118ae31bbf,663a6f4d0355165d94d53045,RETURNED,Not Applicable,2024-07-16T15:14:17.077000Z,,,2024-09-06T15:37:59.358520Z,,,249,CONSENT_REVOKED,CONSENT_REVOKED,CONSENT_REVOKED,CONSENT_REVOKED,CONSENT_REVOKED,CONSENT_REVOKED,CONSENT_REVOKED,CONSENT_REVOKED,CONSENT_REVOKED
66968e42cece4d946454f84a,6695485f783d3f0401e57897,APPROVED,Not Applicable,2024-07-16T15:14:53.647000Z,2024-07-16T15:21:30.181000Z,2024-07-18T14:20:56.705000Z,2024-07-16T15:21:30.795528Z,397.0,75b53a55e8,15,25,Female,Asian,United States,United States,United States,English,No,Full-Time
66968e489380690fb3ea4c78,668126eea930dfc63e6d7d27,RETURNED,Not Applicable,2024-07-16T15:14:38.944000Z,,,2024-09-06T15:37:59.364666Z,,,297,CONSENT_REVOKED,CONSENT_REVOKED,CONSENT_REVOKED,CONSENT_REVOKED,CONSENT_REVOKED,CONSENT_REVOKED,CONSENT_REVOKED,CONSENT_REVOKED,CONSENT_REVOKED
66968e599a181b12a5d837da,62dc07a7fbbd3d089b7135af,APPROVED,Not Applicable,2024-07-16T15:14:39.290000Z,2024-07-16T15:20:43.608000Z,2024-07-18T14:20:57.030000Z,2024-07-16T15:20:44.399680Z,365.0,75b53a55e8,2643,39,Male,White,United States,United States,United States,English,No,Full-Time
66968e5b79de36a4a4a603bd,64145d019e20e38b58b208c1,APPROVED,Not Applicable,2024-07-16T15:14:38.295000Z,2024-07-16T15:19:49.016000Z,2024-07-18T14:20:57.368000Z,2024-07-16T15:20:21.833776Z,311.0,75b53a55e8,2691,31,Female,White,United States,United States,United States,English,DATA_EXPIRED,DATA_EXPIRED
66968e5bb44c583d41c31e66,668f33087626a4a267ae8982,RETURNED,Not Applicable,2024-07-16T15:24:35.870000Z,,,2024-09-06T15:37:59.375062Z,,,210,CONSENT_REVOKED,CONSENT_REVOKED,CONSENT_REVOKED,CONSENT_REVOKED,CONSENT_REVOKED,CONSENT_REVOKED,CONSENT_REVOKED,CONSENT_REVOKED,CONSENT_REVOKED
66968e5c6ed901f9ea625706,5eae37af3ac6885048af8db3,APPROVED,Not Applicable,2024-07-16T15:21:52.335000Z,2024-07-16T15:31:24.524000Z,2024-07-18T14:20:57.647000Z,2024-07-16T15:33:26.044566Z,573.0,75b53a55e8,2819,26,Male,White,United States,United States,United States,English,No,Unemployed (and job seeking)
66968e5ced5fcb3be0aef403,5c59ddfe7e554c00012580af,APPROVED,Not Applicable,2024-07-16T15:14:44.007000Z,2024-07-16T15:28:56.437000Z,2024-07-18T14:20:58.015000Z,2024-07-16T15:29:02.360506Z,853.0,75b53a55e8,60,38,Male,White,United States,United States,United States,English,DATA_EXPIRED,DATA_EXPIRED
66968e5df08376bf7f7727f4,6682a3860d01cd91ebd35d11,APPROVED,Not Applicable,2024-07-16T15:14:56.894000Z,2024-07-16T15:20:26.406000Z,2024-07-18T14:20:58.270000Z,2024-07-16T15:20:38.515052Z,330.0,75b53a55e8,85,28,Female,Asian,United States,United States,United States,Vietnamese,Yes,Full-Time
66968e5eaf049cea529a288c,668a7ab9be5eedd5c545f4e8,APPROVED,Not Applicable,2024-07-16T15:14:44.435000Z,2024-07-16T15:23:04.076000Z,2024-07-18T14:20:58.543000Z,2024-07-16T15:23:04.719916Z,500.0,75b53a55e8,19,47,Female,Other,United States,United States,United States,English,No,Due to start a new job within the next month
66968e6166ba6838ec959f81,5c511ead2423780001086a92,APPROVED,Not Applicable,2024-07-16T15:15:33.999000Z,2024-07-16T15:22:08.240000Z,2024-07-18T14:20:58.852000Z,2024-07-16T15:22:08.924320Z,395.0,75b53a55e8,2648,49,Female,Mixed,United States,United States,United States,English,No,Full-Time
66968e6194d270777c31a805,668e92f5e0a31d1b5a52ee27,APPROVED,Not Applicable,2024-07-16T15:14:44.757000Z,2024-07-16T15:21:10.885000Z,2024-07-18T14:20:59.180000Z,2024-07-16T15:21:11.464194Z,387.0,75b53a55e8,36,23,Male,Asian,United States,United States,United States,English,Yes,DATA_EXPIRED
66968e62bcc8f429e9a07db1,6695541a6e0d986b02c25dd9,RETURNED,Not Applicable,2024-07-16T15:24:42.686000Z,,,2024-09-06T15:37:59.375774Z,,,193,CONSENT_REVOKED,CONSENT_REVOKED,CONSENT_REVOKED,CONSENT_REVOKED,CONSENT_REVOKED,CONSENT_REVOKED,CONSENT_REVOKED,CONSENT_REVOKED,CONSENT_REVOKED
66968e699b187e14aa1dd975,669588e8ad1745596a02a04b,APPROVED,Not Applicable,2024-07-16T15:16:27.744000Z,2024-07-16T15:20:48.449000Z,2024-07-18T14:20:59.562000Z,2024-07-16T15:20:49.141202Z,261.0,75b53a55e8,19,22,Male,White,United States,United States,United States,English,No,Unemployed (and job seeking)
66968e6c0da1187e409a27e0,62b4adff784482cca3e0e67c,APPROVED,Not Applicable,2024-07-16T15:14:56.137000Z,2024-07-16T15:25:16.085000Z,2024-07-18T14:21:00.035000Z,2024-07-16T15:25:17.051360Z,620.0,75b53a55e8,630,28,Male,White,United States,United States,United States,English,Yes,Full-Time
66968e6da9be2e9d436e858d,65f99b502e81655ac7459020,APPROVED,Not Applicable,2024-07-16T15:14:55.743000Z,2024-07-16T15:25:58.028000Z,2024-07-18T14:21:00.675000Z,2024-07-16T15:25:58.560277Z,663.0,75b53a55e8,413,33,Female,White,United States,United States,United States,English,No,Part-Time
66968e6e3b21bbac5ce12307,5ec8d7ddc615393c9e250baf,RETURNED,Not Applicable,2024-07-16T15:15:02.521000Z,,,2024-09-06T15:37:59.386999Z,,,236,CONSENT_REVOKED,CONSENT_REVOKED,CONSENT_REVOKED,CONSENT_REVOKED,CONSENT_REVOKED,CONSENT_REVOKED,CONSENT_REVOKED,CONSENT_REVOKED,CONSENT_REVOKED
66968e6f73c4610291950a8c,632b7129a7fcb650fd06c81d,APPROVED,Not Applicable,2024-07-16T15:15:02.262000Z,2024-07-16T15:27:50.193000Z,2024-07-18T14:21:01.088000Z,2024-07-16T15:28:03.571424Z,768.0,75b53a55e8,1636,26,Male,White,United States,United States,United States,English,DATA_EXPIRED,Part-Time
66968e77c7373a01cf984639,66848b58aa0f411319bda5a6,APPROVED,Not Applicable,2024-07-16T15:15:05.449000Z,2024-07-16T15:20:51.555000Z,2024-07-18T14:21:02.375000Z,2024-07-16T15:20:52.175841Z,347.0,75b53a55e8,39,28,Male,Asian,United States,United States,United States,English,No,DATA_EXPIRED
66968e7c1d79977c66c53447,667d97ece040723f822fe223,APPROVED,Not Applicable,2024-07-16T15:15:12.781000Z,2024-07-16T15:21:06.161000Z,2024-07-18T14:21:02.883000Z,2024-07-16T15:21:06.768168Z,354.0,75b53a55e8,131,34,Female,White,United States,United States,United States,English,No,Full-Time
66968e817ee7fa86ec31a7f1,660700e07349f8b58762681c,APPROVED,Not Applicable,2024-07-16T15:15:17.122000Z,2024-07-16T15:23:33.974000Z,2024-07-18T14:21:03.341000Z,2024-07-16T15:23:34.506019Z,497.0,75b53a55e8,161,48,Male,Asian,United States,United States,United States,English,No,Full-Time
66968e82b4e18849d2914290,660f2f1d7bd9c9651206d43c,RETURNED,Not Applicable,2024-07-16T15:15:18.555000Z,,,2024-09-06T15:37:59.392971Z,,,377,CONSENT_REVOKED,CONSENT_REVOKED,CONSENT_REVOKED,CONSENT_REVOKED,CONSENT_REVOKED,CONSENT_REVOKED,CONSENT_REVOKED,CONSENT_REVOKED,CONSENT_REVOKED
66968e83004d5b7efb90e3a4,66594fe4cdc0d772db2dd715,APPROVED,Not Applicable,2024-07-16T15:15:22.877000Z,2024-07-16T15:24:26.247000Z,2024-07-18T14:21:03.796000Z,2024-07-16T15:24:27.078512Z,544.0,75b53a55e8,44,25,Male,White,United States,United States,United States,English,Yes,DATA_EXPIRED
66968e8302a90d0791802030,631b593a9bb21bb86ea260a7,APPROVED,Not Applicable,2024-07-16T15:15:17.452000Z,2024-07-16T15:21:05.835000Z,2024-07-18T14:21:04.197000Z,2024-07-16T15:21:06.476668Z,349.0,75b53a55e8,926,26,Male,White,United States,United States,United States,Spanish,No,Full-Time
66968e83b4e2e22104a9b392,5b0ad393e9270900013b96e6,RETURNED,Not Applicable,2024-07-16T15:15:25.697000Z,,,2024-09-06T15:37:59.399364Z,,,4044,CONSENT_REVOKED,CONSENT_REVOKED,CONSENT_REVOKED,CONSENT_REVOKED,CONSENT_REVOKED,CONSENT_REVOKED,CONSENT_REVOKED,CONSENT_REVOKED,CONSENT_REVOKED
66968e84d7be85f1b534d42c,6686a311e31819970c7060d0,APPROVED,Not Applicable,2024-07-16T15:19:51.078000Z,2024-07-16T16:02:10.118000Z,2024-07-18T14:21:04.640000Z,2024-07-16T16:02:10.711806Z,2540.0,75b53a55e8,82,25,Male,White,United States,United States,United States,English,Yes,DATA_EXPIRED
66968e8ba9be2e9d436e8598,5b78bb52fb8ddb00010e3d87,APPROVED,Not Applicable,2024-07-16T15:15:32.762000Z,2024-07-16T15:21:34.201000Z,2024-07-18T14:21:05.080000Z,2024-07-16T15:21:34.955500Z,362.0,75b53a55e8,89,47,Male,White,United States,United States,United States,English,No,Part-Time
66968e8e976446a609b208f0,65650847edafe5ec7904220d,RETURNED,Not Applicable,2024-07-16T15:15:33.518000Z,,,2024-09-06T15:37:59.408385Z,,,315,CONSENT_REVOKED,CONSENT_REVOKED,CONSENT_REVOKED,CONSENT_REVOKED,CONSENT_REVOKED,CONSENT_REVOKED,CONSENT_REVOKED,CONSENT_REVOKED,CONSENT_REVOKED
66968e98e52795e15d380ae9,5abc517c1667e40001d80d68,APPROVED,Not Applicable,2024-07-16T15:15:39.468000Z,2024-07-16T15:24:13.035000Z,2024-07-18T14:21:05.650000Z,2024-07-16T15:24:13.779919Z,514.0,75b53a55e8,652,31,Male,Mixed,United States,United States,United States,English,Yes,Other
66968e9b139d919fe5c9b0c4,6682bc923a62b9b1519eba14,APPROVED,Not Applicable,2024-07-16T15:15:45.160000Z,2024-07-16T15:39:27.822000Z,2024-07-18T14:21:06.094000Z,2024-07-16T15:39:28.844342Z,1423.0,75b53a55e8,27,34,Male,Black,United States,United States,United States,English,No,Full-Time
66968e9b6216835c59e1231c,6484aa2062d8c249b15c662c,APPROVED,Not Applicable,2024-07-16T15:15:43.915000Z,2024-07-16T15:41:16.679000Z,2024-07-18T14:21:06.518000Z,2024-07-16T15:41:18.468205Z,1533.0,75b53a55e8,328,59,Female,Black,United States,United States,United States,English,DATA_EXPIRED,Full-Time
66968e9d0cef7adf81e57926,6310b35d758f80e9cf3f4e41,APPROVED,Not Applicable,2024-07-16T15:16:45.618000Z,2024-07-16T15:26:47.722000Z,2024-07-18T14:21:06.834000Z,2024-07-16T15:26:57.167201Z,603.0,75b53a55e8,2553,21,Female,White,United States,United States,United States,English,No,"Not in paid work (e.g. homemaker', 'retired or disabled)"
66968e9eae8985d43812cc33,5dd9df0e946f7c97406a55ea,APPROVED,Not Applicable,2024-07-16T15:15:51.556000Z,2024-07-16T15:19:58.387000Z,2024-07-18T14:21:07.137000Z,2024-07-16T15:20:24.949825Z,247.0,75b53a55e8,4284,23,Female,White,United States,United States,United States,English,DATA_EXPIRED,DATA_EXPIRED
66968ea4b3a1bc3e409cf308,66315e27b720ae80cb471655,APPROVED,Not Applicable,2024-07-16T15:16:00.171000Z,2024-07-16T15:23:50.221000Z,2024-07-18T14:21:07.429000Z,2024-07-16T15:23:51.041118Z,471.0,75b53a55e8,179,42,Male,Other,United States,United States,United States,English,No,Full-Time
66968ea6936866436efca4fa,66857879d490c37e4cbb2a50,RETURNED,Not Applicable,2024-07-16T15:15:54.244000Z,,,2024-09-06T15:37:59.416576Z,,,142,CONSENT_REVOKED,CONSENT_REVOKED,CONSENT_REVOKED,CONSENT_REVOKED,CONSENT_REVOKED,CONSENT_REVOKED,CONSENT_REVOKED,CONSENT_REVOKED,CONSENT_REVOKED
66968ea7c0099919a3481bb9,65c69497ab503bf918ddd5b7,APPROVED,Not Applicable,2024-07-16T15:16:07.679000Z,2024-07-16T15:42:30.957000Z,2024-07-18T14:21:07.910000Z,2024-07-16T15:42:58.494248Z,1584.0,75b53a55e8,276,58,Male,Black,Ghana,United States,United States,English,No,Full-Time
66968ea928abea4f355445aa,582c83a0bbb67e0001e49ec1,APPROVED,Not Applicable,2024-07-16T15:15:58.435000Z,2024-07-16T15:28:20.688000Z,2024-07-18T14:21:08.207000Z,2024-07-16T15:28:27.068544Z,743.0,75b53a55e8,2286,68,Male,White,United States,United States,United States,English,DATA_EXPIRED,"Not in paid work (e.g. homemaker', 'retired or disabled)"
66968ead16aed2ebb037f329,5d0dd940312297000137d2a7,RETURNED,Not Applicable,2024-07-16T15:16:06.324000Z,,,2024-09-06T15:37:59.420169Z,,,2337,CONSENT_REVOKED,CONSENT_REVOKED,CONSENT_REVOKED,CONSENT_REVOKED,CONSENT_REVOKED,CONSENT_REVOKED,CONSENT_REVOKED,CONSENT_REVOKED,CONSENT_REVOKED
66968eb12f825bdf30367142,5e65061173afb2277765b53b,APPROVED,Not Applicable,2024-07-16T15:16:03.909000Z,2024-07-16T15:22:42.501000Z,2024-07-18T14:21:08.495000Z,2024-07-16T15:22:43.110668Z,399.0,75b53a55e8,5169,35,Female,White,United States,United States,United States,English,No,Full-Time
66968eb2db37215a2c84bab1,664b4ffde3550176ef06a5cb,RETURNED,Not Applicable,2024-07-16T15:16:11.348000Z,,,2024-09-06T15:37:59.433960Z,,,155,CONSENT_REVOKED,CONSENT_REVOKED,CONSENT_REVOKED,CONSENT_REVOKED,CONSENT_REVOKED,CONSENT_REVOKED,CONSENT_REVOKED,CONSENT_REVOKED,CONSENT_REVOKED
66968eb32d28e9ec23a9b38f,6631a08dd5a58f09280b4401,RETURNED,Not Applicable,2024-07-16T15:16:10.983000Z,,,2024-09-06T15:37:59.439130Z,,,219,CONSENT_REVOKED,CONSENT_REVOKED,CONSENT_REVOKED,CONSENT_REVOKED,CONSENT_REVOKED,CONSENT_REVOKED,CONSENT_REVOKED,CONSENT_REVOKED,CONSENT_REVOKED
66968eb9dc6090480ad89c57,654585f747eeb23dde2b3ff6,APPROVED,Not Applicable,2024-07-16T15:16:20.158000Z,2024-07-16T15:37:00.615000Z,2024-07-18T14:21:08.788000Z,2024-07-16T15:37:01.137814Z,1241.0,75b53a55e8,302,48,Female,White,United States,United States,United States,English,No,Full-Time
66968eba3a7729d6e3db9b49,66423e97c947ce5284f4b341,APPROVED,Not Applicable,2024-07-16T15:16:16.094000Z,2024-07-16T15:20:52.481000Z,2024-07-18T14:21:09.167000Z,2024-07-16T15:20:53.571500Z,277.0,75b53a55e8,60,26,Female,White,United States,United States,United States,English,No,Full-Time
66968ebb38c786e2b784babe,60ff57e5154dbec052c4fba2,RETURNED,Not Applicable,2024-07-16T15:16:18.884000Z,,,2024-09-06T15:37:59.445225Z,,,490,CONSENT_REVOKED,CONSENT_REVOKED,CONSENT_REVOKED,CONSENT_REVOKED,CONSENT_REVOKED,CONSENT_REVOKED,CONSENT_REVOKED,CONSENT_REVOKED,CONSENT_REVOKED
66968ec412eea49b92079f79,6687fed383f7f90922cb2e11,APPROVED,Not Applicable,2024-07-16T15:16:26.990000Z,2024-07-16T15:34:32.092000Z,2024-07-18T14:21:09.565000Z,2024-07-16T15:34:37.156666Z,1086.0,75b53a55e8,50,26,Male,Black,Ghana,United States,United States,English,Yes,Unemployed (and job seeking)
66968ec4cece4d946454f85f,6108781e0d1dd936d2b75432,APPROVED,Not Applicable,2024-07-16T15:16:22.974000Z,2024-07-16T15:22:58.135000Z,2024-07-18T14:21:09.904000Z,2024-07-16T15:22:59.109343Z,396.0,75b53a55e8,4595,33,Female,White,United States,United States,United States,English,No,Part-Time
66968ec5976446a609b208fb,5c5c75fa1bca630001ea772b,APPROVED,Not Applicable,2024-07-16T15:16:25.704000Z,2024-07-16T15:25:04.789000Z,2024-07-18T14:21:10.173000Z,2024-07-16T15:25:05.397965Z,520.0,75b53a55e8,1560,29,Male,White,United States,United States,United States,English,No,Unemployed (and job seeking)
66968ec728abea4f355445b4,668e8eb304552df4f32b2316,APPROVED,Not Applicable,2024-07-16T15:16:26.912000Z,2024-07-16T15:26:44.149000Z,2024-07-18T14:21:10.509000Z,2024-07-16T15:26:53.557226Z,618.0,75b53a55e8,65,25,Male,White,United States,United States,United States,English,No,Unemployed (and job seeking)
66968ec9a51b19fa54ecdb38,6643a4919d6c2efb29357794,APPROVED,Not Applicable,2024-07-16T15:25:33.644000Z,2024-07-16T15:32:37.436000Z,2024-07-18T14:21:10.809000Z,2024-07-16T15:33:44.735901Z,424.0,75b53a55e8,59,37,Male,Other,United States,United States,United States,English,No,DATA_EXPIRED
66968ece139d919fe5c9b0cc,6686e72b762ad26de146f4db,RETURNED,Not Applicable,2024-07-16T15:17:27.513000Z,,,2024-09-06T15:37:59.457320Z,,,190,CONSENT_REVOKED,CONSENT_REVOKED,CONSENT_REVOKED,CONSENT_REVOKED,CONSENT_REVOKED,CONSENT_REVOKED,CONSENT_REVOKED,CONSENT_REVOKED,CONSENT_REVOKED
66968ed0b8280882342615de,66521b24d6ceda5f17e85237,APPROVED,Not Applicable,2024-07-16T15:17:10.075000Z,2024-07-16T15:23:08.050000Z,2024-07-18T14:21:11.283000Z,2024-07-16T15:23:08.738154Z,358.0,75b53a55e8,39,31,Male,White,United States,United States,United States,English,No,Full-Time
66968ed3aec406bb32cddf91,63287f5ea8e0224fe5713a99,APPROVED,Not Applicable,2024-07-16T15:16:38.837000Z,2024-07-16T15:22:55.666000Z,2024-07-18T14:21:11.582000Z,2024-07-16T15:22:56.337994Z,377.0,75b53a55e8,905,37,Male,White,United States,United States,United States,English,DATA_EXPIRED,Unemployed (and job seeking)
66968edbb44c583d41c31e82,665cca3b876948c40b23865c,APPROVED,Not Applicable,2024-07-16T15:16:52.227000Z,2024-07-16T15:22:24.974000Z,2024-07-18T14:21:11.878000Z,2024-07-16T15:22:25.703626Z,333.0,75b53a55e8,77,30,Female,White,United States,United States,United States,English,No,"Not in paid work (e.g. homemaker', 'retired or disabled)"
66968edccbca938260c5477f,668c3efacb7c89ec72504e88,RETURNED,Not Applicable,2024-07-16T15:16:50.573000Z,,,2024-09-06T15:37:59.551069Z,,,287,CONSENT_REVOKED,CONSENT_REVOKED,CONSENT_REVOKED,CONSENT_REVOKED,CONSENT_REVOKED,CONSENT_REVOKED,CONSENT_REVOKED,CONSENT_REVOKED,CONSENT_REVOKED
66968ee7a51b19fa54ecdb40,66956d856f7176e8bb907fcc,TIMED-OUT,Not Applicable,2024-07-16T15:16:59.899000Z,,,2024-09-06T15:37:59.569816Z,4494060.0,,218,37,Male,White,United States,United States,United States,English,No,Full-Time
66968eed22d6642d0ffca4dd,5ef11899b242da1e73a5b1e4,APPROVED,Not Applicable,2024-07-16T15:17:12.792000Z,2024-07-16T15:24:09.152000Z,2024-07-18T14:21:12.238000Z,2024-07-16T15:24:09.721112Z,417.0,75b53a55e8,191,22,Male,Mixed,United States,United States,United States,English,Yes,Part-Time
66968ef16328ec99fa0c9da3,633c7424294f7a26710ca395,RETURNED,Not Applicable,2024-07-16T15:17:10.715000Z,,,2024-09-06T15:37:59.572927Z,,,3739,CONSENT_REVOKED,CONSENT_REVOKED,CONSENT_REVOKED,CONSENT_REVOKED,CONSENT_REVOKED,CONSENT_REVOKED,CONSENT_REVOKED,CONSENT_REVOKED,CONSENT_REVOKED
66968ef32a3c29ed89c60221,660093173d5410e1b22b64e5,APPROVED,Not Applicable,2024-07-16T15:20:02.801000Z,2024-07-16T15:30:00.984000Z,2024-07-18T14:21:12.524000Z,2024-07-16T15:30:33.611937Z,599.0,75b53a55e8,634,25,Male,White,United States,United States,United States,English,Yes,Unemployed (and job seeking)
66968ef64e5250939e2615ee,6629418d8489624cc371e74a,APPROVED,Not Applicable,2024-07-16T15:17:14.785000Z,2024-07-16T15:23:22.737000Z,2024-07-18T14:21:12.807000Z,2024-07-16T15:23:23.380483Z,368.0,75b53a55e8,241,38,Female,White,United States,United States,United States,English,No,Full-Time
66968ef8cece4d946454f86b,65d6ce10fbdaf41679cebe84,APPROVED,Not Applicable,2024-07-16T15:17:20.104000Z,2024-07-16T15:29:39.031000Z,2024-07-18T14:21:13.113000Z,2024-07-16T15:30:11.127962Z,739.0,75b53a55e8,344,27,Female,Asian,United States,United States,United States,Gujarati,Yes,DATA_EXPIRED
66968efa9588d4b43c214c28,65cb9a512efd76eb9e920010,APPROVED,Not Applicable,2024-07-16T15:17:21.779000Z,2024-07-16T15:24:36.931000Z,2024-07-18T14:21:13.428000Z,2024-07-16T15:24:37.494955Z,436.0,75b53a55e8,868,22,Female,Asian,United States,United States,United States,English,No,Full-Time
66968efab62fca6832e06018,6678b487c2574ecf30bf5e3f,RETURNED,Not Applicable,2024-07-16T15:17:21.888000Z,,,2024-09-06T15:37:59.573949Z,,,67,CONSENT_REVOKED,CONSENT_REVOKED,CONSENT_REVOKED,CONSENT_REVOKED,CONSENT_REVOKED,CONSENT_REVOKED,CONSENT_REVOKED,CONSENT_REVOKED,CONSENT_REVOKED
66968efb51a6af7e65db9b68,668d216a32a6ba92f44eed75,APPROVED,Not Applicable,2024-07-16T15:17:19.499000Z,2024-07-16T15:26:29.495000Z,2024-07-18T14:21:13.732000Z,2024-07-16T15:26:34.101766Z,550.0,75b53a55e8,51,29,Male,White,United States,United States,United States,English,No,Other
66968efcfa00067b081cdee7,60e0ccb2c3f51bd6f72f97f9,APPROVED,Not Applicable,2024-07-16T15:17:20.935000Z,2024-07-16T15:29:14.960000Z,2024-07-18T14:21:14.007000Z,2024-07-16T15:29:22.601569Z,715.0,75b53a55e8,164,43,Female,White,United States,United States,United States,English,No,"Not in paid work (e.g. homemaker', 'retired or disabled)"
66968efd02a90d079180204d,5fc5ab0e7bad151445fc8594,RETURNED,Not Applicable,2024-07-16T15:17:20.888000Z,,,2024-09-06T15:37:59.582529Z,,,2210,CONSENT_REVOKED,CONSENT_REVOKED,CONSENT_REVOKED,CONSENT_REVOKED,CONSENT_REVOKED,CONSENT_REVOKED,CONSENT_REVOKED,CONSENT_REVOKED,CONSENT_REVOKED
66968efd9588d4b43c214c2a,65d851f35d9565f1762c32db,APPROVED,Not Applicable,2024-07-16T15:17:20.792000Z,2024-07-16T15:37:02.181000Z,2024-07-18T14:21:14.333000Z,2024-07-16T15:37:02.739678Z,1182.0,75b53a55e8,46,51,Male,Black,DATA_EXPIRED,United States,United States,English,No,Full-Time
66968f03c0233b3dafc8965b,59f224ce40333e00017edfe8,APPROVED,Not Applicable,2024-07-16T15:17:26.197000Z,2024-07-16T15:39:15.160000Z,2024-07-18T14:21:14.671000Z,2024-07-16T15:39:15.886602Z,1309.0,75b53a55e8,6044,38,Female,White,United States,United States,United States,English,No,Full-Time
66968f049e0e07cd60197f02,665280df3c6d42361bf2d358,APPROVED,Not Applicable,2024-07-16T15:17:28.234000Z,2024-07-16T15:25:25.005000Z,2024-07-18T14:21:15.018000Z,2024-07-16T15:25:25.638203Z,477.0,75b53a55e8,33,26,Male,White,United States,United States,United States,English,No,Unemployed (and job seeking)
66968f0bc0099919a3481bc9,5e4f1b00508a16000b0978ff,APPROVED,Not Applicable,2024-07-16T15:17:35.891000Z,2024-07-16T15:25:07.507000Z,2024-07-18T14:21:15.342000Z,2024-07-16T15:25:08.576043Z,452.0,75b53a55e8,1803,33,Female,White,United States,United States,United States,English,No,Unemployed (and job seeking)
66968f0d036934fb26f7c0c6,5dd309d351c6d23192626706,APPROVED,Not Applicable,2024-07-16T15:17:47.823000Z,2024-07-16T15:23:49.329000Z,2024-07-18T14:21:15.797000Z,2024-07-16T15:23:50.471470Z,362.0,75b53a55e8,1716,31,Female,White,United States,United States,United States,English,No,Full-Time
66968f0d68ee1ceb7c5b9f05,65f5a84b838dcc1ac14602f2,RETURNED,Not Applicable,2024-07-16T15:17:38.686000Z,,,2024-09-06T15:37:59.582403Z,,,197,CONSENT_REVOKED,CONSENT_REVOKED,CONSENT_REVOKED,CONSENT_REVOKED,CONSENT_REVOKED,CONSENT_REVOKED,CONSENT_REVOKED,CONSENT_REVOKED,CONSENT_REVOKED
66968f0e1d79977c66c5346a,6679b8cacc8387d07dfde504,APPROVED,Not Applicable,2024-07-16T15:17:40.024000Z,2024-07-16T15:23:09.745000Z,2024-07-18T14:21:16.228000Z,2024-07-16T15:23:10.974656Z,330.0,75b53a55e8,41,23,Female,White,United States,United States,United States,English,No,DATA_EXPIRED
66968f0f1b3da44531ed1cd9,5dd26f3f5a40f228b768d3e4,RETURNED,Not Applicable,2024-07-16T15:17:46.314000Z,,,2024-09-06T15:37:59.586911Z,,,3132,CONSENT_REVOKED,CONSENT_REVOKED,CONSENT_REVOKED,CONSENT_REVOKED,CONSENT_REVOKED,CONSENT_REVOKED,CONSENT_REVOKED,CONSENT_REVOKED,CONSENT_REVOKED
66968f0fa8e3f28927c014f5,5f0a123549f4af2d687425cd,APPROVED,Not Applicable,2024-07-16T15:17:40.134000Z,2024-07-16T15:23:51.458000Z,2024-07-18T14:21:16.593000Z,2024-07-16T15:23:51.950396Z,372.0,75b53a55e8,357,23,Male,White,United States,United States,United States,English,DATA_EXPIRED,DATA_EXPIRED
66968f11761790f7fdd94805,663e3c0d6cccda90bf8ea939,APPROVED,Not Applicable,2024-07-16T15:17:45.999000Z,2024-07-16T15:32:12.087000Z,2024-07-18T14:21:16.953000Z,2024-07-16T15:33:39.481092Z,867.0,75b53a55e8,1,24,Female,White,United States,United States,United States,English,No,DATA_EXPIRED
66968f144c433939eb427919,66746151c45144e2c58e7535,APPROVED,Not Applicable,2024-07-16T15:18:17.862000Z,2024-07-16T15:37:58.439000Z,2024-07-18T14:21:17.324000Z,2024-07-16T15:37:58.956326Z,1181.0,75b53a55e8,14,34,Male,Black,United States,United States,United States,English,No,Full-Time
66968f157144f95b89950acb,663508c0cd223a44bc85f5f7,RETURNED,Not Applicable,2024-07-16T15:17:50.749000Z,,,2024-09-06T15:37:59.595841Z,,,368,CONSENT_REVOKED,CONSENT_REVOKED,CONSENT_REVOKED,CONSENT_REVOKED,CONSENT_REVOKED,CONSENT_REVOKED,CONSENT_REVOKED,CONSENT_REVOKED,CONSENT_REVOKED
66968f1d98ae48e53f9142db,63fcf7251ace1792db0941b0,APPROVED,Not Applicable,2024-07-16T15:20:25.316000Z,2024-07-16T15:40:30.552000Z,2024-07-18T14:21:17.648000Z,2024-07-16T15:40:32.344832Z,1206.0,75b53a55e8,2125,68,Female,White,United States,United States,United States,English,No,"Not in paid work (e.g. homemaker', 'retired or disabled)"
66968f20bf1536785ba69535,66439b2c242d9aeb46d50fd0,RETURNED,Not Applicable,2024-07-16T15:17:57.442000Z,,,2024-09-06T15:37:59.600868Z,,,179,CONSENT_REVOKED,CONSENT_REVOKED,CONSENT_REVOKED,CONSENT_REVOKED,CONSENT_REVOKED,CONSENT_REVOKED,CONSENT_REVOKED,CONSENT_REVOKED,CONSENT_REVOKED
66968f212ccaab0a6dd8ccbf,5daf506a5bd1b30013605e31,RETURNED,Not Applicable,2024-07-16T15:18:02.034000Z,,,2024-09-06T15:37:59.607234Z,,,6791,CONSENT_REVOKED,CONSENT_REVOKED,CONSENT_REVOKED,CONSENT_REVOKED,CONSENT_REVOKED,CONSENT_REVOKED,CONSENT_REVOKED,CONSENT_REVOKED,CONSENT_REVOKED
66968f215d634d2187625e08,63a1ae117fa485cabe593f2a,RETURNED,Not Applicable,2024-07-16T15:18:18.750000Z,,,2024-09-06T15:37:59.613060Z,,,1130,CONSENT_REVOKED,CONSENT_REVOKED,CONSENT_REVOKED,CONSENT_REVOKED,CONSENT_REVOKED,CONSENT_REVOKED,CONSENT_REVOKED,CONSENT_REVOKED,CONSENT_REVOKED
66968f229290b0731a7debc7,66465704f0921cfc20ba6e57,APPROVED,Not Applicable,2024-07-16T15:17:58.256000Z,2024-07-16T15:25:49.354000Z,2024-07-18T14:21:18.039000Z,2024-07-16T15:25:50.033286Z,472.0,75b53a55e8,415,34,Male,Asian,United States,United States,United States,English,DATA_EXPIRED,DATA_EXPIRED
66968f2328c9355adfaeca35,66869df832834596378edf95,RETURNED,Not Applicable,2024-07-16T15:18:04.880000Z,,,2024-09-06T15:37:59.617941Z,,,299,CONSENT_REVOKED,CONSENT_REVOKED,CONSENT_REVOKED,CONSENT_REVOKED,CONSENT_REVOKED,CONSENT_REVOKED,CONSENT_REVOKED,CONSENT_REVOKED,CONSENT_REVOKED
66968f24ad75acbfa4a16f81,6631c198f57385631c4cd5c1,APPROVED,Not Applicable,2024-07-16T15:18:08.317000Z,2024-07-16T15:23:09.085000Z,2024-07-18T14:21:18.584000Z,2024-07-16T15:23:09.787107Z,301.0,75b53a55e8,121,30,Male,Asian,United States,United States,United States,English,No,Full-Time
66968f2b4fee5a4c57c8965b,628524300be4422b915b32a9,APPROVED,Not Applicable,2024-07-16T15:18:09.256000Z,2024-07-16T15:26:51.885000Z,2024-07-18T14:21:19.721000Z,2024-07-16T15:27:00.226567Z,523.0,75b53a55e8,1711,26,Male,Other,United States,United States,United States,Spanish,Yes,Full-Time
66968f2d243c6e6a33a50e09,662c28982dadca79ef58b53d,RETURNED,Not Applicable,2024-07-16T15:18:11.770000Z,,,2024-09-06T15:37:59.619716Z,,,909,CONSENT_REVOKED,CONSENT_REVOKED,CONSENT_REVOKED,CONSENT_REVOKED,CONSENT_REVOKED,CONSENT_REVOKED,CONSENT_REVOKED,CONSENT_REVOKED,CONSENT_REVOKED
66968f2e12eea49b92079f94,5e88fe6f9fb1af0009d1294a,RETURNED,Not Applicable,2024-07-16T15:18:11.984000Z,,,2024-09-06T15:37:59.622475Z,,,2349,CONSENT_REVOKED,CONSENT_REVOKED,CONSENT_REVOKED,CONSENT_REVOKED,CONSENT_REVOKED,CONSENT_REVOKED,CONSENT_REVOKED,CONSENT_REVOKED,CONSENT_REVOKED
66968f32af9740394c2bb030,60ad344265fa9865ff45c0bf,APPROVED,Not Applicable,2024-07-16T15:18:23.034000Z,2024-07-16T15:25:56.439000Z,2024-07-18T14:21:20.029000Z,2024-07-16T15:25:57.061737Z,454.0,75b53a55e8,1297,27,Male,Mixed,United States,United States,United States,English,Yes,Part-Time
66968f37929dbeec7cc54739,668d8ba2a6f681f498b04754,APPROVED,Not Applicable,2024-07-16T15:18:23.865000Z,2024-07-16T15:27:42.714000Z,2024-07-18T14:21:20.416000Z,2024-07-16T15:27:58.416293Z,559.0,75b53a55e8,9,51,Male,White,United States,United States,United States,English,Yes,Full-Time
66968f394f4a355f96a16f39,6685ac3ac8d1ece1346311b7,APPROVED,Not Applicable,2024-07-16T15:18:21.893000Z,2024-07-16T15:25:22.151000Z,2024-07-18T14:21:20.748000Z,2024-07-16T15:25:22.626342Z,421.0,75b53a55e8,19,27,Female,White,United States,United States,United States,English,No,DATA_EXPIRED
66968f3aa26a6d5d1d6bca88,589de7bbbb9e0f0001ac9768,APPROVED,Not Applicable,2024-07-16T15:18:23.228000Z,2024-07-16T15:23:48.199000Z,2024-07-18T14:21:21.119000Z,2024-07-16T15:23:49.045432Z,325.0,75b53a55e8,1409,29,Female,White,United States,United States,United States,English,DATA_EXPIRED,DATA_EXPIRED
66968f3c6f7a424769a9c67b,63d1559f7f3507766170ec2e,APPROVED,Not Applicable,2024-07-16T15:18:25.855000Z,2024-07-16T15:27:20.863000Z,2024-07-18T14:21:21.595000Z,2024-07-16T15:27:31.110760Z,536.0,75b53a55e8,3516,49,Male,DATA_EXPIRED,United States,United States,United States,English,No,DATA_EXPIRED
66968f3ccbca938260c54794,601373dbd735b324b32818bd,RETURNED,Not Applicable,2024-07-16T15:18:28.855000Z,,,2024-09-06T15:37:59.626997Z,,,4011,CONSENT_REVOKED,CONSENT_REVOKED,CONSENT_REVOKED,CONSENT_REVOKED,CONSENT_REVOKED,CONSENT_REVOKED,CONSENT_REVOKED,CONSENT_REVOKED,CONSENT_REVOKED
66968f3d07cf5306fa62de8d,5bd47734506cd3000101d181,APPROVED,Not Applicable,2024-07-16T15:18:46.552000Z,2024-07-16T15:27:57.527000Z,2024-07-18T14:21:22.018000Z,2024-07-16T15:28:07.764496Z,551.0,75b53a55e8,2931,34,Male,White,United States,United States,United States,English,DATA_EXPIRED,DATA_EXPIRED
66968f3e90b365957f0553d3,627abdafed7edf12faf2e852,APPROVED,Not Applicable,2024-07-16T15:18:31.496000Z,2024-07-16T15:24:44.569000Z,2024-07-18T14:21:22.355000Z,2024-07-16T15:24:45.218115Z,374.0,75b53a55e8,2460,30,Female,Asian,United States,United States,United States,English,No,Full-Time
66968f3ea584df3c5cb49d15,663b7b92f00b34547fe5ed81,APPROVED,Not Applicable,2024-07-16T15:19:25.782000Z,2024-07-16T15:28:52.340000Z,2024-07-18T14:21:22.760000Z,2024-07-16T15:28:57.685324Z,567.0,75b53a55e8,257,42,Female,White,United States,United States,United States,English,No,Unemployed (and job seeking)
66968f427144f95b89950ad5,662938ec62f9ac2aad645a17,APPROVED,Not Applicable,2024-07-16T15:18:30.630000Z,2024-07-16T15:28:36.511000Z,2024-07-18T14:21:23.231000Z,2024-07-16T15:28:38.846190Z,606.0,75b53a55e8,629,48,Male,White,United States,United States,United States,English,No,Unemployed (and job seeking)
66968f43bacc16f5a51c40af,5f0e50c3a8d93519188a7525,RETURNED,Not Applicable,2024-07-16T15:29:03.987000Z,,,2024-09-06T15:37:59.633900Z,,,3794,CONSENT_REVOKED,CONSENT_REVOKED,CONSENT_REVOKED,CONSENT_REVOKED,CONSENT_REVOKED,CONSENT_REVOKED,CONSENT_REVOKED,CONSENT_REVOKED,CONSENT_REVOKED
66968f45003bbc2ff1ba0dac,662ab42842b5d6f58851570a,RETURNED,Not Applicable,2024-07-16T15:18:35.831000Z,,,2024-09-06T15:37:59.643755Z,,,249,CONSENT_REVOKED,CONSENT_REVOKED,CONSENT_REVOKED,CONSENT_REVOKED,CONSENT_REVOKED,CONSENT_REVOKED,CONSENT_REVOKED,CONSENT_REVOKED,CONSENT_REVOKED
66968f4647aa712b5de43e85,60ff145f0dde69cb92e7c6e5,APPROVED,Not Applicable,2024-07-16T15:18:39.024000Z,2024-07-16T15:26:35.215000Z,2024-07-18T14:21:23.700000Z,2024-07-16T15:26:41.893760Z,477.0,75b53a55e8,1122,25,Female,Mixed,United States,United States,United States,English,No,DATA_EXPIRED
66968f4ce066cf1c54854c67,61115adccfdb0786b06bbd8c,APPROVED,Not Applicable,2024-07-16T15:20:39.344000Z,2024-07-16T15:33:05.515000Z,2024-07-18T14:21:24.090000Z,2024-07-16T15:33:53.753600Z,747.0,75b53a55e8,59,22,Female,Black,United States,United States,United States,English,Yes,Unemployed (and job seeking)
66968f4e6a5c356410654dc0,667f34222a938f35fe0e6093,RETURNED,Not Applicable,2024-07-16T15:18:45.513000Z,,,2024-09-06T15:37:59.651700Z,,,286,CONSENT_REVOKED,CONSENT_REVOKED,CONSENT_REVOKED,CONSENT_REVOKED,CONSENT_REVOKED,CONSENT_REVOKED,CONSENT_REVOKED,CONSENT_REVOKED,CONSENT_REVOKED
66968f56a52b437ea36257ee,65cd1e75829ba4e3af71c2e5,APPROVED,Not Applicable,2024-07-16T15:18:58.302000Z,2024-07-16T15:25:32.917000Z,2024-07-18T14:21:24.502000Z,2024-07-16T15:25:34.132152Z,395.0,75b53a55e8,759,44,Female,White,United States,United States,United States,English,No,Unemployed (and job seeking)
66968f5b31fa16f99d6bcac1,669284a314b1e3282fce4afd,APPROVED,Not Applicable,2024-07-16T15:18:58.341000Z,2024-07-16T15:27:23.679000Z,2024-07-18T14:21:25.200000Z,2024-07-16T15:27:37.387614Z,506.0,75b53a55e8,34,20,Female,Mixed,Ghana,United States,United States,English,DATA_EXPIRED,Part-Time
66968f796f7a424769a9c68b,63b6c0245a6de54b28e6ef89,RETURNED,Not Applicable,2024-07-16T15:19:26.112000Z,,,2024-09-06T15:37:59.656655Z,,,3297,CONSENT_REVOKED,CONSENT_REVOKED,CONSENT_REVOKED,CONSENT_REVOKED,CONSENT_REVOKED,CONSENT_REVOKED,CONSENT_REVOKED,CONSENT_REVOKED,CONSENT_REVOKED
66968f7baec406bb32cddfb1,60887a654f55f863e95ca944,APPROVED,Not Applicable,2024-07-16T15:19:32.387000Z,2024-07-16T15:28:22.855000Z,2024-07-18T14:21:25.620000Z,2024-07-16T15:28:28.948165Z,531.0,75b53a55e8,4908,61,Female,White,United States,United States,United States,English,No,"Not in paid work (e.g. homemaker', 'retired or disabled)"
66968f7d12eea49b92079faf,55d35447da14d7000e95318f,APPROVED,Not Applicable,2024-07-16T15:19:28.461000Z,2024-07-16T15:25:31.273000Z,2024-07-18T14:21:25.974000Z,2024-07-16T15:25:31.864609Z,363.0,75b53a55e8,3510,36,Male,White,United States,United States,United States,English,No,Full-Time
66968f7facd6dd3bf612cc4d,5d4c7a1e2a25e5000114cf12,RETURNED,Not Applicable,2024-07-16T15:19:34.550000Z,,,2024-09-06T15:37:59.658120Z,,,537,CONSENT_REVOKED,CONSENT_REVOKED,CONSENT_REVOKED,CONSENT_REVOKED,CONSENT_REVOKED,CONSENT_REVOKED,CONSENT_REVOKED,CONSENT_REVOKED,CONSENT_REVOKED
66968f8522d6642d0ffca4ff,60ce5270f1695ea416c25fc3,RETURNED,Not Applicable,2024-07-16T15:19:37.053000Z,,,2024-09-06T15:37:59.662103Z,,,4062,CONSENT_REVOKED,CONSENT_REVOKED,CONSENT_REVOKED,CONSENT_REVOKED,CONSENT_REVOKED,CONSENT_REVOKED,CONSENT_REVOKED,CONSENT_REVOKED,CONSENT_REVOKED
66968f894b8d12ddd4a8238a,664643995f73794eecbbfbee,APPROVED,Not Applicable,2024-07-16T15:19:47.343000Z,2024-07-16T15:28:13.719000Z,2024-08-06T00:02:19.177000Z,2024-07-16T15:28:21.562861Z,507.0,NOCODE,4,30,Male,Asian,United States,United States,United States,English,No,DATA_EXPIRED
66968f8af76949129174a888,66927feeb5bedd35aee3cc5f,APPROVED,Not Applicable,2024-07-16T15:21:20.987000Z,2024-07-16T15:27:36.833000Z,2024-07-18T14:21:26.396000Z,2024-07-16T15:27:53.493431Z,376.0,75b53a55e8,34,28,Female,White,United States,United States,United States,English,Yes,Unemployed (and job seeking)
66968f8cba778b49f5cddfc7,62ffff87542a225243a6e6a6,APPROVED,Not Applicable,2024-07-16T15:19:46.837000Z,2024-07-16T15:27:19Z,2024-07-18T14:21:27.119000Z,2024-07-16T15:27:27.120247Z,453.0,75b53a55e8,337,23,Male,White,United States,United States,United States,English,Yes,DATA_EXPIRED
66968f8cdb37215a2c84baee,66784dbbe71d33d691517ac1,RETURNED,Not Applicable,2024-07-16T15:19:46.014000Z,,,2024-09-06T15:37:59.669261Z,,,71,CONSENT_REVOKED,CONSENT_REVOKED,CONSENT_REVOKED,CONSENT_REVOKED,CONSENT_REVOKED,CONSENT_REVOKED,CONSENT_REVOKED,CONSENT_REVOKED,CONSENT_REVOKED
66968f8ecc25e2118ae31c0f,5e83d40c2598d412c836b579,APPROVED,Not Applicable,2024-07-16T15:26:50.834000Z,2024-07-16T15:36:50.915000Z,2024-07-18T14:21:27.501000Z,2024-07-16T15:36:51.475963Z,601.0,75b53a55e8,633,30,Male,White,United States,United States,United States,English,Yes,Full-Time
66968fa25fe31c6d11330eaf,6617e371f5359f2dcfad20a9,RETURNED,Not Applicable,2024-07-16T15:20:10.204000Z,,,2024-09-06T15:37:59.676676Z,,,209,CONSENT_REVOKED,CONSENT_REVOKED,CONSENT_REVOKED,CONSENT_REVOKED,CONSENT_REVOKED,CONSENT_REVOKED,CONSENT_REVOKED,CONSENT_REVOKED,CONSENT_REVOKED
66968fbb976446a609b2093e,66844cc133a4d360bca29862,RETURNED,Not Applicable,2024-07-16T15:21:47.523000Z,,,2024-09-06T15:37:59.678069Z,,,239,CONSENT_REVOKED,CONSENT_REVOKED,CONSENT_REVOKED,CONSENT_REVOKED,CONSENT_REVOKED,CONSENT_REVOKED,CONSENT_REVOKED,CONSENT_REVOKED,CONSENT_REVOKED
66968fbf5b50a768b9b598e3,664525faa6a8f52f8b5dbe67,RETURNED,Not Applicable,2024-07-16T15:20:40.261000Z,,,2024-09-06T15:37:59.725133Z,,,84,CONSENT_REVOKED,CONSENT_REVOKED,CONSENT_REVOKED,CONSENT_REVOKED,CONSENT_REVOKED,CONSENT_REVOKED,CONSENT_REVOKED,CONSENT_REVOKED,CONSENT_REVOKED
66968fbff87b4745c0155ff0,5cfc38f7ee119e001803dd01,RETURNED,Not Applicable,2024-07-16T15:20:35.266000Z,,,2024-09-06T15:37:59.732572Z,,,3075,CONSENT_REVOKED,CONSENT_REVOKED,CONSENT_REVOKED,CONSENT_REVOKED,CONSENT_REVOKED,CONSENT_REVOKED,CONSENT_REVOKED,CONSENT_REVOKED,CONSENT_REVOKED
66968fc0ad959788cb8155a1,668e9fc74f9b204b58587862,APPROVED,Not Applicable,2024-07-16T15:20:48.576000Z,2024-07-16T15:25:31.653000Z,2024-07-18T14:21:27.848000Z,2024-07-16T15:25:32.145564Z,284.0,75b53a55e8,57,23,Male,White,United States,United States,United States,English,No,Full-Time
66968fdbfeb83b1cf73de7b4,6099366e9f58a0cf8e4d8f43,APPROVED,Not Applicable,2024-07-16T15:21:03.610000Z,2024-07-16T15:27:19.615000Z,2024-07-18T14:21:28.191000Z,2024-07-16T15:27:28.419293Z,377.0,75b53a55e8,83,26,Female,White,United States,United States,United States,English,Yes,Full-Time
66968fdd21a404aecef31e12,668eaa9490e4b5a8316864c6,APPROVED,Not Applicable,2024-07-16T15:21:05.119000Z,2024-07-16T15:31:11.380000Z,2024-07-18T14:21:28.523000Z,2024-07-16T15:33:22.438812Z,607.0,75b53a55e8,72,23,Female,White,United States,United States,United States,English,No,"Not in paid work (e.g. homemaker', 'retired or disabled)"
66968fe1cece4d946454f8aa,6682aba44a98ca0f0bc97f3c,RETURNED,Not Applicable,2024-07-16T15:21:16.989000Z,,,2024-09-06T15:37:59.739430Z,,,107,CONSENT_REVOKED,CONSENT_REVOKED,CONSENT_REVOKED,CONSENT_REVOKED,CONSENT_REVOKED,CONSENT_REVOKED,CONSENT_REVOKED,CONSENT_REVOKED,CONSENT_REVOKED
66968fe9890e8cf17e844970,6107c8269c1f0b16fe8dd61c,RETURNED,Not Applicable,2024-07-16T15:21:20.036000Z,,,2024-09-06T15:37:59.742990Z,,,2017,CONSENT_REVOKED,CONSENT_REVOKED,CONSENT_REVOKED,CONSENT_REVOKED,CONSENT_REVOKED,CONSENT_REVOKED,CONSENT_REVOKED,CONSENT_REVOKED,CONSENT_REVOKED
66968ff0db2ba4b594b32a3e,5825e7318cba990001adf031,APPROVED,Not Applicable,2024-07-16T15:21:24.255000Z,2024-07-16T15:28:30.754000Z,2024-07-18T14:21:28.973000Z,2024-07-16T15:28:32.898946Z,427.0,75b53a55e8,918,38,Male,Mixed,Australia,United States,United States,English,DATA_EXPIRED,DATA_EXPIRED
66968ff1c2f4e59fd9d46a6f,646a2395c7c21c5772c607ab,APPROVED,Not Applicable,2024-07-16T15:21:31.761000Z,2024-07-16T15:31:30.845000Z,2024-07-18T14:21:29.311000Z,2024-07-16T15:33:26.865339Z,600.0,75b53a55e8,959,42,Male,White,United States,United States,United States,English,DATA_EXPIRED,DATA_EXPIRED
66969000aec406bb32cddfd1,65aa9bc696c0b6a2e0f14c7b,RETURNED,Not Applicable,2024-07-16T15:29:08.459000Z,,,2024-09-06T15:37:59.747363Z,,,173,CONSENT_REVOKED,CONSENT_REVOKED,CONSENT_REVOKED,CONSENT_REVOKED,CONSENT_REVOKED,CONSENT_REVOKED,CONSENT_REVOKED,CONSENT_REVOKED,CONSENT_REVOKED
66969016a31cdd542e079fac,661151ff8c5fd442ef11a4de,RETURNED,Not Applicable,2024-07-16T15:22:03.304000Z,,,2024-09-06T15:37:59.753286Z,,,706,CONSENT_REVOKED,CONSENT_REVOKED,CONSENT_REVOKED,CONSENT_REVOKED,CONSENT_REVOKED,CONSENT_REVOKED,CONSENT_REVOKED,CONSENT_REVOKED,CONSENT_REVOKED
6696902a1f93c276afd7afb9,6604567de774a31fa7fcd288,APPROVED,Not Applicable,2024-07-16T15:22:26.503000Z,2024-07-16T15:36:46.310000Z,2024-07-18T14:21:29.689000Z,2024-07-16T15:36:46.975281Z,860.0,75b53a55e8,698,52,Female,White,France,United States,United States,French,No,DATA_EXPIRED
66969034d261a2879ea9c6af,60d7db733d0d62c0cac2c28c,APPROVED,Not Applicable,2024-07-16T15:22:45.837000Z,2024-07-16T15:30:42.084000Z,2024-07-18T14:21:30.051000Z,2024-07-16T15:33:13.060840Z,477.0,75b53a55e8,462,31,Female,White,United States,United States,United States,English,No,Full-Time
669690379290b0731a7dec15,6325b8a7fcafb1208f542e93,RETURNED,Not Applicable,2024-07-16T15:27:17.920000Z,,,2024-09-06T15:37:59.755652Z,,,3606,CONSENT_REVOKED,CONSENT_REVOKED,CONSENT_REVOKED,CONSENT_REVOKED,CONSENT_REVOKED,CONSENT_REVOKED,CONSENT_REVOKED,CONSENT_REVOKED,CONSENT_REVOKED
669690983b21bbac5ce123a6,611d0a43b1af85d84397cef4,APPROVED,Not Applicable,2024-07-16T15:24:26.707000Z,2024-07-16T15:37:41.922000Z,2024-07-18T14:21:30.381000Z,2024-07-16T15:37:42.598323Z,796.0,75b53a55e8,568,44,Female,White,United States,United States,United States,English,No,Full-Time
669690a9fb301fb52e663e41,55a43278fdf99b02ff6caf89,APPROVED,Not Applicable,2024-07-16T15:24:30.448000Z,2024-07-16T15:31:54.187000Z,2024-07-18T14:21:30.840000Z,2024-07-16T15:33:35.781372Z,444.0,75b53a55e8,4232,37,Male,White,United States,United States,United States,English,DATA_EXPIRED,DATA_EXPIRED
669690b32f359546f4cc94fd,55a35906fdf99b244bc18dc2,APPROVED,Not Applicable,2024-07-16T15:24:43.273000Z,2024-07-16T15:34:44.733000Z,2024-07-18T14:21:31.231000Z,2024-07-16T15:34:46.561958Z,602.0,75b53a55e8,708,27,Male,White,United States,United States,United States,English,DATA_EXPIRED,Full-Time
669690b73517b87fcaab8dcf,612c6bd26f5f81c5765989d9,APPROVED,Not Applicable,2024-07-16T15:25:55.238000Z,2024-07-16T15:37:34.193000Z,2024-07-18T14:21:31.602000Z,2024-07-16T15:37:34.733347Z,699.0,75b53a55e8,1920,32,Male,Other,United States,United States,United States,English,No,Other
669690bfd58f45f02af42ad9,60530658ffdc68657fbfea98,APPROVED,Not Applicable,2024-07-16T15:25:16.044000Z,2024-07-16T15:34:42.677000Z,2024-07-18T14:21:32.027000Z,2024-07-16T15:34:43.398371Z,567.0,75b53a55e8,60,37,Male,DATA_EXPIRED,United States,United States,United States,English,No,DATA_EXPIRED
669690c100e7d8b7d092f57c,5ccb9a7eac174f001808e30e,APPROVED,Not Applicable,2024-07-16T15:24:55.464000Z,2024-07-16T15:31:18.220000Z,2024-07-18T14:21:32.445000Z,2024-07-16T15:33:25.167860Z,383.0,75b53a55e8,1389,31,Female,White,United States,United States,United States,English,No,Part-Time
6696917aacd6dd3bf612ccbc,66966d9937cb732ef22bbcc9,RETURNED,Not Applicable,2024-07-16T15:37:54.874000Z,,,2024-09-06T15:37:59.762481Z,,,155,CONSENT_REVOKED,CONSENT_REVOKED,CONSENT_REVOKED,CONSENT_REVOKED,CONSENT_REVOKED,CONSENT_REVOKED,CONSENT_REVOKED,CONSENT_REVOKED,CONSENT_REVOKED
6696917adfd9025a3395a042,66462cf309bab504cb6f0eb6,APPROVED,Not Applicable,2024-07-16T15:28:10.296000Z,2024-07-16T15:56:12.700000Z,2024-07-18T14:21:32.777000Z,2024-07-16T15:56:13.643553Z,1683.0,75b53a55e8,49,34,Female,Black,United States,United States,United States,English,No,Full-Time
669691855a31399ac98e1074,662a0364c3f14817778f2268,RETURNED,Not Applicable,2024-07-16T15:28:23.920000Z,,,2024-09-06T15:37:59.765812Z,,,382,CONSENT_REVOKED,CONSENT_REVOKED,CONSENT_REVOKED,CONSENT_REVOKED,CONSENT_REVOKED,CONSENT_REVOKED,CONSENT_REVOKED,CONSENT_REVOKED,CONSENT_REVOKED
669691a0b3a1bc3e409cf3dd,60faff0fd8ca369bbfdd5895,RETURNED,Not Applicable,2024-07-16T15:28:36.477000Z,,,2024-09-06T15:37:59.769115Z,,,979,CONSENT_REVOKED,CONSENT_REVOKED,CONSENT_REVOKED,CONSENT_REVOKED,CONSENT_REVOKED,CONSENT_REVOKED,CONSENT_REVOKED,CONSENT_REVOKED,CONSENT_REVOKED
669691c2aec406bb32cde036,6110a7aa95a10cdd65d8c77b,RETURNED,Not Applicable,2024-07-16T15:31:13.760000Z,,,2024-09-06T15:37:59.773443Z,,,451,CONSENT_REVOKED,CONSENT_REVOKED,CONSENT_REVOKED,CONSENT_REVOKED,CONSENT_REVOKED,CONSENT_REVOKED,CONSENT_REVOKED,CONSENT_REVOKED,CONSENT_REVOKED
669691c728abea4f355446c5,614f74c86e809d190daf00a4,RETURNED,Not Applicable,2024-07-16T15:29:18.858000Z,,,2024-09-06T15:37:59.775920Z,,,3952,CONSENT_REVOKED,CONSENT_REVOKED,CONSENT_REVOKED,CONSENT_REVOKED,CONSENT_REVOKED,CONSENT_REVOKED,CONSENT_REVOKED,CONSENT_REVOKED,CONSENT_REVOKED
669691d85f6b83ba20cc9547,57656f6c2bfddf000125cce5,APPROVED,Not Applicable,2024-07-16T15:29:33.417000Z,2024-07-16T15:44:04.541000Z,2024-07-18T14:21:33.121000Z,2024-07-16T15:44:05.004341Z,872.0,75b53a55e8,3688,39,Male,White,United States,United States,United States,English,DATA_EXPIRED,DATA_EXPIRED
6696920d4bf2eecf524a06b2,641361951f32a46c07479b33,APPROVED,Not Applicable,2024-07-16T15:30:25.497000Z,2024-07-16T15:35:01.278000Z,2024-07-18T14:21:33.462000Z,2024-07-16T15:35:01.995626Z,276.0,75b53a55e8,3028,37,Female,White,United States,United States,United States,English,DATA_EXPIRED,Full-Time
6696925ff691bd0599d7cda5,6631149a03a3ef85c0338990,APPROVED,Not Applicable,2024-07-16T15:31:57.034000Z,2024-07-16T15:39:49.173000Z,2024-07-18T14:21:33.826000Z,2024-07-16T15:39:49.807513Z,473.0,75b53a55e8,260,27,Male,White,United States,United States,United States,English,Yes,Other
6696926509bbb20a76218ba0,6668b826a55be64fb7980032,APPROVED,Not Applicable,2024-07-16T15:32:09.993000Z,2024-07-16T15:48:46.417000Z,2024-07-18T14:21:34.266000Z,2024-07-16T15:48:48.648270Z,997.0,75b53a55e8.,79,58,Male,Mixed,United States,United States,United States,English,No,Full-Time
669692ec8349e480c4a125b2,665c738a0fa99b0a682780f2,APPROVED,Not Applicable,2024-07-16T15:34:10.524000Z,2024-07-16T15:41:59.781000Z,2024-07-18T14:21:34.777000Z,2024-07-16T15:42:06.838014Z,470.0,75b53a55e8,72,43,Male,White,United States,United States,United States,English,No,Full-Time
66969367f6d280a3813d864f,5b133bba30d562000155dc2e,APPROVED,Not Applicable,2024-07-16T15:36:15.576000Z,2024-07-16T15:45:45.171000Z,2024-07-18T14:21:35.489000Z,2024-07-16T15:46:03.472899Z,570.0,75b53a55e8,5150,46,Female,White,United States,United States,United States,English,No,DATA_EXPIRED
66969588e36e0af4954902c3,668840c68cb2f152df22be96,TIMED-OUT,Not Applicable,2024-07-16T15:54:15.836000Z,,,2024-09-06T15:37:59.784150Z,4491824.0,,211,25,Male,Black,DATA_EXPIRED,United States,United States,English,DATA_EXPIRED,DATA_EXPIRED
669695c27d636d31b11721ca,6686f5bf879304604f925b83,APPROVED,Not Applicable,2024-07-16T15:46:16.642000Z,2024-07-16T16:00:36.445000Z,2024-07-18T14:21:35.933000Z,2024-07-16T16:00:37.672355Z,860.0,75b53a55e8,45,47,Male,Black,United States,United States,United States,English,No,Full-Time
669697bcf6dfbd84edcb8d1c,665a5fdfc6a631387e987fd6,APPROVED,Not Applicable,2024-07-16T15:54:36.450000Z,2024-07-16T15:59:19.943000Z,2024-07-18T14:21:36.270000Z,2024-07-16T15:59:20.770991Z,284.0,75b53a55e8,47,28,Male,White,United States,United States,United States,English,No,Full-Time
669697bd5425a8c0545eae03,668d469f444001cfa31976e6,RETURNED,Not Applicable,2024-07-16T15:54:44.227000Z,,,2024-09-06T15:37:59.788726Z,,,34,CONSENT_REVOKED,CONSENT_REVOKED,CONSENT_REVOKED,CONSENT_REVOKED,CONSENT_REVOKED,CONSENT_REVOKED,CONSENT_REVOKED,CONSENT_REVOKED,CONSENT_REVOKED
669697bd58d57cdf6bb79e42,667a2dde732ff0ba2da51abb,APPROVED,Not Applicable,2024-07-16T15:58:07.804000Z,2024-07-16T16:06:44.887000Z,2024-07-18T14:21:37.337000Z,2024-07-16T16:08:16.774666Z,518.0,75b53a55e8,133,26,Male,White,United States,United States,United States,English,No,Unemployed (and job seeking)
669699e51568b087c426b8be,663cfbc7d24edfcf0726872e,APPROVED,Not Applicable,2024-07-16T16:04:00.963000Z,2024-07-16T16:10:29.212000Z,2024-07-18T14:21:37.833000Z,2024-07-16T16:11:21.538283Z,389.0,75b53a55e8,64,27,Female,White,United States,United States,United States,English,No,Full-Time
66969a01fd0f836d5801ce2a,66086bc1246507832b4ddd04,APPROVED,Not Applicable,2024-07-16T16:04:24.564000Z,2024-07-16T16:32:49.798000Z,2024-07-18T14:21:38.340000Z,2024-07-16T16:32:50.380343Z,1706.0,75b53a55e8,525,28,Male,White,United States,United States,United States,English,No,Unemployed (and job seeking)
66969b6f432c644844c73a03,667c3c4d32f4b404c46e325d,RETURNED,Not Applicable,2024-07-16T16:10:27.272000Z,,,2024-09-06T15:37:59.804818Z,,,296,CONSENT_REVOKED,CONSENT_REVOKED,CONSENT_REVOKED,CONSENT_REVOKED,CONSENT_REVOKED,CONSENT_REVOKED,CONSENT_REVOKED,CONSENT_REVOKED,CONSENT_REVOKED
66969bd1a081e9b360c605a3,6649fdbf07e464189e4b1981,RETURNED,Not Applicable,2024-07-16T16:12:29.039000Z,,,2024-09-06T15:37:59.807842Z,,,548,CONSENT_REVOKED,CONSENT_REVOKED,CONSENT_REVOKED,CONSENT_REVOKED,CONSENT_REVOKED,CONSENT_REVOKED,CONSENT_REVOKED,CONSENT_REVOKED,CONSENT_REVOKED
66969d1b540c35c8dbf9f95e,662c4b36960bb85f6f77fc6e,APPROVED,Not Applicable,2024-07-16T16:17:55.702000Z,2024-07-16T16:57:21.635000Z,2024-07-18T14:21:38.905000Z,2024-07-16T16:57:31.509288Z,2366.0,NOCODE,406,61,Male,White,United States,United States,United States,English,DATA_EXPIRED,DATA_EXPIRED
6696a2c283f4e0939965a4b4,66721a338168f8341944177a,APPROVED,Not Applicable,2024-07-16T16:43:20.634000Z,2024-07-16T17:07:44.922000Z,2024-07-18T14:21:39.483000Z,2024-07-16T17:10:17.136714Z,1465.0,75b53a55e8,96,43,Male,White,United States,United States,United States,English,DATA_EXPIRED,DATA_EXPIRED
6697e2549196a8b30dd9b222,66608ed0b40e52b68646993a,REJECTED,Not Applicable,2024-07-17T15:25:13.651000Z,2024-07-17T15:26:29.477000Z,2024-07-17T15:47:46.995000Z,2024-09-06T15:37:59.822762Z,76.0,NOCODE,47,CONSENT_REVOKED,CONSENT_REVOKED,CONSENT_REVOKED,CONSENT_REVOKED,CONSENT_REVOKED,CONSENT_REVOKED,CONSENT_REVOKED,CONSENT_REVOKED,CONSENT_REVOKED
6697e27253407ecb7f70eb96,600dd1ea271cf06201979123,RETURNED,Not Applicable,2024-07-17T15:25:45.287000Z,,,2024-09-06T15:37:59.823239Z,,,2138,CONSENT_REVOKED,CONSENT_REVOKED,CONSENT_REVOKED,CONSENT_REVOKED,CONSENT_REVOKED,CONSENT_REVOKED,CONSENT_REVOKED,CONSENT_REVOKED,CONSENT_REVOKED
6697e2af42ac97a83924a3cf,660c97d4d9f86f0792b912f6,APPROVED,Not Applicable,2024-07-17T15:26:45.870000Z,2024-07-17T15:35:26.088000Z,2024-07-18T14:21:40.032000Z,2024-07-17T15:37:33.830122Z,521.0,75b53a55e8,0,51,Male,White,United States,United States,United States,English,No,Full-Time
6697e8720bee592b8c0ca072,62d76f709faa1189cba646a6,RETURNED,Not Applicable,2024-07-17T15:51:22.579000Z,,,2024-09-06T15:37:59.830821Z,,,285,CONSENT_REVOKED,CONSENT_REVOKED,CONSENT_REVOKED,CONSENT_REVOKED,CONSENT_REVOKED,CONSENT_REVOKED,CONSENT_REVOKED,CONSENT_REVOKED,CONSENT_REVOKED
6697e882c23179b839c71082,65391ef9abf5afc144e6cd0e,APPROVED,Not Applicable,2024-07-17T15:51:49.193000Z,2024-07-17T16:05:35.252000Z,2024-07-18T14:21:40.631000Z,2024-07-17T16:05:35.840170Z,827.0,75b53a55e8,311,35,Female,Black,United States,United States,United States,English,DATA_EXPIRED,Full-Time
6697e891a48725c7136e5f69,665406231febb9fc714b8577,APPROVED,Not Applicable,2024-07-17T15:53:16.105000Z,2024-07-17T16:07:55.913000Z,2024-07-18T14:21:40.960000Z,2024-07-17T16:09:42.093535Z,880.0,75b53a55e8,113,49,Female,Mixed,Ghana,United States,United States,English,No,Full-Time
6697e8c013aefad924702bfb,58d3edd4ad1e550001c5d45c,APPROVED,Not Applicable,2024-07-17T15:52:38.825000Z,2024-07-17T15:57:55.696000Z,2024-07-18T14:21:41.360000Z,2024-07-17T15:58:47.148840Z,317.0,75b53a55e8,2242,35,Male,White,United States,United States,United States,English,No,Full-Time
6697e8c1e036418e1acc7384,668be853e1257e431f2bf1cd,RETURNED,Not Applicable,2024-07-17T15:52:41.626000Z,,,2024-09-06T15:37:59.834014Z,,,30,CONSENT_REVOKED,CONSENT_REVOKED,CONSENT_REVOKED,CONSENT_REVOKED,CONSENT_REVOKED,CONSENT_REVOKED,CONSENT_REVOKED,CONSENT_REVOKED,CONSENT_REVOKED
6697e8c6c83d184d652067af,5e12d9cd6aab7c91e02929a1,APPROVED,Not Applicable,2024-07-17T15:52:42.801000Z,2024-07-17T16:11:12.607000Z,2024-07-18T14:21:41.723000Z,2024-07-17T16:11:13.543429Z,1110.0,75b53a55e8,93,37,Female,White,United States,United States,United States,English,Yes,Full-Time
6697e8d7584076c7bac4a914,60fcd6726ca7ec36ec497d21,APPROVED,Not Applicable,2024-07-17T15:52:59.484000Z,2024-07-17T15:58:30.099000Z,2024-07-18T14:21:42.102000Z,2024-07-17T15:59:05.644208Z,331.0,75b53a55e8,550,31,Female,Mixed,United States,United States,United States,English,No,Full-Time
6697e8f1a9e4ed2ed850a89b,5a08f6df38ed430001be765d,RETURNED,Not Applicable,2024-07-17T15:53:27.301000Z,,,2024-09-06T15:37:59.856446Z,,,856,CONSENT_REVOKED,CONSENT_REVOKED,CONSENT_REVOKED,CONSENT_REVOKED,CONSENT_REVOKED,CONSENT_REVOKED,CONSENT_REVOKED,CONSENT_REVOKED,CONSENT_REVOKED
6697e9076993343baba1a792,6606c9ba27ed1c874027e057,APPROVED,Not Applicable,2024-07-17T15:53:47.985000Z,2024-07-17T16:03:35.539000Z,2024-07-18T14:21:42.386000Z,2024-07-17T16:03:36.370487Z,588.0,75b53a55e8,3,28,Female,Black,Zimbabwe,United States,United States,Other,No,Full-Time
6697e90eb80bca81a72b9bd6,60fce8778171c90926e871fa,APPROVED,Not Applicable,2024-07-17T15:53:56.025000Z,2024-07-17T16:05:04.062000Z,2024-07-18T14:21:42.708000Z,2024-07-17T16:05:05.256494Z,669.0,75b53a55e8,130,24,Female,White,United States,United States,United States,English,DATA_EXPIRED,Full-Time
6697e92243be40ca6f548525,56d9f54b610fc0000bb76e8d,APPROVED,Not Applicable,2024-07-17T15:54:15.215000Z,2024-07-17T16:05:37.630000Z,2024-07-18T14:21:43.149000Z,2024-07-17T16:05:38.237854Z,683.0,75b53a55e8,1768,54,Male,White,United States,United States,United States,English,DATA_EXPIRED,DATA_EXPIRED
6697e92b0c12963c77819e48,6578ae6e6457e054e58a7c2d,APPROVED,Not Applicable,2024-07-17T15:54:58.829000Z,2024-07-17T16:13:25.427000Z,2024-07-18T14:21:43.501000Z,2024-07-17T16:13:25.999423Z,1107.0,75b53a55e8,157,80,Male,White,United States,United States,United States,English,No,DATA_EXPIRED
6697e93051376325b4d6900c,66369eca2e8f469b0d247ad8,TIMED-OUT,Not Applicable,2024-07-17T15:54:31.169000Z,,,2024-09-06T15:37:59.862891Z,4405409.0,,79,43,Male,Mixed,Japan,United States,United States,English,No,Full-Time
6697e933b237a94f52d68fe4,647a01eb74eeacc3fb89b87c,RETURNED,Not Applicable,2024-07-17T15:54:32.550000Z,,,2024-09-06T15:37:59.871529Z,,,2223,CONSENT_REVOKED,CONSENT_REVOKED,CONSENT_REVOKED,CONSENT_REVOKED,CONSENT_REVOKED,CONSENT_REVOKED,CONSENT_REVOKED,CONSENT_REVOKED,CONSENT_REVOKED
6697e934060feb01cbb15ac1,6646481cf269bd90c8742de8,APPROVED,Not Applicable,2024-07-17T15:54:32.555000Z,2024-07-17T16:07:21.911000Z,2024-07-18T14:21:43.941000Z,2024-07-17T16:09:30.662943Z,770.0,75b53a55e8,337,36,Female,White,United Kingdom,United States,United States,English,No,"Not in paid work (e.g. homemaker', 'retired or disabled)"
6697e937e036418e1acc739e,641ec1a9d9fe8a0941e39862,APPROVED,Not Applicable,2024-07-17T15:54:36.337000Z,2024-07-17T16:03:27.392000Z,2024-07-18T14:21:44.374000Z,2024-07-17T16:03:28.335417Z,532.0,75b53a55e8,960,45,Male,White,United States,United States,United States,English,DATA_EXPIRED,DATA_EXPIRED
6697e938f1ff0714f5a50c73,6595938bf754e3013651e556,RETURNED,Not Applicable,2024-07-17T15:54:38.179000Z,,,2024-09-06T15:37:59.874451Z,,,260,CONSENT_REVOKED,CONSENT_REVOKED,CONSENT_REVOKED,CONSENT_REVOKED,CONSENT_REVOKED,CONSENT_REVOKED,CONSENT_REVOKED,CONSENT_REVOKED,CONSENT_REVOKED
6697e99756890b433829dea1,5dd31c4a92371d32f2fa607a,APPROVED,Not Applicable,2024-07-17T15:56:38.020000Z,2024-07-17T16:08:41.930000Z,2024-07-18T14:21:44.779000Z,2024-07-17T16:10:03.232468Z,724.0,75b53a55e8,1920,46,DATA_EXPIRED,DATA_EXPIRED,DATA_EXPIRED,United States,United States,DATA_EXPIRED,DATA_EXPIRED,DATA_EXPIRED
6697e9a1499855dd14f72268,642edfc00ad39dabbd6c7005,RETURNED,Not Applicable,2024-07-17T15:56:24.858000Z,,,2024-09-06T15:37:59.880966Z,,,298,CONSENT_REVOKED,CONSENT_REVOKED,CONSENT_REVOKED,CONSENT_REVOKED,CONSENT_REVOKED,CONSENT_REVOKED,CONSENT_REVOKED,CONSENT_REVOKED,CONSENT_REVOKED
6697e9e1fb848aafdb324084,5b64cf6dae3bd50001a2b142,APPROVED,Not Applicable,2024-07-17T15:57:24.230000Z,2024-07-17T16:09:15.308000Z,2024-07-18T14:21:45.114000Z,2024-07-17T16:10:10.167004Z,712.0,75b53a55e8,2492,24,Male,White,United States,United States,United States,English,No,Unemployed (and job seeking)
6697f52cead4ae3b42deafb8,56a6b9235ad8d9000c9707f4,RETURNED,Not Applicable,2024-07-17T16:45:37.038000Z,,,2024-09-06T15:37:59.883457Z,,,450,CONSENT_REVOKED,CONSENT_REVOKED,CONSENT_REVOKED,CONSENT_REVOKED,CONSENT_REVOKED,CONSENT_REVOKED,CONSENT_REVOKED,CONSENT_REVOKED,CONSENT_REVOKED
6697f5de718fdcd68e25184c,63f79194eb27c9dc523185bd,APPROVED,Not Applicable,2024-07-17T16:48:38.422000Z,2024-07-17T17:01:53.302000Z,2024-07-18T14:21:45.447000Z,2024-07-17T17:03:14.067102Z,795.0,75b53a55e8,672,44,Male,Black,United States,United States,United States,English,DATA_EXPIRED,DATA_EXPIRED
669ae3f618a6da2e08898e17,668ca71cf995b4399a4efa9e,RETURNED,Not Applicable,2024-07-19T22:09:01.368000Z,,,2024-09-06T15:37:59.888880Z,,,156,CONSENT_REVOKED,CONSENT_REVOKED,CONSENT_REVOKED,CONSENT_REVOKED,CONSENT_REVOKED,CONSENT_REVOKED,CONSENT_REVOKED,CONSENT_REVOKED,CONSENT_REVOKED
669ae59c96ca26581be2912e,65441e05365a9d07ed36dc5d,RETURNED,Not Applicable,2024-07-19T22:16:00.359000Z,,,2024-09-06T15:37:59.892063Z,,,327,CONSENT_REVOKED,CONSENT_REVOKED,CONSENT_REVOKED,CONSENT_REVOKED,CONSENT_REVOKED,CONSENT_REVOKED,CONSENT_REVOKED,CONSENT_REVOKED,CONSENT_REVOKED
669ae5e478af99a48d169850,5c580c3dd3cc6b0001d9ffbf,RETURNED,Not Applicable,2024-07-19T22:27:08.687000Z,,,2024-09-06T15:37:59.896802Z,,,2356,CONSENT_REVOKED,CONSENT_REVOKED,CONSENT_REVOKED,CONSENT_REVOKED,CONSENT_REVOKED,CONSENT_REVOKED,CONSENT_REVOKED,CONSENT_REVOKED,CONSENT_REVOKED
669ae5f8198c037f42e1c132,66593d0f9249db6b5074fda1,APPROVED,Not Applicable,2024-07-19T22:17:34.398000Z,2024-07-19T22:22:31.608000Z,2024-07-21T21:31:20.163000Z,2024-07-19T22:22:32.503737Z,298.0,75b53a55e8,153,30,Male,White,United States,United States,United States,English,No,Part-Time
6710166486e3914a1a784f34,64a036ce6c996c15ec7a8870,APPROVED,Not Applicable,2024-10-16T19:39:30.011000Z,2024-10-16T19:45:47.238000Z,2024-10-16T20:38:38.745000Z,2024-10-16T19:45:48.037253Z,378.0,75b53a55e8,296,26,Female,White,United States,United States,United States,English,DATA_EXPIRED,Full-Time
6710166dc982ac444affcaa6,670efc8f27af6732888de1d8,APPROVED,Not Applicable,2024-10-16T19:39:36.594000Z,2024-10-16T19:49:21.077000Z,2024-10-16T20:38:39.084000Z,2024-10-16T19:49:21.803676Z,585.0,75b53a55e8,17,45,Female,White,United States,United States,United States,English,No,DATA_EXPIRED
67101677e636f738625ab25b,616745263b36a973b73f4641,APPROVED,Not Applicable,2024-10-16T19:39:40.972000Z,2024-10-16T19:46:16.451000Z,2024-10-16T20:38:39.419000Z,2024-10-16T19:46:17.229014Z,396.0,75b53a55e8,3186,43,Female,White,United States,United States,United States,English,No,Full-Time
67101685e5e1e8d43b02ff84,670ff0048daf2fe269643a91,RETURNED,Not Applicable,2024-10-16T19:41:16.518000Z,,,2024-10-16T21:37:35.257849Z,,,1,CONSENT_REVOKED,CONSENT_REVOKED,CONSENT_REVOKED,CONSENT_REVOKED,CONSENT_REVOKED,CONSENT_REVOKED,CONSENT_REVOKED,CONSENT_REVOKED,CONSENT_REVOKED
67101782b2170602f5c8cf36,65e1e246ea1b2826655d2096,APPROVED,Not Applicable,2024-10-16T19:53:04.151000Z,2024-10-16T20:02:48.949000Z,2024-10-16T20:38:39.812000Z,2024-10-16T20:02:49.761331Z,585.0,75b53a55e8,712,31,Female,White,United States,United States,United States,English,No,DATA_EXPIRED
6717e57c3aef69a75e17d191,6716c8cf4879b0399cdc8a79,APPROVED,Not Applicable,2024-10-22T17:48:51.130000Z,2024-10-22T17:55:13.396000Z,2024-10-23T15:09:14.043000Z,2024-10-22T17:55:14.502544Z,383.0,75b53a55e8,12,29,Male,Other,United States,United States,United States,English,No,Full-Time
66967dcef450e10872469847,667f852207db0b23543d1ca2,APPROVED,Not Applicable,2024-07-16T14:04:04.299000Z,2024-07-16T14:09:57.945000Z,2024-07-18T14:21:53.119000Z,2024-07-16T14:10:47.271000Z,354.0,: 75b53a55e8,17,DATA_EXPIRED,DATA_EXPIRED,DATA_EXPIRED,DATA_EXPIRED,DATA_EXPIRED,DATA_EXPIRED,DATA_EXPIRED,DATA_EXPIRED,DATA_EXPIRED
66967f10388c33afbc3f96a8,669672fedbc6722159b0fbd0,TIMED-OUT,Not Applicable,2024-07-16T14:09:24.334000Z,,,2024-09-06T15:37:58.555000Z,47716894.0,,11,DATA_EXPIRED,DATA_EXPIRED,DATA_EXPIRED,DATA_EXPIRED,DATA_EXPIRED,DATA_EXPIRED,DATA_EXPIRED,DATA_EXPIRED,DATA_EXPIRED
669680fa3fa3b7858ea88b59,66967b92a901ed60b9c33f75,RETURNED,Not Applicable,2024-07-16T14:17:39.949000Z,,,2024-09-06T15:37:58.561000Z,,,0,CONSENT_REVOKED,CONSENT_REVOKED,CONSENT_REVOKED,CONSENT_REVOKED,CONSENT_REVOKED,CONSENT_REVOKED,CONSENT_REVOKED,CONSENT_REVOKED,CONSENT_REVOKED
66968363204a84863d793b79,660e06f89279f340162d1332,RETURNED,Not Applicable,2024-07-16T14:27:54.972000Z,,,2024-09-06T15:37:58.578000Z,,,6,CONSENT_REVOKED,CONSENT_REVOKED,CONSENT_REVOKED,CONSENT_REVOKED,CONSENT_REVOKED,CONSENT_REVOKED,CONSENT_REVOKED,CONSENT_REVOKED,CONSENT_REVOKED
669686c9e82b8b6168e85710,665486ff3c4a8e9803a306cb,APPROVED,Not Applicable,2024-07-16T14:42:24.427000Z,2024-07-16T14:50:14.172000Z,2024-07-18T14:22:06.037000Z,2024-07-16T14:52:15.720000Z,470.0,75b53a55e8,56,DATA_EXPIRED,DATA_EXPIRED,DATA_EXPIRED,DATA_EXPIRED,DATA_EXPIRED,DATA_EXPIRED,DATA_EXPIRED,DATA_EXPIRED,DATA_EXPIRED
6696897aa8d953208b20e2e7,66843056bc938d6ea56624d2,RETURNED,Not Applicable,2024-07-16T14:53:52.044000Z,,,2024-09-06T15:37:58.670000Z,,,68,CONSENT_REVOKED,CONSENT_REVOKED,CONSENT_REVOKED,CONSENT_REVOKED,CONSENT_REVOKED,CONSENT_REVOKED,CONSENT_REVOKED,CONSENT_REVOKED,CONSENT_REVOKED
6696897e5c4b71bd7c0314b3,66852d80a998d7b2954aa0c7,RETURNED,Not Applicable,2024-07-16T14:53:55.837000Z,,,2024-09-06T15:37:58.674000Z,,,68,CONSENT_REVOKED,CONSENT_REVOKED,CONSENT_REVOKED,CONSENT_REVOKED,CONSENT_REVOKED,CONSENT_REVOKED,CONSENT_REVOKED,CONSENT_REVOKED,CONSENT_REVOKED
669689aed6f4d3c1e8cf1fe3,66517f5fabe49e6139fa9d4c,APPROVED,Not Applicable,2024-07-16T14:54:49.556000Z,2024-07-16T15:05:25.205000Z,2024-07-18T14:22:15.539000Z,2024-07-16T15:05:46.605000Z,636.0,75b53a55e8,36,DATA_EXPIRED,DATA_EXPIRED,DATA_EXPIRED,DATA_EXPIRED,DATA_EXPIRED,DATA_EXPIRED,DATA_EXPIRED,DATA_EXPIRED,DATA_EXPIRED
