Submission id,Participant id,Status,Custom study tncs accepted at,Started at,Completed at,Reviewed at,Archived at,Time taken,Completion code,Total approvals,Age,Sex,Ethnicity simplified,Country of birth,Country of residence,Nationality,Language,Student status,Employment status
66967cb6a80f68fd9bd6be33,6608261ee449f63e34a250d7,APPROVED,Not Applicable,2024-07-16T13:59:34.651000Z,2024-07-16T14:15:33.791000Z,2024-07-18T14:17:23.984000Z,2024-07-16T14:15:34.382558Z,960,75b53a55e8,2,41,Female,White,United States,United States,United States,English,No,DATA_EXPIRED
66967d125d69c8b3497ea420,5ea1ee658a9acd0eff894ae2,APPROVED,Not Applicable,2024-07-16T14:00:54.064000Z,2024-07-16T14:22:22.871000Z,2024-07-18T14:17:24.637000Z,2024-07-16T14:22:23.505974Z,1289,75b53a55e8,1435,31,Female,Black,United States,United States,United States,English,DATA_EXPIRED,DATA_EXPIRED
66967d4f3af90e1e4050b960,65959c645b476c45812f68db,RETURNED,Not Applicable,2024-07-16T14:02:15.491000Z,,,2024-07-21T21:33:05.154611Z,,,34,CONSENT_REVOKED,CONSENT_REVOKED,CONSENT_REVOKED,CONSENT_REVOKED,CONSENT_REVOKED,CONSENT_REVOKED,CONSENT_REVOKED,CONSENT_REVOKED,CONSENT_REVOKED
66967dbe972a157e8d6e8375,66966d9937cb732ef22bbcc9,RETURNED,Not Applicable,2024-07-16T14:03:52.672000Z,,,2024-07-21T21:33:05.157730Z,,,25,CONSENT_REVOKED,CONSENT_REVOKED,CONSENT_REVOKED,CONSENT_REVOKED,CONSENT_REVOKED,CONSENT_REVOKED,CONSENT_REVOKED,CONSENT_REVOKED,CONSENT_REVOKED
66967e16a62adda1fdd6be17,667d7d79b217a6837acfe8c9,RETURNED,Not Applicable,2024-07-16T14:05:15.458000Z,,,2024-07-21T21:33:05.162875Z,,,4,CONSENT_REVOKED,CONSENT_REVOKED,CONSENT_REVOKED,CONSENT_REVOKED,CONSENT_REVOKED,CONSENT_REVOKED,CONSENT_REVOKED,CONSENT_REVOKED,CONSENT_REVOKED
66967e4d124e480a2b0eba43,668e3ac542ed5f51496aed1d,RETURNED,Not Applicable,2024-07-16T14:06:15.879000Z,,,2024-07-21T21:33:05.169094Z,,,18,CONSENT_REVOKED,CONSENT_REVOKED,CONSENT_REVOKED,CONSENT_REVOKED,CONSENT_REVOKED,CONSENT_REVOKED,CONSENT_REVOKED,CONSENT_REVOKED,CONSENT_REVOKED
66967e6762ce3521d5c4afd9,6688a6820e94392a7f0d9efd,RETURNED,Not Applicable,2024-07-16T14:13:09.968000Z,2024-07-16T14:14:38.980000Z,,2024-07-21T21:33:05.171247Z,,NOCODE,40,CONSENT_REVOKED,CONSENT_REVOKED,CONSENT_REVOKED,CONSENT_REVOKED,CONSENT_REVOKED,CONSENT_REVOKED,CONSENT_REVOKED,CONSENT_REVOKED,CONSENT_REVOKED
66967e804207d2c9e174905b,6686d420191b6bbb1568a457,RETURNED,Not Applicable,2024-07-16T14:07:08.139000Z,,,2024-07-21T21:33:05.179385Z,,,39,CONSENT_REVOKED,CONSENT_REVOKED,CONSENT_REVOKED,CONSENT_REVOKED,CONSENT_REVOKED,CONSENT_REVOKED,CONSENT_REVOKED,CONSENT_REVOKED,CONSENT_REVOKED
66967e94d579e1ba6b10a25f,6650096188b6dfcde2cc1ba8,TIMED-OUT,Not Applicable,2024-07-16T14:07:26.012000Z,,,2024-07-21T21:33:05.186767Z,458740,,50,31,Female,Other,United States,United States,United States,English,No,Full-Time
66967f52f3c4c0d13cb52e7b,612c6bd26f5f81c5765989d9,APPROVED,Not Applicable,2024-07-16T14:10:29.536000Z,2024-07-16T14:37:11.098000Z,2024-07-18T14:17:24.914000Z,2024-07-16T14:39:33.004821Z,1602,75b53a55e8,1920,32,Male,Other,United States,United States,United States,English,No,Other
66967f550d13aec92514bb1d,667584f5fbca791c7871a98b,RETURNED,Not Applicable,2024-07-16T14:10:37.191000Z,,,2024-07-21T21:33:05.192033Z,,,18,CONSENT_REVOKED,CONSENT_REVOKED,CONSENT_REVOKED,CONSENT_REVOKED,CONSENT_REVOKED,CONSENT_REVOKED,CONSENT_REVOKED,CONSENT_REVOKED,CONSENT_REVOKED
66967f9d5c0038ecb9bcc144,6312b088bb7ef4cefa732314,APPROVED,Not Applicable,2024-07-16T14:11:49.437000Z,2024-07-16T14:27:15.288000Z,2024-07-18T14:17:25.251000Z,2024-07-16T14:29:21.101612Z,926,75b53a55e8,293,27,Male,White,United States,United States,United States,English,No,Part-Time
66967fe27a2915c181c900f8,6674e3da8b86bf77d5907e4b,APPROVED,Not Applicable,2024-07-16T14:13:00.580000Z,2024-07-16T14:45:32.931000Z,2024-07-18T14:17:25.583000Z,2024-07-16T14:45:33.588312Z,1953,75b53a55e8,4,24,Female,Black,United States,United States,United States,English,No,Full-Time
669680055f44d46bde962b2c,669561024606d0d66a7ed3a1,RETURNED,Not Applicable,2024-07-16T14:13:34.028000Z,,,2024-07-21T21:33:05.195098Z,,,38,CONSENT_REVOKED,CONSENT_REVOKED,CONSENT_REVOKED,CONSENT_REVOKED,CONSENT_REVOKED,CONSENT_REVOKED,CONSENT_REVOKED,CONSENT_REVOKED,CONSENT_REVOKED
6696800d5ec7721539f9f45b,65f3bf636afc5f3102e7f2fd,APPROVED,Not Applicable,2024-07-16T14:13:48.022000Z,2024-07-16T14:30:17.806000Z,2024-07-18T14:17:25.850000Z,2024-07-16T15:33:04.385676Z,990,75b53a55e8,243,33,Female,White,United States,United States,United States,English,No,Full-Time
6696801e45b4409713ac7ad2,666b2d53c1ca08caf60bb0c1,APPROVED,Not Applicable,2024-07-16T14:14:09.081000Z,2024-07-16T14:42:19.294000Z,2024-07-18T14:17:26.676000Z,2024-07-16T14:42:20.451944Z,1691,75b53a55e8,9,45,Male,White,United States,United States,United States,English,No,Full-Time
669680329e66dc318aaa1e91,6650c923f9cd21ba03aa28f5,APPROVED,Not Applicable,2024-07-16T14:14:17.734000Z,2024-07-16T14:57:11.170000Z,2024-07-18T14:17:26.923000Z,2024-07-16T14:57:11.809995Z,2574,75b53a55e8.,8,39,Male,DATA_EXPIRED,United States,United States,United States,English,DATA_EXPIRED,Full-Time
6696804cbef8682b53723443,6670695ddda879e28629fbe0,APPROVED,Not Applicable,2024-07-16T14:14:45.703000Z,2024-07-16T14:29:39.645000Z,2024-07-18T14:17:27.165000Z,2024-07-16T14:29:40.351178Z,894,75b53a55e8,19,30,Female,Asian,Vietnam,United States,United States,Vietnamese,Yes,"Not in paid work (e.g. homemaker', 'retired or disabled)"
669680a86be1b942ae8832f0,65c77b00ea091a0562445f2b,APPROVED,Not Applicable,2024-07-16T14:16:17.067000Z,2024-07-16T14:28:14.845000Z,2024-07-18T14:17:27.689000Z,2024-07-16T14:29:28.394281Z,718,75b53a55e8,12,30,Female,Black,United States,United States,United States,English,No,DATA_EXPIRED
6696811d5883a6e89f602050,66911747914bf21ddae7c58d,RETURNED,Not Applicable,2024-07-16T14:18:11.932000Z,,,2024-07-21T21:33:05.325638Z,,,42,CONSENT_REVOKED,CONSENT_REVOKED,CONSENT_REVOKED,CONSENT_REVOKED,CONSENT_REVOKED,CONSENT_REVOKED,CONSENT_REVOKED,CONSENT_REVOKED,CONSENT_REVOKED
669681211e45f4fbc8f0db6d,6672c0a7168246028052d022,APPROVED,Not Applicable,2024-07-16T14:18:15.802000Z,2024-07-16T14:42:34.992000Z,2024-07-18T14:17:27.986000Z,2024-07-16T14:42:35.698351Z,1460,75b53a55e8,11,21,Male,Mixed,Ghana,United States,United States,English,DATA_EXPIRED,DATA_EXPIRED
66968151f61058c9ef8cd43a,660de9ab331574164db5d770,APPROVED,Not Applicable,2024-07-16T14:19:03.932000Z,2024-07-16T14:32:45.069000Z,2024-07-18T14:17:28.260000Z,2024-07-16T14:32:47.854550Z,822,75b53a55e8,46,28,Female,White,United States,United States,United States,English,No,Part-Time
669681537488da6c71e834bd,6692cfa023a28e4363024f61,RETURNED,Not Applicable,2024-07-16T14:19:07.487000Z,,,2024-07-21T21:33:05.357371Z,,,32,CONSENT_REVOKED,CONSENT_REVOKED,CONSENT_REVOKED,CONSENT_REVOKED,CONSENT_REVOKED,CONSENT_REVOKED,CONSENT_REVOKED,CONSENT_REVOKED,CONSENT_REVOKED
6696816562c1f8fe4fa47f2d,6695464216431c1f53258e98,RETURNED,Not Applicable,2024-07-16T14:19:53.983000Z,,,2024-07-21T21:33:05.359688Z,,,36,CONSENT_REVOKED,CONSENT_REVOKED,CONSENT_REVOKED,CONSENT_REVOKED,CONSENT_REVOKED,CONSENT_REVOKED,CONSENT_REVOKED,CONSENT_REVOKED,CONSENT_REVOKED
6696816e12d052e4dbeb5ce6,65bba4d18a1e43cfbb86d62b,APPROVED,Not Applicable,2024-07-16T14:19:34.277000Z,2024-07-16T14:35:17.995000Z,2024-07-18T14:17:28.505000Z,2024-07-16T14:35:42.504289Z,944,75b53a55e8,82,50,Male,Black,United States,United States,United States,English,No,Other
66968189e51b4b19bbf8d5ba,6110e61635b5f414d41265d6,RETURNED,Not Applicable,2024-07-16T14:20:02.030000Z,,,2024-07-21T21:33:05.372508Z,,,76,CONSENT_REVOKED,CONSENT_REVOKED,CONSENT_REVOKED,CONSENT_REVOKED,CONSENT_REVOKED,CONSENT_REVOKED,CONSENT_REVOKED,CONSENT_REVOKED,CONSENT_REVOKED
669682143d57352882ab157d,66952404eef7c3d518dbd5c7,RETURNED,Not Applicable,2024-07-16T14:22:23.640000Z,,,2024-07-21T21:33:05.389137Z,,,38,CONSENT_REVOKED,CONSENT_REVOKED,CONSENT_REVOKED,CONSENT_REVOKED,CONSENT_REVOKED,CONSENT_REVOKED,CONSENT_REVOKED,CONSENT_REVOKED,CONSENT_REVOKED
6696822fa588138d1d2db63c,66951fdfa1d5578102279389,APPROVED,Not Applicable,2024-07-16T14:22:44.883000Z,2024-07-16T15:18:23.179000Z,2024-07-18T14:17:28.780000Z,2024-07-16T15:19:51.844836Z,3339,75b53a55e8,11,40,Male,Asian,India,United States,United States,English,No,Full-Time
6696826c1e45f4fbc8f0dbb7,669030ce58506574f5d1672b,APPROVED,Not Applicable,2024-07-16T14:23:43.889000Z,2024-07-16T14:33:52.156000Z,2024-07-18T14:17:29.035000Z,2024-07-16T14:33:52.737871Z,609,75b53a55e8,9,33,Male,White,United States,United States,United States,English,No,Full-Time
669682b7a18834df1acbb2e9,66781ef5ffa4374196749d7c,APPROVED,Not Applicable,2024-07-16T14:25:17.527000Z,2024-07-16T15:02:36.349000Z,2024-07-18T14:17:29.386000Z,2024-07-16T15:02:37.096129Z,2239,75b53a55e8,23,38,Female,Black,Nigeria,United States,United States,English,DATA_EXPIRED,Full-Time
669682b99e66dc318aaa1f27,5ff7f0c1ea58f65229df9453,RETURNED,Not Applicable,2024-07-16T14:25:03.930000Z,,,2024-07-21T21:33:05.413199Z,,,654,CONSENT_REVOKED,CONSENT_REVOKED,CONSENT_REVOKED,CONSENT_REVOKED,CONSENT_REVOKED,CONSENT_REVOKED,CONSENT_REVOKED,CONSENT_REVOKED,CONSENT_REVOKED
669682c0b36a0c3d8476ae75,6693e8330cbd52bc4cbf892d,APPROVED,Not Applicable,2024-07-16T14:28:17.192000Z,2024-07-16T14:55:13.953000Z,2024-07-18T14:17:29.842000Z,2024-07-16T14:55:14.615754Z,1617,75b53a55e8,10,26,Female,Black,Ghana,United States,United States,English,DATA_EXPIRED,DATA_EXPIRED
669682c166b7d18b8e330637,66956f9b0b5f7fac68b289a3,APPROVED,Not Applicable,2024-07-16T14:25:31.619000Z,2024-07-16T14:38:53.097000Z,2024-07-18T14:17:30.176000Z,2024-07-16T14:39:53.356257Z,802,75b53a55e8,4,47,Male,White,United States,United States,United States,English,No,DATA_EXPIRED
669682c5cf35152fecf8d6d8,65c90b02972eb42dca34ed0f,APPROVED,Not Applicable,2024-07-16T14:25:29.401000Z,,,2024-07-21T21:33:05.409618Z,457657,,25,29,Female,Black,United States,United States,United States,English,Yes,Full-Time
669682cdacd66ea04c2cd907,65956e771590adbaaef14a0e,RETURNED,Not Applicable,2024-07-16T14:25:24.176000Z,,,2024-07-21T21:33:05.437933Z,,,7,CONSENT_REVOKED,CONSENT_REVOKED,CONSENT_REVOKED,CONSENT_REVOKED,CONSENT_REVOKED,CONSENT_REVOKED,CONSENT_REVOKED,CONSENT_REVOKED,CONSENT_REVOKED
669682cfc78f58a18a52ad3f,6692a235acd865fc152f0215,APPROVED,Not Applicable,2024-07-16T14:25:31.076000Z,2024-07-16T14:45:17.940000Z,2024-07-18T14:17:30.494000Z,2024-07-16T14:45:18.649611Z,1187,75b53a55e8,4,24,Female,White,United States,United States,United States,English,No,DATA_EXPIRED
669682eef202ee56f761df41,6690354384b71b45e8abcd20,APPROVED,Not Applicable,2024-07-16T14:25:58.278000Z,2024-07-16T14:48:36.425000Z,2024-07-18T14:17:30.815000Z,2024-07-16T14:52:02.813493Z,1359,75b53a55e8,24,35,Male,White,United States,United States,United States,English,No,Unemployed (and job seeking)
6696831ef7b571ced6379f55,669191a2779320659f9666b7,APPROVED,Not Applicable,2024-07-16T14:27:07.424000Z,2024-07-16T14:47:00.339000Z,2024-07-18T14:17:31.075000Z,2024-07-16T14:47:16.053526Z,1193,75b53a55e8,13,42,Female,White,United States,United States,United States,English,No,"Not in paid work (e.g. homemaker', 'retired or disabled)"
6696832491978e1ce4ea48e9,6317476911b4c96129da9ce0,APPROVED,Not Applicable,2024-07-16T14:26:49.439000Z,2024-07-16T14:35:51.782000Z,2024-07-18T14:17:31.352000Z,2024-07-16T14:36:25.782840Z,543,75b53a55e8,2097,30,Female,White,United States,United States,United States,English,No,Full-Time
6696832881bfad5c2fe8a223,66952999d9daa03cfee0115f,APPROVED,Not Applicable,2024-07-16T14:26:52.568000Z,2024-07-16T14:38:17.605000Z,2024-07-18T14:17:31.603000Z,2024-07-16T14:39:43.994832Z,686,75b53a55e8,12,37,Male,White,United States,United States,United States,English,No,DATA_EXPIRED
669683501439569a7ed05083,667d754cce398ea4846162c7,APPROVED,Not Applicable,2024-07-16T14:27:32.248000Z,2024-07-16T14:40:15.457000Z,2024-07-18T14:17:31.855000Z,2024-07-16T14:40:16.604809Z,764,75b53a55e8,20,43,Male,White,United States,United States,United States,English,No,Full-Time
669683521bc254cd4a8a0ada,6685d07e3b7b1a1214b83cc2,APPROVED,Not Applicable,2024-07-16T14:27:42.127000Z,2024-07-16T15:22:10.157000Z,2024-07-18T14:17:32.148000Z,2024-07-16T15:22:10.925554Z,3269,75b53a55e8,28,24,Male,Black,United States,United States,United States,English,Yes,Full-Time
669683630e2b9ed65798549e,66927671dd1ddfa05021849c,RETURNED,Not Applicable,2024-07-16T14:27:57.107000Z,,,2024-07-21T21:33:05.512468Z,,,10,CONSENT_REVOKED,CONSENT_REVOKED,CONSENT_REVOKED,CONSENT_REVOKED,CONSENT_REVOKED,CONSENT_REVOKED,CONSENT_REVOKED,CONSENT_REVOKED,CONSENT_REVOKED
669683645c79576507f13df7,65d7618924ced69f831161c8,RETURNED,Not Applicable,2024-07-16T14:28:31.975000Z,,,2024-07-21T21:33:05.573136Z,,,66,CONSENT_REVOKED,CONSENT_REVOKED,CONSENT_REVOKED,CONSENT_REVOKED,CONSENT_REVOKED,CONSENT_REVOKED,CONSENT_REVOKED,CONSENT_REVOKED,CONSENT_REVOKED
66968381b36a0c3d8476aea4,66925bac96292f304a1fe53f,APPROVED,Not Applicable,2024-07-16T14:28:28.374000Z,2024-07-16T14:56:40.634000Z,2024-07-18T14:17:32.404000Z,2024-07-16T14:56:41.380338Z,1693,75b53a55e8.,2,18,Male,Black,United States,United States,United States,English,Yes,DATA_EXPIRED
669683867df648325be5be1b,6643bb5e696373338dc0e5a2,RETURNED,Not Applicable,2024-07-16T14:28:25.980000Z,,,2024-07-21T21:33:05.528651Z,,,47,CONSENT_REVOKED,CONSENT_REVOKED,CONSENT_REVOKED,CONSENT_REVOKED,CONSENT_REVOKED,CONSENT_REVOKED,CONSENT_REVOKED,CONSENT_REVOKED,CONSENT_REVOKED
669683be27834bc9223a1752,5ea1afbb8809ad07b7582ec0,APPROVED,Not Applicable,2024-07-16T14:29:24.259000Z,2024-07-16T14:44:01.264000Z,2024-07-18T14:17:32.650000Z,2024-07-16T14:44:01.956316Z,878,75b53a55e8,842,35,Male,Black,United States,United States,United States,English,No,Full-Time
669683d4194b5a663b7369a1,66946e3054a30a2bf5b1be40,RETURNED,Not Applicable,2024-07-16T14:31:05.029000Z,,,2024-07-21T21:33:05.569530Z,,,41,CONSENT_REVOKED,CONSENT_REVOKED,CONSENT_REVOKED,CONSENT_REVOKED,CONSENT_REVOKED,CONSENT_REVOKED,CONSENT_REVOKED,CONSENT_REVOKED,CONSENT_REVOKED
669683f0400bb0cd3821eb78,66950bbf8ad380f80a1e6356,RETURNED,Not Applicable,2024-07-16T14:30:21.444000Z,2024-07-16T14:32:38.801000Z,,2024-07-21T21:33:05.596260Z,,NOCODE,34,CONSENT_REVOKED,CONSENT_REVOKED,CONSENT_REVOKED,CONSENT_REVOKED,CONSENT_REVOKED,CONSENT_REVOKED,CONSENT_REVOKED,CONSENT_REVOKED,CONSENT_REVOKED
669684362df383e1123a4ce5,5f6e1c92b768652fc12d5f62,RETURNED,Not Applicable,2024-07-16T14:31:25.990000Z,,,2024-07-21T21:33:05.608345Z,,,1885,CONSENT_REVOKED,CONSENT_REVOKED,CONSENT_REVOKED,CONSENT_REVOKED,CONSENT_REVOKED,CONSENT_REVOKED,CONSENT_REVOKED,CONSENT_REVOKED,CONSENT_REVOKED
6696845745b4409713ac7bb6,6692fe04da3e9755849dd38f,APPROVED,Not Applicable,2024-07-16T14:31:55.487000Z,2024-07-16T14:48:07.851000Z,2024-07-18T14:17:32.916000Z,2024-07-16T14:51:57.720107Z,973,75b53a55e8,11,22,Female,Asian,United States,United States,United States,English,Yes,Part-Time
66968492b8f99e54a421937a,6691c8eb250cdadffd5da03e,REJECTED,Not Applicable,2024-07-16T14:33:10.835000Z,2024-07-16T14:37:30.926000Z,2024-08-01T18:10:19.854000Z,2024-09-06T15:40:43.738112Z,261,NOCODE,51,CONSENT_REVOKED,CONSENT_REVOKED,CONSENT_REVOKED,CONSENT_REVOKED,CONSENT_REVOKED,CONSENT_REVOKED,CONSENT_REVOKED,CONSENT_REVOKED,CONSENT_REVOKED
66968493ef546ace383f09c4,669060e5a44c3d22d5cdfbc8,APPROVED,Not Applicable,2024-07-16T14:32:59.506000Z,2024-07-21T21:22:51.722000Z,2024-07-21T21:22:52.259000Z,2024-07-21T21:22:52.505381Z,456593,Manual Completion,29,25,Male,Black,United States,United States,United States,English,No,DATA_EXPIRED
669684d327834bc9223a1791,6651064be071e3482a85f01c,APPROVED,Not Applicable,2024-07-16T14:34:08.687000Z,2024-07-16T14:53:38.795000Z,2024-07-18T14:17:33.356000Z,2024-07-16T14:53:40.356939Z,1171,75b53a55e8,12,45,Male,Mixed,United States,United States,United States,English,DATA_EXPIRED,DATA_EXPIRED
669684d8e82b8b6168e85692,667ee4bc53bc8bcecb7843a9,RETURNED,Not Applicable,2024-07-16T14:34:46.517000Z,,,2024-07-21T21:33:05.635849Z,,,31,CONSENT_REVOKED,CONSENT_REVOKED,CONSENT_REVOKED,CONSENT_REVOKED,CONSENT_REVOKED,CONSENT_REVOKED,CONSENT_REVOKED,CONSENT_REVOKED,CONSENT_REVOKED
669684d9cc574cc50f1e3b80,667e81c643fc0a5c5f11b106,RETURNED,Not Applicable,2024-07-16T14:34:26.527000Z,,,2024-07-21T21:33:05.618953Z,,,31,CONSENT_REVOKED,CONSENT_REVOKED,CONSENT_REVOKED,CONSENT_REVOKED,CONSENT_REVOKED,CONSENT_REVOKED,CONSENT_REVOKED,CONSENT_REVOKED,CONSENT_REVOKED
669684dd1acbd6bafe29bb85,5c9cf2e1d54c260001e62eac,APPROVED,Not Applicable,2024-07-16T14:34:08.448000Z,2024-07-16T14:49:29.763000Z,2024-07-18T14:17:33.612000Z,2024-07-16T14:52:12.130445Z,922,75b53a55e8,583,20,Male,Mixed,United States,United States,United States,English,Yes,Unemployed (and job seeking)
669684e71e45f4fbc8f0dc2d,66967eb4484162b60c5f2f75,RETURNED,Not Applicable,2024-07-16T14:45:00.086000Z,,,2024-07-21T21:33:05.698101Z,,,0,CONSENT_REVOKED,CONSENT_REVOKED,CONSENT_REVOKED,CONSENT_REVOKED,CONSENT_REVOKED,CONSENT_REVOKED,CONSENT_REVOKED,CONSENT_REVOKED,CONSENT_REVOKED
669684ef57df9ffdf926b6b8,66953d3b8484b9db6e4d22e8,APPROVED,Not Applicable,2024-07-16T14:34:26.962000Z,2024-07-16T14:46:20.421000Z,2024-07-18T14:17:33.864000Z,2024-07-16T14:46:21.973766Z,714,75b53a55e8,15,30,Male,White,United States,United States,United States,English,No,Part-Time
669684fabfbd7776a210b687,668574f0ec7ac7f1fc76bf10,RETURNED,Not Applicable,2024-07-16T14:34:37.965000Z,,,2024-07-21T21:33:05.644625Z,,,39,CONSENT_REVOKED,CONSENT_REVOKED,CONSENT_REVOKED,CONSENT_REVOKED,CONSENT_REVOKED,CONSENT_REVOKED,CONSENT_REVOKED,CONSENT_REVOKED,CONSENT_REVOKED
669684febc22730f1aee079d,66955b64126ae60131511651,APPROVED,Not Applicable,2024-07-16T14:34:42.367000Z,2024-07-16T15:31:48.989000Z,2024-07-18T14:17:34.132000Z,2024-07-16T15:33:31.869222Z,3427,75b53a55e8,11,33,Female,Asian,United States,United States,United States,English,No,DATA_EXPIRED
6696850045adee541ef4e5d0,66927596325885c57058e460,RETURNED,Not Applicable,2024-07-16T14:34:46.251000Z,2024-07-16T14:57:11.266000Z,,2024-07-21T21:33:05.763435Z,,NOCODE,62,CONSENT_REVOKED,CONSENT_REVOKED,CONSENT_REVOKED,CONSENT_REVOKED,CONSENT_REVOKED,CONSENT_REVOKED,CONSENT_REVOKED,CONSENT_REVOKED,CONSENT_REVOKED
669685071b982eacf1e188f7,66958d2036fba4205e041bd7,APPROVED,Not Applicable,2024-07-16T14:34:51.106000Z,2024-07-16T15:12:04.171000Z,2024-07-18T14:17:34.402000Z,2024-07-16T15:12:04.966260Z,2234,75b53a55e8,10,21,Female,White,United States,United States,United States,English,Yes,DATA_EXPIRED
66968508f202ee56f761dff8,660fec7d02077418ea7be907,APPROVED,Not Applicable,2024-07-16T14:35:20.119000Z,2024-07-21T21:23:23.786000Z,2024-07-21T21:23:24.329000Z,2024-07-21T21:23:24.470397Z,456484,Manual Completion,43,65,Male,Black,Nigeria,United States,United States,English,DATA_EXPIRED,Full-Time
6696851a6a3b4b53171b6bec,668bfff4c2ce3106a2dbf9b6,RETURNED,Not Applicable,2024-07-16T14:35:18.773000Z,,,2024-07-21T21:33:05.720487Z,,,35,CONSENT_REVOKED,CONSENT_REVOKED,CONSENT_REVOKED,CONSENT_REVOKED,CONSENT_REVOKED,CONSENT_REVOKED,CONSENT_REVOKED,CONSENT_REVOKED,CONSENT_REVOKED
6696851e21660ec43260ef1b,5825e7318cba990001adf031,APPROVED,Not Applicable,2024-07-16T14:35:15.906000Z,2024-07-16T14:51:03.721000Z,2024-07-18T14:17:34.665000Z,2024-07-16T14:52:19.359959Z,948,75b53a55e8,918,38,Male,Mixed,Australia,United States,United States,English,DATA_EXPIRED,DATA_EXPIRED
6696853a9f805323f46cdd2a,66954597674618ad4e1331cb,RETURNED,Not Applicable,2024-07-16T14:35:43.481000Z,,,2024-07-21T21:33:05.750779Z,,,36,CONSENT_REVOKED,CONSENT_REVOKED,CONSENT_REVOKED,CONSENT_REVOKED,CONSENT_REVOKED,CONSENT_REVOKED,CONSENT_REVOKED,CONSENT_REVOKED,CONSENT_REVOKED
6696853cc8fe78dea9dfc66e,66912c5b5e9bf77026a08e27,APPROVED,Not Applicable,2024-07-16T14:35:44.816000Z,2024-07-16T14:47:21.319000Z,2024-07-18T14:17:34.927000Z,2024-07-16T14:49:14.020851Z,697,75b53a55e8,25,36,Male,White,United States,United States,United States,English,No,DATA_EXPIRED
669685458e752d912d367f0f,6094980187dae8ba6476af62,RETURNED,Not Applicable,2024-07-16T14:35:53.682000Z,,,2024-07-21T21:33:05.765284Z,,,400,CONSENT_REVOKED,CONSENT_REVOKED,CONSENT_REVOKED,CONSENT_REVOKED,CONSENT_REVOKED,CONSENT_REVOKED,CONSENT_REVOKED,CONSENT_REVOKED,CONSENT_REVOKED
66968549b85e7e5d185ad369,66919c4eedd2622f923b0a27,APPROVED,Not Applicable,2024-07-16T14:36:00.207000Z,2024-07-16T14:51:32.719000Z,2024-07-18T14:17:35.222000Z,2024-07-16T14:52:20.908935Z,933,75b53a55e8.,34,59,Male,White,United States,United States,United States,English,No,DATA_EXPIRED
669685624a7865b618382960,60e9c78a617cbabf4732fee6,RETURNED,Not Applicable,2024-07-16T14:37:31.326000Z,,,2024-07-21T21:33:05.790380Z,,,2628,CONSENT_REVOKED,CONSENT_REVOKED,CONSENT_REVOKED,CONSENT_REVOKED,CONSENT_REVOKED,CONSENT_REVOKED,CONSENT_REVOKED,CONSENT_REVOKED,CONSENT_REVOKED
669685734a0f80c2a4e1f9bc,668dce9bb98a8ddbe56ad524,APPROVED,Not Applicable,2024-07-16T14:36:39.275000Z,2024-07-16T14:53:15.864000Z,2024-07-18T14:17:35.479000Z,2024-07-16T14:53:16.769909Z,997,75b53a55e8,22,21,Male,White,United States,United States,United States,English,No,Part-Time
66968591b3276072f1e188cb,6660cd4c3629e310cbbca98d,RETURNED,Not Applicable,2024-07-16T14:37:17.100000Z,,,2024-07-21T21:33:05.806009Z,,,40,CONSENT_REVOKED,CONSENT_REVOKED,CONSENT_REVOKED,CONSENT_REVOKED,CONSENT_REVOKED,CONSENT_REVOKED,CONSENT_REVOKED,CONSENT_REVOKED,CONSENT_REVOKED
66968595f6d71e0e1e793c1d,65f3b9b0a622d1c75930b1df,APPROVED,Not Applicable,2024-07-16T14:37:12.508000Z,2024-07-16T15:00:30.009000Z,2024-07-18T14:17:35.728000Z,2024-07-16T15:00:35.993524Z,1398,75b53a55e8,14,36,Male,Black,United States,United States,United States,English,Yes,Part-Time
6696859909afef992b98015a,60f66877a0a732b6dbe3485d,APPROVED,Not Applicable,2024-07-16T14:37:24.120000Z,2024-07-16T15:03:48.828000Z,2024-07-18T14:17:36.006000Z,2024-07-16T15:05:31.853231Z,1585,75b53a55e8,1124,39,Male,White,United States,United States,United States,English,No,Full-Time
669685a874de5842ace1f960,60e7fc4d86d580c1cb232d5a,APPROVED,Not Applicable,2024-07-16T14:37:33.585000Z,2024-07-16T14:48:33.426000Z,2024-07-18T14:17:36.255000Z,2024-07-16T14:52:02.399350Z,660,75b53a55e8,282,36,Male,White,United States,United States,United States,English,No,DATA_EXPIRED
669685aaf5015a4a6d9ba2dd,5c4e7dcdd3a5e30001836f82,RETURNED,Not Applicable,2024-07-16T14:37:49.567000Z,,,2024-07-21T21:33:05.833440Z,,,4691,CONSENT_REVOKED,CONSENT_REVOKED,CONSENT_REVOKED,CONSENT_REVOKED,CONSENT_REVOKED,CONSENT_REVOKED,CONSENT_REVOKED,CONSENT_REVOKED,CONSENT_REVOKED
669685b83d57352882ab1659,6153226d04ed5dce3aaa9703,APPROVED,Not Applicable,2024-07-16T14:37:49.029000Z,2024-07-16T14:52:32.486000Z,2024-07-18T14:17:36.526000Z,2024-07-16T14:52:33.700450Z,884,75b53a55e8,1224,26,Male,White,United States,United States,United States,English,No,Full-Time
669685baf426d4223108f443,65bd30fedd6c6dca9bf59073,APPROVED,Not Applicable,2024-07-16T14:37:49.719000Z,2024-07-16T14:48:40.901000Z,2024-07-18T14:17:36.873000Z,2024-07-16T14:52:04.037279Z,652,75b53a55e8,210,29,Female,White,United States,United States,United States,English,No,Full-Time
669685bf2f70702b053a17a0,5c49d7e81d71af000187175e,APPROVED,Not Applicable,2024-07-16T14:37:54.776000Z,2024-07-16T14:46:22.734000Z,2024-07-18T14:17:37.174000Z,2024-07-16T14:46:23.459066Z,508,75b53a55e8,722,25,Male,White,United States,United States,United States,English,Yes,Full-Time
669685c429c2228c06917dcd,6692c3a326eb7accb3a60fe5,RETURNED,Not Applicable,2024-07-16T14:38:46.133000Z,,,2024-07-21T21:33:05.873100Z,,,21,CONSENT_REVOKED,CONSENT_REVOKED,CONSENT_REVOKED,CONSENT_REVOKED,CONSENT_REVOKED,CONSENT_REVOKED,CONSENT_REVOKED,CONSENT_REVOKED,CONSENT_REVOKED
669685c739bd61a970eece66,654fe6af3517f92a06444ca5,APPROVED,Not Applicable,2024-07-16T14:38:05.148000Z,2024-07-16T14:48:42.885000Z,2024-07-18T14:17:38.021000Z,2024-07-16T14:52:04.175648Z,638,75b53a55e8,516,37,Male,Mixed,Canada,United States,United States,English,DATA_EXPIRED,Full-Time
669685c8f202ee56f761e045,669475d387d34b7b420c6410,APPROVED,Not Applicable,2024-07-16T14:38:05.815000Z,2024-07-16T15:00:35.363000Z,2024-07-18T14:17:38.310000Z,2024-07-16T15:00:35.968800Z,1350,75b53a55e8,20,30,Male,White,United States,United States,United States,English,No,Full-Time
669685c9a8bce33a6d60eefd,60c8ac90afb08667c1b43bfa,RETURNED,Not Applicable,2024-07-16T14:38:06.382000Z,,,2024-07-21T21:33:05.848473Z,,,101,CONSENT_REVOKED,CONSENT_REVOKED,CONSENT_REVOKED,CONSENT_REVOKED,CONSENT_REVOKED,CONSENT_REVOKED,CONSENT_REVOKED,CONSENT_REVOKED,CONSENT_REVOKED
669685ca1e45f4fbc8f0dc63,660d542821839863303cebe3,APPROVED,Not Applicable,2024-07-16T14:38:06.520000Z,2024-07-16T14:48:16.390000Z,2024-07-18T14:17:38.615000Z,2024-07-16T14:51:58.873661Z,610,75b53a55e8,152,44,Male,White,United States,United States,United States,English,No,Full-Time
669685d533e3ca9a652be58a,664e2f295b9ae491acbdf931,APPROVED,Not Applicable,2024-07-16T14:38:19.324000Z,2024-07-16T14:53:41.875000Z,2024-07-18T14:17:39.057000Z,2024-07-16T14:53:43.068542Z,923,75b53a55e8,56,29,Female,White,United States,United States,United States,English,No,Full-Time
669685e389052c63e75bad56,65009eacfd6f8c6bb8a3c4cc,APPROVED,Not Applicable,2024-07-16T14:38:31.115000Z,2024-07-16T14:48:05.317000Z,2024-07-18T14:17:39.307000Z,2024-07-16T14:51:56.845236Z,575,75b53a55e8,257,22,Male,White,United States,United States,United States,English,No,DATA_EXPIRED
669685f6b3bc91f07d14f443,589de7bbbb9e0f0001ac9768,APPROVED,Not Applicable,2024-07-16T14:38:51.373000Z,2024-07-16T14:55:15.843000Z,2024-07-18T14:17:39.549000Z,2024-07-16T14:55:16.587102Z,985,75b53a55e8,1407,29,Female,White,United States,United States,United States,English,DATA_EXPIRED,DATA_EXPIRED
669685f80760b86f4dac7c56,65d938edebdf0f3bd98b3924,RETURNED,Not Applicable,2024-07-16T14:38:55.650000Z,,,2024-07-21T21:33:05.866083Z,,,306,CONSENT_REVOKED,CONSENT_REVOKED,CONSENT_REVOKED,CONSENT_REVOKED,CONSENT_REVOKED,CONSENT_REVOKED,CONSENT_REVOKED,CONSENT_REVOKED,CONSENT_REVOKED
669685f93f2febceada807bb,63ea81807f06faf5d0a5d7fb,APPROVED,Not Applicable,2024-07-16T14:39:15.875000Z,2024-07-16T15:34:03.075000Z,2024-07-18T14:17:39.844000Z,2024-07-16T15:34:24.876505Z,3288,75b53a55e8,555,36,Male,White,United States,United States,United States,English,DATA_EXPIRED,DATA_EXPIRED
669685fa9f805323f46cde0e,6307bee7b345c1bf0fb2f362,APPROVED,Not Applicable,2024-07-16T14:38:55.578000Z,2024-07-16T14:54:22.099000Z,2024-07-18T14:17:40.087000Z,2024-07-16T14:54:22.707373Z,927,75b53a55e8,3109,55,Male,White,United States,United States,United States,English,DATA_EXPIRED,Full-Time
669685fff729236ce9bb915f,6365ab361b71daa9f0eed7bd,APPROVED,Not Applicable,2024-07-16T14:40:09.767000Z,2024-07-16T15:15:49.018000Z,2024-07-18T14:17:40.338000Z,2024-07-16T15:15:49.881469Z,2140,75b53a55e8,1635,38,Male,Black,United States,United States,United States,English,Yes,Full-Time
66968603c332d8bfb35eef97,5c7e764fa7432a00169e1499,APPROVED,Not Applicable,2024-07-16T14:39:13.891000Z,2024-07-16T14:54:52.775000Z,2024-07-18T14:17:40.621000Z,2024-07-16T14:54:53.665438Z,939,75b53a55e8,1777,46,Male,Black,United States,United States,United States,English,No,Full-Time
66968605acd66ea04c2cd9ac,650311dea8a04c0785cf39ca,RETURNED,Not Applicable,2024-07-16T14:39:06.701000Z,,,2024-07-21T21:33:05.933603Z,,,629,CONSENT_REVOKED,CONSENT_REVOKED,CONSENT_REVOKED,CONSENT_REVOKED,CONSENT_REVOKED,CONSENT_REVOKED,CONSENT_REVOKED,CONSENT_REVOKED,CONSENT_REVOKED
66968608531e27b7d4b08585,66928dba6ec70dde14a4b032,RETURNED,Not Applicable,2024-07-16T14:39:09.968000Z,,,2024-07-21T21:33:05.907408Z,,,30,CONSENT_REVOKED,CONSENT_REVOKED,CONSENT_REVOKED,CONSENT_REVOKED,CONSENT_REVOKED,CONSENT_REVOKED,CONSENT_REVOKED,CONSENT_REVOKED,CONSENT_REVOKED
6696860a29c2228c06917de1,5d5464629b7c4e000188782d,APPROVED,Not Applicable,2024-07-16T14:39:11.242000Z,2024-07-16T14:58:11.591000Z,2024-07-18T14:17:40.868000Z,2024-07-16T14:58:12.360523Z,1141,75b53a55e8,1928,41,Female,Other,United States,United States,United States,English,No,Other
6696860ca12dfc32917ff5de,60edac884fef13c0b0660daf,APPROVED,Not Applicable,2024-07-16T14:39:12.431000Z,2024-07-16T14:50:38.759000Z,2024-07-18T14:17:41.167000Z,2024-07-16T14:52:17.847428Z,687,75b53a55e8,1993,39,Female,White,United States,United States,United States,English,No,Full-Time
669686110760b86f4dac7c5c,663a5c3dbd43282a77e68a89,APPROVED,Not Applicable,2024-07-16T14:40:02.164000Z,2024-07-16T14:54:17.163000Z,2024-07-18T14:17:41.414000Z,2024-07-16T14:54:17.802979Z,855,75b53a55e8,227,37,Female,White,United States,United States,United States,English,No,Full-Time
6696861b614f57a3d9552d7b,62ab399e15b98baaf3099d60,APPROVED,Not Applicable,2024-07-16T14:39:48.177000Z,2024-07-16T15:06:28.637000Z,2024-07-18T14:17:41.693000Z,2024-07-16T15:06:29.191182Z,1601,75b53a55e8,243,60,Male,White,United States,United States,United States,English,Yes,Full-Time
6696861c3d57352882ab166f,666436dd6bae8488eb78b105,APPROVED,Not Applicable,2024-07-16T14:39:29.474000Z,2024-07-16T14:58:28.426000Z,2024-07-18T14:17:41.945000Z,2024-07-16T14:58:29.074915Z,1139,75b53a55e8,6,23,Female,Mixed,Ghana,United States,United States,English,No,Full-Time
6696862125b9d090640e8bfb,66463b929f4e044d1b124afa,APPROVED,Not Applicable,2024-07-16T14:39:35.275000Z,2024-07-16T14:56:13.052000Z,2024-07-18T14:17:42.191000Z,2024-07-16T14:56:13.880623Z,998,75b53a55e8,16,32,Male,White,United States,United States,United States,English,No,"Not in paid work (e.g. homemaker', 'retired or disabled)"
66968621abd0d9cb2b1b6c03,665fe1a6172b55ef78d5256d,APPROVED,Not Applicable,2024-07-16T14:39:33.328000Z,2024-07-16T14:54:42.019000Z,2024-07-18T14:17:42.482000Z,2024-07-16T14:54:42.795938Z,909,75b53a55e8,98,24,Male,Mixed,United States,United States,United States,English,No,Full-Time
6696862339e4770dd55ad87d,6669a1caf3f192a95174ebcd,APPROVED,Not Applicable,2024-07-16T14:39:44.251000Z,2024-07-16T14:57:51.296000Z,2024-07-18T14:17:42.778000Z,2024-07-16T14:57:51.747222Z,1088,75b53a55e8,18,27,Male,Black,United States,United States,United States,English,DATA_EXPIRED,Part-Time
6696862978ee2754ed6af486,60fe1c9aff728f21dd518e0f,RETURNED,Not Applicable,2024-07-16T14:39:47.587000Z,,,2024-07-21T21:33:05.947552Z,,,9,CONSENT_REVOKED,CONSENT_REVOKED,CONSENT_REVOKED,CONSENT_REVOKED,CONSENT_REVOKED,CONSENT_REVOKED,CONSENT_REVOKED,CONSENT_REVOKED,CONSENT_REVOKED
6696862ec332d8bfb35eef9e,668edda910d11a76c447c4ae,APPROVED,Not Applicable,2024-07-16T14:39:46.166000Z,2024-07-16T14:49:33.187000Z,2024-07-18T14:17:43.029000Z,2024-07-16T14:52:12.709907Z,588,75b53a55e8,30,28,Male,Other,United States,United States,United States,English,Yes,Full-Time
66968637b395be77846bc9e5,5b78bb52fb8ddb00010e3d87,APPROVED,Not Applicable,2024-07-16T14:40:05.804000Z,2024-07-16T15:00:26.398000Z,2024-07-18T14:17:43.280000Z,2024-07-16T15:00:27.026925Z,1221,75b53a55e8,89,47,Male,White,United States,United States,United States,English,No,Part-Time
66968642b3276072f1e18914,6633b5e471caa8a6640cd5d0,RETURNED,Not Applicable,2024-07-16T14:40:09.158000Z,,,2024-07-21T21:33:05.972951Z,,,281,CONSENT_REVOKED,CONSENT_REVOKED,CONSENT_REVOKED,CONSENT_REVOKED,CONSENT_REVOKED,CONSENT_REVOKED,CONSENT_REVOKED,CONSENT_REVOKED,CONSENT_REVOKED
66968645b302f0e836408fc2,66894b3a9c60f1491ca59a71,APPROVED,Not Applicable,2024-07-16T14:40:08.988000Z,2024-07-16T14:53:32.087000Z,2024-07-18T14:17:43.520000Z,2024-07-16T14:53:34.615997Z,804,75b53a55e8,12,34,Female,White,United States,United States,United States,English,No,Other
66968646ccd4dbac21ab1598,5d1b0776e1c05200018b582d,RETURNED,Not Applicable,2024-07-16T14:40:17.693000Z,,,2024-07-21T21:33:05.958679Z,,,1039,CONSENT_REVOKED,CONSENT_REVOKED,CONSENT_REVOKED,CONSENT_REVOKED,CONSENT_REVOKED,CONSENT_REVOKED,CONSENT_REVOKED,CONSENT_REVOKED,CONSENT_REVOKED
669686553d57352882ab167e,6695541a6e0d986b02c25dd9,RETURNED,Not Applicable,2024-07-16T14:40:26.464000Z,,,2024-07-21T21:33:05.983510Z,,,57,CONSENT_REVOKED,CONSENT_REVOKED,CONSENT_REVOKED,CONSENT_REVOKED,CONSENT_REVOKED,CONSENT_REVOKED,CONSENT_REVOKED,CONSENT_REVOKED,CONSENT_REVOKED
6696865621660ec43260ef97,583c47973f1540000163f02b,APPROVED,Not Applicable,2024-07-16T14:43:04.464000Z,2024-07-16T14:59:22.324000Z,2024-07-18T14:17:43.768000Z,2024-07-16T14:59:23.004698Z,978,75b53a55e8,987,37,Male,White,United States,United States,United States,English,No,Part-Time
669686578824a304a26bca90,664d1107d043cfab334a70d3,APPROVED,Not Applicable,2024-07-16T14:40:29.219000Z,2024-07-16T14:55:56.219000Z,2024-07-18T14:17:44.014000Z,2024-07-16T14:55:57.688447Z,927,75b53a55e8,41,32,Female,White,United States,United States,United States,English,No,"Not in paid work (e.g. homemaker', 'retired or disabled)"
6696865f983d6f442074857e,5f85bcb11941de066ef7d941,APPROVED,Not Applicable,2024-07-16T14:40:40.533000Z,2024-07-16T14:53:23.368000Z,2024-07-18T14:17:44.469000Z,2024-07-16T14:53:26.622371Z,763,75b53a55e8,42,34,Male,White,United States,United States,United States,English,DATA_EXPIRED,DATA_EXPIRED
669686609362b19db1985532,663d182f32521513dff17426,RETURNED,Not Applicable,2024-07-16T14:40:39.279000Z,,,2024-07-21T21:33:06.006467Z,,,103,CONSENT_REVOKED,CONSENT_REVOKED,CONSENT_REVOKED,CONSENT_REVOKED,CONSENT_REVOKED,CONSENT_REVOKED,CONSENT_REVOKED,CONSENT_REVOKED,CONSENT_REVOKED
66968669a38b760af9eefa78,664d021c12b73522cd0f610b,RETURNED,Not Applicable,2024-07-16T14:41:40.676000Z,,,2024-07-21T21:33:06.069738Z,,,28,CONSENT_REVOKED,CONSENT_REVOKED,CONSENT_REVOKED,CONSENT_REVOKED,CONSENT_REVOKED,CONSENT_REVOKED,CONSENT_REVOKED,CONSENT_REVOKED,CONSENT_REVOKED
6696866f86f4e1cf23321da5,60c93ed774816a2d8ebbf785,APPROVED,Not Applicable,2024-07-16T14:40:59.518000Z,2024-07-16T14:57:21.394000Z,2024-07-18T14:17:44.788000Z,2024-07-16T14:57:22.096115Z,982,75b53a55e8,65,31,Female,White,United States,United States,United States,English,No,Unemployed (and job seeking)
669686711e45f4fbc8f0dc86,6174172f47b271984e0a31c6,APPROVED,Not Applicable,2024-07-16T14:40:53.279000Z,2024-07-16T14:52:25.334000Z,2024-07-18T14:17:45.241000Z,2024-07-16T14:52:25.845989Z,693,75b53a55e8,611,53,Female,White,United States,United States,United States,English,No,Part-Time
66968679535b9be978ff0bed,66743f0b7860b9095df7b4a3,APPROVED,Not Applicable,2024-07-16T14:41:03.294000Z,2024-07-16T14:51:22.838000Z,2024-07-18T14:17:45.627000Z,2024-07-16T14:52:20.440962Z,620,75b53a55e8,26,31,Male,White,United States,United States,United States,English,No,Full-Time
6696867d2f70702b053a17da,66192673fed8841701b6424b,APPROVED,Not Applicable,2024-07-16T14:42:16.624000Z,2024-07-16T15:07:16.582000Z,2024-07-18T14:17:45.906000Z,2024-07-16T15:07:17.472067Z,1500,75b53a55e8,87,27,Male,Black,United States,United States,United States,English,DATA_EXPIRED,DATA_EXPIRED
6696867f1e45f4fbc8f0dc8b,6172f296fd04a01c4e962bef,APPROVED,Not Applicable,2024-07-16T14:44:32.259000Z,2024-07-16T14:52:58.142000Z,2024-07-18T14:17:46.150000Z,2024-07-16T14:52:59.291925Z,506,75b53a55e8,700,21,Male,White,United States,United States,United States,English,Yes,Part-Time
669686801428a66b61c0a6f8,668a7ab9be5eedd5c545f4e8,APPROVED,Not Applicable,2024-07-16T14:48:07.106000Z,2024-07-16T15:08:04.508000Z,2024-07-18T14:17:46.459000Z,2024-07-16T15:08:05.485495Z,1198,75b53a55e8,19,47,Female,Other,United States,United States,United States,English,No,Due to start a new job within the next month
6696868416b242ab2f91fd45,6681ac880bb84263e75e0903,APPROVED,Not Applicable,2024-07-16T14:41:16.531000Z,2024-07-16T15:12:35.997000Z,2024-07-18T14:17:46.712000Z,2024-07-16T15:12:36.515012Z,1880,75b53a55e8,25,25,Male,Mixed,United States,United States,United States,English,Yes,Other
66968693025e6f66d4bf7aeb,65c35d3be4d06f1ff818e033,APPROVED,Not Applicable,2024-07-16T14:41:27.699000Z,2024-07-16T14:52:44.383000Z,2024-07-18T14:17:46.978000Z,2024-07-16T14:52:45.314869Z,677,75b53a55e8,166,24,Male,White,United States,United States,United States,English,Yes,DATA_EXPIRED
66968698feae26a6ad23e183,6108681f9a9d64d888b9addb,APPROVED,Not Applicable,2024-07-16T14:41:33.167000Z,2024-07-16T14:53:12.616000Z,2024-07-18T14:17:47.258000Z,2024-07-16T14:53:15.210551Z,700,75b53a55e8,906,22,Female,Other,United States,United States,United States,English,Yes,Full-Time
669686a67525165f27eecf5f,65c10cd4e07aa75b58ca7900,RETURNED,Not Applicable,2024-07-16T14:42:53.860000Z,,,2024-07-21T21:33:06.035737Z,,,235,CONSENT_REVOKED,CONSENT_REVOKED,CONSENT_REVOKED,CONSENT_REVOKED,CONSENT_REVOKED,CONSENT_REVOKED,CONSENT_REVOKED,CONSENT_REVOKED,CONSENT_REVOKED
669686a92a01f366826af4e4,5f156cb0eeada7017f41073e,APPROVED,Not Applicable,2024-07-16T14:41:52.054000Z,2024-07-16T15:01:06.324000Z,2024-07-18T14:17:47.520000Z,2024-07-16T15:01:07.043461Z,1155,75b53a55e8,267,52,Female,White,United States,United States,United States,English,No,DATA_EXPIRED
669686aa400bb0cd3821ec48,668fd2e62fe9f4cf9ead6820,TIMED-OUT,Not Applicable,2024-07-16T14:41:51.559000Z,,,2024-07-21T21:33:06.069797Z,456675,,10,31,Male,White,United States,United States,United States,English,No,Full-Time
669686b08e752d912d367f4e,66967fcc17413113fbcf8aa7,APPROVED,Not Applicable,2024-07-16T14:41:58.613000Z,2024-07-16T14:54:49.876000Z,2024-07-18T14:17:47.771000Z,2024-07-16T14:54:50.721613Z,772,75b53a55e8,0,43,Male,White,United States,United States,United States,English,DATA_EXPIRED,DATA_EXPIRED
669686b4dac26cb6923f0acb,610976ed65d7d7530430394d,APPROVED,Not Applicable,2024-07-16T14:42:44.270000Z,2024-07-16T14:54:55.901000Z,2024-07-18T14:17:48.036000Z,2024-07-16T14:54:56.776606Z,732,75b53a55e8,2348,35,Female,White,United States,United States,United States,English,DATA_EXPIRED,DATA_EXPIRED
669686b6c06ea3bf54de6e9e,5c59ddfe7e554c00012580af,APPROVED,Not Applicable,2024-07-16T14:42:06.817000Z,2024-07-16T15:13:43.666000Z,2024-07-18T14:17:48.310000Z,2024-07-16T15:13:44.255912Z,1897,75b53a55e8,60,38,Male,White,United States,United States,United States,English,DATA_EXPIRED,DATA_EXPIRED
669686bab36a0c3d8476af72,6686d0234964de1e5f021048,TIMED-OUT,Not Applicable,2024-07-16T14:42:08.248000Z,,,2024-07-21T21:33:06.089344Z,456658,,22,24,Male,Black,United States,United States,United States,English,No,Full-Time
669686bc0b35bf1281c55efa,65b06701acd7ad22580bdae7,APPROVED,Not Applicable,2024-07-16T14:42:13.401000Z,2024-07-16T14:54:32.605000Z,2024-07-18T14:17:48.565000Z,2024-07-16T14:54:33.142568Z,740,75b53a55e8,43,24,Female,White,United States,United States,United States,English,No,Full-Time
669686c4e691665ef49ba233,5c26ff27bbcebf0001cc8eeb,RETURNED,Not Applicable,2024-07-16T14:42:18.801000Z,,,2024-07-21T21:33:06.148720Z,,,3470,CONSENT_REVOKED,CONSENT_REVOKED,CONSENT_REVOKED,CONSENT_REVOKED,CONSENT_REVOKED,CONSENT_REVOKED,CONSENT_REVOKED,CONSENT_REVOKED,CONSENT_REVOKED
669686c862c1f8fe4fa4807c,665c58c3f948d3e83dff8c8a,REJECTED,Not Applicable,2024-07-16T14:42:21.328000Z,2024-07-16T14:44:22.001000Z,2024-08-01T18:10:34.815000Z,2024-09-06T15:40:43.740671Z,121,NOCODE,67,CONSENT_REVOKED,CONSENT_REVOKED,CONSENT_REVOKED,CONSENT_REVOKED,CONSENT_REVOKED,CONSENT_REVOKED,CONSENT_REVOKED,CONSENT_REVOKED,CONSENT_REVOKED
669686cd8d85e4306a723634,66534960096ee7bd64aa339c,RETURNED,Not Applicable,2024-07-16T14:42:26.526000Z,,,2024-07-21T21:33:06.136210Z,,,36,CONSENT_REVOKED,CONSENT_REVOKED,CONSENT_REVOKED,CONSENT_REVOKED,CONSENT_REVOKED,CONSENT_REVOKED,CONSENT_REVOKED,CONSENT_REVOKED,CONSENT_REVOKED
669686d36e27049787a39317,668e92ec3c2cc8ee785ea618,APPROVED,Not Applicable,2024-07-16T14:42:35.961000Z,2024-07-16T15:05:24.455000Z,2024-07-18T14:17:48.865000Z,2024-07-16T15:05:46.159691Z,1369,75b53a55e8,27,47,Male,Black,Nigeria,United States,United States,English,DATA_EXPIRED,DATA_EXPIRED
669686d5a055ce6ef77c58d7,6112e8cb6a60ae866f92a12a,APPROVED,Not Applicable,2024-07-16T14:42:33.416000Z,2024-07-16T14:52:42.691000Z,2024-07-18T14:17:49.166000Z,2024-07-16T14:52:43.408416Z,610,75b53a55e8,424,21,Male,Asian,United States,United States,United States,English,Yes,DATA_EXPIRED
669686e32df383e1123a4d83,668ea15194224ae4a8a3a5f8,RETURNED,Not Applicable,2024-07-16T14:42:48.262000Z,,,2024-07-21T21:33:06.158881Z,,,51,CONSENT_REVOKED,CONSENT_REVOKED,CONSENT_REVOKED,CONSENT_REVOKED,CONSENT_REVOKED,CONSENT_REVOKED,CONSENT_REVOKED,CONSENT_REVOKED,CONSENT_REVOKED
669686e6209826478930ce70,61720637efa93f56c3c3b92b,RETURNED,Not Applicable,2024-07-16T14:53:00.064000Z,,,2024-07-21T21:33:06.182958Z,,,821,CONSENT_REVOKED,CONSENT_REVOKED,CONSENT_REVOKED,CONSENT_REVOKED,CONSENT_REVOKED,CONSENT_REVOKED,CONSENT_REVOKED,CONSENT_REVOKED,CONSENT_REVOKED
669686eccf35152fecf8d81f,66926bdaacd865fc152ef5ff,APPROVED,Not Applicable,2024-07-16T14:42:56Z,2024-07-16T14:56:26.783000Z,2024-07-18T14:17:49.462000Z,2024-07-16T14:56:27.366829Z,811,75b53a55e8,13,50,Female,White,United States,United States,United States,English,No,Full-Time
669686f629c2228c06917e14,65ca7cc3f0080c56c143bf27,APPROVED,Not Applicable,2024-07-16T14:43:28.265000Z,2024-07-16T14:57:53.923000Z,2024-07-18T14:17:49.763000Z,2024-07-16T14:57:54.585982Z,866,75b53a55e8,323,36,Female,Black,United States,United States,United States,English,No,Full-Time
669686f84a6fca187be6a7df,6684aca8413037e0890e98a7,APPROVED,Not Applicable,2024-07-16T14:43:07.989000Z,2024-07-16T14:56:35.482000Z,2024-07-18T14:17:50.060000Z,2024-07-16T14:56:36.068067Z,808,75b53a55e8,69,30,Male,Other,United States,United States,United States,English,No,DATA_EXPIRED
669686fbacd66ea04c2cd9e6,66843aefb79dccb06ebfdeb1,REJECTED,Not Applicable,2024-07-16T14:43:13.821000Z,2024-07-16T14:44:37.295000Z,2024-07-17T15:19:38.888000Z,2024-07-21T21:33:06.175338Z,84,469B6979,12,CONSENT_REVOKED,CONSENT_REVOKED,CONSENT_REVOKED,CONSENT_REVOKED,CONSENT_REVOKED,CONSENT_REVOKED,CONSENT_REVOKED,CONSENT_REVOKED,CONSENT_REVOKED
669686fc79e5966418b79ae8,6640bed208a0580f672a5514,APPROVED,Not Applicable,2024-07-16T14:44:16.993000Z,2024-07-16T15:13:12.404000Z,2024-07-18T14:17:50.344000Z,2024-07-16T15:13:12.832276Z,1736,75b53a55e8,63,28,Female,Black,United States,United States,United States,English,Yes,Full-Time
66968705f2b33dcbba591378,5babccde7fd2120001e5e1d0,APPROVED,Not Applicable,2024-07-16T14:43:29.072000Z,2024-07-16T15:02:09.755000Z,2024-07-18T14:17:50.614000Z,2024-07-16T15:02:10.676355Z,1121,75b53a55e8,200,26,Male,White,United States,United States,United States,English,No,Part-Time
6696871e39bd61a970eecec0,652327ef464644857fe28d20,APPROVED,Not Applicable,2024-07-16T14:43:46.785000Z,2024-07-16T14:58:49.148000Z,2024-07-18T14:17:50.939000Z,2024-07-16T14:58:50.408696Z,903,75b53a55e8,1083,55,Female,White,United States,United States,United States,English,No,Full-Time
6696871e3d57352882ab16c5,5dcc9ee9b4cc7892cce47c45,APPROVED,Not Applicable,2024-07-16T14:45:09.151000Z,2024-07-16T15:07:11.188000Z,2024-07-18T14:17:51.200000Z,2024-07-16T15:07:12.030765Z,1323,75b53a55e8,535,22,Male,White,United States,United States,United States,English,DATA_EXPIRED,Full-Time
66968724531e27b7d4b085d7,60109ec41bb0de422378c301,APPROVED,Not Applicable,2024-07-16T14:46:29.941000Z,2024-07-16T15:18:09.623000Z,2024-07-18T14:17:51.455000Z,2024-07-16T15:19:49.663640Z,1900,75b53a55e8,1181,49,Male,Black,United States,United States,United States,English,No,Full-Time
66968726a2c48f21caf8d611,6622db798fabca0dbc0f12a4,APPROVED,Not Applicable,2024-07-16T14:43:57.444000Z,2024-07-16T15:09:14.068000Z,2024-07-18T14:17:51.719000Z,2024-07-16T15:09:14.929670Z,1517,75b53a55e8,116,45,Male,White,United States,United States,United States,English,No,Full-Time
6696872cc8fe78dea9dfc6c2,5a81fbb22a842c0001fc9cde,APPROVED,Not Applicable,2024-07-16T14:44:05.606000Z,2024-07-16T15:01:59.426000Z,2024-07-18T14:17:52.038000Z,2024-07-16T15:02:00.091446Z,1074,75b53a55e8,1069,56,Male,Black,United States,United States,United States,English,No,Part-Time
66968736aa1164a898e39eaa,65609260cdf7ff43bc121cc9,APPROVED,Not Applicable,2024-07-16T14:44:13.164000Z,2024-07-16T15:16:36.834000Z,2024-07-18T14:17:52.299000Z,2024-07-16T15:19:24.315400Z,1944,75b53a55e8,69,25,Male,White,United States,United States,United States,English,DATA_EXPIRED,Unemployed (and job seeking)
6696873ba4dc5737604a0173,66365729fc992b3ad77ecd65,APPROVED,Not Applicable,2024-07-16T14:44:16.632000Z,2024-07-16T14:56:27.984000Z,2024-07-18T14:17:52.545000Z,2024-07-16T14:56:28.559389Z,732,75b53a55e8,1,23,Female,White,United States,United States,United States,English,DATA_EXPIRED,DATA_EXPIRED
6696873ee691665ef49ba24b,6694980a250e449b57c018cc,APPROVED,Not Applicable,2024-07-16T14:44:29.568000Z,2024-07-16T14:59:21.964000Z,2024-07-18T14:17:53.451000Z,2024-07-16T14:59:22.836546Z,893,75b53a55e8,3,36,Female,White,United States,United States,United States,English,No,"Not in paid work (e.g. homemaker', 'retired or disabled)"
6696874067c17d236326b73f,668741fa31fac68797236ac1,RETURNED,Not Applicable,2024-07-16T14:44:20.130000Z,,,2024-07-21T21:33:06.235102Z,,,40,CONSENT_REVOKED,CONSENT_REVOKED,CONSENT_REVOKED,CONSENT_REVOKED,CONSENT_REVOKED,CONSENT_REVOKED,CONSENT_REVOKED,CONSENT_REVOKED,CONSENT_REVOKED
6696874709afef992b9801f4,652ff040cfbead1c3e31614f,RETURNED,Not Applicable,2024-07-16T14:44:29.208000Z,,,2024-07-21T21:33:06.255960Z,,,318,CONSENT_REVOKED,CONSENT_REVOKED,CONSENT_REVOKED,CONSENT_REVOKED,CONSENT_REVOKED,CONSENT_REVOKED,CONSENT_REVOKED,CONSENT_REVOKED,CONSENT_REVOKED
6696874e4a7865b618382a90,62e1eabe8e87096a831bda48,APPROVED,Not Applicable,2024-07-16T14:44:34.428000Z,2024-07-16T15:12:50.071000Z,2024-07-18T14:17:53.699000Z,2024-07-16T15:12:51.020244Z,1696,75b53a55e8,183,26,Male,White,United States,United States,United States,English,DATA_EXPIRED,DATA_EXPIRED
66968752c0223af02c0e8c46,669530e705d4259acae0417a,APPROVED,Not Applicable,2024-07-16T14:44:42.496000Z,2024-07-16T15:13:18.047000Z,2024-07-18T14:17:54.033000Z,2024-07-16T15:13:18.694410Z,1716,75b53a55e8,3,50,Female,Other,United States,United States,United States,English,DATA_EXPIRED,DATA_EXPIRED
66968753d17a56eab62db70f,63f82e311d2a2c2002be81f4,RETURNED,Not Applicable,2024-07-16T14:46:23.941000Z,,,2024-07-21T21:33:06.262607Z,,,618,CONSENT_REVOKED,CONSENT_REVOKED,CONSENT_REVOKED,CONSENT_REVOKED,CONSENT_REVOKED,CONSENT_REVOKED,CONSENT_REVOKED,CONSENT_REVOKED,CONSENT_REVOKED
6696875a9f805323f46cde72,5dc368ce880a2927e264dbec,RETURNED,Not Applicable,2024-07-16T14:44:52.466000Z,,,2024-07-21T21:33:06.379717Z,,,485,CONSENT_REVOKED,CONSENT_REVOKED,CONSENT_REVOKED,CONSENT_REVOKED,CONSENT_REVOKED,CONSENT_REVOKED,CONSENT_REVOKED,CONSENT_REVOKED,CONSENT_REVOKED
6696875e280f0c949fba481f,632be0bcdec1f14421c64dc2,RETURNED,Not Applicable,2024-07-16T14:45:15.182000Z,,,2024-07-21T21:33:06.308777Z,,,1745,CONSENT_REVOKED,CONSENT_REVOKED,CONSENT_REVOKED,CONSENT_REVOKED,CONSENT_REVOKED,CONSENT_REVOKED,CONSENT_REVOKED,CONSENT_REVOKED,CONSENT_REVOKED
6696875f29c2228c06917e28,5b76ce43bfc4cb0001f2c4c3,APPROVED,Not Applicable,2024-07-16T14:44:55.426000Z,2024-07-16T15:00:02.053000Z,2024-07-18T14:17:54.354000Z,2024-07-16T15:00:02.825327Z,907,75b53a55e8,2830,50,Female,White,United States,United States,United States,English,No,Full-Time
66968766ccd4dbac21ab15c7,6638eddfb94067b206c24cdb,APPROVED,Not Applicable,2024-07-16T14:46:07.343000Z,2024-07-16T15:23:22.620000Z,2024-07-18T14:17:54.627000Z,2024-07-16T15:23:23.176073Z,2236,75b53a55e8,7,61,Male,White,United States,United States,United States,English,No,Other
66968768030f2f0645363afe,66365b6fcbebda294bb5a466,APPROVED,Not Applicable,2024-07-16T14:45:01.203000Z,2024-07-16T14:57:29.422000Z,2024-07-18T14:17:54.898000Z,2024-07-16T14:57:30.050344Z,749,75b53a55e8,143,26,Female,White,United States,United States,United States,English,No,Part-Time
6696876ba055ce6ef77c595a,589a46af57995d0001a8a03a,APPROVED,Not Applicable,2024-07-16T14:45:03.726000Z,2024-07-16T14:57:16.289000Z,2024-07-18T14:17:55.141000Z,2024-07-16T14:57:17.240384Z,733,75b53a55e8.,4859,44,Female,White,United States,United States,United States,English,DATA_EXPIRED,DATA_EXPIRED
6696877a9f805323f46cde7a,63d3f9666978779139a949bb,APPROVED,Not Applicable,2024-07-16T14:45:19.154000Z,2024-07-16T14:55:53.562000Z,2024-07-18T14:17:55.448000Z,2024-07-16T14:55:54.268375Z,635,75b53a55e8,2336,32,Male,White,United States,United States,United States,English,No,Full-Time
66968785030f2f0645363b0a,6294c0bb0a0b5da9389f7960,RETURNED,Not Applicable,2024-07-16T14:45:50.653000Z,,,2024-07-21T21:33:06.335870Z,,,161,CONSENT_REVOKED,CONSENT_REVOKED,CONSENT_REVOKED,CONSENT_REVOKED,CONSENT_REVOKED,CONSENT_REVOKED,CONSENT_REVOKED,CONSENT_REVOKED,CONSENT_REVOKED
6696878b63c4c4c7ff3400fd,63f3727c6e41f63c9b2a6f1f,APPROVED,Not Applicable,2024-07-16T14:47:46.482000Z,2024-07-16T15:04:46.013000Z,2024-07-18T14:17:55.792000Z,2024-07-16T15:05:39.491157Z,1020,75b53a55e8,1484,54,Male,White,United States,United States,United States,English,DATA_EXPIRED,DATA_EXPIRED
6696878e1b1a6d8837fffa45,614f6acd2f7cb80d4183081b,APPROVED,Not Applicable,2024-07-16T14:45:43.497000Z,2024-07-16T14:56:14.089000Z,2024-07-18T14:17:56.063000Z,2024-07-16T14:56:14.714871Z,631,75b53a55e8,517,45,Female,White,United States,United States,United States,English,No,"Not in paid work (e.g. homemaker', 'retired or disabled)"
66968799b85e7e5d185ad3e6,6691be2c7890e00520fed3df,RETURNED,Not Applicable,2024-07-16T14:46:19.087000Z,,,2024-07-21T21:33:06.368721Z,,,30,CONSENT_REVOKED,CONSENT_REVOKED,CONSENT_REVOKED,CONSENT_REVOKED,CONSENT_REVOKED,CONSENT_REVOKED,CONSENT_REVOKED,CONSENT_REVOKED,CONSENT_REVOKED
6696879a7f1c91d8c81e3c5d,6691f0208c3cf6bcdaa19afc,APPROVED,Not Applicable,2024-07-16T14:45:49.274000Z,2024-07-16T14:56:17.963000Z,2024-07-18T14:17:56.312000Z,2024-07-16T14:56:18.614321Z,629,75b53a55e8,12,26,Male,White,United States,United States,United States,English,No,Full-Time
6696879dc07837e911104736,5fc6bb4182ff63089f4a26be,APPROVED,Not Applicable,2024-07-16T14:45:59.157000Z,2024-07-16T15:07:45.100000Z,2024-07-18T14:17:56.610000Z,2024-07-16T15:07:45.987269Z,1306,75b53a55e8,1524,39,Male,White,United States,United States,United States,English,DATA_EXPIRED,DATA_EXPIRED
6696879ef5015a4a6d9ba38c,665720b12c35ca2639845514,APPROVED,Not Applicable,2024-07-16T14:46:04.581000Z,2024-07-16T15:11:03.781000Z,2024-07-18T14:17:56.857000Z,2024-07-16T15:11:04.424919Z,1500,75b53a55e8,17,52,Female,White,United States,United States,United States,English,No,Full-Time
669687a0d4ac2df6ef7ff77f,66951fb6dfd524e74bdec643,APPROVED,Not Applicable,2024-07-16T14:45:57.128000Z,2024-07-16T15:05:45.665000Z,2024-07-18T14:17:57.162000Z,2024-07-16T15:05:52.177986Z,1189,75b53a55e8,17,51,Male,White,United States,United States,United States,English,No,Full-Time
669687a68fa06a3970e39f36,66926824dd1ddfa05021810f,APPROVED,Not Applicable,2024-07-16T14:46:04.928000Z,2024-07-16T16:09:37.545000Z,2024-07-18T14:17:57.413000Z,2024-07-16T16:11:13.480884Z,5013,75b53a55e8,32,24,Male,Mixed,Ghana,United States,United States,English,DATA_EXPIRED,Full-Time
669687a6b904ea416eeed521,6111fc926d9948c0daa80250,APPROVED,Not Applicable,2024-07-16T14:46:03.498000Z,2024-07-16T14:58:10.103000Z,2024-07-18T14:17:57.676000Z,2024-07-16T14:58:11.042664Z,727,75b53a55e8,1109,30,Female,White,United States,United States,United States,English,Yes,Full-Time
669687a8185a715f072db7f7,60fd16c6a00b62b2852f0eaf,APPROVED,Not Applicable,2024-07-16T14:46:05.330000Z,2024-07-16T14:58:42.795000Z,2024-07-18T14:17:57.973000Z,2024-07-16T14:58:43.346478Z,758,75b53a55e8,1106,31,Female,White,United States,United States,United States,English,Yes,Part-Time
669687afb904ea416eeed523,66924bc95c72455b31b5c5ac,RETURNED,Not Applicable,2024-07-16T14:46:20.736000Z,,,2024-07-21T21:33:06.456553Z,,,62,CONSENT_REVOKED,CONSENT_REVOKED,CONSENT_REVOKED,CONSENT_REVOKED,CONSENT_REVOKED,CONSENT_REVOKED,CONSENT_REVOKED,CONSENT_REVOKED,CONSENT_REVOKED
669687b87df648325be5bf4c,5e2e5703d82cf44370a246d1,RETURNED,Not Applicable,2024-07-16T14:46:22.182000Z,,,2024-07-21T21:33:06.416940Z,,,644,CONSENT_REVOKED,CONSENT_REVOKED,CONSENT_REVOKED,CONSENT_REVOKED,CONSENT_REVOKED,CONSENT_REVOKED,CONSENT_REVOKED,CONSENT_REVOKED,CONSENT_REVOKED
669687c453e97a8d6ff6db3f,65675bf1cebf57f45586d9a2,APPROVED,Not Applicable,2024-07-16T14:51:52.135000Z,2024-07-16T15:24:35.729000Z,2024-07-18T14:17:58.236000Z,2024-07-16T15:24:36.382791Z,1964,75b53a55e8,437,53,Male,White,United States,United States,United States,English,DATA_EXPIRED,DATA_EXPIRED
669687ce7aaa14bf9ba8082f,5bcd41904f22df00010f5a84,APPROVED,Not Applicable,2024-07-16T14:46:44.017000Z,2024-07-16T15:10:00.374000Z,2024-07-18T14:17:58.499000Z,2024-07-16T15:10:01.917794Z,1397,75b53a55e8,1120,46,Female,Black,United States,United States,United States,English,No,Full-Time
669687d057df9ffdf926b76c,646a2395c7c21c5772c607ab,APPROVED,Not Applicable,2024-07-16T14:52:19.389000Z,2024-07-16T15:20:54.155000Z,2024-07-18T14:17:58.747000Z,2024-07-16T15:20:54.879370Z,1715,75b53a55e8,959,42,Male,White,United States,United States,United States,English,DATA_EXPIRED,DATA_EXPIRED
669687d245b4409713ac7cb0,60ff145f0dde69cb92e7c6e5,APPROVED,Not Applicable,2024-07-16T14:46:50.680000Z,2024-07-16T15:06:18.428000Z,2024-07-18T14:17:59.013000Z,2024-07-16T15:06:19.066828Z,1168,75b53a55e8,1122,25,Female,Mixed,United States,United States,United States,English,No,DATA_EXPIRED
669687d83db98d98db409019,65f4e1f8008a169d7ecde720,RETURNED,Not Applicable,2024-07-16T14:47:10.928000Z,,,2024-07-21T21:33:06.462472Z,,,157,CONSENT_REVOKED,CONSENT_REVOKED,CONSENT_REVOKED,CONSENT_REVOKED,CONSENT_REVOKED,CONSENT_REVOKED,CONSENT_REVOKED,CONSENT_REVOKED,CONSENT_REVOKED
669687dc6e27049787a39353,66910549ebcd0301fec22ad9,APPROVED,Not Applicable,2024-07-16T14:47:11.859000Z,2024-07-16T15:28:35.804000Z,2024-07-18T14:17:59.301000Z,2024-07-16T15:28:37.537761Z,2484,75b53a55e8,1,25,Female,Black,United States,United States,United States,English,Yes,Full-Time
669687df9f183d88986cde46,60e5e4a8f7dedf082efd5af9,RETURNED,Not Applicable,2024-07-16T14:47:01.871000Z,,,2024-07-21T21:33:06.467900Z,,,706,CONSENT_REVOKED,CONSENT_REVOKED,CONSENT_REVOKED,CONSENT_REVOKED,CONSENT_REVOKED,CONSENT_REVOKED,CONSENT_REVOKED,CONSENT_REVOKED,CONSENT_REVOKED
669687e30d058c831e38293d,5424b0a6fdf99b691e6ac9c2,APPROVED,Not Applicable,2024-07-16T14:47:08.743000Z,2024-07-16T14:57:47.786000Z,2024-07-18T14:17:59.598000Z,2024-07-16T14:57:48.433088Z,640,75b53a55e8,579,33,Male,White,United States,United States,United States,English,DATA_EXPIRED,DATA_EXPIRED
669687e678c33927692a8580,667893b3adf7eb9ad774d54a,RETURNED,Not Applicable,2024-07-16T14:47:11.625000Z,,,2024-07-21T21:33:06.484090Z,,,18,CONSENT_REVOKED,CONSENT_REVOKED,CONSENT_REVOKED,CONSENT_REVOKED,CONSENT_REVOKED,CONSENT_REVOKED,CONSENT_REVOKED,CONSENT_REVOKED,CONSENT_REVOKED
669687fa1428a66b61c0a74b,66914fcb2c63981b064e11b1,APPROVED,Not Applicable,2024-07-16T14:47:27.735000Z,2024-07-16T15:00:15.224000Z,2024-07-18T14:17:59.876000Z,2024-07-16T15:00:15.883081Z,768,75b53a55e8,24,19,Female,White,United States,United States,United States,English,Yes,Part-Time
6696880a025e6f66d4bf7b50,667f1bc757a7c4c011c9ce69,APPROVED,Not Applicable,2024-07-16T14:47:43.686000Z,2024-07-16T14:58:13.870000Z,2024-07-18T14:18:00.243000Z,2024-07-16T14:58:14.619896Z,631,75b53a55e8,41,23,Female,Other,Argentina,United States,United States,Spanish,Yes,DATA_EXPIRED
6696880fe024914ec0321ffd,66901970cca0cda709292aa4,APPROVED,Not Applicable,2024-07-16T14:47:47.413000Z,2024-07-16T14:59:44.900000Z,2024-07-18T14:18:00.553000Z,2024-07-16T14:59:45.557026Z,718,75b53a55e8,22,29,Male,Mixed,United States,United States,United States,English,DATA_EXPIRED,DATA_EXPIRED
6696881f764238256fe86b41,55d35447da14d7000e95318f,APPROVED,Not Applicable,2024-07-16T14:48:03.308000Z,2024-07-16T14:56:56.176000Z,2024-07-18T14:18:00.841000Z,2024-07-16T14:56:56.967092Z,533,75b53a55e8,3508,36,Male,White,United States,United States,United States,English,No,Full-Time
6696882f91978e1ce4ea4a09,66929dd289c0d9d85c057c75,APPROVED,Not Applicable,2024-07-16T14:48:21.236000Z,2024-07-16T15:02:18.575000Z,2024-07-18T14:18:01.154000Z,2024-07-16T15:02:19.082462Z,838,75b53a55e8,32,42,Male,White,United States,United States,United States,English,No,Full-Time
669688318d7ffeccb4a48079,6282486284f992485dcdf4ea,APPROVED,Not Applicable,2024-07-16T14:48:46.529000Z,2024-07-16T15:01:45.322000Z,2024-07-18T14:18:01.669000Z,2024-07-16T15:01:46.019332Z,779,75b53a55e8,1996,29,Female,White,United States,United States,United States,English,No,DATA_EXPIRED
669688331acbd6bafe29bcc6,627c22b60fedf5955fc937dc,APPROVED,Not Applicable,2024-07-16T14:48:27.360000Z,2024-07-16T15:00:53.586000Z,2024-07-18T14:18:02.021000Z,2024-07-16T15:00:54.689187Z,747,75b53a55e8,40,29,Female,White,United States,United States,United States,English,Yes,Other
6696883857df9ffdf926b784,6034badeb512f97ce3682dc7,APPROVED,Not Applicable,2024-07-16T14:56:36.636000Z,2024-07-16T15:14:49.144000Z,2024-07-18T14:18:02.336000Z,2024-07-16T15:14:50.238836Z,1093,75b53a55e8,4573,48,Male,White,United States,United States,United States,English,No,Other
6696883c996b5a9392a3937c,5fd1010738899d00096e8802,APPROVED,Not Applicable,2024-07-16T14:48:32.357000Z,2024-07-16T14:57:53Z,2024-07-18T14:18:02.624000Z,2024-07-16T14:57:53.586752Z,561,75b53a55e8,1197,26,Male,White,United States,United States,United States,English,No,Full-Time
66968840d3635785479801fe,666d86268a386185e18dad9a,RETURNED,Not Applicable,2024-07-16T14:48:50.426000Z,,,2024-07-21T21:33:06.497760Z,,,47,CONSENT_REVOKED,CONSENT_REVOKED,CONSENT_REVOKED,CONSENT_REVOKED,CONSENT_REVOKED,CONSENT_REVOKED,CONSENT_REVOKED,CONSENT_REVOKED,CONSENT_REVOKED
669688414f6c183d388aa3b1,558af269fdf99b7dfef4d7bd,RETURNED,Not Applicable,2024-07-16T14:48:41.113000Z,,,2024-07-21T21:33:06.503210Z,,,3945,CONSENT_REVOKED,CONSENT_REVOKED,CONSENT_REVOKED,CONSENT_REVOKED,CONSENT_REVOKED,CONSENT_REVOKED,CONSENT_REVOKED,CONSENT_REVOKED,CONSENT_REVOKED
6696884d01fa0d1f795eefeb,627bece13ca9c5a9511a7cf0,RETURNED,Not Applicable,2024-07-16T14:48:54.213000Z,,,2024-07-21T21:33:06.571875Z,,,510,CONSENT_REVOKED,CONSENT_REVOKED,CONSENT_REVOKED,CONSENT_REVOKED,CONSENT_REVOKED,CONSENT_REVOKED,CONSENT_REVOKED,CONSENT_REVOKED,CONSENT_REVOKED
6696885163c4c4c7ff340132,6693f77cfe7d710187a5fae9,APPROVED,Not Applicable,2024-07-16T14:48:54.922000Z,2024-07-16T15:32:08.680000Z,2024-07-18T14:18:02.908000Z,2024-07-16T15:33:38.850220Z,2594,75b53a55e8,2,34,Male,White,United States,United States,United States,English,No,Full-Time
6696885eb199b0419cf83b1a,63fb7bd7941b345c37a9c54e,APPROVED,Not Applicable,2024-07-16T14:49:10.871000Z,2024-07-16T15:15:17.666000Z,2024-07-18T14:18:03.215000Z,2024-07-16T15:15:18.257523Z,1567,75b53a55e8,1431,54,Male,White,United States,United States,United States,English,DATA_EXPIRED,DATA_EXPIRED
6696885faa1164a898e39eed,5c106b980f92ef0001d8da15,APPROVED,Not Applicable,2024-07-16T14:49:07.204000Z,2024-07-16T15:01:48.222000Z,2024-07-18T14:18:03.492000Z,2024-07-16T15:01:49.007377Z,762,75b53a55e8,598,27,Female,White,United States,United States,United States,English,No,Full-Time
6696886103d51745f952ae48,55a2fa33fdf99b073cd94947,APPROVED,Not Applicable,2024-07-16T14:49:47.529000Z,2024-07-16T15:07:31.129000Z,2024-07-18T14:18:03.732000Z,2024-07-16T15:07:31.793737Z,1064,75b53a55e8,1332,44,Female,DATA_EXPIRED,United States,United States,United States,English,DATA_EXPIRED,DATA_EXPIRED
6696886674de5842ace1fa5c,660443c5c86206f906f8762e,APPROVED,Not Applicable,2024-07-16T14:49:47.481000Z,2024-07-16T15:29:18.208000Z,2024-07-18T14:18:04.011000Z,2024-07-16T15:29:26.559411Z,2371,75b53a55e8,249,36,Male,White,United States,United States,United States,English,No,Part-Time
66968867ef546ace383f0aa9,5dc8d8b90a0b38630af7a0ba,RETURNED,Not Applicable,2024-07-16T14:49:32.341000Z,,,2024-07-21T21:33:06.534333Z,,,1034,CONSENT_REVOKED,CONSENT_REVOKED,CONSENT_REVOKED,CONSENT_REVOKED,CONSENT_REVOKED,CONSENT_REVOKED,CONSENT_REVOKED,CONSENT_REVOKED,CONSENT_REVOKED
669688693d57352882ab170d,63d40e3588ba6ef2a3ce7c37,APPROVED,Not Applicable,2024-07-16T14:49:17.043000Z,2024-07-16T15:01:40.425000Z,2024-07-18T14:18:04.281000Z,2024-07-16T15:01:41.247250Z,744,75b53a55e8,817,43,Male,Mixed,United States,United States,United States,English,No,Full-Time
6696886c7a3ba8e4e38aa3de,5f2d53adba96c505ddce8cca,APPROVED,Not Applicable,2024-07-16T14:49:30.784000Z,2024-07-16T15:04:39.865000Z,2024-07-18T14:18:04.532000Z,2024-07-16T15:05:38.907460Z,910,75b53a55e8,873,30,Male,White,United States,United States,United States,English,Yes,Full-Time
6696886c9c68b5e098a2c56e,5ee8e913ae8cb422d7f355a8,APPROVED,Not Applicable,2024-07-16T14:49:19.895000Z,2024-07-16T14:59:53.967000Z,2024-07-18T14:18:04.776000Z,2024-07-16T14:59:54.777828Z,635,75b53a55e8,99,29,Female,White,United States,United States,United States,English,No,Full-Time
66968878cbff5c62b8bf7b4d,6092d5658ee7fc8a820a8994,APPROVED,Not Applicable,2024-07-16T14:49:39.226000Z,2024-07-16T15:11:55.437000Z,2024-07-18T14:18:05.061000Z,2024-07-16T15:11:56.009562Z,1337,75b53a55e8,111,33,Male,Black,United States,United States,United States,English,No,Part-Time
66968880998eb1f459f83ac9,5a639a04c0d836000107b977,APPROVED,Not Applicable,2024-07-16T14:49:45.412000Z,2024-07-16T15:21:25.156000Z,2024-07-18T14:18:05.464000Z,2024-07-16T15:21:25.694350Z,1900,75b53a55e8,1328,41,Female,Black,United States,United States,United States,English,No,Full-Time
6696888291978e1ce4ea4a20,65d97576ae49aca815835d0e,RETURNED,Not Applicable,2024-07-16T14:50:09.409000Z,,,2024-07-21T21:33:06.558813Z,,,49,CONSENT_REVOKED,CONSENT_REVOKED,CONSENT_REVOKED,CONSENT_REVOKED,CONSENT_REVOKED,CONSENT_REVOKED,CONSENT_REVOKED,CONSENT_REVOKED,CONSENT_REVOKED
6696888717a96d6d0ec8abb3,664dec35add216697d5f552c,APPROVED,Not Applicable,2024-07-16T14:49:46.926000Z,2024-07-16T15:06:48.359000Z,2024-07-18T14:18:05.758000Z,2024-07-16T15:06:49.034708Z,1022,75b53a55e8,125,28,Female,Asian,China,United States,United States,English,No,Full-Time
6696888a18f1ac28f7d790b6,55cf5cc434e9060005e56c39,APPROVED,Not Applicable,2024-07-16T14:50:17.624000Z,2024-07-16T15:24:57.706000Z,2024-07-18T14:18:06.017000Z,2024-07-16T15:24:58.387715Z,2081,75b53a55e8,2376,63,Female,White,United States,United States,United States,English,DATA_EXPIRED,DATA_EXPIRED
669688906be1b942ae883501,610786681f59e722c0a8b371,RETURNED,Not Applicable,2024-07-16T14:49:59.297000Z,,,2024-07-21T21:33:06.620952Z,,,1439,CONSENT_REVOKED,CONSENT_REVOKED,CONSENT_REVOKED,CONSENT_REVOKED,CONSENT_REVOKED,CONSENT_REVOKED,CONSENT_REVOKED,CONSENT_REVOKED,CONSENT_REVOKED
6696889eedb5eed5bee85794,668eeab24bd7447a7208168d,RETURNED,Not Applicable,2024-07-16T14:50:17.527000Z,,,2024-07-21T21:33:06.619532Z,,,57,CONSENT_REVOKED,CONSENT_REVOKED,CONSENT_REVOKED,CONSENT_REVOKED,CONSENT_REVOKED,CONSENT_REVOKED,CONSENT_REVOKED,CONSENT_REVOKED,CONSENT_REVOKED
6696889f8d85e4306a72369d,5f630b5d20879739dd9d82ba,RETURNED,Not Applicable,2024-07-16T14:50:11.122000Z,,,2024-07-21T21:33:06.655710Z,,,779,CONSENT_REVOKED,CONSENT_REVOKED,CONSENT_REVOKED,CONSENT_REVOKED,CONSENT_REVOKED,CONSENT_REVOKED,CONSENT_REVOKED,CONSENT_REVOKED,CONSENT_REVOKED
669688a619e3feac41cbb470,63b82398bbe6a599972413ad,APPROVED,Not Applicable,2024-07-16T14:50:20.278000Z,2024-07-16T15:01:28.866000Z,2024-07-18T14:18:06.300000Z,2024-07-16T15:01:29.715020Z,669,75b53a55e8,1273,46,Female,White,United States,United States,United States,English,No,Full-Time
669688b3c78f58a18a52aedc,668c3efacb7c89ec72504e88,APPROVED,Not Applicable,2024-07-16T14:50:35.540000Z,2024-07-16T15:15:43.776000Z,2024-07-18T14:18:06.556000Z,2024-07-16T15:15:44.291205Z,1509,75b53a55e8,55,36,Male,White,United States,United States,United States,English,No,Unemployed (and job seeking)
669688b40e2b9ed6579855f1,5a6cfad8ab58b500015f56ef,RETURNED,Not Applicable,2024-07-16T14:51:12.953000Z,,,2024-07-21T21:33:06.655194Z,,,2393,CONSENT_REVOKED,CONSENT_REVOKED,CONSENT_REVOKED,CONSENT_REVOKED,CONSENT_REVOKED,CONSENT_REVOKED,CONSENT_REVOKED,CONSENT_REVOKED,CONSENT_REVOKED
669688b5f2b33dcbba5913ea,60f59dfcc7f2c3ebb0307926,APPROVED,Not Applicable,2024-07-16T14:50:32.329000Z,2024-07-16T15:01:33.698000Z,2024-07-18T14:18:06.855000Z,2024-07-16T15:01:35.458567Z,662,75b53a55e8,1855,24,Male,Asian,United States,United States,United States,Gujarati,Yes,Other
669688bcce9e764f524901b7,5d38c604b3126d0001fbed6e,APPROVED,Not Applicable,2024-07-16T14:51:10.043000Z,2024-07-16T15:04:31.376000Z,2024-07-18T14:18:07.132000Z,2024-07-16T15:05:37.403853Z,802,75b53a55e8,1353,33,Female,White,United States,United States,United States,English,No,Full-Time
669688ca4d91e3f4df29e8a4,5e9809d80c268a000ae24a39,APPROVED,Not Applicable,2024-07-16T14:50:57.760000Z,2024-07-16T15:03:09.945000Z,2024-07-18T14:18:07.390000Z,2024-07-16T15:05:24.476103Z,733,75b53a55e8,352,21,Male,Asian,United States,United States,United States,English,Yes,Other
669688cde2254fc1f730ced8,668cf4c58580d899759a287d,RETURNED,Not Applicable,2024-07-16T14:51:00.874000Z,,,2024-07-21T21:33:06.686228Z,,,43,CONSENT_REVOKED,CONSENT_REVOKED,CONSENT_REVOKED,CONSENT_REVOKED,CONSENT_REVOKED,CONSENT_REVOKED,CONSENT_REVOKED,CONSENT_REVOKED,CONSENT_REVOKED
669688d22df383e1123a4def,668ab76a440be53a07aaa80a,APPROVED,Not Applicable,2024-07-16T14:51:07.400000Z,2024-07-16T15:07:55.759000Z,2024-07-18T14:18:07.642000Z,2024-07-16T15:07:56.370993Z,1009,75b53a55e8,39,41,Male,White,United States,United States,United States,English,No,Full-Time
669688d7b199b0419cf83b35,6543efbcebd16f055d561c5c,APPROVED,Not Applicable,2024-07-16T14:51:07.089000Z,2024-07-16T15:02:08.647000Z,2024-07-18T14:18:07.894000Z,2024-07-16T15:02:09.470269Z,662,75b53a55e8,362,56,Female,Mixed,United States,United States,United States,English,No,Full-Time
669688d844f4113bb57c5906,664667f6a0697e6fa5a5447a,APPROVED,Not Applicable,2024-07-16T14:52:08.243000Z,2024-07-16T15:04:27.637000Z,2024-07-18T14:18:08.195000Z,2024-07-16T15:05:36.741688Z,740,75b53a55e8,23,30,Male,Other,United States,United States,United States,English,Yes,Full-Time
669688e2de8403f066b2d5eb,65c0426ec8e91b3051f3a0b4,APPROVED,Not Applicable,2024-07-16T14:51:17.486000Z,2024-07-16T15:05:36.151000Z,2024-07-18T14:18:08.490000Z,2024-07-16T15:05:51.002455Z,859,75b53a55e8,723,39,Female,White,United States,United States,United States,English,No,"Not in paid work (e.g. homemaker', 'retired or disabled)"
669688f978c33927692a85ce,55aa9c8dfdf99b634b427b9a,APPROVED,Not Applicable,2024-07-16T14:51:43.399000Z,2024-07-16T14:59:26.643000Z,2024-07-18T14:18:08.786000Z,2024-07-16T14:59:27.332903Z,464,75b53a55e8,262,40,Female,White,United States,United States,United States,English,No,Full-Time
669688fb3682dbfe5373be9e,5d9a9edff65bb8001bcc6a10,APPROVED,Not Applicable,2024-07-16T14:51:44.050000Z,2024-07-16T15:00:25.931000Z,2024-07-18T14:18:09.098000Z,2024-07-16T15:00:27.247439Z,522,75b53a55e8,247,38,Male,White,United States,United States,United States,English,No,Due to start a new job within the next month
6696890a194b5a663b736b7c,659576d5921dbedb006a162b,APPROVED,Not Applicable,2024-07-16T14:52:01.010000Z,2024-07-16T15:02:02.420000Z,2024-07-18T14:18:09.374000Z,2024-07-16T15:02:03.498655Z,602,75b53a55e8,115,32,Female,Asian,United States,United States,United States,English,DATA_EXPIRED,Part-Time
6696890e3adf8e0925736adc,6645ed3edd1e2b9dfae36658,REJECTED,Not Applicable,2024-07-16T14:52:07.353000Z,2024-07-16T14:53:10.508000Z,2024-08-01T18:10:49.012000Z,2024-09-06T15:40:43.825713Z,64,NOCODE,61,CONSENT_REVOKED,CONSENT_REVOKED,CONSENT_REVOKED,CONSENT_REVOKED,CONSENT_REVOKED,CONSENT_REVOKED,CONSENT_REVOKED,CONSENT_REVOKED,CONSENT_REVOKED
6696891416a6a5c6b2b2fb61,63af261dec997288033ee868,APPROVED,Not Applicable,2024-07-16T14:52:09.092000Z,2024-07-16T15:02:34.574000Z,2024-07-18T14:18:09.651000Z,2024-07-16T15:02:35.218631Z,626,75b53a55e8,819,55,Female,White,United States,United States,United States,English,No,Full-Time
66968920204a84863d793c99,666b99edc84cefad3cc79b71,APPROVED,Not Applicable,2024-07-16T14:52:21.190000Z,2024-07-16T15:07:17.741000Z,2024-07-18T14:18:10.140000Z,2024-07-16T15:07:18.599665Z,897,75b53a55e8.,42,35,Female,White,United States,United States,United States,English,No,Unemployed (and job seeking)
6696892209afef992b98026a,5c8759b570bc1b001062c8f8,APPROVED,Not Applicable,2024-07-16T14:52:22.621000Z,2024-07-16T15:06:46.500000Z,2024-07-18T14:18:10.560000Z,2024-07-16T15:06:47.150856Z,864,75b53a55e8,586,25,Male,Asian,United States,United States,Taiwan,Chinese,DATA_EXPIRED,Full-Time
66968926a18611c90aa88c53,65e51cdaf66e65c7f972580c,APPROVED,Not Applicable,2024-07-16T14:53:50.954000Z,2024-07-16T15:14:53.025000Z,2024-07-18T14:18:10.820000Z,2024-07-16T15:14:53.565594Z,1263,75b53a55e8,43,20,Male,Asian,Bangladesh,United States,United States,English,Yes,Unemployed (and job seeking)
669689370fb75c10d37f2977,6310a8e72d2a091bb08a0c97,RETURNED,Not Applicable,2024-07-16T15:00:17.503000Z,,,2024-07-21T21:33:06.786211Z,,,673,CONSENT_REVOKED,CONSENT_REVOKED,CONSENT_REVOKED,CONSENT_REVOKED,CONSENT_REVOKED,CONSENT_REVOKED,CONSENT_REVOKED,CONSENT_REVOKED,CONSENT_REVOKED
6696893da6dd73ebb891fe21,6661be7ca67f3e8e92228bbf,APPROVED,Not Applicable,2024-07-16T14:55:12.903000Z,2024-07-16T15:12:55.075000Z,2024-07-18T14:18:11.101000Z,2024-07-16T15:12:55.586375Z,1063,75b53a55e8,125,33,Female,Asian,United States,United States,United States,English,No,Full-Time
669689454a7865b618382afb,5b0b8252e9270900013ba88f,APPROVED,Not Applicable,2024-07-16T14:57:18.075000Z,2024-07-16T15:23:39.366000Z,2024-07-18T14:18:11.360000Z,2024-07-16T15:23:39.949906Z,1582,75b53a55e8,2123,53,Female,Mixed,United States,United States,United States,English,DATA_EXPIRED,DATA_EXPIRED
66968949238b8ecc332a85cb,5e49da75ea0f3c4553a9e3b2,APPROVED,Not Applicable,2024-07-16T14:58:08.587000Z,2024-07-16T16:10:28.325000Z,2024-07-18T14:18:11.616000Z,2024-07-16T16:11:20.889105Z,4340,75b53a55e8,2182,25,Female,Mixed,United States,United States,United States,English,No,Unemployed (and job seeking)
66968952155b71b4792a36ba,5d37ad921c16bb0015281337,RETURNED,Not Applicable,2024-07-16T14:53:34.064000Z,,,2024-07-21T21:33:06.804187Z,,,3732,CONSENT_REVOKED,CONSENT_REVOKED,CONSENT_REVOKED,CONSENT_REVOKED,CONSENT_REVOKED,CONSENT_REVOKED,CONSENT_REVOKED,CONSENT_REVOKED,CONSENT_REVOKED
6696895514566e8d694901e6,6690d8d9036d550281d71219,APPROVED,Not Applicable,2024-07-16T14:53:23.664000Z,2024-07-16T15:38:49.233000Z,2024-07-18T14:18:11.877000Z,2024-07-16T15:38:50.381927Z,2726,75b53a55e8,7,54,Female,Black,United States,United States,United States,English,DATA_EXPIRED,DATA_EXPIRED
66968963465a0fe6bc3f699e,5dd9df0e946f7c97406a55ea,APPROVED,Not Applicable,2024-07-16T14:56:18.403000Z,2024-07-16T15:10:21.653000Z,2024-07-18T14:18:12.143000Z,2024-07-16T15:10:22.596618Z,844,75b53a55e8.,4284,23,Female,White,United States,United States,United States,English,DATA_EXPIRED,DATA_EXPIRED
6696896f596cac46d9de9e86,5af309960eca060001b15b47,RETURNED,Not Applicable,2024-07-16T14:53:45.104000Z,,,2024-07-21T21:33:06.839291Z,,,1764,CONSENT_REVOKED,CONSENT_REVOKED,CONSENT_REVOKED,CONSENT_REVOKED,CONSENT_REVOKED,CONSENT_REVOKED,CONSENT_REVOKED,CONSENT_REVOKED,CONSENT_REVOKED
669689711e05b3fcad60102f,5892c29539f3830001767be0,RETURNED,Not Applicable,2024-07-16T14:53:47.081000Z,,,2024-07-21T21:33:06.829534Z,,,980,CONSENT_REVOKED,CONSENT_REVOKED,CONSENT_REVOKED,CONSENT_REVOKED,CONSENT_REVOKED,CONSENT_REVOKED,CONSENT_REVOKED,CONSENT_REVOKED,CONSENT_REVOKED
6696897656c880da683536c7,6444d251104d1e6caddd6eca,APPROVED,Not Applicable,2024-07-16T14:54:01.210000Z,2024-07-16T15:05:10.851000Z,2024-07-18T14:18:12.423000Z,2024-07-16T15:05:43.007982Z,670,75b53a55e8,35,31,Male,White,United States,United States,United States,English,No,Full-Time
6696897dc2bd153d7fae456a,66880ba52af4fc6a6a77d40b,RETURNED,Not Applicable,2024-07-16T14:54:12.329000Z,,,2024-07-21T21:33:06.844551Z,,,16,CONSENT_REVOKED,CONSENT_REVOKED,CONSENT_REVOKED,CONSENT_REVOKED,CONSENT_REVOKED,CONSENT_REVOKED,CONSENT_REVOKED,CONSENT_REVOKED,CONSENT_REVOKED
66968985eb8dcac6a09efb4d,668163f802df007e5f90b4b7,RETURNED,Not Applicable,2024-07-16T14:54:47.675000Z,,,2024-07-21T21:33:06.873298Z,,,59,CONSENT_REVOKED,CONSENT_REVOKED,CONSENT_REVOKED,CONSENT_REVOKED,CONSENT_REVOKED,CONSENT_REVOKED,CONSENT_REVOKED,CONSENT_REVOKED,CONSENT_REVOKED
66968990773f66eb30021049,5bde3039ab7ca90001d9c1d8,APPROVED,Not Applicable,2024-07-16T14:54:18.624000Z,2024-07-16T15:11:33.141000Z,2024-07-18T14:18:12.682000Z,2024-07-16T15:11:33.758893Z,1035,75b53a55e8,593,36,Female,Mixed,United States,United States,United States,English,Yes,"Not in paid work (e.g. homemaker', 'retired or disabled)"
66968994541747a501c7dd3c,666a6e9f20176c9c4f120c63,RETURNED,Not Applicable,2024-07-16T14:54:20.745000Z,,,2024-07-21T21:33:06.878555Z,,,34,CONSENT_REVOKED,CONSENT_REVOKED,CONSENT_REVOKED,CONSENT_REVOKED,CONSENT_REVOKED,CONSENT_REVOKED,CONSENT_REVOKED,CONSENT_REVOKED,CONSENT_REVOKED
6696899dd513c8a10e654b7b,60fe2ceaf1dbd49c6bcce5af,RETURNED,Not Applicable,2024-07-16T14:54:30.489000Z,,,2024-07-21T21:33:06.917931Z,,,1624,CONSENT_REVOKED,CONSENT_REVOKED,CONSENT_REVOKED,CONSENT_REVOKED,CONSENT_REVOKED,CONSENT_REVOKED,CONSENT_REVOKED,CONSENT_REVOKED,CONSENT_REVOKED
669689a9c50de7d8cf1415e2,5b2fda4e530770000105a60a,APPROVED,Not Applicable,2024-07-16T14:54:38.238000Z,2024-07-16T15:16:13.018000Z,2024-07-18T14:18:13.543000Z,2024-07-16T15:19:16.585457Z,1295,75b53a55e8,841,30,Male,White,United States,United States,United States,English,No,DATA_EXPIRED
669689aac48caf6b88e23dfe,5b72db405f561b0001342eff,APPROVED,Not Applicable,2024-07-16T14:59:03.363000Z,2024-07-16T15:17:59.639000Z,2024-07-18T14:18:13.868000Z,2024-07-16T15:19:48.547992Z,1137,75b53a55e8,4262,45,Male,White,United States,United States,United States,English,No,Full-Time
669689ad3257b3f324b77cd6,66630e2fb74c4e4653220ffb,APPROVED,Not Applicable,2024-07-16T14:54:43.997000Z,2024-07-16T15:11:12.298000Z,2024-07-18T14:18:14.130000Z,2024-07-16T15:11:13.263272Z,989,75b53a55e8,50,25,Female,White,United States,United States,United States,English,No,Full-Time
669689af3a45c2fc4f6d82c9,58f7ec594bf83e000199f2e9,RETURNED,Not Applicable,2024-07-16T14:54:54.068000Z,,,2024-07-21T21:33:06.922399Z,,,1245,CONSENT_REVOKED,CONSENT_REVOKED,CONSENT_REVOKED,CONSENT_REVOKED,CONSENT_REVOKED,CONSENT_REVOKED,CONSENT_REVOKED,CONSENT_REVOKED,CONSENT_REVOKED
669689b1a53f7d50a0be91cd,610049da8150fc6d3e6d6edc,RETURNED,Not Applicable,2024-07-16T14:54:55.318000Z,,,2024-07-21T21:33:06.936222Z,,,1514,CONSENT_REVOKED,CONSENT_REVOKED,CONSENT_REVOKED,CONSENT_REVOKED,CONSENT_REVOKED,CONSENT_REVOKED,CONSENT_REVOKED,CONSENT_REVOKED,CONSENT_REVOKED
669689b3596cac46d9de9e90,6689071c09ea0b87ff9b4e4c,APPROVED,Not Applicable,2024-07-16T15:01:35.416000Z,2024-07-16T16:15:19.951000Z,2024-07-18T14:18:14.383000Z,2024-07-16T16:15:20.721759Z,4425,75b53a55e8,32,33,Male,Black,Nigeria,United States,United States,English,No,DATA_EXPIRED
669689ba4cabe7810a6e4661,580145ebf35f130001c36157,APPROVED,Not Applicable,2024-07-16T14:54:58.028000Z,2024-07-16T15:10:34.148000Z,2024-07-18T14:18:14.686000Z,2024-07-16T15:10:35.121932Z,937,75b53a55e8,2226,36,Male,White,United States,United States,United States,English,No,Full-Time
669689c6818e38c44c81bb34,5c5404c24831db000161c5e8,APPROVED,Not Applicable,2024-07-16T14:55:12.817000Z,2024-07-16T15:07:28.353000Z,2024-07-18T14:18:14.966000Z,2024-07-16T15:07:29.069633Z,736,75b53a55e8,666,35,Female,White,United States,United States,United States,English,DATA_EXPIRED,DATA_EXPIRED
669689c6d1083c197070bb90,663170bb631c1b3b21b7828b,APPROVED,Not Applicable,2024-07-16T14:56:33.394000Z,2024-07-16T15:13:19.948000Z,2024-07-18T14:18:15.237000Z,2024-07-16T15:13:20.531221Z,1007,75b53a55e8,77,39,Female,Other,United States,United States,United States,English,No,"Not in paid work (e.g. homemaker', 'retired or disabled)"
669689c85472a852c183c086,6312ada1ce715ee3916c3748,RETURNED,Not Applicable,2024-07-16T14:55:09.762000Z,,,2024-07-21T21:33:06.994518Z,,,2357,CONSENT_REVOKED,CONSENT_REVOKED,CONSENT_REVOKED,CONSENT_REVOKED,CONSENT_REVOKED,CONSENT_REVOKED,CONSENT_REVOKED,CONSENT_REVOKED,CONSENT_REVOKED
669689cd14a656c6179f0bab,6693b2cf25ad5f070bebef81,APPROVED,Not Applicable,2024-07-16T14:55:13.248000Z,2024-07-16T15:18:47.084000Z,2024-07-18T14:18:15.525000Z,2024-07-16T15:19:56.981383Z,1414,75b53a55e8,7,21,Male,White,United States,United States,United States,English,No,Full-Time
669689d1c16cb11d52c74989,6693851912c91deb6ce2e4e6,APPROVED,Not Applicable,2024-07-16T14:55:24.262000Z,2024-07-16T15:26:33.264000Z,2024-07-18T14:18:15.887000Z,2024-07-16T15:26:40.295290Z,1870,75b53a55e8,13,29,Male,White,United States,United States,United States,English,No,Full-Time
669689d29c0e852908d525b2,6683dc192877557dd1352328,RETURNED,Not Applicable,2024-07-16T14:55:57.857000Z,,,2024-07-21T21:33:07.030186Z,,,42,CONSENT_REVOKED,CONSENT_REVOKED,CONSENT_REVOKED,CONSENT_REVOKED,CONSENT_REVOKED,CONSENT_REVOKED,CONSENT_REVOKED,CONSENT_REVOKED,CONSENT_REVOKED
669689d5dbb32d84c270bb8e,669421c1c70addda31317b3a,RETURNED,Not Applicable,2024-07-16T14:55:24.451000Z,,,2024-07-21T21:33:07.063657Z,,,84,CONSENT_REVOKED,CONSENT_REVOKED,CONSENT_REVOKED,CONSENT_REVOKED,CONSENT_REVOKED,CONSENT_REVOKED,CONSENT_REVOKED,CONSENT_REVOKED,CONSENT_REVOKED
669689d69db9b42122ad36be,6691705e4321bd88db7ec10d,APPROVED,Not Applicable,2024-07-16T14:58:30.203000Z,2024-07-16T15:19:46.381000Z,2024-07-18T14:18:16.246000Z,2024-07-16T15:20:17.179977Z,1277,75b53a55e8,35,42,Female,White,United States,United States,United States,English,No,DATA_EXPIRED
669689da60608bb9810920dd,5e2c9026f4a3052be159c494,APPROVED,Not Applicable,2024-07-16T14:55:27.347000Z,2024-07-16T15:05:46.091000Z,2024-07-18T14:18:16.537000Z,2024-07-16T15:05:52.487635Z,619,75b53a55e8,3729,32,Male,White,United States,United States,United States,English,No,DATA_EXPIRED
669689da6198de4de4de9ea1,5cd8056f31d19f000142595e,APPROVED,Not Applicable,2024-07-16T14:55:27.494000Z,2024-07-16T16:10:36.213000Z,2024-07-18T14:18:16.826000Z,2024-07-16T16:11:22.282080Z,4509,75b53a55e8,753,35,Male,White,United States,United States,United States,English,DATA_EXPIRED,Full-Time
669689e2aaa34c70a368e58e,5588d532fdf99b304ee567b9,APPROVED,Not Applicable,2024-07-16T14:55:40.071000Z,2024-07-16T15:23:50.544000Z,2024-07-18T14:18:17.081000Z,2024-07-16T15:23:51.554620Z,1691,75b53a55e8,1530,35,Male,White,United States,United States,United States,English,DATA_EXPIRED,Part-Time
669689e49d1d4680a893a420,5e7908b92d882b4b6d8fa8e1,RETURNED,Not Applicable,2024-07-16T14:55:38.682000Z,,,2024-07-21T21:33:07.054278Z,,,1295,CONSENT_REVOKED,CONSENT_REVOKED,CONSENT_REVOKED,CONSENT_REVOKED,CONSENT_REVOKED,CONSENT_REVOKED,CONSENT_REVOKED,CONSENT_REVOKED,CONSENT_REVOKED
669689fa703c5455eb2a2d32,5d4611bb3c5a360001b1bb59,APPROVED,Not Applicable,2024-07-16T14:56:00.144000Z,2024-07-16T15:12:29.848000Z,2024-07-18T14:18:17.374000Z,2024-07-16T15:12:30.812072Z,990,75b53a55e8,884,27,Female,Mixed,United States,United States,United States,English,No,"Not in paid work (e.g. homemaker', 'retired or disabled)"
669689fc7249001fe48f2880,65084edf670d9b2b9e415526,RETURNED,Not Applicable,2024-07-16T14:56:01.925000Z,,,2024-07-21T21:33:07.080018Z,,,122,CONSENT_REVOKED,CONSENT_REVOKED,CONSENT_REVOKED,CONSENT_REVOKED,CONSENT_REVOKED,CONSENT_REVOKED,CONSENT_REVOKED,CONSENT_REVOKED,CONSENT_REVOKED
669689ff6e672886dbc53f5b,667d5779a0fd6a7ab2d9c5ab,RETURNED,Not Applicable,2024-07-16T14:56:38.096000Z,,,2024-07-21T21:33:07.087910Z,,,50,CONSENT_REVOKED,CONSENT_REVOKED,CONSENT_REVOKED,CONSENT_REVOKED,CONSENT_REVOKED,CONSENT_REVOKED,CONSENT_REVOKED,CONSENT_REVOKED,CONSENT_REVOKED
66968a04add7f055391eb0d8,66456ef29dcbac0c77e64bf2,RETURNED,Not Applicable,2024-07-16T15:00:21.478000Z,,,2024-07-21T21:33:07.100344Z,,,148,CONSENT_REVOKED,CONSENT_REVOKED,CONSENT_REVOKED,CONSENT_REVOKED,CONSENT_REVOKED,CONSENT_REVOKED,CONSENT_REVOKED,CONSENT_REVOKED,CONSENT_REVOKED
66968a05f3a1580e48a3935b,6681964f2b90547e9fc3f737,APPROVED,Not Applicable,2024-07-16T14:56:45.763000Z,2024-07-16T15:25:20.396000Z,2024-07-18T14:18:17.926000Z,2024-07-16T15:25:21.121646Z,1715,75b53a55e8,53,31,Male,White,United States,United States,United States,English,No,Unemployed (and job seeking)
66968a0666739ecdf38a1846,5d364edc2d3b5100018140fd,RETURNED,Not Applicable,2024-07-16T14:56:15.102000Z,,,2024-07-21T21:33:07.108911Z,,,377,CONSENT_REVOKED,CONSENT_REVOKED,CONSENT_REVOKED,CONSENT_REVOKED,CONSENT_REVOKED,CONSENT_REVOKED,CONSENT_REVOKED,CONSENT_REVOKED,CONSENT_REVOKED
66968a066f7546ee549f0bc0,61156cab775e1f9e2c3a4bfa,RETURNED,Not Applicable,2024-07-16T14:56:10.984000Z,,,2024-07-21T21:33:07.215974Z,,,1610,CONSENT_REVOKED,CONSENT_REVOKED,CONSENT_REVOKED,CONSENT_REVOKED,CONSENT_REVOKED,CONSENT_REVOKED,CONSENT_REVOKED,CONSENT_REVOKED,CONSENT_REVOKED
66968a0cc8114d69bd5c316c,62882328252d0fc3e61582d5,APPROVED,Not Applicable,2024-07-16T14:56:17.795000Z,2024-07-16T15:07:47.362000Z,2024-07-18T14:18:18.188000Z,2024-07-16T15:07:47.964722Z,690,75b53a55e8,53,28,Male,White,United States,United States,United States,English,No,DATA_EXPIRED
66968a0de3665bd6d42a4be9,66229b19818762d4346cb155,APPROVED,Not Applicable,2024-07-16T14:56:18.203000Z,2024-07-16T15:07:20.905000Z,2024-07-18T14:18:18.451000Z,2024-07-16T15:07:21.544534Z,663,75b53a55e8,156,37,Female,White,United States,United States,United States,English,No,Full-Time
66968a0e474f4fcaa4dac32c,665a6d20e4fd69fa455ce3ca,APPROVED,Not Applicable,2024-07-16T14:56:17.517000Z,2024-07-16T15:15:38.828000Z,2024-07-18T14:18:18.786000Z,2024-07-16T15:15:39.288267Z,1162,75b53a55e8,36,30,Female,White,United States,United States,United States,English,No,Full-Time
66968a185440c2a4b348ddb2,66967e92c454d399405aca0f,APPROVED,Not Applicable,2024-07-16T14:56:46.993000Z,2024-07-16T15:13:40.542000Z,2024-07-18T14:18:19.085000Z,2024-07-16T15:13:41.130954Z,1014,75b53a55e8,1,28,Male,Black,United States,United States,United States,English,DATA_EXPIRED,DATA_EXPIRED
66968a1a5b51baded6985acc,65b665beb71112daa56760b7,RETURNED,Not Applicable,2024-07-16T14:56:37.230000Z,,,2024-07-21T21:33:07.159407Z,,,224,CONSENT_REVOKED,CONSENT_REVOKED,CONSENT_REVOKED,CONSENT_REVOKED,CONSENT_REVOKED,CONSENT_REVOKED,CONSENT_REVOKED,CONSENT_REVOKED,CONSENT_REVOKED
66968a1ea3deff39a731884c,6554fdeefcb1710a90680048,APPROVED,Not Applicable,2024-07-16T14:56:35.412000Z,2024-07-16T15:09:45.212000Z,2024-07-18T14:18:19.421000Z,2024-07-16T15:09:45.892492Z,790,75b53a55e8,1053,42,Male,Black,United States,United States,United States,English,No,Full-Time
66968a201db7219a0bfed6cc,668dcd1f9dd44752b86c48a0,APPROVED,Not Applicable,2024-07-16T14:56:38.500000Z,2024-07-16T15:08:55.980000Z,2024-07-18T14:18:19.698000Z,2024-07-16T15:09:01.916128Z,738,75b53a55e8,61,28,Female,White,United States,United States,United States,English,Yes,Part-Time
66968a25cb091d0c152090ff,667839a2876079055bec6036,RETURNED,Not Applicable,2024-07-16T14:56:45.749000Z,,,2024-07-21T21:33:07.196936Z,,,58,CONSENT_REVOKED,CONSENT_REVOKED,CONSENT_REVOKED,CONSENT_REVOKED,CONSENT_REVOKED,CONSENT_REVOKED,CONSENT_REVOKED,CONSENT_REVOKED,CONSENT_REVOKED
66968a275ca9affce260105a,661ed12701e9fa042486677a,TIMED-OUT,Not Applicable,2024-07-16T14:56:43.298000Z,,,2024-07-21T21:33:07.271961Z,455785,,175,31,Male,White,United States,United States,United States,English,Yes,Full-Time
66968a28cc1c4cceeafea03c,6290d46c21b280fe8d88155f,APPROVED,Not Applicable,2024-07-16T14:56:44.257000Z,2024-07-16T15:11:23.260000Z,2024-07-18T14:18:20.001000Z,2024-07-16T15:11:23.903320Z,880,75b53a55e8,932,32,Male,Asian,United States,United States,United States,English,No,Full-Time
66968a29b4690ed0646f2486,6091e1be3df7254e526f7168,APPROVED,Not Applicable,2024-07-16T14:56:46.842000Z,2024-07-16T15:05:29.275000Z,2024-07-18T14:18:20.276000Z,2024-07-16T15:05:48.131359Z,523,75b53a55e8,328,22,Male,Mixed,United States,United States,United States,English,DATA_EXPIRED,DATA_EXPIRED
66968a30b16ec8381955d1cf,5f744fb50bfbbd0a01cd5435,APPROVED,Not Applicable,2024-07-16T14:56:55.133000Z,2024-07-16T15:12:19.559000Z,2024-07-18T14:18:20.601000Z,2024-07-16T15:12:20.262324Z,925,75b53a55e8,5365,49,Female,White,United States,United States,United States,English,No,"Not in paid work (e.g. homemaker', 'retired or disabled)"
66968a30fadce86d10831a64,664c8a90142aba216d6d4e17,APPROVED,Not Applicable,2024-07-16T14:56:52.758000Z,2024-07-16T15:09:34.961000Z,2024-07-18T14:18:20.872000Z,2024-07-16T15:09:36.005348Z,763,75b53a55e8,98,33,Female,Mixed,United States,United States,United States,English,No,Part-Time
66968a3692eff52581a84ccc,6616b09c20f2680faf834ebf,APPROVED,Not Applicable,2024-07-16T14:57:01.964000Z,2024-07-16T15:11:03.831000Z,2024-07-18T14:18:21.127000Z,2024-07-16T15:11:04.443769Z,842,75b53a55e8,56,32,Male,Asian,United States,United States,United States,Other,No,Full-Time
66968a3ab6621922c15a21b4,6664d9c97f6c9e89bdf50030,APPROVED,Not Applicable,2024-07-16T14:57:06.984000Z,2024-07-16T15:28:27.204000Z,2024-07-18T14:18:21.396000Z,2024-07-16T15:28:31.765216Z,1881,75b53a55e8,31,23,Male,Other,Cuba,United States,United States,Spanish,No,Unemployed (and job seeking)
66968a3db86f9b04eb735d50,575f70fc8ddaf40006ce9641,APPROVED,Not Applicable,2024-07-16T14:57:03.961000Z,2024-07-16T15:07:48.780000Z,2024-07-18T14:18:21.659000Z,2024-07-16T15:07:49.427936Z,645,75b53a55e8,996,33,Male,Asian,Korea,United States,United States,Korean,Yes,Other
66968a413b8d4647843eb8d0,669568cd1a4b4330eef514f9,APPROVED,Not Applicable,2024-07-16T14:57:10.155000Z,2024-07-16T15:13:09.149000Z,2024-07-18T14:18:21.892000Z,2024-07-16T15:13:09.774891Z,959,75b53a55e8,11,49,Female,White,United States,United States,United States,English,No,Other
66968a4ad0c734d4291040f2,60fd5a99c4e4ead0c9a6fff4,RETURNED,Not Applicable,2024-07-16T14:57:22.820000Z,,,2024-07-21T21:33:07.231172Z,,,1765,CONSENT_REVOKED,CONSENT_REVOKED,CONSENT_REVOKED,CONSENT_REVOKED,CONSENT_REVOKED,CONSENT_REVOKED,CONSENT_REVOKED,CONSENT_REVOKED,CONSENT_REVOKED
66968a52eecb8ba53c09210f,64136adc3a40777bfe518cc0,APPROVED,Not Applicable,2024-07-16T14:57:28.205000Z,2024-07-16T15:10:13.301000Z,2024-07-18T14:18:22.157000Z,2024-07-16T15:10:14.011873Z,766,75b53a55e8,2108,24,Male,White,United States,United States,United States,English,DATA_EXPIRED,Full-Time
66968a56433e42f76a2721f7,66848b58aa0f411319bda5a6,APPROVED,Not Applicable,2024-07-16T14:57:30.151000Z,2024-07-16T15:10:54.633000Z,2024-07-18T14:18:22.398000Z,2024-07-16T15:10:55.522513Z,805,75b53a55e8,39,28,Male,Asian,United States,United States,United States,English,No,DATA_EXPIRED
66968a5c25063d77484e7aa6,65e010683535448ec7b6d609,APPROVED,Not Applicable,2024-07-16T14:57:37.485000Z,2024-07-16T15:15:06.134000Z,2024-07-18T14:18:22.702000Z,2024-07-16T15:15:06.754115Z,1049,75b53a55e8,725,48,Male,White,United States,United States,United States,English,No,DATA_EXPIRED
66968a5fc4ff9c7733f25e56,644149a38a0d3ec2b79996e6,REJECTED,Not Applicable,2024-07-16T14:57:59.106000Z,2024-07-16T14:59:29.803000Z,2024-08-01T18:10:57.665000Z,2024-09-06T15:40:43.745073Z,91,NOCODE,757,CONSENT_REVOKED,CONSENT_REVOKED,CONSENT_REVOKED,CONSENT_REVOKED,CONSENT_REVOKED,CONSENT_REVOKED,CONSENT_REVOKED,CONSENT_REVOKED,CONSENT_REVOKED
66968a5fe5d82db8221dbd88,66928297f3b9a8a2bc8ced10,RETURNED,Not Applicable,2024-07-16T14:57:57.293000Z,,,2024-07-21T21:33:07.266825Z,,,33,CONSENT_REVOKED,CONSENT_REVOKED,CONSENT_REVOKED,CONSENT_REVOKED,CONSENT_REVOKED,CONSENT_REVOKED,CONSENT_REVOKED,CONSENT_REVOKED,CONSENT_REVOKED
66968a6b568473d29ee71708,62dc07a7fbbd3d089b7135af,APPROVED,Not Applicable,2024-07-16T14:57:52.090000Z,2024-07-16T15:09:52.868000Z,2024-07-18T14:18:22.954000Z,2024-07-16T15:09:55.787662Z,721,75b53a55e8,2642,39,Male,White,United States,United States,United States,English,No,Full-Time
66968a6e51975f505995e056,639c68bc52c767567d9cee5b,RETURNED,Not Applicable,2024-07-16T14:58:08.789000Z,,,2024-07-21T21:33:07.282501Z,,,705,CONSENT_REVOKED,CONSENT_REVOKED,CONSENT_REVOKED,CONSENT_REVOKED,CONSENT_REVOKED,CONSENT_REVOKED,CONSENT_REVOKED,CONSENT_REVOKED,CONSENT_REVOKED
66968a73a3deff39a731885c,631fc3e54c3c0515402fdd17,RETURNED,Not Applicable,2024-07-16T14:57:59.778000Z,,,2024-07-21T21:33:07.290492Z,,,1721,CONSENT_REVOKED,CONSENT_REVOKED,CONSENT_REVOKED,CONSENT_REVOKED,CONSENT_REVOKED,CONSENT_REVOKED,CONSENT_REVOKED,CONSENT_REVOKED,CONSENT_REVOKED
66968a76081e30d1588ce9c2,6694bef8657885b84cfc5926,APPROVED,Not Applicable,2024-07-16T15:04:33.537000Z,2024-07-16T15:25:56.595000Z,2024-07-18T14:18:23.207000Z,2024-07-16T15:25:57.243225Z,1284,75b53a55e8,18,27,Male,Mixed,United States,United States,United States,English,Yes,Full-Time
66968a7717bdfbe42d88f515,6630da710ce3cc42bc2e3a4b,APPROVED,Not Applicable,2024-07-16T14:58:03.918000Z,2024-07-16T15:09:47.637000Z,2024-07-18T14:18:23.467000Z,2024-07-16T15:09:50.253062Z,704,75b53a55e8,33,39,Female,Other,United States,United States,United States,English,No,"Not in paid work (e.g. homemaker', 'retired or disabled)"
66968a7871155780b0c61a20,65ce8173f2ec16eb695d31ee,RETURNED,Not Applicable,2024-07-16T15:03:19.624000Z,,,2024-07-21T21:33:07.318813Z,,,807,CONSENT_REVOKED,CONSENT_REVOKED,CONSENT_REVOKED,CONSENT_REVOKED,CONSENT_REVOKED,CONSENT_REVOKED,CONSENT_REVOKED,CONSENT_REVOKED,CONSENT_REVOKED
66968a7ad1083c197070bbbe,5e3d8d90de328d044e7c6ffb,APPROVED,Not Applicable,2024-07-16T14:58:15.178000Z,2024-07-16T15:18:09.733000Z,2024-07-18T14:16:37.400000Z,2024-07-16T15:19:49.813956Z,1195,75b53a55e8,4675,37,Male,White,United States,United States,United States,English,DATA_EXPIRED,DATA_EXPIRED
66968a7b781be28d072721f6,66256135c04a0e67cab2927a,APPROVED,Not Applicable,2024-07-16T14:59:27.844000Z,2024-07-16T15:15:01.697000Z,2024-07-18T14:16:37.803000Z,2024-07-16T15:15:02.244989Z,934,75b53a55e8,225,28,Female,White,United States,United States,United States,English,No,Full-Time
66968a7bef1df511ac198b97,66706763c730f4e22f00ddcd,RETURNED,Not Applicable,2024-07-16T14:58:18.384000Z,,,2024-07-21T21:33:07.334271Z,,,74,CONSENT_REVOKED,CONSENT_REVOKED,CONSENT_REVOKED,CONSENT_REVOKED,CONSENT_REVOKED,CONSENT_REVOKED,CONSENT_REVOKED,CONSENT_REVOKED,CONSENT_REVOKED
66968a7c625c6ad283359fab,57315ab3070de6000e434671,APPROVED,Not Applicable,2024-07-16T14:58:16.660000Z,2024-07-16T15:43:16.398000Z,2024-07-18T14:16:38.118000Z,2024-07-16T15:43:20.395498Z,2700,75b53a55e8,57,52,Female,White,United States,United States,United States,English,No,Full-Time
66968a7df2e0fa6969318857,6657951dbd3c48cab369b6c1,RETURNED,Not Applicable,2024-07-16T14:58:09.588000Z,,,2024-07-21T21:33:07.364546Z,,,53,CONSENT_REVOKED,CONSENT_REVOKED,CONSENT_REVOKED,CONSENT_REVOKED,CONSENT_REVOKED,CONSENT_REVOKED,CONSENT_REVOKED,CONSENT_REVOKED,CONSENT_REVOKED
66968a8082a1944bd5ad36d8,5d0943bf52fb1200194137f5,RETURNED,Not Applicable,2024-07-16T14:58:13.155000Z,,,2024-07-21T21:33:07.386023Z,,,3444,CONSENT_REVOKED,CONSENT_REVOKED,CONSENT_REVOKED,CONSENT_REVOKED,CONSENT_REVOKED,CONSENT_REVOKED,CONSENT_REVOKED,CONSENT_REVOKED,CONSENT_REVOKED
66968a8c992a1d9fa76db38e,65fead52af236e068a08a382,APPROVED,Not Applicable,2024-07-16T14:59:27.586000Z,2024-07-16T15:23:40.084000Z,2024-07-18T14:16:38.448000Z,2024-07-16T15:23:40.674638Z,1453,75b53a55e8,41,34,Female,White,United States,United States,United States,English,Yes,Full-Time
66968a8fb0aae130c365bcb3,668edfe4e6fc8f4b65e9531e,APPROVED,Not Applicable,2024-07-16T14:58:26.702000Z,2024-07-16T15:12:18.161000Z,2024-07-18T14:16:38.730000Z,2024-07-16T15:12:18.762393Z,832,75b53a55e8,29,32,Female,White,United States,United States,United States,English,No,"Not in paid work (e.g. homemaker', 'retired or disabled)"
66968a930675d74f397877e3,6692921e78b8b313d148192e,RETURNED,Not Applicable,2024-07-16T14:58:48.757000Z,,,2024-07-21T21:33:07.392423Z,,,70,CONSENT_REVOKED,CONSENT_REVOKED,CONSENT_REVOKED,CONSENT_REVOKED,CONSENT_REVOKED,CONSENT_REVOKED,CONSENT_REVOKED,CONSENT_REVOKED,CONSENT_REVOKED
66968a9f0db23dece53a7020,668d8ba2a6f681f498b04754,APPROVED,Not Applicable,2024-07-16T14:58:54.448000Z,2024-07-16T15:17:36.236000Z,2024-07-18T14:16:39.008000Z,2024-07-16T15:19:42.915729Z,1122,75b53a55e8,9,51,Male,White,United States,United States,United States,English,Yes,Full-Time
66968aa1605c0eafc5f9300f,642700bf265ab07308a02420,RETURNED,Not Applicable,2024-07-16T14:58:56.903000Z,,,2024-07-21T21:33:07.448206Z,,,1696,CONSENT_REVOKED,CONSENT_REVOKED,CONSENT_REVOKED,CONSENT_REVOKED,CONSENT_REVOKED,CONSENT_REVOKED,CONSENT_REVOKED,CONSENT_REVOKED,CONSENT_REVOKED
66968aa253f8f08465a98142,6695227ee33b1435180a693c,APPROVED,Not Applicable,2024-07-16T14:58:50.798000Z,2024-07-16T15:11:55.135000Z,2024-07-18T14:16:39.320000Z,2024-07-16T15:11:55.675831Z,785,75b53a55e8,36,33,Male,White,United States,United States,United States,English,No,Unemployed (and job seeking)
66968aa301620e3d770ecfac,5c75e392891866001c771813,APPROVED,Not Applicable,2024-07-16T14:58:46.869000Z,2024-07-16T15:15:39.261000Z,2024-07-18T14:16:39.590000Z,2024-07-16T15:15:39.822953Z,1013,75b53a55e8,1588,21,Prefer not to say,Asian,China,United States,United States,English,Yes,Other
66968aa56e672886dbc53f79,5bc3949e35ed640001e277ba,APPROVED,Not Applicable,2024-07-16T14:58:48.954000Z,2024-07-16T15:18:56.700000Z,2024-07-18T14:16:39.839000Z,2024-07-16T15:19:58.863617Z,1208,75b53a55e8,2635,42,Female,White,United States,United States,United States,English,No,Full-Time
66968ab1f73773eb5a9e4a7f,66953c1054cad2d6a3b91836,APPROVED,Not Applicable,2024-07-16T14:59:01.858000Z,2024-07-16T15:28:05.429000Z,2024-07-18T14:16:40.113000Z,2024-07-16T15:28:14.787912Z,1744,75b53a55e8,18,25,Female,Black,United States,United States,United States,English,No,DATA_EXPIRED
66968ab4597dc6f962d054fd,6634676e7e1382ed37e18942,APPROVED,Not Applicable,2024-07-16T14:59:04.291000Z,2024-07-16T15:12:46.055000Z,2024-07-18T14:16:40.433000Z,2024-07-16T15:12:46.650525Z,822,75b53a55e8,266,32,Female,White,United States,United States,United States,English,No,Unemployed (and job seeking)
66968ab4c48caf6b88e23e39,65fafb082508ae7329000d54,APPROVED,Not Applicable,2024-07-16T14:59:06.362000Z,2024-07-16T15:15:12.114000Z,2024-07-18T14:16:40.722000Z,2024-07-16T15:15:12.855044Z,966,75b53a55e8,271,51,Male,White,United States,United States,United States,English,No,Full-Time
66968ab54262a6262eaeae70,6675a88293ff585a68343d9a,APPROVED,Not Applicable,2024-07-16T14:59:10.155000Z,2024-07-16T15:24:03.239000Z,2024-07-18T14:16:41.012000Z,2024-07-16T15:24:03.862728Z,1494,75b53a55e8,22,50,Female,White,United States,United States,United States,English,No,DATA_EXPIRED
66968ab6d12bde9ca3d54a75,668adf7e31488112c40b9618,RETURNED,Not Applicable,2024-07-16T14:59:21.508000Z,,,2024-07-21T21:33:07.494328Z,,,46,CONSENT_REVOKED,CONSENT_REVOKED,CONSENT_REVOKED,CONSENT_REVOKED,CONSENT_REVOKED,CONSENT_REVOKED,CONSENT_REVOKED,CONSENT_REVOKED,CONSENT_REVOKED
66968ab743cabe38578e82a4,6537d3aef0f4a4896f7c3ae9,RETURNED,Not Applicable,2024-07-16T14:59:09.712000Z,,,2024-07-21T21:33:07.481219Z,,,584,CONSENT_REVOKED,CONSENT_REVOKED,CONSENT_REVOKED,CONSENT_REVOKED,CONSENT_REVOKED,CONSENT_REVOKED,CONSENT_REVOKED,CONSENT_REVOKED,CONSENT_REVOKED
66968ac1c8114d69bd5c318e,5ef11899b242da1e73a5b1e4,APPROVED,Not Applicable,2024-07-16T14:59:35.933000Z,2024-07-16T15:16:24.284000Z,2024-07-18T14:16:41.275000Z,2024-07-16T15:19:19.827260Z,1009,75b53a55e8,191,22,Male,Mixed,United States,United States,United States,English,Yes,Part-Time
66968ac1dd32671ac36db37b,5fc5ab0e7bad151445fc8594,RETURNED,Not Applicable,2024-07-16T15:10:00.078000Z,,,2024-07-21T21:33:07.513875Z,,,2041,CONSENT_REVOKED,CONSENT_REVOKED,CONSENT_REVOKED,CONSENT_REVOKED,CONSENT_REVOKED,CONSENT_REVOKED,CONSENT_REVOKED,CONSENT_REVOKED,CONSENT_REVOKED
66968ac73a45c2fc4f6d8354,5ba802ee60f3d5000169e5da,TIMED-OUT,Not Applicable,2024-07-16T14:59:25.410000Z,,,2024-07-21T21:33:07.525794Z,455623,,3603,44,Female,White,United States,United States,United States,English,No,Full-Time
66968aca3dc0a4be9bba23c8,5f512c1e9fc9f031901410ac,APPROVED,Not Applicable,2024-07-16T14:59:26.842000Z,2024-07-16T15:18:48.725000Z,2024-07-18T14:16:41.546000Z,2024-07-16T15:19:58.743241Z,1162,75b53a55e8.,1393,45,Female,White,United States,United States,United States,English,DATA_EXPIRED,DATA_EXPIRED
66968ad4aaa34c70a368e5c2,66914ab400af8a7d634121ab,APPROVED,Not Applicable,2024-07-16T14:59:36.963000Z,2024-07-16T15:19:58.334000Z,2024-07-18T14:16:41.856000Z,2024-07-16T15:20:24.806875Z,1222,75b53a55e8,34,25,Male,Black,United States,United States,United States,English,No,Part-Time
66968adee3665bd6d42a4c1d,5ebca40606c6fe000da5f510,APPROVED,Not Applicable,2024-07-16T14:59:47.691000Z,2024-07-16T15:07:37.739000Z,2024-07-18T14:16:42.117000Z,2024-07-16T15:07:38.376747Z,471,75b53a55e8,2608,25,Male,White,United States,United States,United States,English,No,Full-Time
66968ae59849e1b9ced525f1,667a2309834f4f5aee1b967b,APPROVED,Not Applicable,2024-07-16T14:59:55.813000Z,2024-07-16T15:11:07.703000Z,2024-07-18T14:16:42.379000Z,2024-07-16T15:11:08.255068Z,672,75b53a55e8,57,28,Male,White,United States,United States,United States,English,No,Part-Time
66968ae8773f66eb30021094,668ce2077d3fb478d9a3a843,RETURNED,Not Applicable,2024-07-16T15:00:14.884000Z,,,2024-07-21T21:33:07.530052Z,,,29,CONSENT_REVOKED,CONSENT_REVOKED,CONSENT_REVOKED,CONSENT_REVOKED,CONSENT_REVOKED,CONSENT_REVOKED,CONSENT_REVOKED,CONSENT_REVOKED,CONSENT_REVOKED
66968aea5cef1f381756f4c5,667d6cdf8f986b056cad0dd6,APPROVED,Not Applicable,2024-07-16T15:00:00.810000Z,2024-07-16T15:21:50.021000Z,2024-07-18T14:16:43.002000Z,2024-07-16T15:21:50.652991Z,1310,75b53a55e8,39,31,Male,Asian,United States,United States,United States,English,No,Full-Time
66968aeb425cb70582b83e0c,60a40bd48fd5b3f64c19c91a,APPROVED,Not Applicable,2024-07-16T15:00:00.842000Z,2024-07-16T15:11:40.353000Z,2024-07-18T14:16:43.292000Z,2024-07-16T15:11:40.954442Z,700,75b53a55e8,893,24,Male,White,United States,United States,United States,English,No,Full-Time
66968aec4cabe7810a6e469b,645bb20d6a8c843f3ceb7794,APPROVED,Not Applicable,2024-07-16T15:00:00.868000Z,2024-07-16T15:26:35.600000Z,2024-07-18T14:16:43.584000Z,2024-07-16T15:26:42.841809Z,1595,75b53a55e8,347,49,Male,White,United States,United States,United States,English,DATA_EXPIRED,DATA_EXPIRED
66968af18455bca608cffe41,667124005ff17b68adcb2812,APPROVED,Not Applicable,2024-07-16T15:00:10.267000Z,2024-07-16T15:12:56.021000Z,2024-07-18T14:16:44.465000Z,2024-07-16T15:12:57.308586Z,766,75b53a55e8,71,40,Male,White,United States,United States,United States,English,No,Unemployed (and job seeking)
66968afd5ca9affce2601080,65d3ab06b782a47dfe23d572,RETURNED,Not Applicable,2024-07-16T15:00:17.216000Z,,,2024-07-21T21:33:07.586700Z,,,65,CONSENT_REVOKED,CONSENT_REVOKED,CONSENT_REVOKED,CONSENT_REVOKED,CONSENT_REVOKED,CONSENT_REVOKED,CONSENT_REVOKED,CONSENT_REVOKED,CONSENT_REVOKED
66968b15104428efebc749c3,65df45b4b6c4eeb9240e1603,APPROVED,Not Applicable,2024-07-16T15:00:40.843000Z,2024-07-16T15:13:44.206000Z,2024-07-18T14:16:44.812000Z,2024-07-16T15:13:44.878617Z,784,75b53a55e8,200,29,Male,White,United States,United States,United States,English,No,Full-Time
66968b16a60473953192eedc,665a2c1ceb0ce5fb9258aac4,APPROVED,Not Applicable,2024-07-16T15:00:42.442000Z,2024-07-16T15:07:15.744000Z,2024-07-18T14:16:45.126000Z,2024-07-16T15:07:16.860883Z,394,75b53a55e8,67,20,Male,Asian,United States,United States,United States,English,Yes,DATA_EXPIRED
66968b187b93f2e4b4aee4df,6646b01f17e34157aeceda3d,RETURNED,Not Applicable,2024-07-16T15:01:07.402000Z,,,2024-07-21T21:33:07.571351Z,,,117,CONSENT_REVOKED,CONSENT_REVOKED,CONSENT_REVOKED,CONSENT_REVOKED,CONSENT_REVOKED,CONSENT_REVOKED,CONSENT_REVOKED,CONSENT_REVOKED,CONSENT_REVOKED
66968b18857c2c55523b5d29,66182d2b06cbee83d298b517,APPROVED,Not Applicable,2024-07-16T15:00:46.620000Z,2024-07-16T15:26:41.090000Z,2024-07-18T14:16:45.471000Z,2024-07-16T15:26:49.096448Z,1555,75b53a55e8,131,57,Female,White,United States,United States,United States,English,No,Full-Time
66968b1b446291a1881eb10c,66929109eff4c9c070a4b123,APPROVED,Not Applicable,2024-07-16T15:00:48.333000Z,2024-07-16T15:20:32.456000Z,2024-07-18T14:16:45.789000Z,2024-07-16T15:20:40.777782Z,1185,75b53a55e8,22,27,Female,White,United States,United States,United States,English,No,"Not in paid work (e.g. homemaker', 'retired or disabled)"
66968b1d5ca9affce260108b,6679b9eb341e92b21df4aada,APPROVED,Not Applicable,2024-07-16T15:00:51.984000Z,2024-07-16T15:20:16.970000Z,2024-07-18T14:16:46.134000Z,2024-07-16T15:20:35.689357Z,1165,75b53a55e8,44,30,Female,Mixed,United States,United States,United States,English,Yes,Full-Time
66968b1ed513c8a10e654bbf,63db28baa4a5f06f19e7efc8,RETURNED,Not Applicable,2024-07-16T15:00:53.042000Z,,,2024-07-21T21:33:07.645734Z,,,173,CONSENT_REVOKED,CONSENT_REVOKED,CONSENT_REVOKED,CONSENT_REVOKED,CONSENT_REVOKED,CONSENT_REVOKED,CONSENT_REVOKED,CONSENT_REVOKED,CONSENT_REVOKED
66968b1f98efbffc68459f44,66876deb0173cb4b392593d0,RETURNED,Not Applicable,2024-07-16T15:01:10.582000Z,,,2024-07-21T21:33:07.645115Z,,,62,CONSENT_REVOKED,CONSENT_REVOKED,CONSENT_REVOKED,CONSENT_REVOKED,CONSENT_REVOKED,CONSENT_REVOKED,CONSENT_REVOKED,CONSENT_REVOKED,CONSENT_REVOKED
66968b246acf368c7c48de9a,63df15ad4c036f01da62efd6,APPROVED,Not Applicable,2024-07-16T15:00:56.720000Z,2024-07-16T15:17:00.042000Z,2024-07-18T14:16:46.390000Z,2024-07-16T15:19:33.237950Z,964,75b53a55e8,188,31,Male,Asian,United States,United States,United States,English,DATA_EXPIRED,Other
66968b2ad281a9698ce33682,5e8cc937ee95da07853f938c,APPROVED,Not Applicable,2024-07-16T15:01:02.215000Z,2024-07-16T15:15:48.738000Z,2024-07-18T14:16:46.692000Z,2024-07-16T15:15:49.433467Z,887,75b53a55e8,1001,24,Female,White,United States,United States,United States,English,Yes,Full-Time
66968b2b3257b3f324b77d1e,665cca3b876948c40b23865c,APPROVED,Not Applicable,2024-07-16T15:01:06.439000Z,2024-07-16T15:12:50.443000Z,2024-07-18T14:16:46.982000Z,2024-07-16T15:12:51.144217Z,705,75b53a55e8,75,30,Female,White,United States,United States,United States,English,No,"Not in paid work (e.g. homemaker', 'retired or disabled)"
66968b2bc16cd356ab0f11d0,66715c73063fc2eb39872204,APPROVED,Not Applicable,2024-07-16T15:01:09.727000Z,2024-07-16T15:17:55.458000Z,2024-07-18T14:16:47.267000Z,2024-07-16T15:19:47.654201Z,1006,75b53a55e8,35,20,Female,Mixed,Ghana,United States,United States,English,DATA_EXPIRED,Part-Time
66968b2cb835c6dd3c831a9a,5e6784bc622ffe000c766b4b,APPROVED,Not Applicable,2024-07-16T15:01:47.488000Z,2024-07-16T15:18:13.051000Z,2024-07-18T14:16:47.517000Z,2024-07-16T15:19:50.449429Z,986,75b53a55e8,359,38,Female,White,United States,United States,United States,English,No,Other
66968b2cc223f306d1bfa59c,61536fd7e4571b6e54a212de,APPROVED,Not Applicable,2024-07-16T15:01:44.008000Z,2024-07-16T15:16:15.814000Z,2024-07-18T14:16:47.781000Z,2024-07-16T15:19:17.167865Z,872,75b53a55e8,701,21,Male,White,United States,United States,United States,English,No,Full-Time
66968b31794f5aaab8be928a,668ead4c5639135519dc30fe,APPROVED,Not Applicable,2024-07-16T15:01:09.463000Z,2024-07-16T15:21:01.217000Z,2024-07-18T14:16:48.089000Z,2024-07-16T15:21:01.876494Z,1192,75b53a55e8,53,34,Male,White,El Salvador,United States,United States,English,No,Full-Time
66968b38a7130d3065574a5a,6107c8269c1f0b16fe8dd61c,APPROVED,Not Applicable,2024-07-16T15:01:16.487000Z,2024-07-16T15:19:29.048000Z,2024-07-18T14:16:48.489000Z,2024-07-16T15:20:10.709358Z,1093,75b53a55e8,1767,39,Female,Asian,United States,United States,United States,English,DATA_EXPIRED,Part-Time
66968b393257b3f324b77d20,6681ed9a26dbf9d28c7d2d90,RETURNED,Not Applicable,2024-07-16T15:01:19.409000Z,,,2024-07-21T21:33:07.675012Z,,,68,CONSENT_REVOKED,CONSENT_REVOKED,CONSENT_REVOKED,CONSENT_REVOKED,CONSENT_REVOKED,CONSENT_REVOKED,CONSENT_REVOKED,CONSENT_REVOKED,CONSENT_REVOKED
66968b3b781be28d0727222d,631f7e30612b0bfe3a4e3819,RETURNED,Not Applicable,2024-07-16T15:01:36.493000Z,,,2024-07-21T21:33:07.692563Z,,,74,CONSENT_REVOKED,CONSENT_REVOKED,CONSENT_REVOKED,CONSENT_REVOKED,CONSENT_REVOKED,CONSENT_REVOKED,CONSENT_REVOKED,CONSENT_REVOKED,CONSENT_REVOKED
66968b3c93397a3c1d3f6a18,669177c4a26127b08bc038ee,APPROVED,Not Applicable,2024-07-16T15:01:35.856000Z,2024-07-16T15:42:14.789000Z,2024-07-18T14:16:48.834000Z,2024-07-16T15:42:50.558247Z,2439,75b53a55e8.,33,24,Male,Mixed,Ghana,United States,United States,English,No,Full-Time
66968b3d17bdfbe42d88f534,6394e32126ebbdc7b10c6748,RETURNED,Not Applicable,2024-07-16T15:01:22.993000Z,,,2024-07-21T21:33:07.686372Z,,,4396,CONSENT_REVOKED,CONSENT_REVOKED,CONSENT_REVOKED,CONSENT_REVOKED,CONSENT_REVOKED,CONSENT_REVOKED,CONSENT_REVOKED,CONSENT_REVOKED,CONSENT_REVOKED
66968b401b784879b9d2eb8f,62fd4e39539dab80fb5575d1,APPROVED,Not Applicable,2024-07-16T15:01:28.429000Z,2024-07-16T15:38:46.222000Z,2024-07-18T14:16:49.138000Z,2024-07-16T15:38:48.147713Z,2238,75b53a55e8,3867,63,Female,White,United States,United States,United States,English,No,"Not in paid work (e.g. homemaker', 'retired or disabled)"
66968b447ffa9facbfcf202b,60579bed377c47163f70931a,APPROVED,Not Applicable,2024-07-16T15:02:02.309000Z,2024-07-16T15:39:05.204000Z,2024-07-18T14:16:49.500000Z,2024-07-16T15:39:06.277847Z,2223,75b53a55e8,47,40,Female,White,United States,United States,United States,English,No,"Not in paid work (e.g. homemaker', 'retired or disabled)"
66968b4a53f8f08465a98168,65618f1768d42f03d1202973,APPROVED,Not Applicable,2024-07-16T15:01:48.157000Z,2024-07-16T15:19:51.641000Z,2024-07-18T14:16:49.832000Z,2024-07-16T15:20:19.730496Z,1084,75b53a55e8,422,63,Female,White,United States,United States,United States,English,DATA_EXPIRED,Other
66968b4c79b9652018648627,5f95a44920f542417f4263cb,APPROVED,Not Applicable,2024-07-16T15:01:37.219000Z,2024-07-16T15:16:12.780000Z,2024-07-18T14:16:50.367000Z,2024-07-16T15:19:16.625550Z,876,75b53a55e8,876,26,Male,Other,United States,United States,United States,English,No,"Not in paid work (e.g. homemaker', 'retired or disabled)"
66968b4dc89cf4c5ee736844,668e905153d8c593ae862b23,APPROVED,Not Applicable,2024-07-16T15:05:10.532000Z,2024-07-16T16:13:54.759000Z,2024-07-18T14:16:50.693000Z,2024-07-16T16:13:55.668579Z,4125,75b53a55e8,42,39,Male,Black,Nigeria,United States,United States,English,No,DATA_EXPIRED
66968b58d0c734d42910412c,5fb9de27e62120924c5b2176,APPROVED,Not Applicable,2024-07-16T15:01:47.978000Z,2024-07-16T15:11:20.478000Z,2024-07-18T14:16:50.989000Z,2024-07-16T15:11:21.064693Z,573,75b53a55e8,2903,61,Female,White,United States,United States,United States,English,No,Part-Time
66968b5e705561dfc4fba258,668e9fc74f9b204b58587862,APPROVED,Not Applicable,2024-07-16T15:01:57.003000Z,2024-07-16T15:10:38.456000Z,2024-07-18T14:16:51.264000Z,2024-07-16T15:10:39.643512Z,522,75b53a55e8,56,23,Male,White,United States,United States,United States,English,No,Full-Time
66968b5edbb32d84c270bbd5,62c63900eeac5a077bc98e74,RETURNED,Not Applicable,2024-07-16T15:01:58.712000Z,,,2024-07-21T21:33:07.717554Z,,,2305,CONSENT_REVOKED,CONSENT_REVOKED,CONSENT_REVOKED,CONSENT_REVOKED,CONSENT_REVOKED,CONSENT_REVOKED,CONSENT_REVOKED,CONSENT_REVOKED,CONSENT_REVOKED
66968b6098efbffc68459f54,6596c09ba7b722cff3288292,APPROVED,Not Applicable,2024-07-16T15:01:55.900000Z,2024-07-16T15:14:53.178000Z,2024-07-18T14:16:51.529000Z,2024-07-16T15:14:53.817745Z,778,75b53a55e8,225,24,Female,Other,United States,United States,United States,English,DATA_EXPIRED,DATA_EXPIRED
66968b6475dbb26477462d71,60c80a0fb4b86678ad903cc1,APPROVED,Not Applicable,2024-07-16T15:02:06.152000Z,2024-07-16T15:15:17.765000Z,2024-07-18T14:16:52.469000Z,2024-07-16T15:15:18.284474Z,792,75b53a55e8,2611,43,Male,White,United States,United States,United States,English,DATA_EXPIRED,DATA_EXPIRED
66968b6a7b93f2e4b4aee4f4,6671ccad4d5c0922828c4aaa,APPROVED,Not Applicable,2024-07-16T15:02:10.460000Z,2024-07-16T15:23:58.647000Z,2024-07-18T14:16:52.792000Z,2024-07-16T15:23:59.231350Z,1309,75b53a55e8,37,52,Female,White,United States,United States,United States,English,No,Part-Time
66968b71dbb32d84c270bbda,6679af725f681821b6bc1328,APPROVED,Not Applicable,2024-07-16T15:02:11.551000Z,2024-07-16T15:11:01.622000Z,2024-07-18T14:16:53.086000Z,2024-07-16T15:11:02.833008Z,531,75b53a55e8,59,31,Male,White,United States,United States,United States,English,Yes,DATA_EXPIRED
66968b730c783a2c2db83df6,6622572971172c719fef2fc7,APPROVED,Not Applicable,2024-07-16T15:02:17.611000Z,2024-07-16T15:31:13.271000Z,2024-07-18T14:16:53.477000Z,2024-07-16T15:33:22.164308Z,1736,75b53a55e8,131,30,Female,Black,Ghana,United States,United States,English,Yes,Full-Time
66968b77783873b6c5fa10ef,665174dc8053a9352361fc5d,RETURNED,Not Applicable,2024-07-16T15:02:23.670000Z,,,2024-07-21T21:33:07.732227Z,,,35,CONSENT_REVOKED,CONSENT_REVOKED,CONSENT_REVOKED,CONSENT_REVOKED,CONSENT_REVOKED,CONSENT_REVOKED,CONSENT_REVOKED,CONSENT_REVOKED,CONSENT_REVOKED
66968b788d2cc56fcbec432b,5d8e1f47fc29cb001aeda6ea,APPROVED,Not Applicable,2024-07-16T15:02:20.263000Z,2024-07-16T15:31:24.395000Z,2024-07-18T14:16:53.841000Z,2024-07-16T15:33:26.000392Z,1745,75b53a55e8,2219,25,Male,White,United States,United States,United States,English,No,Full-Time
66968b7b9cd85cceb2e79e01,6682f646ace42f39f4ef7ade,APPROVED,Not Applicable,2024-07-16T15:02:29.128000Z,2024-07-16T15:30:29.878000Z,2024-07-18T14:16:54.202000Z,2024-07-16T15:31:05.028842Z,1681,75b53a55e8,27,35,DATA_EXPIRED,Black,United States,United States,United States,English,No,Full-Time
66968b7e7578a5fdb756f42f,62f21b1766c760681c31b8df,REJECTED,Not Applicable,2024-07-16T15:02:34.752000Z,2024-07-16T15:06:36.733000Z,2024-07-17T15:19:41.342000Z,2024-07-21T21:33:07.759558Z,242,C37WK7TT,54,CONSENT_REVOKED,CONSENT_REVOKED,CONSENT_REVOKED,CONSENT_REVOKED,CONSENT_REVOKED,CONSENT_REVOKED,CONSENT_REVOKED,CONSENT_REVOKED,CONSENT_REVOKED
66968b8288950703a11f512f,5d1ba5653788ac0019ced548,APPROVED,Not Applicable,2024-07-16T15:02:30.154000Z,2024-07-16T15:52:29.293000Z,2024-07-18T14:16:54.675000Z,2024-07-16T15:52:47.337728Z,3000,75b53a55e8.,5008,41,Female,Other,United States,United States,United States,English,DATA_EXPIRED,DATA_EXPIRED
66968b8718289cb9863cee13,5bbc18010cb04c00015025ce,APPROVED,Not Applicable,2024-07-16T15:02:34.637000Z,2024-07-16T15:23:00.223000Z,2024-07-18T14:16:54.996000Z,2024-07-16T15:23:00.869783Z,1226,75b53a55e8,5673,36,Female,White,United States,United States,United States,English,No,Full-Time
66968b882dcabcdbe6c7dda6,66461b42c96ee6c5a414f1a0,RETURNED,Not Applicable,2024-07-16T15:02:36.689000Z,,,2024-07-21T21:33:07.790437Z,,,97,CONSENT_REVOKED,CONSENT_REVOKED,CONSENT_REVOKED,CONSENT_REVOKED,CONSENT_REVOKED,CONSENT_REVOKED,CONSENT_REVOKED,CONSENT_REVOKED,CONSENT_REVOKED
66968b8af2e0fa69693188c7,667ed846daba40d734060697,RETURNED,Not Applicable,2024-07-16T15:02:39.735000Z,2024-07-16T15:11:16.347000Z,2024-08-01T18:11:07.054000Z,2024-09-06T15:40:43.758179Z,,NOCODE,59,CONSENT_REVOKED,CONSENT_REVOKED,CONSENT_REVOKED,CONSENT_REVOKED,CONSENT_REVOKED,CONSENT_REVOKED,CONSENT_REVOKED,CONSENT_REVOKED,CONSENT_REVOKED
66968b8f4cabe7810a6e46b6,66889aba62011478baa60fbf,APPROVED,Not Applicable,2024-07-16T15:02:43.484000Z,2024-07-16T15:20:36.738000Z,2024-07-18T14:16:55.285000Z,2024-07-16T15:20:42.275702Z,1074,75b53a55e8,39,33,Female,Asian,United States,United States,United States,English,No,Full-Time
66968b97596cac46d9de9eef,66315878b38cea3df40eb797,APPROVED,Not Applicable,2024-07-16T15:02:51.655000Z,2024-07-16T15:31:19.107000Z,2024-07-18T14:16:55.573000Z,2024-07-16T15:33:25.032925Z,1708,75b53a55e8,5,29,Male,Asian,United States,United States,United States,English,Yes,Full-Time
66968b9c596cac46d9de9ef2,669284a314b1e3282fce4afd,APPROVED,Not Applicable,2024-07-16T15:02:58.936000Z,2024-07-16T15:18:34.456000Z,2024-07-18T14:16:56.064000Z,2024-07-16T15:19:56.977605Z,936,75b53a55e8,34,20,Female,Mixed,Ghana,United States,United States,English,DATA_EXPIRED,Part-Time
66968b9d3b8d4647843eb917,6400f0263058946c2b47808c,APPROVED,Not Applicable,2024-07-16T15:03:31.623000Z,2024-07-16T15:31:53.444000Z,2024-07-18T14:16:56.319000Z,2024-07-16T15:33:34.348744Z,1702,75b53a55e8,6,33,Male,Black,United States,United States,United States,English,Yes,Unemployed (and job seeking)
66968ba08f6de53776f02c6c,6564171a43463427fd17303a,APPROVED,Not Applicable,2024-07-16T15:03:09.533000Z,2024-07-16T15:40:00.516000Z,2024-07-18T14:16:56.588000Z,2024-07-16T15:40:01.712672Z,2211,75b53a55e8,701,42,Female,Black,United States,United States,United States,English,No,DATA_EXPIRED
66968ba648fd7ad1f5b6cf87,64151f08bb5879eb3a22d82b,APPROVED,Not Applicable,2024-07-16T15:03:08.661000Z,2024-07-16T15:21:13.968000Z,2024-07-18T14:16:56.871000Z,2024-07-16T15:21:14.898509Z,1086,75b53a55e8,1312,30,Male,White,United States,United States,United States,English,DATA_EXPIRED,Part-Time
66968bab3a45c2fc4f6d837c,62bdcc04adc43b9e87e6d573,APPROVED,Not Applicable,2024-07-16T15:03:12.725000Z,2024-07-16T15:15:05.412000Z,2024-07-18T14:16:57.244000Z,2024-07-16T15:15:06.092462Z,713,75b53a55e8,13,34,Male,White,United States,United States,United States,English,No,Full-Time
66968babd12bde9ca3d54a97,653774318270836cea7ef1b6,APPROVED,Not Applicable,2024-07-16T15:03:30.276000Z,2024-07-16T16:14:12.661000Z,2024-07-18T14:16:57.617000Z,2024-07-16T16:14:13.433266Z,4243,75b53a55e8,56,39,Male,White,United States,United States,United States,English,No,Full-Time
66968bad4262a6262eaeaeaf,6128fd492700069e594016c9,APPROVED,Not Applicable,2024-07-16T15:06:06.389000Z,2024-07-16T15:38:15.136000Z,2024-07-18T14:16:57.923000Z,2024-07-16T15:38:15.767410Z,1929,75b53a55e8,1229,29,Female,White,United States,United States,United States,English,DATA_EXPIRED,DATA_EXPIRED
66968bb08894d080cb654bf7,5dd3351decd14c34f6372d0d,RETURNED,Not Applicable,2024-07-16T15:03:16.304000Z,,,2024-07-21T21:33:07.825762Z,,,1473,CONSENT_REVOKED,CONSENT_REVOKED,CONSENT_REVOKED,CONSENT_REVOKED,CONSENT_REVOKED,CONSENT_REVOKED,CONSENT_REVOKED,CONSENT_REVOKED,CONSENT_REVOKED
66968bb2dbb32d84c270bbe4,5caab3f119731a00190bbbcd,RETURNED,Not Applicable,2024-07-16T15:03:21.246000Z,,,2024-07-21T21:33:07.894193Z,,,4279,CONSENT_REVOKED,CONSENT_REVOKED,CONSENT_REVOKED,CONSENT_REVOKED,CONSENT_REVOKED,CONSENT_REVOKED,CONSENT_REVOKED,CONSENT_REVOKED,CONSENT_REVOKED
66968bb4783873b6c5fa1104,669588e8ad1745596a02a04b,APPROVED,Not Applicable,2024-07-16T15:03:19.868000Z,2024-07-16T15:12:58.105000Z,2024-07-18T14:16:58.250000Z,2024-07-16T15:12:58.812183Z,579,75b53a55e8,19,22,Male,White,United States,United States,United States,English,No,Unemployed (and job seeking)
66968bb93257b3f324b77d46,664bc61062c2afbacbb5f2f8,APPROVED,Not Applicable,2024-07-16T15:03:24.686000Z,2024-07-16T15:17:27.420000Z,2024-07-18T14:16:58.560000Z,2024-07-16T15:19:40.096280Z,843,75b53a55e8,108,21,Male,White,United States,United States,United States,English,Yes,Unemployed (and job seeking)
66968bbce9db2580058b0ec5,5a063c2d844c7a00015e477d,APPROVED,Not Applicable,2024-07-16T15:03:29.301000Z,2024-07-16T15:25:03.946000Z,2024-07-18T14:16:58.930000Z,2024-07-16T15:25:04.889572Z,1295,75b53a55e8,2449,35,Male,White,United States,United States,United States,English,No,Part-Time
66968bbe5ca9affce26010aa,5d5e4baff521f100166c5d3a,APPROVED,Not Applicable,2024-07-16T15:03:34.835000Z,2024-07-16T15:37:49.310000Z,2024-07-18T14:16:59.281000Z,2024-07-16T15:37:50.384410Z,2055,75b53a55e8,3896,26,Male,Black,United States,United States,United States,English,DATA_EXPIRED,DATA_EXPIRED
66968bc0b157f694405c830b,669287eb986eb1f7d726f6fa,RETURNED,Not Applicable,2024-07-16T15:03:45.459000Z,,,2024-07-21T21:33:07.859402Z,,,10,CONSENT_REVOKED,CONSENT_REVOKED,CONSENT_REVOKED,CONSENT_REVOKED,CONSENT_REVOKED,CONSENT_REVOKED,CONSENT_REVOKED,CONSENT_REVOKED,CONSENT_REVOKED
66968bc1bbd9aa69fd64865e,584c14f251a9bc0001e16bc4,APPROVED,Not Applicable,2024-07-16T15:03:45.300000Z,2024-07-16T15:27:01.003000Z,2024-07-18T14:16:59.630000Z,2024-07-16T15:27:09.731950Z,1396,75b53a55e8,954,35,Male,White,United States,United States,United States,English,DATA_EXPIRED,DATA_EXPIRED
66968bc40ed769a4584be6b3,661045b87d3e3a9bda51b367,APPROVED,Not Applicable,2024-07-16T15:04:31.966000Z,2024-07-16T15:38:01.608000Z,2024-07-18T14:16:59.982000Z,2024-07-16T15:38:02.279216Z,2010,75b53a55e8,273,69,Male,White,United States,United States,United States,English,No,Part-Time
66968bc9783873b6c5fa1109,5f42c2f45333624dea17b538,APPROVED,Not Applicable,2024-07-16T15:03:42.026000Z,2024-07-16T15:29:16.667000Z,2024-07-18T14:17:00.343000Z,2024-07-16T15:29:25.075200Z,1535,75b53a55e8. P,1433,49,Female,Black,United States,United States,United States,English,No,Full-Time
66968bcdd6f4d3c1e8cf204c,66426129b471b74a7c576020,APPROVED,Not Applicable,2024-07-16T15:03:47.501000Z,2024-07-16T16:14:41.311000Z,2024-07-18T14:17:00.704000Z,2024-07-16T16:14:42.206129Z,4254,75b53a55e8,67,28,Male,White,United States,United States,United States,English,DATA_EXPIRED,Part-Time
66968bd02d24b9e99f4c0a8d,668d6266d7ce03b32348a589,APPROVED,Not Applicable,2024-07-16T15:03:50.794000Z,2024-07-16T15:55:36.040000Z,2024-07-18T14:17:01.065000Z,2024-07-16T15:55:48.591534Z,3106,75b53a55e8,1,31,Male,White,United States,United States,United States,English,No,DATA_EXPIRED
66968bd4fb7a6113a7ae45bf,664db4bf6e2ca2e0803c9f9a,APPROVED,Not Applicable,2024-07-16T15:03:56.281000Z,2024-07-16T15:20:27.436000Z,2024-07-18T14:17:01.951000Z,2024-07-16T15:20:38.955583Z,992,75b53a55e8,91,36,Male,Black,Ghana,United States,United States,English,No,Full-Time
66968bd5ef8e2d93597b5d05,63ea4687b08206d9f679d507,APPROVED,Not Applicable,2024-07-16T15:03:58.790000Z,2024-07-16T15:22:53.702000Z,2024-07-18T14:17:02.291000Z,2024-07-16T15:22:54.400877Z,1135,75b53a55e8,279,25,Female,Asian,United States,United States,United States,Vietnamese,No,DATA_EXPIRED
66968bd71e05b3fcad601097,614b154d1d77229f9878635b,RETURNED,Not Applicable,2024-07-16T15:04:00.382000Z,,,2024-07-21T21:33:07.884658Z,,,573,CONSENT_REVOKED,CONSENT_REVOKED,CONSENT_REVOKED,CONSENT_REVOKED,CONSENT_REVOKED,CONSENT_REVOKED,CONSENT_REVOKED,CONSENT_REVOKED,CONSENT_REVOKED
66968bdcb93facbf3503a4b9,668e9dc336d88c22d32f77a4,RETURNED,Not Applicable,2024-07-16T15:04:05.872000Z,,,2024-07-21T21:33:07.915044Z,,,100,CONSENT_REVOKED,CONSENT_REVOKED,CONSENT_REVOKED,CONSENT_REVOKED,CONSENT_REVOKED,CONSENT_REVOKED,CONSENT_REVOKED,CONSENT_REVOKED,CONSENT_REVOKED
66968be405d87428d035373d,668556a4dc0c26ee6d832f7d,APPROVED,Not Applicable,2024-07-16T15:04:14.314000Z,2024-07-16T16:10:38.504000Z,2024-07-18T14:17:02.642000Z,2024-07-16T16:11:22.474867Z,3985,75b53a55e8,54,23,Male,White,United States,United States,United States,English,No,Full-Time
66968be534d9b33244d4524a,6695a8e266bee0078c3c11a3,RETURNED,Not Applicable,2024-07-16T15:04:09.684000Z,,,2024-07-21T21:33:07.910003Z,,,60,CONSENT_REVOKED,CONSENT_REVOKED,CONSENT_REVOKED,CONSENT_REVOKED,CONSENT_REVOKED,CONSENT_REVOKED,CONSENT_REVOKED,CONSENT_REVOKED,CONSENT_REVOKED
66968be7081e30d1588cea12,66675c94f0d8bdf99e7ebdc3,RETURNED,Not Applicable,2024-07-16T15:04:18.010000Z,,,2024-07-21T21:33:07.957201Z,,,64,CONSENT_REVOKED,CONSENT_REVOKED,CONSENT_REVOKED,CONSENT_REVOKED,CONSENT_REVOKED,CONSENT_REVOKED,CONSENT_REVOKED,CONSENT_REVOKED,CONSENT_REVOKED
66968befbbd9aa69fd648662,5fe821174cfb7d1f5b64e0c3,APPROVED,Not Applicable,2024-07-16T15:04:20.067000Z,2024-07-16T15:19:07.840000Z,2024-07-18T14:17:03.028000Z,2024-07-16T15:20:04.332565Z,888,75b53a55e8,734,23,Male,White,United States,United States,United States,English,No,Unemployed (and job seeking)
66968bf23857bea7199e4aa2,66927feeb5bedd35aee3cc5f,APPROVED,Not Applicable,2024-07-16T15:04:33.767000Z,2024-07-16T15:19:25.690000Z,2024-07-18T14:17:03.373000Z,2024-07-16T15:20:09.976935Z,892,75b53a55e8,34,28,Female,White,United States,United States,United States,English,Yes,Unemployed (and job seeking)
66968bf5dfa946499a4e7aed,60c605fdb8d40cddbf88c09b,RETURNED,Not Applicable,2024-07-16T15:04:26.110000Z,,,2024-07-21T21:33:07.944379Z,,,1750,CONSENT_REVOKED,CONSENT_REVOKED,CONSENT_REVOKED,CONSENT_REVOKED,CONSENT_REVOKED,CONSENT_REVOKED,CONSENT_REVOKED,CONSENT_REVOKED,CONSENT_REVOKED
66968bf8cb091d0c1520914a,651086350ae1352d3dc86754,APPROVED,Not Applicable,2024-07-16T15:08:48.562000Z,2024-07-16T15:20:53.749000Z,2024-07-18T14:17:03.749000Z,2024-07-16T15:20:54.500652Z,726,75b53a55e8,516,20,Male,Asian,United States,United States,United States,English,Yes,Unemployed (and job seeking)
66968bf9b7d078d8a3b58700,633c60c8542104d9d06e7090,APPROVED,Not Applicable,2024-07-16T15:04:35.898000Z,2024-07-16T15:23:59.464000Z,2024-07-18T14:17:04.112000Z,2024-07-16T15:24:00.322165Z,1164,75b53a55e8,856,32,Male,White,United States,United States,United States,English,No,Full-Time
66968bfddd32671ac36db3e3,6099366e9f58a0cf8e4d8f43,APPROVED,Not Applicable,2024-07-16T15:04:34.082000Z,2024-07-16T15:20:51.340000Z,2024-07-18T14:17:04.474000Z,2024-07-16T15:20:51.998760Z,978,75b53a55e8,83,26,Female,White,United States,United States,United States,English,Yes,Full-Time
66968c08636b1941e732488b,5e14bd64617219ae6593485a,RETURNED,Not Applicable,2024-07-16T15:04:57.105000Z,,,2024-07-21T21:33:07.969173Z,,,1089,CONSENT_REVOKED,CONSENT_REVOKED,CONSENT_REVOKED,CONSENT_REVOKED,CONSENT_REVOKED,CONSENT_REVOKED,CONSENT_REVOKED,CONSENT_REVOKED,CONSENT_REVOKED
66968c08bbd9aa69fd648667,663ff09867f1a1a41aa009bf,RETURNED,Not Applicable,2024-07-16T15:05:38.731000Z,,,2024-07-21T21:33:07.980469Z,,,32,CONSENT_REVOKED,CONSENT_REVOKED,CONSENT_REVOKED,CONSENT_REVOKED,CONSENT_REVOKED,CONSENT_REVOKED,CONSENT_REVOKED,CONSENT_REVOKED,CONSENT_REVOKED
66968c0963a4a9ad6a597873,66777e5cadf7eb9ad774992a,RETURNED,Not Applicable,2024-07-16T15:07:36.212000Z,,,2024-07-21T21:33:08.015332Z,,,70,CONSENT_REVOKED,CONSENT_REVOKED,CONSENT_REVOKED,CONSENT_REVOKED,CONSENT_REVOKED,CONSENT_REVOKED,CONSENT_REVOKED,CONSENT_REVOKED,CONSENT_REVOKED
66968c09d0c734d429104163,575aee395d55ba0007a2e91d,APPROVED,Not Applicable,2024-07-16T15:04:49.238000Z,2024-07-16T15:30:48.910000Z,2024-07-18T14:17:04.805000Z,2024-07-16T15:33:17.424171Z,1560,75b53a55e8,2947,60,Female,White,United States,United States,United States,English,No,Part-Time
66968c0a21f8b0a4a5cf7671,66549179a1cb5573cc49c790,APPROVED,Not Applicable,2024-07-16T15:04:45.722000Z,2024-07-16T15:20:41.971000Z,2024-07-18T14:17:05.163000Z,2024-07-16T15:20:44.004146Z,957,75b53a55e8,164,45,Female,White,United States,United States,United States,English,No,Part-Time
66968c1287c954d0a1b46cfb,665b01b47b1fe039854a25d3,APPROVED,Not Applicable,2024-07-16T15:04:54.312000Z,2024-07-16T15:18:49.605000Z,2024-07-18T14:17:05.535000Z,2024-07-16T15:19:57.416331Z,836,75b53a55e8,54,22,Male,Mixed,Ghana,United States,United States,English,DATA_EXPIRED,DATA_EXPIRED
66968c1430b7b6f73e2a4c3f,6642412ae7401aa95584210d,RETURNED,Not Applicable,2024-07-16T15:04:52.264000Z,,,2024-07-21T21:33:08.065314Z,,,42,CONSENT_REVOKED,CONSENT_REVOKED,CONSENT_REVOKED,CONSENT_REVOKED,CONSENT_REVOKED,CONSENT_REVOKED,CONSENT_REVOKED,CONSENT_REVOKED,CONSENT_REVOKED
66968c2301821204e8cc9703,5dedf0483711364928753ecd,APPROVED,Not Applicable,2024-07-16T15:05:14.628000Z,2024-07-16T15:18:55.988000Z,2024-07-18T14:17:05.884000Z,2024-07-16T15:19:59.235070Z,822,75b53a55e8,4004,38,Male,Asian,United States,United States,United States,English,DATA_EXPIRED,Full-Time
66968c2c773f66eb300210d0,5aa2dcf36219a30001f57b7e,APPROVED,Not Applicable,2024-07-16T15:05:24.133000Z,2024-07-16T15:16:57.905000Z,2024-07-18T14:17:06.226000Z,2024-07-16T15:19:31.938339Z,694,75b53a55e8,73,45,Male,DATA_EXPIRED,United States,United States,United States,English,No,DATA_EXPIRED
66968c33c48caf6b88e23e75,657081681a9a7ef8f0eecf2e,APPROVED,Not Applicable,2024-07-16T15:05:33.454000Z,2024-07-16T15:19:24.570000Z,2024-07-18T14:17:06.562000Z,2024-07-16T15:20:09.588265Z,832,75b53a55e8,353,30,Female,White,United States,United States,United States,English,No,DATA_EXPIRED
66968c39c3b27d61c4b79f5a,65c10ed3cd19001157ace13a,APPROVED,Not Applicable,2024-07-16T15:05:32.466000Z,2024-07-16T15:32:06.839000Z,2024-07-18T14:17:06.927000Z,2024-07-16T15:33:38.637901Z,1595,75b53a55e8,11,35,Female,Black,United States,United States,United States,English,No,Unemployed (and job seeking)
66968c3ce72ec541d9e79e09,6014213c77aab7396ca3e5a7,APPROVED,Not Applicable,2024-07-16T15:05:37.153000Z,2024-07-16T15:17:23.344000Z,2024-07-18T14:17:07.273000Z,2024-07-16T15:19:39.635624Z,707,75b53a55e8,4933,51,Female,White,United States,United States,United States,English,DATA_EXPIRED,DATA_EXPIRED
66968c6c61891b86aa81bb76,6606c65fd620e051a69806ea,APPROVED,Not Applicable,2024-07-16T15:07:35.678000Z,2024-07-16T15:22:59.505000Z,2024-07-18T14:17:07.624000Z,2024-07-16T15:23:00.019143Z,924,75b53a55e8,112,28,Female,Black,United States,United States,United States,English,DATA_EXPIRED,DATA_EXPIRED
66968c8366739ecdf38a18bb,6054e1ddb68b58dd23242765,APPROVED,Not Applicable,2024-07-16T15:06:47.231000Z,2024-07-16T15:41:09.632000Z,2024-07-18T14:17:07.953000Z,2024-07-16T15:41:11.435979Z,2063,75b53a55e8,4353,37,Male,Mixed,United States,United States,United States,English,DATA_EXPIRED,DATA_EXPIRED
66968cb41db7219a0bfed87e,636719fd55675ab71c8d97fd,APPROVED,Not Applicable,2024-07-16T15:07:38.805000Z,2024-07-16T15:18:32.715000Z,2024-07-18T14:17:08.286000Z,2024-07-16T15:19:53.525826Z,654,75b53a55e8,674,32,Male,Other,United States,United States,United States,English,DATA_EXPIRED,Full-Time
66968cdba6917fb64b1bcad5,66075df395213912ccbfdf0f,RETURNED,Not Applicable,2024-07-16T15:15:12.779000Z,,,2024-07-21T21:33:08.065523Z,,,771,CONSENT_REVOKED,CONSENT_REVOKED,CONSENT_REVOKED,CONSENT_REVOKED,CONSENT_REVOKED,CONSENT_REVOKED,CONSENT_REVOKED,CONSENT_REVOKED,CONSENT_REVOKED
66968d230a231ef0e256eb4f,6148ea50509c9ce6c1f023c0,RETURNED,Not Applicable,2024-07-16T15:09:31.148000Z,,,2024-07-21T21:33:08.086069Z,,,1590,CONSENT_REVOKED,CONSENT_REVOKED,CONSENT_REVOKED,CONSENT_REVOKED,CONSENT_REVOKED,CONSENT_REVOKED,CONSENT_REVOKED,CONSENT_REVOKED,CONSENT_REVOKED
66968d58b62d6e64b2654d3c,631b8852e29b89b2a4a7fae9,APPROVED,Not Applicable,2024-07-16T15:10:26.608000Z,2024-07-16T15:19:26.763000Z,2024-07-18T14:17:08.649000Z,2024-07-16T15:20:11.066535Z,541,75b53a55e8,1540,26,Male,White,United States,United States,United States,English,No,Full-Time
66968d5a2d28e9ec23a9b33d,6672211a95a636a7a6de3ad8,APPROVED,Not Applicable,2024-07-16T15:10:21.144000Z,2024-07-16T15:15:43.777000Z,2024-07-18T14:17:09.001000Z,2024-07-16T15:15:49.401614Z,323,75b53a55e8,96,36,Female,White,United States,United States,United States,English,No,"Not in paid work (e.g. homemaker', 'retired or disabled)"
66968d7941b39044aa05f7e3,5d217b2b4f2cea001ae5c626,APPROVED,Not Applicable,2024-07-16T15:11:01.310000Z,2024-07-16T15:23:51.496000Z,2024-07-18T14:17:09.367000Z,2024-07-16T15:23:52.556875Z,771,75b53a55e8,854,20,Male,Mixed,United States,United States,United States,English,No,Unemployed (and job seeking)
66968e632922c154c1481ba9,668d4d9120f2decaefd87f56,APPROVED,Not Applicable,2024-07-16T15:15:53.622000Z,2024-07-16T16:20:01.510000Z,2024-07-18T14:17:09.704000Z,2024-07-16T16:22:03.278248Z,3848,75b53a55e8,53,22,Male,Black,Nigeria,United States,United States,English,DATA_EXPIRED,DATA_EXPIRED
66968ea8728f529e6956bf30,6678b4b376f5a53600732b1f,RETURNED,Not Applicable,2024-07-16T15:15:58.568000Z,,,2024-07-21T21:33:08.100798Z,,,66,CONSENT_REVOKED,CONSENT_REVOKED,CONSENT_REVOKED,CONSENT_REVOKED,CONSENT_REVOKED,CONSENT_REVOKED,CONSENT_REVOKED,CONSENT_REVOKED,CONSENT_REVOKED
66968f959e484c8d3de4a558,664525faa6a8f52f8b5dbe67,RETURNED,Not Applicable,2024-07-16T15:19:52.749000Z,,,2024-07-21T21:33:08.516401Z,,,51,CONSENT_REVOKED,CONSENT_REVOKED,CONSENT_REVOKED,CONSENT_REVOKED,CONSENT_REVOKED,CONSENT_REVOKED,CONSENT_REVOKED,CONSENT_REVOKED,CONSENT_REVOKED
66968fb17144f95b89950aee,6109cbe82b017714005d9a07,APPROVED,Not Applicable,2024-07-16T15:20:23.321000Z,2024-07-16T15:36:10.254000Z,2024-07-18T14:17:10.040000Z,2024-07-16T15:36:10.794567Z,947,75b53a55e8,620,22,Female,Mixed,United States,United States,United States,English,No,DATA_EXPIRED
66968ffff87b4745c0155ffc,63ea5b93d1c6d38e1f57dcfa,APPROVED,Not Applicable,2024-07-16T15:21:38.752000Z,2024-07-16T15:32:15.714000Z,2024-07-18T14:17:10.369000Z,2024-07-16T15:33:40.172960Z,637,75b53a55e8,2362,39,Male,White,United States,United States,United States,English,No,Full-Time
669690b92ccaab0a6dd8cd08,66303e673635423378ae6ac3,APPROVED,Not Applicable,2024-07-16T15:24:47.613000Z,2024-07-16T15:37:24.147000Z,2024-07-18T14:17:10.713000Z,2024-07-16T15:37:24.767126Z,757,75b53a55e8,283,19,Female,White,United States,United States,United States,English,No,Unemployed (and job seeking)
66969235b10463712e8155d0,5bca67940f10750001d75f9f,APPROVED,Not Applicable,2024-07-16T15:31:06.406000Z,2024-07-16T15:55:53.824000Z,2024-07-18T14:17:11.353000Z,2024-07-16T15:55:59.487353Z,1488,75b53a55e8,2199,36,Female,Black,United States,United States,United States,English,DATA_EXPIRED,Part-Time
6696958b0bd66fbb3a38e162,6660b207ce9640152c27f846,RETURNED,Not Applicable,2024-07-16T15:45:19.585000Z,,,2024-07-21T21:33:08.147156Z,,,77,CONSENT_REVOKED,CONSENT_REVOKED,CONSENT_REVOKED,CONSENT_REVOKED,CONSENT_REVOKED,CONSENT_REVOKED,CONSENT_REVOKED,CONSENT_REVOKED,CONSENT_REVOKED
6696958b1c22190505a0912e,66697feac4c3bc98619563af,APPROVED,Not Applicable,2024-07-16T15:45:18.785000Z,2024-07-16T16:01:50.485000Z,2024-07-18T14:17:11.682000Z,2024-07-16T16:01:51.497615Z,992,75b53a55e8,150,40,Male,Mixed,United States,United States,United States,English,No,Full-Time
669695c19de792bb1868175d,6687fe2cb3a57f699aeefef0,APPROVED,Not Applicable,2024-07-16T15:46:42.335000Z,2024-07-16T16:25:05.161000Z,2024-07-18T14:17:12.050000Z,2024-07-16T16:25:06.489967Z,2303,75b53a55e8,22,26,Male,Black,United States,United States,United States,English,Yes,Full-Time
669695d4464608a7474e6445,6655f4e739c184fe55b65548,RETURNED,Not Applicable,2024-07-16T15:47:29.024000Z,,,2024-07-21T21:33:08.200783Z,,,226,CONSENT_REVOKED,CONSENT_REVOKED,CONSENT_REVOKED,CONSENT_REVOKED,CONSENT_REVOKED,CONSENT_REVOKED,CONSENT_REVOKED,CONSENT_REVOKED,CONSENT_REVOKED
669696e0ba3067bbd521fe44,665c738a0fa99b0a682780f2,APPROVED,Not Applicable,2024-07-16T15:51:00.425000Z,2024-07-16T16:05:25.182000Z,2024-07-18T14:17:12.970000Z,2024-07-16T16:07:15.616582Z,865,75b53a55e8,72,43,Male,White,United States,United States,United States,English,No,Full-Time
66969914cb7c21aad96b271b,58595b56a3149800011e156e,APPROVED,Not Applicable,2024-07-16T16:00:28.466000Z,2024-07-16T16:13:54.542000Z,2024-07-18T14:17:13.511000Z,2024-07-16T16:13:55.485674Z,807,75b53a55e8,5203,53,Female,White,United States,United States,United States,English,No,Full-Time
6696991721e4f92ad108ebfd,60e755dd08b47aac26807cd9,APPROVED,Not Applicable,2024-07-16T16:00:33.167000Z,2024-07-16T16:25:19.056000Z,2024-07-18T14:17:13.824000Z,2024-07-16T16:25:20.822912Z,1486,75b53a55e8,1993,40,Female,White,United States,United States,United States,English,No,"Not in paid work (e.g. homemaker', 'retired or disabled)"
66969917ad541c83f33a5bf9,66736ad2b28d09d9e26164e4,APPROVED,Not Applicable,2024-07-16T16:00:29.107000Z,2024-07-16T16:13:42.537000Z,2024-07-18T14:17:14.164000Z,2024-07-16T16:13:43.561923Z,794,75b53a55e8,137,21,Prefer not to say,Other,United States,United States,United States,English,Yes,Part-Time
66969c0b83f4e0939965a29d,633c74ad6178784ed5b52104,RETURNED,Not Applicable,2024-07-16T16:13:03.317000Z,,,2024-07-21T21:33:08.254670Z,,,4686,CONSENT_REVOKED,CONSENT_REVOKED,CONSENT_REVOKED,CONSENT_REVOKED,CONSENT_REVOKED,CONSENT_REVOKED,CONSENT_REVOKED,CONSENT_REVOKED,CONSENT_REVOKED
66969c28bda2b447a7e41c56,608f39d2c76e436967135846,APPROVED,Not Applicable,2024-07-16T16:13:31.191000Z,2024-07-16T16:25:03.718000Z,2024-07-18T14:17:14.481000Z,2024-07-16T16:25:06.765889Z,693,75b53a55e8,4016,31,Male,White,United States,United States,United States,English,No,Full-Time
66969c92fbe516ca850c4dee,665f8460cb17ece2fa679d4a,RETURNED,Not Applicable,2024-07-16T16:15:18.404000Z,,,2024-07-21T21:33:08.331978Z,,,176,CONSENT_REVOKED,CONSENT_REVOKED,CONSENT_REVOKED,CONSENT_REVOKED,CONSENT_REVOKED,CONSENT_REVOKED,CONSENT_REVOKED,CONSENT_REVOKED,CONSENT_REVOKED
66969c9593a758d62a29cc43,5cf6150ce42af100015a90c4,APPROVED,Not Applicable,2024-07-16T16:15:29.052000Z,2024-07-16T16:37:43.247000Z,2024-07-18T14:17:14.790000Z,2024-07-16T16:39:41.737158Z,1335,75b53a55e8,3546,54,Female,White,United States,United States,United States,English,No,Part-Time
66969cd05a22d6e22004c48a,6135752aa4ee5158b0708670,APPROVED,Not Applicable,2024-07-16T16:17:45.098000Z,2024-07-16T17:08:51.447000Z,2024-07-18T14:17:15.120000Z,2024-07-16T17:11:25.423693Z,3067,75b53a55e8,1475,33,Male,White,United States,United States,United States,English,DATA_EXPIRED,DATA_EXPIRED
6696a018caf91235152dd26e,665e750c97f12272bd9ab99e,RETURNED,Not Applicable,2024-07-16T16:30:21.808000Z,,,2024-07-21T21:33:08.357014Z,,,379,CONSENT_REVOKED,CONSENT_REVOKED,CONSENT_REVOKED,CONSENT_REVOKED,CONSENT_REVOKED,CONSENT_REVOKED,CONSENT_REVOKED,CONSENT_REVOKED,CONSENT_REVOKED
6696a01b1cece21fe0648769,5c0fe7f16d1ac9000101b01d,APPROVED,Not Applicable,2024-07-16T16:30:27.294000Z,2024-07-16T16:42:14.973000Z,2024-07-18T14:17:15.454000Z,2024-07-16T16:42:15.482225Z,708,75b53a55e8,117,23,Male,Asian,United States,United States,Hong Kong,Cantonese,Yes,DATA_EXPIRED
6696a01cd654917158d4c4d8,6668b826a55be64fb7980032,RETURNED,Not Applicable,2024-07-16T16:30:31.763000Z,,,2024-07-21T21:33:08.376622Z,,,100,CONSENT_REVOKED,CONSENT_REVOKED,CONSENT_REVOKED,CONSENT_REVOKED,CONSENT_REVOKED,CONSENT_REVOKED,CONSENT_REVOKED,CONSENT_REVOKED,CONSENT_REVOKED
6696a1067e062cdc8e607e19,6664b8146408ebc8a3d7ea6e,APPROVED,Not Applicable,2024-07-16T16:38:00.081000Z,2024-07-16T17:37:25.951000Z,2024-07-18T14:17:15.812000Z,2024-07-16T17:37:29.448926Z,3566,75b53a55e8,165,31,Female,White,DATA_EXPIRED,United States,United States,English,DATA_EXPIRED,DATA_EXPIRED
6696a4fa558a25186738e552,663a5d3e48441f253cc57071,APPROVED,Not Applicable,2024-07-16T16:51:14.257000Z,2024-07-16T17:02:43.846000Z,2024-07-18T14:17:16.143000Z,2024-07-16T17:02:56.919903Z,690,75b53a55e8,283,24,Male,White,United States,United States,United States,English,No,Unemployed (and job seeking)
6697e16c8593dcbd510f3b4a,667c55ee48226a91545da55b,APPROVED,Not Applicable,2024-07-17T15:21:29.324000Z,2024-07-17T15:33:47.104000Z,2024-07-18T14:17:16.474000Z,2024-07-17T15:37:06.427885Z,738,75b53a55e8.,33,26,Male,White,United States,United States,United States,English,No,Part-Time
6697e17ef11dd4793f1d1fce,664a1fea9fd89ebf8bb93a5e,APPROVED,Not Applicable,2024-07-17T15:22:33.061000Z,2024-07-17T15:43:39.238000Z,2024-07-18T14:17:16.789000Z,2024-07-17T15:43:39.814166Z,1267,75b53a55e8,122,31,Male,White,United States,United States,United States,English,No,Full-Time
6697e62301e58413b41096a6,5d22a0930a59e300199957e1,APPROVED,Not Applicable,2024-07-17T15:41:31.193000Z,2024-07-17T16:13:19.536000Z,2024-07-18T14:17:17.102000Z,2024-07-17T16:13:20.445132Z,1909,75b53a55e8,1295,40,Female,White,United States,United States,United States,English,No,Full-Time
6697e8d0bea62f0d1fc3ff70,5aa69293f6dfdd0001eb03ec,APPROVED,Not Applicable,2024-07-17T15:52:56.398000Z,2024-07-17T16:11:47.282000Z,2024-07-18T14:17:17.362000Z,2024-07-17T16:11:47.813443Z,1131,75b53a55e8,990,31,Male,White,United States,United States,United States,English,DATA_EXPIRED,DATA_EXPIRED
6697e8d54ef932297150a83d,59a6d98590dec70001731889,RETURNED,Not Applicable,2024-07-17T15:52:58.658000Z,,,2024-07-21T21:33:08.413332Z,,,593,CONSENT_REVOKED,CONSENT_REVOKED,CONSENT_REVOKED,CONSENT_REVOKED,CONSENT_REVOKED,CONSENT_REVOKED,CONSENT_REVOKED,CONSENT_REVOKED,CONSENT_REVOKED
6697e8de17421471e2e0876a,6294c3853d7d999b10bd034e,RETURNED,Not Applicable,2024-07-17T15:53:08.833000Z,,,2024-07-21T21:33:08.491146Z,,,538,CONSENT_REVOKED,CONSENT_REVOKED,CONSENT_REVOKED,CONSENT_REVOKED,CONSENT_REVOKED,CONSENT_REVOKED,CONSENT_REVOKED,CONSENT_REVOKED,CONSENT_REVOKED
6697e9029bb2a270f2bbd1a8,66720f23c06623d0d57adcdb,RETURNED,Not Applicable,2024-07-17T15:53:45.343000Z,,,2024-07-21T21:33:08.539895Z,,,105,CONSENT_REVOKED,CONSENT_REVOKED,CONSENT_REVOKED,CONSENT_REVOKED,CONSENT_REVOKED,CONSENT_REVOKED,CONSENT_REVOKED,CONSENT_REVOKED,CONSENT_REVOKED
6697e9857c5c3d06256d1f69,5c4c8b7dd7c97200012952e6,RETURNED,Not Applicable,2024-07-17T15:55:55.575000Z,,,2024-07-21T21:33:08.564186Z,,,2458,CONSENT_REVOKED,CONSENT_REVOKED,CONSENT_REVOKED,CONSENT_REVOKED,CONSENT_REVOKED,CONSENT_REVOKED,CONSENT_REVOKED,CONSENT_REVOKED,CONSENT_REVOKED
6697e9aac1c2b3ee01a0e8f6,5e8eab0540aaf41584d9b1b9,APPROVED,Not Applicable,2024-07-17T15:56:33.302000Z,2024-07-17T16:12:08.147000Z,2024-07-18T14:17:17.688000Z,2024-07-17T16:12:08.855720Z,935,75b53a55e8,2797,35,Female,White,United States,United States,United States,English,DATA_EXPIRED,Full-Time
6697ea0ec674a438c48ebd63,5bf55a643a426e00019e3990,RETURNED,Not Applicable,2024-07-17T15:58:14.128000Z,,,2024-07-21T21:33:08.574950Z,,,7225,CONSENT_REVOKED,CONSENT_REVOKED,CONSENT_REVOKED,CONSENT_REVOKED,CONSENT_REVOKED,CONSENT_REVOKED,CONSENT_REVOKED,CONSENT_REVOKED,CONSENT_REVOKED
6697eaa7473aa5218aabe07a,64e275237a4db6f6038b40f4,RETURNED,Not Applicable,2024-07-17T16:01:59.886000Z,,,2024-07-21T21:33:08.600445Z,,,374,CONSENT_REVOKED,CONSENT_REVOKED,CONSENT_REVOKED,CONSENT_REVOKED,CONSENT_REVOKED,CONSENT_REVOKED,CONSENT_REVOKED,CONSENT_REVOKED,CONSENT_REVOKED
6697eb28f1e8d23ca9b73cac,63eafad399e87039254d1078,APPROVED,Not Applicable,2024-07-17T16:02:57.497000Z,2024-07-17T17:02:53.643000Z,2024-07-18T14:17:18.040000Z,2024-07-17T17:04:10.499453Z,3597,75b53a55e8,771,22,Female,White,United States,United States,United States,English,DATA_EXPIRED,DATA_EXPIRED
6697eb31b979df615b27531c,668c1dd89b529a557e592650,APPROVED,Not Applicable,2024-07-17T16:03:03.487000Z,2024-07-17T16:21:02.287000Z,2024-07-18T14:17:18.414000Z,2024-07-17T16:21:46.288690Z,1079,75b53a55e8,8,27,Male,White,United States,United States,United States,English,No,Unemployed (and job seeking)
6697ecb367745ab587ae7b64,5b64cf6dae3bd50001a2b142,APPROVED,Not Applicable,2024-07-17T16:09:25.806000Z,2024-07-17T16:32:25.991000Z,2024-07-18T14:17:18.751000Z,2024-07-17T16:34:30.922340Z,1381,75b53a55e8,2492,24,Male,White,United States,United States,United States,English,No,Unemployed (and job seeking)
66abcfce755b2d0c913dd54a,663ad7dd98583bf3b13bc1a6,RETURNED,Not Applicable,2024-08-01T18:11:31.726000Z,,,2024-09-06T15:40:43.793375Z,,,302,CONSENT_REVOKED,CONSENT_REVOKED,CONSENT_REVOKED,CONSENT_REVOKED,CONSENT_REVOKED,CONSENT_REVOKED,CONSENT_REVOKED,CONSENT_REVOKED,CONSENT_REVOKED
66abd04d7b9fbb1e1cf09e00,6563701102ffa5d7cf3a8eb6,RETURNED,Not Applicable,2024-08-01T18:13:40.795000Z,,,2024-09-06T15:40:43.823994Z,,,563,CONSENT_REVOKED,CONSENT_REVOKED,CONSENT_REVOKED,CONSENT_REVOKED,CONSENT_REVOKED,CONSENT_REVOKED,CONSENT_REVOKED,CONSENT_REVOKED,CONSENT_REVOKED
66abd0c2c197bb3009be1f14,63e5265622755388a4386a00,APPROVED,Not Applicable,2024-08-01T18:15:40.385000Z,2024-08-01T18:31:36.683000Z,2024-08-12T20:48:45.638000Z,2024-08-01T18:31:37.333994Z,957,75b53a55e8,367,35,Male,White,United States,United States,United States,English,No,Full-Time
66967cddf348d5bb472a334a,664ea4b990f66846ba86f7a9,APPROVED,Not Applicable,2024-07-16T14:00:01.798000Z,2024-07-16T14:19:24.098000Z,2024-07-18T14:17:24.360000Z,2024-07-16T14:19:41.294000Z,1163,75b53a55e8,37,DATA_EXPIRED,DATA_EXPIRED,DATA_EXPIRED,DATA_EXPIRED,DATA_EXPIRED,DATA_EXPIRED,DATA_EXPIRED,DATA_EXPIRED,DATA_EXPIRED
6696804dbf0aa1fd118b9926,66966fad98106a1e8e7ad2b0,APPROVED,Not Applicable,2024-07-16T14:14:43.107000Z,,,2024-07-21T21:33:05.201000Z,47716656,,5,DATA_EXPIRED,DATA_EXPIRED,DATA_EXPIRED,DATA_EXPIRED,DATA_EXPIRED,DATA_EXPIRED,DATA_EXPIRED,DATA_EXPIRED,DATA_EXPIRED
6696809b531e27b7d4b083d6,665486ff3c4a8e9803a306cb,APPROVED,Not Applicable,2024-07-16T14:16:06.804000Z,2024-07-16T14:41:25.573000Z,2024-07-18T14:17:27.445000Z,2024-07-16T14:41:26.220000Z,1519,75b53a55e8,56,DATA_EXPIRED,DATA_EXPIRED,DATA_EXPIRED,DATA_EXPIRED,DATA_EXPIRED,DATA_EXPIRED,DATA_EXPIRED,DATA_EXPIRED,DATA_EXPIRED
669688cfccd4dbac21ab1618,66852d80a998d7b2954aa0c7,RETURNED,Not Applicable,2024-07-16T14:51:00.914000Z,,,2024-07-21T21:33:06.703000Z,,,68,CONSENT_REVOKED,CONSENT_REVOKED,CONSENT_REVOKED,CONSENT_REVOKED,CONSENT_REVOKED,CONSENT_REVOKED,CONSENT_REVOKED,CONSENT_REVOKED,CONSENT_REVOKED
669688dbefd1ea98fdf8924f,66843056bc938d6ea56624d2,RETURNED,Not Applicable,2024-07-16T14:51:11.723000Z,,,2024-07-21T21:33:06.739000Z,,,68,CONSENT_REVOKED,CONSENT_REVOKED,CONSENT_REVOKED,CONSENT_REVOKED,CONSENT_REVOKED,CONSENT_REVOKED,CONSENT_REVOKED,CONSENT_REVOKED,CONSENT_REVOKED
669688e916a6a5c6b2b2fb48,66548eb2908b4be741dcc728,RETURNED,Not Applicable,2024-07-16T14:52:02.880000Z,,,2024-07-21T21:33:06.716000Z,,,97,CONSENT_REVOKED,CONSENT_REVOKED,CONSENT_REVOKED,CONSENT_REVOKED,CONSENT_REVOKED,CONSENT_REVOKED,CONSENT_REVOKED,CONSENT_REVOKED,CONSENT_REVOKED
669689c0c68172a237aeae5a,660c5113c7b0ea7f40a99423,APPROVED,Not Applicable,2024-07-16T14:55:02.003000Z,,,2024-07-21T21:33:06.967000Z,47714237,75b53a55e8,44,DATA_EXPIRED,DATA_EXPIRED,DATA_EXPIRED,DATA_EXPIRED,DATA_EXPIRED,DATA_EXPIRED,DATA_EXPIRED,DATA_EXPIRED,DATA_EXPIRED
669689ff96fddc122bcaf19b,66916e67c411bda01c7fa63b,APPROVED,Not Applicable,2024-07-16T14:56:07.156000Z,2024-07-16T15:42:30.471000Z,2024-07-18T14:18:17.643000Z,2024-07-16T15:42:58.243000Z,2784,75b53a55e8,5,DATA_EXPIRED,DATA_EXPIRED,DATA_EXPIRED,DATA_EXPIRED,DATA_EXPIRED,DATA_EXPIRED,DATA_EXPIRED,DATA_EXPIRED,DATA_EXPIRED
66968ae65440c2a4b348dde6,668d622d885ecaee43b113bf,APPROVED,Not Applicable,2024-07-16T15:00:38.424000Z,2024-07-16T15:16:01.511000Z,2024-07-18T14:16:42.683000Z,2024-07-16T15:16:02.467000Z,924,75b53a55e8,54,DATA_EXPIRED,DATA_EXPIRED,DATA_EXPIRED,DATA_EXPIRED,DATA_EXPIRED,DATA_EXPIRED,DATA_EXPIRED,DATA_EXPIRED,DATA_EXPIRED