Submission id,Participant id,Status,Custom study tncs accepted at,Started at,Completed at,Reviewed at,Archived at,Time taken,Completion code,Total approvals,Age,Sex,Ethnicity simplified,Country of birth,Country of residence,Nationality,Language,Student status,Employment status
6761c6984e755a645d3b0f1a,6760b0825ab03ca48d4fb0de,RETURNED,Not Applicable,2024-12-17T18:45:04.291000Z,,,2025-01-23T16:36:11.837874Z,,,114,CONSENT_REVOKED,CONSENT_REVOKED,CONSENT_REVOKED,CONSENT_REVOKED,CONSENT_REVOKED,CONSENT_REVOKED,CONSENT_REVOKED,CONSENT_REVOKED,CONSENT_REVOKED
6761c852e66095147a3ab17f,67608004b8cb161b6e5d3fe4,RETURNED,Not Applicable,2024-12-17T18:52:09.131000Z,,,2025-01-23T16:36:12.926301Z,,,164,CONSENT_REVOKED,CONSENT_REVOKED,CONSENT_REVOKED,CONSENT_REVOKED,CONSENT_REVOKED,CONSENT_REVOKED,CONSENT_REVOKED,CONSENT_REVOKED,CONSENT_REVOKED
6761c8556c80c2a7a629141d,663114bcf4289f80fd9f7a4d,APPROVED,Not Applicable,2024-12-17T18:54:01.867000Z,2024-12-17T19:16:16.459000Z,2025-01-07T11:45:34.672000Z,2024-12-17T19:18:39.067338Z,1335.0,75b53a55e8,1064,30,Male,Mixed,Nigeria,United States,United States,English,DATA_EXPIRED,DATA_EXPIRED
6761c85962663f99adf20f49,663e5bec6ff4d08e75468e28,APPROVED,Not Applicable,2024-12-17T18:52:14.026000Z,2024-12-17T19:07:32.178000Z,2025-01-07T11:45:35.048000Z,2024-12-17T19:07:32.857465Z,919.0,75b53a55e8,981,33,Female,White,United States,United States,United States,English,No,Full-Time
6761c87829e78a4fde2db404,58d1f1038084450001956fdc,APPROVED,Not Applicable,2024-12-17T18:52:44.894000Z,2024-12-17T19:05:02.798000Z,2025-01-07T11:45:35.480000Z,2024-12-17T19:05:03.602387Z,738.0,75b53a55e8,6,35,Male,White,United States,United States,United States,English,No,DATA_EXPIRED
6761c8feb1e987a05b052528,63c3164c08ff110d63b44dc6,APPROVED,Not Applicable,2024-12-17T18:55:03.806000Z,2024-12-17T19:27:02.433000Z,2025-01-07T11:45:35.816000Z,2024-12-17T19:27:03.257647Z,1919.0,75b53a55e8,301,34,Male,White,United States,United States,United States,English,DATA_EXPIRED,DATA_EXPIRED
6761d061236cc6fc449d21fe,674e07928a5a1a7f276fa7dc,APPROVED,Not Applicable,2024-12-17T19:26:30.365000Z,2024-12-17T19:38:41.730000Z,2025-01-07T11:45:36.168000Z,2024-12-17T19:38:42.843126Z,732.0,75b53a55e8,43,24,Female,White,United States,United States,United States,English,No,DATA_EXPIRED
677eb83ab2be84ca838d238d,5484620efdf99b0379939c6a,APPROVED,Not Applicable,2025-01-08T17:39:16.841000Z,2025-01-08T17:57:02.302000Z,2025-01-16T17:00:15.599000Z,2025-01-08T17:57:07.594975Z,1066.0,75b53a55e8,7211,64,Male,White,United States,United States,United States,English,No,Part-Time
677eb86a1bdd678c25e2d25c,66924f47a9958f19ad83f6b8,RETURNED,Not Applicable,2025-01-08T17:39:54.638000Z,,,2025-01-23T16:36:11.897286Z,,,434,CONSENT_REVOKED,CONSENT_REVOKED,CONSENT_REVOKED,CONSENT_REVOKED,CONSENT_REVOKED,CONSENT_REVOKED,CONSENT_REVOKED,CONSENT_REVOKED,CONSENT_REVOKED
677eb8cbdffc85ff65ad479d,675ea5ea3de7018199741237,APPROVED,Not Applicable,2025-01-08T17:41:36.593000Z,2025-01-08T17:53:49.070000Z,2025-01-16T17:00:15.840000Z,2025-01-08T17:53:49.745364Z,733.0,75b53a55e8,101,22,Male,Black,Ghana,United States,United States,English,Yes,Part-Time
677eb8e0207f4228bbad46f8,67750756c49f5fc0fd0c49f7,RETURNED,Not Applicable,2025-01-08T17:42:28.585000Z,,,2025-01-23T16:36:11.957931Z,,,55,CONSENT_REVOKED,CONSENT_REVOKED,CONSENT_REVOKED,CONSENT_REVOKED,CONSENT_REVOKED,CONSENT_REVOKED,CONSENT_REVOKED,CONSENT_REVOKED,CONSENT_REVOKED
677eb8ff69b1a9fcfa549de6,677571935c8814b117d5a6f8,APPROVED,Not Applicable,2025-01-08T17:42:29.999000Z,2025-01-08T17:52:58.368000Z,2025-01-16T17:00:16.065000Z,2025-01-08T17:52:59.445165Z,629.0,75b53a55e8,9,23,Male,White,United States,United States,United States,English,No,DATA_EXPIRED
677eb973c18b61dd65d7f3b5,66eb1a41306925cf993d6490,APPROVED,Not Applicable,2025-01-08T17:44:24.185000Z,2025-01-08T17:58:50.080000Z,2025-01-16T17:00:16.271000Z,2025-01-08T17:58:52.943588Z,866.0,75b53a55e8,651,36,Male,White,United States,United States,United States,English,No,Unemployed (and job seeking)
677eb98070a9fcb20dc5590e,67782acdee0e47624fa89ca8,APPROVED,Not Applicable,2025-01-08T17:44:38.374000Z,2025-01-08T17:59:41.753000Z,2025-01-16T17:00:16.484000Z,2025-01-08T17:59:42.485994Z,904.0,75b53a55e8,9,21,Female,White,United States,United States,United States,English,Yes,Part-Time
677eb983563e43ca6eb5f561,6739559ee1d6d5430034413f,RETURNED,Not Applicable,2025-01-08T17:44:46.852000Z,,,2025-01-23T16:36:12.097470Z,,,181,CONSENT_REVOKED,CONSENT_REVOKED,CONSENT_REVOKED,CONSENT_REVOKED,CONSENT_REVOKED,CONSENT_REVOKED,CONSENT_REVOKED,CONSENT_REVOKED,CONSENT_REVOKED
677eb985b4d1f0e88d373ff5,611377497bdc630aedb0c1a7,APPROVED,Not Applicable,2025-01-08T17:44:45.062000Z,2025-01-08T17:58:22.856000Z,2025-01-16T17:00:16.684000Z,2025-01-08T17:58:28.479764Z,818.0,75b53a55e8,3560,24,Female,Black,United States,United States,United States,English,DATA_EXPIRED,DATA_EXPIRED
677eb994a6ed2f197860e0da,6692cfbe7457b19a1ac85192,APPROVED,Not Applicable,2025-01-08T17:48:28.130000Z,2025-01-08T18:26:27.727000Z,2025-01-16T17:00:16.885000Z,2025-01-08T18:26:28.510319Z,2280.0,75b53a55e8,471,18,Male,White,United States,United States,United States,English,Yes,Part-Time
677eb9b5f492090a1829de18,6627e29477d23bd171a6728a,APPROVED,Not Applicable,2025-01-08T17:49:23.110000Z,2025-01-08T18:06:44.019000Z,2025-01-16T17:00:17.561000Z,2025-01-08T18:08:11.357296Z,1041.0,75b53a55e8,1072,43,Male,White,United States,United States,United States,English,No,Full-Time
677eb9bb83b5371ebb4e84ed,677c589b8e86802cbcd1097d,APPROVED,Not Applicable,2025-01-08T17:45:39.871000Z,2025-01-08T18:01:04.883000Z,2025-01-16T17:00:18.084000Z,2025-01-08T18:01:05.461195Z,926.0,75b53a55e8,1,21,Male,White,United States,United States,United States,English,DATA_EXPIRED,DATA_EXPIRED
677eb9f129e1166620186a6f,6753621d69170aafdfccf004,RETURNED,Not Applicable,2025-01-08T17:46:53.693000Z,,,2025-01-23T16:36:12.006472Z,,,66,CONSENT_REVOKED,CONSENT_REVOKED,CONSENT_REVOKED,CONSENT_REVOKED,CONSENT_REVOKED,CONSENT_REVOKED,CONSENT_REVOKED,CONSENT_REVOKED,CONSENT_REVOKED
677eb9f7cd1e457e80bd6403,675c59a51bbd4e232d192665,RETURNED,Not Applicable,2025-01-08T17:46:31.704000Z,,,2025-01-23T16:36:12.064443Z,,,77,CONSENT_REVOKED,CONSENT_REVOKED,CONSENT_REVOKED,CONSENT_REVOKED,CONSENT_REVOKED,CONSENT_REVOKED,CONSENT_REVOKED,CONSENT_REVOKED,CONSENT_REVOKED
677eba128287bfab9711d765,66a57a8aa709312db9ddd8b2,APPROVED,Not Applicable,2025-01-08T17:47:06.213000Z,2025-01-08T18:05:45.865000Z,2025-01-16T17:00:18.401000Z,2025-01-08T18:08:01.764260Z,1120.0,75b53a55e8,807,46,Female,White,United States,United States,United States,English,No,"Not in paid work (e.g. homemaker', 'retired or disabled)"
677eba2c439ced98417d708e,5e6e93825712a9456c70a80d,APPROVED,Not Applicable,2025-01-08T17:50:04.316000Z,2025-01-08T18:08:43.651000Z,2025-01-16T17:00:18.663000Z,2025-01-08T18:08:45.388410Z,1120.0,75b53a55e8,276,19,Male,Other,United States,United States,United States,English,Yes,Unemployed (and job seeking)
677eba3088e433abef82c213,5ef246c6d2b9060809858e7e,APPROVED,Not Applicable,2025-01-08T17:47:35.341000Z,2025-01-08T18:25:23.820000Z,2025-01-16T17:00:18.864000Z,2025-01-08T18:25:24.416171Z,2269.0,75b53a55e8,5634,25,Female,White,United States,United States,United States,English,No,DATA_EXPIRED
677eba368549d38c52186a3e,672bb0f2cac202f5f2fdd3ce,RETURNED,Not Applicable,2025-01-08T17:47:42.558000Z,2025-01-08T17:49:32.468000Z,,2025-01-23T16:36:12.111309Z,,NOCODE,251,CONSENT_REVOKED,CONSENT_REVOKED,CONSENT_REVOKED,CONSENT_REVOKED,CONSENT_REVOKED,CONSENT_REVOKED,CONSENT_REVOKED,CONSENT_REVOKED,CONSENT_REVOKED
677eba3983b5371ebb4e850a,66bd0b8a2d07447ae9a52ec3,APPROVED,Not Applicable,2025-01-08T17:47:54.234000Z,2025-01-08T18:51:46.702000Z,2025-01-16T17:00:19.063000Z,2025-01-08T18:51:47.367411Z,3833.0,75b53a55e8,515,34,Female,White,United States,United States,United States,English,No,Unemployed (and job seeking)
677eba48d466a789d0762c77,667203ff37b522399f42d62f,APPROVED,Not Applicable,2025-01-08T17:48:18.439000Z,2025-01-08T18:23:42.387000Z,2025-01-16T17:00:19.260000Z,2025-01-08T18:23:43.258573Z,2124.0,75b53a55e8,648,44,Female,White,United States,United States,United States,English,DATA_EXPIRED,DATA_EXPIRED
677eba4a0772a0a477c2c5f8,667f0ac319fd96374a8c5c52,APPROVED,Not Applicable,2025-01-08T17:48:30.215000Z,2025-01-08T18:01:54.694000Z,2025-01-16T17:00:19.451000Z,2025-01-08T18:01:55.230041Z,805.0,75b53a55e8,347,29,Female,White,United States,United States,United States,English,No,Part-Time
677eba4a4b7b227c5fe87133,6753423702f6ca2774a506bf,APPROVED,Not Applicable,2025-01-08T17:48:00.846000Z,2025-01-08T17:59:21.986000Z,2025-01-16T17:00:19.653000Z,2025-01-08T17:59:23.099763Z,682.0,75b53a55e8,72,18,Female,White,United States,United States,United States,English,Yes,"Not in paid work (e.g. homemaker', 'retired or disabled)"
677eba4d1b28954d0ff4eef7,5d617ba9364f9a0019f1dac3,APPROVED,Not Applicable,2025-01-08T17:47:57.783000Z,2025-01-08T17:57:56.073000Z,2025-01-16T17:00:19.854000Z,2025-01-08T17:58:06.037307Z,599.0,75b53a55e8,7913,38,Female,Asian,Japan,United States,United States,Japanese,No,DATA_EXPIRED
677eba4d284cce5c4f9782aa,675c0a3fa6d0cdf0336b9249,REJECTED,Not Applicable,2025-01-08T17:48:14.018000Z,2025-01-08T17:50:29.653000Z,2025-01-21T17:29:52.353000Z,2025-01-23T16:36:12.201304Z,136.0,NOCODE,47,CONSENT_REVOKED,CONSENT_REVOKED,CONSENT_REVOKED,CONSENT_REVOKED,CONSENT_REVOKED,CONSENT_REVOKED,CONSENT_REVOKED,CONSENT_REVOKED,CONSENT_REVOKED
677eba508501716c0a5d077a,674eb1644c600180e2e63890,RETURNED,Not Applicable,2025-01-08T17:48:08.370000Z,,,2025-01-23T16:36:12.129297Z,,,102,CONSENT_REVOKED,CONSENT_REVOKED,CONSENT_REVOKED,CONSENT_REVOKED,CONSENT_REVOKED,CONSENT_REVOKED,CONSENT_REVOKED,CONSENT_REVOKED,CONSENT_REVOKED
677eba512fc7205daf74550e,673dd441b7d6bcb87993d1bf,APPROVED,Not Applicable,2025-01-08T17:50:02.363000Z,2025-01-08T18:07:14.616000Z,2025-01-16T17:00:20.053000Z,2025-01-08T18:08:16.666158Z,1033.0,75b53a55e8,142,37,Male,White,United States,United States,United States,English,No,Full-Time
677eba51f936d592dfd26a38,67491931a7570d55f1ef5729,APPROVED,Not Applicable,2025-01-08T17:48:01.887000Z,2025-01-08T17:59:02.577000Z,2025-01-16T17:00:20.257000Z,2025-01-08T17:59:04.270894Z,661.0,75b53a55e8,196,33,Male,White,United States,United States,United States,English,No,Unemployed (and job seeking)
677eba52cbe86ff8992a581b,676a9042055abece2322c8c0,RETURNED,Not Applicable,2025-01-08T17:48:49.044000Z,,,2025-01-23T16:36:12.208531Z,,,40,CONSENT_REVOKED,CONSENT_REVOKED,CONSENT_REVOKED,CONSENT_REVOKED,CONSENT_REVOKED,CONSENT_REVOKED,CONSENT_REVOKED,CONSENT_REVOKED,CONSENT_REVOKED
677eba53823bd996f72bedc5,674de61e26be58af3779894a,RETURNED,Not Applicable,2025-01-08T17:48:10.222000Z,,,2025-01-23T16:36:12.214261Z,,,180,CONSENT_REVOKED,CONSENT_REVOKED,CONSENT_REVOKED,CONSENT_REVOKED,CONSENT_REVOKED,CONSENT_REVOKED,CONSENT_REVOKED,CONSENT_REVOKED,CONSENT_REVOKED
677eba53d40349565b2a4219,674b3b45f390921a88f24747,APPROVED,Not Applicable,2025-01-08T17:48:12.317000Z,2025-01-08T18:00:00.411000Z,2025-01-16T17:00:20.461000Z,2025-01-08T18:00:05.251172Z,709.0,75b53a55e8,179,34,Male,White,United States,United States,Switzerland,English,No,Full-Time
677eba55174e825d441e164f,66aa826226ace74112a5a24f,APPROVED,Not Applicable,2025-01-08T17:49:28.729000Z,2025-01-08T18:19:53.018000Z,2025-01-16T17:00:20.693000Z,2025-01-08T18:19:54.435413Z,1825.0,75b53a55e8.,926,34,Female,Black,United States,United States,United States,English,Yes,Full-Time
677eba595982e67b31006ec1,581e0aee4182b600017307ea,APPROVED,Not Applicable,2025-01-08T17:49:59.292000Z,2025-01-08T18:11:03.674000Z,2025-01-16T17:00:20.966000Z,2025-01-08T18:11:05.157679Z,1265.0,75b53a55e8,7014,52,Male,White,United States,United States,United States,English,No,Part-Time
677eba5db2c9cfbd4c2a5982,67787072197d300c35b60268,APPROVED,Not Applicable,2025-01-08T17:48:25.523000Z,2025-01-08T18:04:22.322000Z,2025-01-16T17:00:21.253000Z,2025-01-08T18:04:23.449420Z,957.0,75b53a55e8,10,26,Female,Mixed,United States,United States,Philippines,English,No,"Not in paid work (e.g. homemaker', 'retired or disabled)"
677eba5ed7dba0a1ded4a6b0,675610a7b47ba057acc9e07c,APPROVED,Not Applicable,2025-01-08T17:48:25.424000Z,2025-01-08T18:07:03.320000Z,2025-01-16T17:00:21.787000Z,2025-01-08T18:08:14.840317Z,1118.0,75b53a55e8,128,21,Male,Black,United States,United States,United States,English,No,Part-Time
677eba5f32ee098ae7e624de,659ab453cece24c52545724d,RETURNED,Not Applicable,2025-01-08T17:48:26.356000Z,,,2025-01-23T16:36:12.290315Z,,,237,CONSENT_REVOKED,CONSENT_REVOKED,CONSENT_REVOKED,CONSENT_REVOKED,CONSENT_REVOKED,CONSENT_REVOKED,CONSENT_REVOKED,CONSENT_REVOKED,CONSENT_REVOKED
677eba60892f75cc12baf65a,67317abab35f695da3b9a565,RETURNED,Not Applicable,2025-01-08T17:50:56.279000Z,,,2025-01-23T16:36:13.444752Z,,,156,CONSENT_REVOKED,CONSENT_REVOKED,CONSENT_REVOKED,CONSENT_REVOKED,CONSENT_REVOKED,CONSENT_REVOKED,CONSENT_REVOKED,CONSENT_REVOKED,CONSENT_REVOKED
677eba61d737761c95ec7624,672275906fbcd0681cbef504,APPROVED,Not Applicable,2025-01-08T17:48:34.018000Z,2025-01-08T18:23:11.193000Z,2025-01-16T17:00:23.006000Z,2025-01-08T18:23:12.420583Z,2078.0,75b53a55e8,220,21,Male,Black,Ghana,United States,United States,English,Yes,Part-Time
677eba62f1f0b8fcacff22f3,656f46e8bd2939f9b3f9d6ff,APPROVED,Not Applicable,2025-01-08T17:50:27.094000Z,2025-01-08T18:05:55.743000Z,2025-01-16T17:00:23.302000Z,2025-01-08T18:08:02.788295Z,929.0,75b53a55e8,265,31,Female,Other,United States,United States,United States,English,No,Unemployed (and job seeking)
677eba637674cbecfe163837,6658e4f0181c5007b04398cb,RETURNED,Not Applicable,2025-01-08T17:48:25.327000Z,,,2025-01-23T16:36:12.298064Z,,,944,CONSENT_REVOKED,CONSENT_REVOKED,CONSENT_REVOKED,CONSENT_REVOKED,CONSENT_REVOKED,CONSENT_REVOKED,CONSENT_REVOKED,CONSENT_REVOKED,CONSENT_REVOKED
677eba6408ab072d4b61d106,62ba9df7bf9e8e2ef0501f94,RETURNED,Not Applicable,2025-01-08T17:48:20.575000Z,,,2025-01-23T16:36:12.381943Z,,,3405,CONSENT_REVOKED,CONSENT_REVOKED,CONSENT_REVOKED,CONSENT_REVOKED,CONSENT_REVOKED,CONSENT_REVOKED,CONSENT_REVOKED,CONSENT_REVOKED,CONSENT_REVOKED
677eba6483b5371ebb4e851e,66bcffc3e6f77501141b3d0f,APPROVED,Not Applicable,2025-01-08T17:48:20.180000Z,2025-01-08T18:16:37.088000Z,2025-01-16T17:00:23.757000Z,2025-01-08T18:16:37.800753Z,1697.0,75b53a55e8,857,36,Male,White,United States,United States,United States,English,No,Full-Time
677eba66730802ef788d054f,664c4e829445321c23a8de52,APPROVED,Not Applicable,2025-01-08T17:48:31.551000Z,2025-01-08T18:06:02.450000Z,2025-01-16T17:00:24.163000Z,2025-01-08T18:08:03.462907Z,1051.0,75b53a55e8,660,46,Male,DATA_EXPIRED,United States,United States,United States,English,DATA_EXPIRED,DATA_EXPIRED
677eba6744fd2e48ef5a0a03,6778f3a6a58b01a0fe4c47cd,APPROVED,Not Applicable,2025-01-08T17:48:33.733000Z,2025-01-08T18:14:59.814000Z,2025-01-16T17:00:24.596000Z,2025-01-08T18:15:00.571585Z,1587.0,75b53a55e8,26,23,Male,DATA_EXPIRED,DATA_EXPIRED,United States,United States,English,DATA_EXPIRED,Full-Time
677eba688b9ea20ad9f8d1ac,67115db3a31cad18eb52c7fc,APPROVED,Not Applicable,2025-01-08T17:51:31.646000Z,2025-01-08T18:34:27.375000Z,2025-01-16T17:00:25.043000Z,2025-01-08T18:34:31.324233Z,2576.0,75b53a55e8,148,33,Male,White,United States,United States,United States,English,DATA_EXPIRED,Full-Time
677eba691376a88a39163817,660ff598a3391e9b7d8feab4,APPROVED,Not Applicable,2025-01-08T17:48:35.428000Z,2025-01-08T18:09:00.215000Z,2025-01-16T17:00:25.400000Z,2025-01-08T18:09:00.982486Z,1225.0,75b53a55e8,1060,53,Male,Black,United States,United States,United States,English,No,Full-Time
677eba6ab8435cb61792578d,66cabbb148729ce025dac559,RETURNED,Not Applicable,2025-01-08T17:50:16.807000Z,,,2025-01-23T16:36:12.389448Z,,,442,CONSENT_REVOKED,CONSENT_REVOKED,CONSENT_REVOKED,CONSENT_REVOKED,CONSENT_REVOKED,CONSENT_REVOKED,CONSENT_REVOKED,CONSENT_REVOKED,CONSENT_REVOKED
677eba6aec544007c31df18b,6737c3259ac1107c2fc03c88,APPROVED,Not Applicable,2025-01-08T17:48:36.836000Z,2025-01-08T18:01:11.027000Z,2025-01-16T17:00:25.707000Z,2025-01-08T18:01:12.523055Z,755.0,75b53a55e8,139,57,Male,White,United States,United States,United States,English,No,Full-Time
677eba6b6d99dc7d832a3318,66da6fb6cee3e33b889d4bd4,RETURNED,Not Applicable,2025-01-08T17:48:39.472000Z,,,2025-01-23T16:36:12.457677Z,,,458,CONSENT_REVOKED,CONSENT_REVOKED,CONSENT_REVOKED,CONSENT_REVOKED,CONSENT_REVOKED,CONSENT_REVOKED,CONSENT_REVOKED,CONSENT_REVOKED,CONSENT_REVOKED
677eba6baf8bd8ff39e6a3e9,67692827c514aefeb4c82bba,RETURNED,Not Applicable,2025-01-08T17:48:27.368000Z,,,2025-01-23T16:36:12.472936Z,,,137,CONSENT_REVOKED,CONSENT_REVOKED,CONSENT_REVOKED,CONSENT_REVOKED,CONSENT_REVOKED,CONSENT_REVOKED,CONSENT_REVOKED,CONSENT_REVOKED,CONSENT_REVOKED
677eba6cc4f2562df190457c,67571c3774f61d248f6b2656,RETURNED,Not Applicable,2025-01-08T17:48:45.957000Z,,,2025-01-23T16:36:12.571481Z,,,187,CONSENT_REVOKED,CONSENT_REVOKED,CONSENT_REVOKED,CONSENT_REVOKED,CONSENT_REVOKED,CONSENT_REVOKED,CONSENT_REVOKED,CONSENT_REVOKED,CONSENT_REVOKED
677eba6cf492090a1829de47,55b9a9b0fdf99b6906d2aba4,APPROVED,Not Applicable,2025-01-08T17:53:04.602000Z,2025-01-08T18:16:50.957000Z,2025-01-16T17:00:26.101000Z,2025-01-08T18:16:51.556535Z,1427.0,75b53a55e8,10181,69,Male,White,United States,United States,United States,English,No,"Not in paid work (e.g. homemaker', 'retired or disabled)"
677eba6d9dbb59e5c55191b5,5f3bc91327d97393a0c56178,APPROVED,Not Applicable,2025-01-08T17:48:29.729000Z,2025-01-08T18:26:54.456000Z,2025-01-16T17:00:26.469000Z,2025-01-08T18:26:55.128083Z,2305.0,75b53a55e8,6590,37,Male,White,United States,United States,United States,English,No,Full-Time
677eba6e4fb05739512f4958,60f4a2d142c69dc1121b6dbf,APPROVED,Not Applicable,2025-01-08T17:48:34.369000Z,2025-01-08T17:58:42.017000Z,2025-01-16T17:00:26.698000Z,2025-01-08T17:58:44.340591Z,608.0,75b53a55e8,4070,42,Male,Asian,Taiwan,United States,United States,Chinese,No,Full-Time
677eba6e597d374b0ae8f699,5b57d2acbc04d60001e5e76e,APPROVED,Not Applicable,2025-01-08T17:48:39.312000Z,2025-01-08T18:04:25.159000Z,2025-01-16T17:00:26.897000Z,2025-01-08T18:04:25.999824Z,946.0,75b53a55e8,1714,26,Male,Black,United States,United States,United States,English,No,Part-Time
677eba6e5f21307667da1df6,676fece0050a47e99b436fe2,RETURNED,Not Applicable,2025-01-08T17:48:38.710000Z,,,2025-01-23T16:36:12.577992Z,,,93,CONSENT_REVOKED,CONSENT_REVOKED,CONSENT_REVOKED,CONSENT_REVOKED,CONSENT_REVOKED,CONSENT_REVOKED,CONSENT_REVOKED,CONSENT_REVOKED,CONSENT_REVOKED
677eba6f8b1ad213fba5543c,66ba25f31c96638d878c9235,APPROVED,Not Applicable,2025-01-08T17:53:39.607000Z,2025-01-08T18:12:53.113000Z,2025-01-16T17:00:27.091000Z,2025-01-08T18:12:53.977825Z,1154.0,75b53a55e8,773,46,Male,White,United States,United States,United States,English,No,Full-Time
677eba6fbbd992c49d1e164f,674a30181ad0d873cd66e9d0,RETURNED,Not Applicable,2025-01-08T17:48:43.826000Z,,,2025-01-23T16:36:12.658627Z,,,161,CONSENT_REVOKED,CONSENT_REVOKED,CONSENT_REVOKED,CONSENT_REVOKED,CONSENT_REVOKED,CONSENT_REVOKED,CONSENT_REVOKED,CONSENT_REVOKED,CONSENT_REVOKED
677eba70006446184c4e841c,6308dca0fefa374b1d697aba,APPROVED,Not Applicable,2025-01-08T17:48:37.944000Z,2025-01-08T17:57:33.006000Z,2025-01-16T17:00:27.294000Z,2025-01-08T17:57:40.098020Z,536.0,75b53a55e8,3256,37,Male,White,United States,United States,United States,English,No,Full-Time
677eba70a9a96fdc64142455,5e0aa9378f1faf32c47f560c,RETURNED,Not Applicable,2025-01-08T17:48:38.078000Z,,,2025-01-23T16:36:12.690372Z,,,4179,CONSENT_REVOKED,CONSENT_REVOKED,CONSENT_REVOKED,CONSENT_REVOKED,CONSENT_REVOKED,CONSENT_REVOKED,CONSENT_REVOKED,CONSENT_REVOKED,CONSENT_REVOKED
677eba714e5b1a571a3ebb2d,63e55bb2f8e6aec6a4031bd8,APPROVED,Not Applicable,2025-01-08T17:48:33.749000Z,2025-01-08T18:18:17.346000Z,2025-01-16T17:00:27.516000Z,2025-01-08T18:18:18.810517Z,1784.0,75b53a55e8,3182,41,Male,White,United States,United States,United States,English,No,Full-Time
677eba72c61b0635517249a3,676ac4bcb450c94a74ccdae5,RETURNED,Not Applicable,2025-01-08T17:48:53.021000Z,,,2025-01-23T16:36:12.737815Z,,,57,CONSENT_REVOKED,CONSENT_REVOKED,CONSENT_REVOKED,CONSENT_REVOKED,CONSENT_REVOKED,CONSENT_REVOKED,CONSENT_REVOKED,CONSENT_REVOKED,CONSENT_REVOKED
677eba72ddc392b591f1ab59,65da3eea69d000ff2dab1e19,RETURNED,Not Applicable,2025-01-08T17:48:41.039000Z,,,2025-01-23T16:36:14.026912Z,,,1817,CONSENT_REVOKED,CONSENT_REVOKED,CONSENT_REVOKED,CONSENT_REVOKED,CONSENT_REVOKED,CONSENT_REVOKED,CONSENT_REVOKED,CONSENT_REVOKED,CONSENT_REVOKED
677eba73c619cd83a99a788f,674cce152c8dbd42a1e502ef,RETURNED,Not Applicable,2025-01-08T17:51:24.726000Z,,,2025-01-23T16:36:16.235084Z,,,184,CONSENT_REVOKED,CONSENT_REVOKED,CONSENT_REVOKED,CONSENT_REVOKED,CONSENT_REVOKED,CONSENT_REVOKED,CONSENT_REVOKED,CONSENT_REVOKED,CONSENT_REVOKED
677eba73f492090a1829de4b,675468d8bb81c1740474f883,RETURNED,Not Applicable,2025-01-08T17:48:49.015000Z,2025-01-08T18:42:53.966000Z,,2025-01-23T16:36:14.230715Z,,NOCODE,114,CONSENT_REVOKED,CONSENT_REVOKED,CONSENT_REVOKED,CONSENT_REVOKED,CONSENT_REVOKED,CONSENT_REVOKED,CONSENT_REVOKED,CONSENT_REVOKED,CONSENT_REVOKED
677eba746aecc19f9bf1aaed,674d99ff47e90f6af82d38c7,RETURNED,Not Applicable,2025-01-08T17:48:49.115000Z,,,2025-01-23T16:36:14.392921Z,,,50,CONSENT_REVOKED,CONSENT_REVOKED,CONSENT_REVOKED,CONSENT_REVOKED,CONSENT_REVOKED,CONSENT_REVOKED,CONSENT_REVOKED,CONSENT_REVOKED,CONSENT_REVOKED
677eba750df0e62ae3037608,647f5b72256d6f1e6fe0d7b7,APPROVED,Not Applicable,2025-01-08T17:48:42.574000Z,2025-01-08T18:32:00.480000Z,2025-01-16T17:00:27.716000Z,2025-01-08T18:32:01.095080Z,2598.0,75b53a55e8,3151,56,Male,White,Portugal,United States,United States,English,No,Part-Time
677eba75b0aeb9892382c1d0,6735456e8034ea7e61eac785,APPROVED,Not Applicable,2025-01-08T17:48:45.153000Z,2025-01-08T18:01:12.476000Z,2025-01-16T17:00:27.916000Z,2025-01-08T18:01:13.175263Z,748.0,75b53a55e8,212,27,Female,White,United States,United States,United States,English,No,"Not in paid work (e.g. homemaker', 'retired or disabled)"
677eba7702e9c6dffda30fe9,6712e1af73dfa2bfa2d623a8,APPROVED,Not Applicable,2025-01-08T17:48:46.667000Z,2025-01-08T18:25:41.252000Z,2025-01-16T17:00:28.121000Z,2025-01-08T18:25:42.090591Z,2215.0,75b53a55e8,318,46,Female,White,United States,United States,United States,English,No,Part-Time
677eba77f8b680478a74550f,67673780040f6a660b284849,RETURNED,Not Applicable,2025-01-08T17:48:52.548000Z,,,2025-01-23T16:36:14.316930Z,,,93,CONSENT_REVOKED,CONSENT_REVOKED,CONSENT_REVOKED,CONSENT_REVOKED,CONSENT_REVOKED,CONSENT_REVOKED,CONSENT_REVOKED,CONSENT_REVOKED,CONSENT_REVOKED
677eba7878e573e9e8b9f201,6662e9e9187b0ca18293def6,RETURNED,Not Applicable,2025-01-08T17:49:51.525000Z,,,2025-01-23T16:36:14.346756Z,,,679,CONSENT_REVOKED,CONSENT_REVOKED,CONSENT_REVOKED,CONSENT_REVOKED,CONSENT_REVOKED,CONSENT_REVOKED,CONSENT_REVOKED,CONSENT_REVOKED,CONSENT_REVOKED
677eba79022adad9ac0375a4,676a5f04a5fa2d40be6e153e,RETURNED,Not Applicable,2025-01-08T17:48:58.418000Z,,,2025-01-23T16:36:14.472755Z,,,54,CONSENT_REVOKED,CONSENT_REVOKED,CONSENT_REVOKED,CONSENT_REVOKED,CONSENT_REVOKED,CONSENT_REVOKED,CONSENT_REVOKED,CONSENT_REVOKED,CONSENT_REVOKED
677eba7aaa468c0e4e1f44eb,677e7b21d345d00b5a9fd363,RETURNED,Not Applicable,2025-01-08T17:49:06.023000Z,,,2025-01-23T16:36:14.494035Z,,,32,CONSENT_REVOKED,CONSENT_REVOKED,CONSENT_REVOKED,CONSENT_REVOKED,CONSENT_REVOKED,CONSENT_REVOKED,CONSENT_REVOKED,CONSENT_REVOKED,CONSENT_REVOKED
677eba7b1b28954d0ff4ef05,62b9c2f1e55fe9f17dfedc5d,RETURNED,Not Applicable,2025-01-08T17:48:53.285000Z,,,2025-01-23T16:36:14.482671Z,,,6123,CONSENT_REVOKED,CONSENT_REVOKED,CONSENT_REVOKED,CONSENT_REVOKED,CONSENT_REVOKED,CONSENT_REVOKED,CONSENT_REVOKED,CONSENT_REVOKED,CONSENT_REVOKED
677eba7c209ea29d6a7a1d3b,67719b555b887a32d0f81d3f,RETURNED,Not Applicable,2025-01-08T17:49:19.598000Z,,,2025-01-23T16:36:14.667933Z,,,121,CONSENT_REVOKED,CONSENT_REVOKED,CONSENT_REVOKED,CONSENT_REVOKED,CONSENT_REVOKED,CONSENT_REVOKED,CONSENT_REVOKED,CONSENT_REVOKED,CONSENT_REVOKED
677eba7d4cf83d3dfa8113db,67609888221987d84893d3fc,RETURNED,Not Applicable,2025-01-08T17:48:57.210000Z,,,2025-01-23T16:36:14.598806Z,,,97,CONSENT_REVOKED,CONSENT_REVOKED,CONSENT_REVOKED,CONSENT_REVOKED,CONSENT_REVOKED,CONSENT_REVOKED,CONSENT_REVOKED,CONSENT_REVOKED,CONSENT_REVOKED
677eba7d4cf83d3dfa8113de,6595755a497458176eec7d3d,APPROVED,Not Applicable,2025-01-08T17:48:51.237000Z,2025-01-08T17:59:38.870000Z,2025-01-16T17:00:28.327000Z,2025-01-08T17:59:40.019556Z,648.0,75b53a55e8,299,34,Female,Asian,Suriname,United States,United States,English,No,Part-Time
677eba7e1b28954d0ff4ef08,675edf24452fd3015aaee4dc,APPROVED,Not Applicable,2025-01-08T17:49:01.050000Z,2025-01-08T18:41:28.483000Z,2025-01-16T17:00:28.542000Z,2025-01-08T18:41:29.093409Z,3148.0,75b53a55e8,57,34,Male,Black,DATA_EXPIRED,United States,United States,English,DATA_EXPIRED,DATA_EXPIRED
677eba7ec94d074d257caf56,5934a676e7866d0001618b81,RETURNED,Not Applicable,2025-01-08T17:54:45.960000Z,,,2025-01-23T16:36:14.597765Z,,,5451,CONSENT_REVOKED,CONSENT_REVOKED,CONSENT_REVOKED,CONSENT_REVOKED,CONSENT_REVOKED,CONSENT_REVOKED,CONSENT_REVOKED,CONSENT_REVOKED,CONSENT_REVOKED
677eba7f98e7b9e38ea553f9,64410827edd51619ec01d945,TIMED-OUT,Not Applicable,2025-01-08T17:48:54.573000Z,,,2025-01-23T16:36:14.632008Z,1291641.0,,2755,57,Female,Black,United States,United States,United States,English,No,Full-Time
677eba802186dad517925752,67754f184462a8a3db91a065,APPROVED,Not Applicable,2025-01-08T17:48:58.768000Z,2025-01-08T18:21:11.358000Z,2025-01-16T17:00:28.796000Z,2025-01-08T18:21:12.070589Z,1933.0,75b53a55e8,18,27,Male,Black,United States,United States,United States,English,DATA_EXPIRED,Full-Time
677eba808b9ea20ad9f8d1b4,5cd062b7c24ebe0001f9fdb6,RETURNED,Not Applicable,2025-01-08T17:48:56.716000Z,,,2025-01-23T16:36:14.714208Z,,,70,CONSENT_REVOKED,CONSENT_REVOKED,CONSENT_REVOKED,CONSENT_REVOKED,CONSENT_REVOKED,CONSENT_REVOKED,CONSENT_REVOKED,CONSENT_REVOKED,CONSENT_REVOKED
677eba81e1cd86a7f9dc077d,66bc0b4d557762d773dd0fd5,RETURNED,Not Applicable,2025-01-08T17:48:56.355000Z,,,2025-01-23T16:36:14.794131Z,,,43,CONSENT_REVOKED,CONSENT_REVOKED,CONSENT_REVOKED,CONSENT_REVOKED,CONSENT_REVOKED,CONSENT_REVOKED,CONSENT_REVOKED,CONSENT_REVOKED,CONSENT_REVOKED
677eba822771fa74cb2efe85,5c2c62542c45d400014a32e6,APPROVED,Not Applicable,2025-01-08T17:51:43.661000Z,2025-01-08T18:06:02.206000Z,2025-01-16T17:00:29.008000Z,2025-01-08T18:08:03.896999Z,859.0,75b53a55e8,8312,30,Male,Asian,United States,United States,United States,English,No,Part-Time
677eba838549d38c52186a63,6600b4765583e430c961aec1,APPROVED,Not Applicable,2025-01-08T17:49:01.158000Z,2025-01-08T18:13:15.501000Z,2025-01-16T17:00:29.217000Z,2025-01-08T18:13:16.292301Z,1455.0,75b53a55e8,323,52,Male,Black,Ghana,United States,United States,English,No,Full-Time
677eba84c0f78f4336d54b79,60b3e6ad448226548d21fc4d,APPROVED,Not Applicable,2025-01-08T17:48:58.523000Z,2025-01-08T18:21:42.398000Z,2025-01-16T17:00:29.415000Z,2025-01-08T18:21:43.609262Z,1964.0,75b53a55e8,6968,54,Female,White,United States,United States,United States,English,DATA_EXPIRED,Part-Time
677eba862186dad517925757,581bd344930a280001062c90,APPROVED,Not Applicable,2025-01-08T17:48:58.907000Z,2025-01-08T18:13:22.019000Z,2025-01-16T17:00:29.627000Z,2025-01-08T18:13:22.950251Z,1464.0,75b53a55e8,3996,41,Female,Mixed,United States,United States,United States,English,No,Full-Time
677eba862640e94bf5ba3a4b,558d8d71fdf99b534f79b352,APPROVED,Not Applicable,2025-01-08T17:49:07.596000Z,2025-01-08T18:12:04.525000Z,2025-01-16T17:00:29.814000Z,2025-01-08T18:12:05.360539Z,1377.0,75b53a55e8,4793,37,Male,Mixed,United States,United States,United States,English,No,Unemployed (and job seeking)
677eba871346e21581339099,6732ab2d4fd12c7e85f92204,APPROVED,Not Applicable,2025-01-08T17:55:07.648000Z,2025-01-08T18:55:02.932000Z,2025-01-16T17:00:30.020000Z,2025-01-08T18:55:03.564401Z,3596.0,75b53a55e8,204,46,Male,White,United States,United States,United States,English,DATA_EXPIRED,Full-Time
677eba8772d2079a6c45360e,65d7a5fea3345f5297e63e48,APPROVED,Not Applicable,2025-01-08T17:49:02.356000Z,2025-01-08T18:11:36.201000Z,2025-01-16T17:00:31.015000Z,2025-01-08T18:11:37.098306Z,1354.0,75b53a55e8,1822,32,Male,White,United States,United States,United States,English,DATA_EXPIRED,DATA_EXPIRED
677eba88406a3c534bf2dc26,66a0302eb014e06ead5559c3,TIMED-OUT,Not Applicable,2025-01-08T17:49:04.617000Z,,,2025-01-23T16:36:14.779852Z,1291631.0,,946,21,Male,Mixed,United States,United States,United States,English,No,Part-Time
677eba8aa0b5178b3f5191bf,5f4df2b4bdb2449bd751ce51,APPROVED,Not Applicable,2025-01-08T17:52:46.996000Z,2025-01-08T18:15:17.346000Z,2025-01-16T17:00:31.220000Z,2025-01-08T18:15:17.970247Z,1351.0,75b53a55e8,5122,38,Male,White,United States,United States,United States,DATA_EXPIRED,DATA_EXPIRED,DATA_EXPIRED
677eba8b85ba793b3435ef25,65d0cb72ab9f1aa3eae5c877,APPROVED,Not Applicable,2025-01-08T17:49:12.518000Z,2025-01-08T18:03:02.524000Z,2025-01-16T17:00:31.424000Z,2025-01-08T18:03:03.337450Z,831.0,75b53a55e8,1301,56,Female,White,United States,United States,United States,English,No,Full-Time
677eba8c8501716c0a5d0788,677daafbc3a8abfc9e98bc22,APPROVED,Not Applicable,2025-01-08T17:49:11.731000Z,2025-01-08T18:04:38.090000Z,2025-01-16T17:00:31.629000Z,2025-01-08T18:04:38.797168Z,927.0,75b53a55e8,6,52,Male,White,United States,United States,United States,English,No,Full-Time
677eba8cd2761ea9943d2663,66bd25fdae3afa8b2a215da6,APPROVED,Not Applicable,2025-01-08T17:49:08.158000Z,2025-01-08T18:10:40.245000Z,2025-01-16T17:00:31.836000Z,2025-01-08T18:10:41.078347Z,1293.0,75b53a55e8,829,59,Female,White,United States,United States,United States,English,No,Full-Time
677eba8cec544007c31df193,5d37c0d61b03b5000151950b,APPROVED,Not Applicable,2025-01-08T17:49:50.574000Z,2025-01-08T18:06:50.604000Z,2025-01-16T17:00:32.156000Z,2025-01-08T18:08:12.608448Z,1021.0,75b53a55e8,2951,63,Female,White,United States,United States,United States,English,No,Part-Time
677eba8d78e573e9e8b9f208,674cbe23379dd601a29eefd4,RETURNED,Not Applicable,2025-01-08T18:00:00.070000Z,,,2025-01-23T16:36:14.867132Z,,,237,CONSENT_REVOKED,CONSENT_REVOKED,CONSENT_REVOKED,CONSENT_REVOKED,CONSENT_REVOKED,CONSENT_REVOKED,CONSENT_REVOKED,CONSENT_REVOKED,CONSENT_REVOKED
677eba8db4d1f0e88d37402e,63d570d979c31656fece7c7d,APPROVED,Not Applicable,2025-01-08T17:49:10.282000Z,2025-01-08T18:06:55.494000Z,2025-01-16T17:00:32.575000Z,2025-01-08T18:08:13.552388Z,1066.0,75b53a55e8,3364,65,Male,White,United States,United States,United States,English,No,"Not in paid work (e.g. homemaker', 'retired or disabled)"
677eba8e31c0ab05b312bd48,5c1b9212bfd9220001a9ada0,RETURNED,Not Applicable,2025-01-08T17:50:26.617000Z,,,2025-01-23T16:36:14.979297Z,,,5389,CONSENT_REVOKED,CONSENT_REVOKED,CONSENT_REVOKED,CONSENT_REVOKED,CONSENT_REVOKED,CONSENT_REVOKED,CONSENT_REVOKED,CONSENT_REVOKED,CONSENT_REVOKED
677eba8f439ced98417d70aa,601636f7e8edb47a4e205797,APPROVED,Not Applicable,2025-01-08T17:50:40.529000Z,2025-01-08T18:02:08.593000Z,2025-01-16T17:00:32.768000Z,2025-01-08T18:02:09.385596Z,689.0,75b53a55e8,3313,24,Male,Mixed,United States,United States,United States,English,No,Unemployed (and job seeking)
677eba8f8287bfab9711d783,66810a37170f66361f962adc,APPROVED,Not Applicable,2025-01-08T17:49:09.474000Z,2025-01-08T18:13:06.034000Z,2025-01-16T17:00:32.979000Z,2025-01-08T18:13:06.887565Z,1437.0,75b53a55e8,545,20,Male,White,United States,United States,United States,English,Yes,Unemployed (and job seeking)
677eba90d338d7cd99dbbe9e,67693a8da520f195ececa51b,RETURNED,Not Applicable,2025-01-08T17:55:17.044000Z,,,2025-01-23T16:36:14.957175Z,,,107,CONSENT_REVOKED,CONSENT_REVOKED,CONSENT_REVOKED,CONSENT_REVOKED,CONSENT_REVOKED,CONSENT_REVOKED,CONSENT_REVOKED,CONSENT_REVOKED,CONSENT_REVOKED
677eba91a003e65f8d04b9d9,676ed3431b658e8d1d80084a,APPROVED,Not Applicable,2025-01-08T17:49:05.195000Z,2025-01-08T18:08:03.821000Z,2025-01-16T17:00:33.189000Z,2025-01-08T18:08:23.193532Z,1139.0,75b53a55e8,47,25,Male,Black,Ghana,United States,United States,English,Yes,Part-Time
677eba923e04fda87cf7606b,675d4cf5d15d22b02ed50518,RETURNED,Not Applicable,2025-01-08T17:49:33.656000Z,2025-01-08T18:38:32.054000Z,,2025-01-23T16:36:14.986176Z,,NOCODE,132,CONSENT_REVOKED,CONSENT_REVOKED,CONSENT_REVOKED,CONSENT_REVOKED,CONSENT_REVOKED,CONSENT_REVOKED,CONSENT_REVOKED,CONSENT_REVOKED,CONSENT_REVOKED
677eba9288e433abef82c22d,668ef254bc2ae7eae4f06805,APPROVED,Not Applicable,2025-01-08T17:49:06.741000Z,2025-01-08T18:01:41.501000Z,2025-01-16T17:00:33.403000Z,2025-01-08T18:01:42.109039Z,755.0,75b53a55e8,600,22,Male,White,United States,United States,United States,English,Yes,Other
677eba9373b714cfb0e8f52f,6636ac388dd42c184329b162,APPROVED,Not Applicable,2025-01-08T17:49:12.496000Z,2025-01-08T18:22:37.227000Z,2025-01-16T17:00:33.614000Z,2025-01-08T18:22:37.862224Z,2005.0,75b53a55e8,230,50,Female,White,United States,United States,United States,English,No,Full-Time
677eba9416b1daa11570f41c,6703ab69f6a01dea5a435341,APPROVED,Not Applicable,2025-01-08T17:52:28.528000Z,2025-01-08T18:23:39.998000Z,2025-01-16T17:00:33.823000Z,2025-01-08T18:23:40.577516Z,1872.0,75b53a55e8,402,49,Male,Black,United States,United States,United States,English,DATA_EXPIRED,Full-Time
677eba94d40349565b2a4229,6681e33afffa5fd6c6bf5e06,APPROVED,Not Applicable,2025-01-08T17:49:22.165000Z,2025-01-08T18:48:02.735000Z,2025-01-16T17:00:34.085000Z,2025-01-08T18:48:16.859277Z,3521.0,75b53a55e8,353,73,Female,White,United States,United States,United States,English,No,Full-Time
677eba96485db22c046bb1d9,6530359834d591f5e70fab8a,APPROVED,Not Applicable,2025-01-08T17:55:53.751000Z,2025-01-08T18:20:15.644000Z,2025-01-16T17:00:34.313000Z,2025-01-08T18:20:16.355888Z,1462.0,75b53a55e8,77,71,Female,White,United States,United States,United States,English,No,"Not in paid work (e.g. homemaker', 'retired or disabled)"
677eba97c02dc1a6eb192114,675bcc33d8b8f63130d6568f,TIMED-OUT,Not Applicable,2025-01-08T17:51:35.907000Z,,,2025-01-23T16:36:15.045164Z,1291480.0,,92,34,Male,Black,Ghana,United States,United States,English,No,Full-Time
677eba98b1eca5faba4473f0,6691bc059b0182b0bdd7d682,RETURNED,Not Applicable,2025-01-08T17:49:27.131000Z,,,2025-01-23T16:36:15.078917Z,,,1344,CONSENT_REVOKED,CONSENT_REVOKED,CONSENT_REVOKED,CONSENT_REVOKED,CONSENT_REVOKED,CONSENT_REVOKED,CONSENT_REVOKED,CONSENT_REVOKED,CONSENT_REVOKED
677eba99298f6045b5bd7b84,6713efece6065b4a2718a877,RETURNED,Not Applicable,2025-01-08T17:52:28.216000Z,,,2025-01-23T16:36:15.110189Z,,,597,CONSENT_REVOKED,CONSENT_REVOKED,CONSENT_REVOKED,CONSENT_REVOKED,CONSENT_REVOKED,CONSENT_REVOKED,CONSENT_REVOKED,CONSENT_REVOKED,CONSENT_REVOKED
677eba9a5a82422e6687e899,5db9a46ff8e3f9000f88cb85,APPROVED,Not Applicable,2025-01-08T17:49:21.891000Z,2025-01-08T18:08:29.732000Z,2025-01-16T17:00:34.517000Z,2025-01-08T18:08:31.442655Z,1148.0,75b53a55e8,4137,67,Male,White,United States,United States,United States,English,No,Full-Time
677eba9bd9fe13bb3a29dd58,675afb92dd554799c26ae0c2,APPROVED,Not Applicable,2025-01-08T17:50:43.974000Z,2025-01-08T18:27:32.452000Z,2025-01-16T17:00:34.712000Z,2025-01-08T18:27:33.071567Z,2209.0,75b53a55e8,52,27,Female,Black,United States,United States,United States,English,DATA_EXPIRED,Full-Time
677eba9bec544007c31df197,66ef212cf79668f34be612d8,APPROVED,Not Applicable,2025-01-08T17:49:20.634000Z,2025-01-08T17:58:36.514000Z,2025-01-16T17:00:34.914000Z,2025-01-08T17:58:41.353371Z,556.0,75b53a55e8,541,32,Female,White,United States,United States,United States,English,No,"Not in paid work (e.g. homemaker', 'retired or disabled)"
677eba9c217649c6379945fc,66a6840ee7dacc037e45681c,APPROVED,Not Applicable,2025-01-08T17:49:52.404000Z,2025-01-08T17:58:35.264000Z,2025-01-16T17:00:35.116000Z,2025-01-08T17:58:40.431779Z,523.0,75b53a55e8,693,50,Male,White,United States,United States,United States,English,No,Part-Time
677eba9e08ab072d4b61d11a,6734f1c203f8352bd2ebeaab,APPROVED,Not Applicable,2025-01-08T17:52:02.998000Z,2025-01-08T18:06:21.927000Z,2025-01-16T17:00:35.353000Z,2025-01-08T18:08:07.679569Z,859.0,75b53a55e8,115,25,Female,White,United States,United States,United States,English,No,Part-Time
677eba9fa2ea2816f82abaa9,67227b6a95c02df067984f28,APPROVED,Not Applicable,2025-01-08T17:50:35.470000Z,2025-01-08T18:01:26.423000Z,2025-01-16T17:00:35.559000Z,2025-01-08T18:01:27.084594Z,651.0,75b53a55e8,430,30,Female,White,United States,United States,United States,English,No,Part-Time
677ebaa0515bb4ee59549e53,67570e64fcbbd6076d56e231,APPROVED,Not Applicable,2025-01-08T17:49:20.805000Z,2025-01-08T18:03:21.623000Z,2025-01-16T17:00:35.990000Z,2025-01-08T18:03:22.272500Z,841.0,75b53a55e8,65,30,Male,White,United States,United States,United States,English,DATA_EXPIRED,DATA_EXPIRED
677ebaa11346e215813390a1,5e415a5f9dd805382f0b6af9,APPROVED,Not Applicable,2025-01-08T17:49:29.840000Z,2025-01-08T18:03:43.407000Z,2025-01-16T17:00:36.191000Z,2025-01-08T18:03:44.052383Z,854.0,75b53a55e8,5544,51,Male,Asian,United States,United States,United States,English,No,DATA_EXPIRED
677ebaa2626be3088ae0c413,66b123d78d4c09d95013b788,RETURNED,Not Applicable,2025-01-08T17:49:29.952000Z,,,2025-01-23T16:36:15.167368Z,,,309,CONSENT_REVOKED,CONSENT_REVOKED,CONSENT_REVOKED,CONSENT_REVOKED,CONSENT_REVOKED,CONSENT_REVOKED,CONSENT_REVOKED,CONSENT_REVOKED,CONSENT_REVOKED
677ebaa30ff5ec224005e90b,677b8a1daf21cdee043a889b,RETURNED,Not Applicable,2025-01-08T17:49:32.025000Z,,,2025-01-23T16:36:15.215813Z,,,40,CONSENT_REVOKED,CONSENT_REVOKED,CONSENT_REVOKED,CONSENT_REVOKED,CONSENT_REVOKED,CONSENT_REVOKED,CONSENT_REVOKED,CONSENT_REVOKED,CONSENT_REVOKED
677ebaa3a9a96fdc64142468,675d86f958ad8e5d62450499,RETURNED,Not Applicable,2025-01-08T17:50:14.610000Z,,,2025-01-23T16:36:15.253495Z,,,171,CONSENT_REVOKED,CONSENT_REVOKED,CONSENT_REVOKED,CONSENT_REVOKED,CONSENT_REVOKED,CONSENT_REVOKED,CONSENT_REVOKED,CONSENT_REVOKED,CONSENT_REVOKED
677ebaa40de12a7032bd6356,5fc6e3a0040c3f0e7cb45c8a,APPROVED,Not Applicable,2025-01-08T17:49:32.069000Z,2025-01-08T18:52:59.534000Z,2025-01-16T17:00:36.383000Z,2025-01-08T18:53:00.297602Z,3808.0,75b53a55e8,7416,34,Female,White,United States,United States,United States,English,No,"Not in paid work (e.g. homemaker', 'retired or disabled)"
677ebaa4c02dc1a6eb192119,673e5278cf824bf6bfa64808,APPROVED,Not Applicable,2025-01-08T17:49:43.328000Z,2025-01-08T18:39:15.053000Z,2025-01-16T17:00:36.581000Z,2025-01-08T18:39:17.158580Z,2972.0,75b53a55e8,39,35,Male,White,United States,United States,United States,English,No,Full-Time
677ebaa5bf9e4c07a797829d,673520973e45f02809e56f00,APPROVED,Not Applicable,2025-01-08T17:49:49.749000Z,2025-01-08T18:39:43.108000Z,2025-01-16T17:00:36.795000Z,2025-01-08T18:39:44.420489Z,2994.0,75b53a55e8,117,33,Female,White,United States,United States,United States,English,No,Full-Time
677ebaa6c97d3371bde5ff7f,666066ac77320c73d80d06e7,APPROVED,Not Applicable,2025-01-08T17:49:30.657000Z,2025-01-08T18:02:26.967000Z,2025-01-16T17:00:36.997000Z,2025-01-08T18:02:27.622704Z,777.0,75b53a55e8,1191,26,Male,White,United States,United States,United States,English,No,DATA_EXPIRED
677ebaa6e8b4da15a0762c0b,673a18f8ad04c995c8322558,APPROVED,Not Applicable,2025-01-08T17:59:09.394000Z,2025-01-08T18:30:20.900000Z,2025-01-16T17:00:37.203000Z,2025-01-08T18:30:21.791824Z,1872.0,75b53a55e8,66,29,Male,Black,Ghana,United States,United States,English,No,Full-Time
677ebaa72bfbe455c44643f1,6775184e74d71b081a44285d,RETURNED,Not Applicable,2025-01-08T17:49:40.447000Z,,,2025-01-23T16:36:15.333152Z,,,51,CONSENT_REVOKED,CONSENT_REVOKED,CONSENT_REVOKED,CONSENT_REVOKED,CONSENT_REVOKED,CONSENT_REVOKED,CONSENT_REVOKED,CONSENT_REVOKED,CONSENT_REVOKED
677ebaa8291387df7fcf36ed,612bb0cdecc9e45781bbf511,APPROVED,Not Applicable,2025-01-08T17:49:35.001000Z,2025-01-08T17:57:50.673000Z,2025-01-16T17:00:37.412000Z,2025-01-08T17:57:59.165853Z,496.0,75b53a55e8,8201,53,Male,White,United States,United States,United States,English,No,Full-Time
677ebaa8563e43ca6eb5f5b3,6745843838a79bddfee500da,RETURNED,Not Applicable,2025-01-08T17:49:46.729000Z,,,2025-01-23T16:36:15.346591Z,,,163,CONSENT_REVOKED,CONSENT_REVOKED,CONSENT_REVOKED,CONSENT_REVOKED,CONSENT_REVOKED,CONSENT_REVOKED,CONSENT_REVOKED,CONSENT_REVOKED,CONSENT_REVOKED
677ebaa9892f75cc12baf670,673c32d8bcf768ce9f55ac33,RETURNED,Not Applicable,2025-01-08T17:49:29.352000Z,,,2025-01-23T16:36:15.345180Z,,,182,CONSENT_REVOKED,CONSENT_REVOKED,CONSENT_REVOKED,CONSENT_REVOKED,CONSENT_REVOKED,CONSENT_REVOKED,CONSENT_REVOKED,CONSENT_REVOKED,CONSENT_REVOKED
677ebaa9ac96826b380e34a7,663fbfc8c8c814ee81e8037c,APPROVED,Not Applicable,2025-01-08T17:49:29.939000Z,2025-01-08T18:29:23.911000Z,2025-01-16T17:00:37.606000Z,2025-01-08T18:29:24.607433Z,2394.0,75b53a55e8,763,39,Female,Other,United States,United States,United States,Spanish,DATA_EXPIRED,DATA_EXPIRED
677ebaaa892f75cc12baf675,666b68ba62cb93ed734157c1,APPROVED,Not Applicable,2025-01-08T17:49:42.469000Z,2025-01-08T18:29:24.382000Z,2025-01-16T17:00:37.811000Z,2025-01-08T18:29:24.962940Z,2382.0,75b53a55e8.,178,61,Male,White,United States,United States,United States,English,No,DATA_EXPIRED
677ebaabd338d7cd99dbbea8,6712b85b4c4dff0720b3ab63,APPROVED,Not Applicable,2025-01-08T17:49:31.651000Z,2025-01-08T18:11:03.360000Z,2025-01-16T17:00:38.022000Z,2025-01-08T18:11:04.030310Z,1292.0,75b53a55e8,316,45,Male,Black,Kenya,United States,United States,English,No,Part-Time
677ebaaca1f8fb50687e2701,676ef837e3a303ae99b6b898,RETURNED,Not Applicable,2025-01-08T17:49:41.496000Z,,,2025-01-23T16:36:15.429949Z,,,97,CONSENT_REVOKED,CONSENT_REVOKED,CONSENT_REVOKED,CONSENT_REVOKED,CONSENT_REVOKED,CONSENT_REVOKED,CONSENT_REVOKED,CONSENT_REVOKED,CONSENT_REVOKED
677ebaacc007897b3d60e138,677c4c51d447a563bb952334,APPROVED,Not Applicable,2025-01-08T17:49:45.184000Z,2025-01-08T18:05:41.220000Z,2025-01-16T17:00:38.231000Z,2025-01-08T18:08:00.889237Z,957.0,75b53a55e8,17,34,Female,White,United States,United States,United States,English,No,DATA_EXPIRED
677ebaad83c899fa35b35a9e,6765963ae87e65d9b6b9b32d,RETURNED,Not Applicable,2025-01-08T17:49:43.054000Z,,,2025-01-23T16:36:15.433555Z,,,65,CONSENT_REVOKED,CONSENT_REVOKED,CONSENT_REVOKED,CONSENT_REVOKED,CONSENT_REVOKED,CONSENT_REVOKED,CONSENT_REVOKED,CONSENT_REVOKED,CONSENT_REVOKED
677ebaad9855deeb06b03aec,66f995e48025feb7e5b90da9,RETURNED,Not Applicable,2025-01-08T17:49:33.566000Z,2025-01-08T18:30:46.371000Z,,2025-01-23T16:36:15.455232Z,,75b53a55e8,262,CONSENT_REVOKED,CONSENT_REVOKED,CONSENT_REVOKED,CONSENT_REVOKED,CONSENT_REVOKED,CONSENT_REVOKED,CONSENT_REVOKED,CONSENT_REVOKED,CONSENT_REVOKED
677ebaae0df0e62ae303761c,671a9506b90ee5e2d532c12d,APPROVED,Not Applicable,2025-01-08T17:53:33.961000Z,2025-01-08T18:22:01.907000Z,2025-01-16T17:00:38.448000Z,2025-01-08T18:22:03.706596Z,1708.0,75b53a55e8,287,29,Female,White,United States,United States,United States,English,No,Part-Time
677ebaae8501716c0a5d0793,675ec3a5452fd3015aaedff1,APPROVED,Not Applicable,2025-01-08T17:49:57.948000Z,2025-01-08T18:47:44.152000Z,2025-01-16T17:00:38.651000Z,2025-01-08T18:47:54.044594Z,3467.0,75b53a55e8,44,20,Female,Black,Nigeria,United States,United States,English,No,Full-Time
677ebaaf4a591fc910b70867,62162ab583fc823e78c025e2,APPROVED,Not Applicable,2025-01-08T17:49:44.155000Z,2025-01-08T18:07:36.736000Z,2025-01-16T17:00:38.847000Z,2025-01-08T18:08:19.138178Z,1073.0,75b53a55e8,5554,61,Female,White,United States,United States,United States,English,DATA_EXPIRED,DATA_EXPIRED
677ebaaffa19b4b01821bd3d,674fc9520d64ca724b0d8889,APPROVED,Not Applicable,2025-01-08T17:49:46.470000Z,2025-01-08T18:05:21.586000Z,2025-01-16T17:00:39.050000Z,2025-01-08T18:05:22.252374Z,936.0,75b53a55e8,145,31,Female,White,United States,United States,United States,English,No,DATA_EXPIRED
677ebab08c3e289b439a3f12,66a280c10221d728f1f23b30,APPROVED,Not Applicable,2025-01-08T17:49:36.153000Z,2025-01-08T18:01:52.942000Z,2025-01-16T17:00:39.389000Z,2025-01-08T18:01:53.733148Z,737.0,75b53a55e8,1002,38,Male,Asian,United States,United States,United States,English,No,Due to start a new job within the next month
677ebab0bf9e4c07a79782a9,676920d4e1d51c1348cd7ed5,APPROVED,Not Applicable,2025-01-08T17:49:50.365000Z,2025-01-08T18:13:47.489000Z,2025-01-16T17:00:39.755000Z,2025-01-08T18:13:48.110821Z,1438.0,75b53a55e8,31,24,Male,Black,Ghana,United States,United States,English,Yes,Part-Time
677ebab29855deeb06b03af0,67472b406557adf9044c6e34,APPROVED,Not Applicable,2025-01-08T17:49:44.337000Z,2025-01-08T18:41:42.781000Z,2025-01-16T17:00:40.079000Z,2025-01-08T18:41:44.086301Z,3119.0,75b53a55e8,78,66,Male,White,United States,United States,United States,English,No,Full-Time
677ebab2a4aa6bfb47660574,6724f06de3b87b79309749bc,RETURNED,Not Applicable,2025-01-08T17:49:49.973000Z,,,2025-01-23T16:36:15.533882Z,,,256,CONSENT_REVOKED,CONSENT_REVOKED,CONSENT_REVOKED,CONSENT_REVOKED,CONSENT_REVOKED,CONSENT_REVOKED,CONSENT_REVOKED,CONSENT_REVOKED,CONSENT_REVOKED
677ebab2edd29411568d238f,665cd7f980cb5644ea5ced7b,APPROVED,Not Applicable,2025-01-08T17:49:45.803000Z,2025-01-08T18:07:23.078000Z,2025-01-16T17:00:40.440000Z,2025-01-08T18:08:17.929138Z,1058.0,75b53a55e8,1020,38,Male,White,"Venezuela, Bolivarian Republic of",United States,United States,English,DATA_EXPIRED,DATA_EXPIRED
677ebab328e73c39f2949b02,67298837297e2c99835775c1,RETURNED,Not Applicable,2025-01-08T17:49:50.240000Z,,,2025-01-23T16:36:15.526926Z,,,73,CONSENT_REVOKED,CONSENT_REVOKED,CONSENT_REVOKED,CONSENT_REVOKED,CONSENT_REVOKED,CONSENT_REVOKED,CONSENT_REVOKED,CONSENT_REVOKED,CONSENT_REVOKED
677ebab4028dcdbf13d7f47f,67363848333a8316c597edab,APPROVED,Not Applicable,2025-01-08T17:49:47.101000Z,2025-01-08T18:23:48.225000Z,2025-01-16T17:00:41.487000Z,2025-01-08T18:23:50.395682Z,2042.0,75b53a55e8,172,30,Female,White,United States,United States,United States,English,No,Part-Time
677ebab5f0a6d51871da1e0e,67687e09f0766bdb17c2053c,RETURNED,Not Applicable,2025-01-08T17:49:49.582000Z,,,2025-01-23T16:36:15.555321Z,,,35,CONSENT_REVOKED,CONSENT_REVOKED,CONSENT_REVOKED,CONSENT_REVOKED,CONSENT_REVOKED,CONSENT_REVOKED,CONSENT_REVOKED,CONSENT_REVOKED,CONSENT_REVOKED
677ebab6cd1e457e80bd643a,6773d8c107f0abb2253c3e19,RETURNED,Not Applicable,2025-01-08T17:51:03.549000Z,,,2025-01-23T16:36:15.615776Z,,,68,CONSENT_REVOKED,CONSENT_REVOKED,CONSENT_REVOKED,CONSENT_REVOKED,CONSENT_REVOKED,CONSENT_REVOKED,CONSENT_REVOKED,CONSENT_REVOKED,CONSENT_REVOKED
677ebab6e302c03e6bbaf598,66293f7d355cb2780b2b2ab1,APPROVED,Not Applicable,2025-01-08T17:51:40.377000Z,2025-01-08T18:06:20.259000Z,2025-01-16T17:00:41.963000Z,2025-01-08T18:08:07.257057Z,880.0,75b53a55e8,1066,50,Female,White,United States,United States,United States,English,No,"Not in paid work (e.g. homemaker', 'retired or disabled)"
677ebab70ff5ec224005e919,673a25906d3d6948ef633a4b,RETURNED,Not Applicable,2025-01-08T17:59:43.294000Z,,,2025-01-23T16:36:15.689709Z,,,92,CONSENT_REVOKED,CONSENT_REVOKED,CONSENT_REVOKED,CONSENT_REVOKED,CONSENT_REVOKED,CONSENT_REVOKED,CONSENT_REVOKED,CONSENT_REVOKED,CONSENT_REVOKED
677ebab76aecc19f9bf1aaff,677d2e1e9d10df821c23f059,REJECTED,Not Applicable,2025-01-08T17:49:58.062000Z,2025-01-08T17:52:36.350000Z,2025-01-10T20:28:24.034000Z,2025-01-23T16:36:15.637999Z,159.0,C6Z69RXD,71,CONSENT_REVOKED,CONSENT_REVOKED,CONSENT_REVOKED,CONSENT_REVOKED,CONSENT_REVOKED,CONSENT_REVOKED,CONSENT_REVOKED,CONSENT_REVOKED,CONSENT_REVOKED
677ebaba41f0ce49707ab3be,64427a7ac5edfedbe0c2779b,APPROVED,Not Applicable,2025-01-08T17:49:59.245000Z,2025-01-08T18:15:55.332000Z,2025-01-16T17:00:42.199000Z,2025-01-08T18:15:55.939511Z,1557.0,75b53a55e8,1794,50,Male,White,United States,United States,United States,English,No,Full-Time
677ebabccbe86ff8992a5834,6647b21f6c3b8e4282486dd7,APPROVED,Not Applicable,2025-01-08T17:49:55.654000Z,2025-01-08T18:03:01.779000Z,2025-01-16T17:00:42.470000Z,2025-01-08T18:03:02.710451Z,787.0,75b53a55e8,149,37,Female,White,United States,United States,United States,English,No,Unemployed (and job seeking)
677ebabd02e9c6dffda31006,675e9e04f01a4a71c55d3a6e,RETURNED,Not Applicable,2025-01-08T17:49:55.151000Z,,,2025-01-23T16:36:15.698288Z,,,109,CONSENT_REVOKED,CONSENT_REVOKED,CONSENT_REVOKED,CONSENT_REVOKED,CONSENT_REVOKED,CONSENT_REVOKED,CONSENT_REVOKED,CONSENT_REVOKED,CONSENT_REVOKED
677ebabe8981a470c4193859,6766faffd8a246ca4bf34b8e,APPROVED,Not Applicable,2025-01-08T17:51:46.190000Z,2025-01-08T18:12:56.564000Z,2025-01-16T17:00:42.722000Z,2025-01-08T18:12:57.333974Z,1271.0,75b53a55e8,35,27,Female,White,United States,United States,United States,English,Yes,Full-Time
677ebac2a2ea2816f82abaaf,67462fa506e005a3bcdfe67f,APPROVED,Not Applicable,2025-01-08T17:50:01.670000Z,2025-01-08T18:00:17.351000Z,2025-01-16T17:00:42.981000Z,2025-01-08T18:00:18.017382Z,616.0,75b53a55e8,217,30,Male,White,United States,United States,United States,English,No,Full-Time
677ebac2bde94913fe7e26ca,5e07d174da6bad1342bafab2,APPROVED,Not Applicable,2025-01-08T17:50:05.380000Z,2025-01-08T18:08:00.174000Z,2025-01-16T17:00:43.219000Z,2025-01-08T18:08:22.514699Z,1075.0,75b53a55e8,6808,41,Male,White,United States,United States,United States,English,No,Part-Time
677ebac3c02dc1a6eb192127,672fdaa9dc52336cbd0ce91d,APPROVED,Not Applicable,2025-01-08T17:54:58.555000Z,2025-01-08T18:21:08.316000Z,2025-01-16T17:00:43.493000Z,2025-01-08T18:21:09.395926Z,1570.0,75b53a55e8,216,37,Male,White,United States,United States,United States,English,No,Full-Time
677ebac3dcee10c2f02a0672,67651e0643487563a993e512,RETURNED,Not Applicable,2025-01-08T17:50:12.853000Z,,,2025-01-23T16:36:15.721241Z,,,120,CONSENT_REVOKED,CONSENT_REVOKED,CONSENT_REVOKED,CONSENT_REVOKED,CONSENT_REVOKED,CONSENT_REVOKED,CONSENT_REVOKED,CONSENT_REVOKED,CONSENT_REVOKED
677ebac42175c4f3c0752daf,675941ba9c45ada097c0eedf,APPROVED,Not Applicable,2025-01-08T17:50:07.640000Z,2025-01-08T18:33:42.660000Z,2025-01-16T17:00:43.764000Z,2025-01-08T18:33:43.329456Z,2616.0,75b53a55e8,93,22,Male,Black,Ghana,United States,United States,English,Yes,DATA_EXPIRED
677ebac4aa468c0e4e1f44fe,612fa6644526903f736cf925,RETURNED,Not Applicable,2025-01-08T17:50:19.902000Z,,,2025-01-23T16:36:15.780545Z,,,7799,CONSENT_REVOKED,CONSENT_REVOKED,CONSENT_REVOKED,CONSENT_REVOKED,CONSENT_REVOKED,CONSENT_REVOKED,CONSENT_REVOKED,CONSENT_REVOKED,CONSENT_REVOKED
677ebac5207f4228bbad477d,677861143fecd59f6f0440e2,APPROVED,Not Applicable,2025-01-08T17:50:00.994000Z,2025-01-08T17:57:21.944000Z,2025-01-16T17:00:44.032000Z,2025-01-08T17:57:26.828613Z,441.0,75b53a55e8,17,18,Male,White,United States,United States,United States,English,Yes,DATA_EXPIRED
677ebac7e77958c076ff6458,67543d689bf0cf9093337e08,RETURNED,Not Applicable,2025-01-08T17:51:50.819000Z,,,2025-01-23T16:36:15.792868Z,,,129,CONSENT_REVOKED,CONSENT_REVOKED,CONSENT_REVOKED,CONSENT_REVOKED,CONSENT_REVOKED,CONSENT_REVOKED,CONSENT_REVOKED,CONSENT_REVOKED,CONSENT_REVOKED
677ebac8485db22c046bb1ea,675596701cdaa7bdd28b97c1,RETURNED,Not Applicable,2025-01-08T17:53:31.272000Z,,,2025-01-23T16:36:15.802538Z,,,111,CONSENT_REVOKED,CONSENT_REVOKED,CONSENT_REVOKED,CONSENT_REVOKED,CONSENT_REVOKED,CONSENT_REVOKED,CONSENT_REVOKED,CONSENT_REVOKED,CONSENT_REVOKED
677ebac8dc47c876ef9bf94f,670fe349d7f527a0b7b8d646,APPROVED,Not Applicable,2025-01-08T17:50:10.628000Z,2025-01-08T18:04:50.092000Z,2025-01-16T17:00:44.286000Z,2025-01-08T18:04:51.635119Z,880.0,75b53a55e8,416,50,Male,Mixed,Peru,United States,United States,English,No,Full-Time
677ebac9022adad9ac0375b6,676ef542f8b2a7d4114f3786,APPROVED,Not Applicable,2025-01-08T17:58:09.961000Z,2025-01-08T18:28:29.553000Z,2025-01-16T17:00:44.531000Z,2025-01-08T18:28:30.123595Z,1820.0,75b53a55e8,33,38,Male,White,United States,United States,United States,English,No,Part-Time
677ebaca97030cb9b29a78f2,674c6b54b3b66e7b924615c1,RETURNED,Not Applicable,2025-01-08T17:50:07.831000Z,,,2025-01-23T16:36:15.845399Z,,,70,CONSENT_REVOKED,CONSENT_REVOKED,CONSENT_REVOKED,CONSENT_REVOKED,CONSENT_REVOKED,CONSENT_REVOKED,CONSENT_REVOKED,CONSENT_REVOKED,CONSENT_REVOKED
677ebacc90c712fe2881135b,5eed3df84fcaa015f3e06637,RETURNED,Not Applicable,2025-01-08T17:51:13.496000Z,,,2025-01-23T16:36:15.891052Z,,,570,CONSENT_REVOKED,CONSENT_REVOKED,CONSENT_REVOKED,CONSENT_REVOKED,CONSENT_REVOKED,CONSENT_REVOKED,CONSENT_REVOKED,CONSENT_REVOKED,CONSENT_REVOKED
677ebacd8549d38c52186a74,674d6c63da6b0da8926b4fee,RETURNED,Not Applicable,2025-01-08T17:50:37.618000Z,,,2025-01-23T16:36:15.904673Z,,,120,CONSENT_REVOKED,CONSENT_REVOKED,CONSENT_REVOKED,CONSENT_REVOKED,CONSENT_REVOKED,CONSENT_REVOKED,CONSENT_REVOKED,CONSENT_REVOKED,CONSENT_REVOKED
677ebacff0a6d51871da1e11,5dabd2828a78c7001c59eb82,RETURNED,Not Applicable,2025-01-08T17:50:39.009000Z,,,2025-01-23T16:36:15.913102Z,,,2340,CONSENT_REVOKED,CONSENT_REVOKED,CONSENT_REVOKED,CONSENT_REVOKED,CONSENT_REVOKED,CONSENT_REVOKED,CONSENT_REVOKED,CONSENT_REVOKED,CONSENT_REVOKED
677ebad1c94d074d257caf68,6543c24cc13d364cea3bdf41,APPROVED,Not Applicable,2025-01-08T17:50:40.326000Z,2025-01-08T18:04:53.242000Z,2025-01-16T17:00:44.770000Z,2025-01-08T18:04:54.153435Z,853.0,75b53a55e8,1738,43,Male,White,United States,United States,United States,English,No,Full-Time
677ebad2298f6045b5bd7b9b,6758a78b2b52d5e08173d97e,APPROVED,Not Applicable,2025-01-08T17:50:24.088000Z,2025-01-08T18:23:55.140000Z,2025-01-16T17:00:45.038000Z,2025-01-08T18:23:55.764060Z,2012.0,75b53a55e8,85,26,Male,Mixed,United States,United States,United States,English,DATA_EXPIRED,DATA_EXPIRED
677ebad30b9005b7b3c2c646,676836c5660a8ed18457d49c,RETURNED,Not Applicable,2025-01-08T17:50:22.457000Z,,,2025-01-23T16:36:15.973555Z,,,33,CONSENT_REVOKED,CONSENT_REVOKED,CONSENT_REVOKED,CONSENT_REVOKED,CONSENT_REVOKED,CONSENT_REVOKED,CONSENT_REVOKED,CONSENT_REVOKED,CONSENT_REVOKED
677ebad34fb05739512f497c,63b6e5e23b31a38790ff1ce2,APPROVED,Not Applicable,2025-01-08T17:51:43.984000Z,2025-01-08T18:14:52.635000Z,2025-01-16T17:00:45.287000Z,2025-01-08T18:14:53.173989Z,1389.0,75b53a55e8,3203,45,Female,White,United States,United States,United States,English,DATA_EXPIRED,DATA_EXPIRED
677ebad483c899fa35b35aa7,66b598dd25c412ddb950c593,TIMED-OUT,Not Applicable,2025-01-08T17:50:18.836000Z,,,2025-01-23T16:36:15.992023Z,1291558.0,,476,41,Female,Other,United States,United States,United States,English,Yes,Full-Time
677ebad58287bfab9711d790,669be03b876917afc25fde4d,RETURNED,Not Applicable,2025-01-08T17:50:22.491000Z,,,2025-01-23T16:36:15.962926Z,,,676,CONSENT_REVOKED,CONSENT_REVOKED,CONSENT_REVOKED,CONSENT_REVOKED,CONSENT_REVOKED,CONSENT_REVOKED,CONSENT_REVOKED,CONSENT_REVOKED,CONSENT_REVOKED
677ebad637a3e8cb4c3390d9,6729136bb1df1c050249f3e7,APPROVED,Not Applicable,2025-01-08T17:51:39.946000Z,2025-01-08T18:44:17.229000Z,2025-01-16T17:00:45.536000Z,2025-01-08T18:44:17.892292Z,3158.0,75b53a55e8,174,42,Female,White,United States,United States,United States,English,No,Part-Time
677ebad68549d38c52186a78,676185e5d2c02fe679be0a7d,APPROVED,Not Applicable,2025-01-08T17:50:22.685000Z,2025-01-08T18:13:43.731000Z,2025-01-16T17:00:45.787000Z,2025-01-08T18:13:44.880334Z,1402.0,75b53a55e8,28,27,Male,Black,Nigeria,United States,United States,English,No,DATA_EXPIRED
677ebad70ff5ec224005e91d,6709be886342b8d0c49ff59e,APPROVED,Not Applicable,2025-01-08T17:50:33.099000Z,2025-01-08T18:03:13.128000Z,2025-01-16T17:00:46.578000Z,2025-01-08T18:03:13.900658Z,761.0,75b53a55e8,475,49,Male,Asian,United States,United States,United States,English,No,Unemployed (and job seeking)
677ebad82754abccaef661f9,6725fb353d24212f7532afc1,APPROVED,Not Applicable,2025-01-08T17:50:33.541000Z,2025-01-08T18:20:17.298000Z,2025-01-16T17:00:46.957000Z,2025-01-08T18:20:17.949686Z,1784.0,75b53a55e8,108,24,Female,Black,Ghana,United States,United States,English,No,Full-Time
677ebad9edd29411568d239e,6510be6d0ebef3714fbfa677,APPROVED,Not Applicable,2025-01-08T17:51:26.280000Z,2025-01-08T18:41:06.318000Z,2025-01-16T17:00:47.221000Z,2025-01-08T18:41:07.510791Z,2981.0,75b53a55e8,882,57,Female,White,United States,United States,United States,English,No,Full-Time
677ebadc5982e67b31006eeb,673e980adb1a35935b309041,RETURNED,Not Applicable,2025-01-08T17:50:27.122000Z,,,2025-01-23T16:36:16.042807Z,,,259,CONSENT_REVOKED,CONSENT_REVOKED,CONSENT_REVOKED,CONSENT_REVOKED,CONSENT_REVOKED,CONSENT_REVOKED,CONSENT_REVOKED,CONSENT_REVOKED,CONSENT_REVOKED
677ebadccb32473be195f5dd,5e121701dc79bd8a1a22ca99,APPROVED,Not Applicable,2025-01-08T17:50:57.344000Z,2025-01-08T18:05:39.029000Z,2025-01-16T17:00:47.464000Z,2025-01-08T18:07:59.926757Z,882.0,75b53a55e8,8825,54,Female,White,United States,United States,United States,English,DATA_EXPIRED,DATA_EXPIRED
677ebadd98e7b9e38ea5540f,66294441f6545cc65fd7e23f,APPROVED,Not Applicable,2025-01-08T17:50:26.858000Z,2025-01-08T18:04:54.327000Z,2025-01-16T17:00:47.731000Z,2025-01-08T18:04:55.392250Z,868.0,75b53a55e8,561,49,Female,White,United States,United States,United States,English,No,Full-Time
677ebadde77958c076ff645c,66fe99edb8a87ffd9478d5c1,APPROVED,Not Applicable,2025-01-08T17:51:25.002000Z,2025-01-08T18:06:54.671000Z,2025-01-16T17:00:48.004000Z,2025-01-08T18:08:13.576155Z,930.0,75b53a55e8,591,40,Female,Asian,Korea,United States,United States,Korean,DATA_EXPIRED,Full-Time
677ebade8549d38c52186a7b,6687a8739421de36caace48b,APPROVED,Not Applicable,2025-01-08T17:50:57.300000Z,2025-01-08T18:12:19.172000Z,2025-01-16T17:00:48.264000Z,2025-01-08T18:12:20.067586Z,1282.0,75b53a55e8,781,39,Male,Black,Nigeria,United States,United States,English,No,Full-Time
677ebadfe0e560b4fea7062f,67168fe6f3813afe34a2123e,APPROVED,Not Applicable,2025-01-08T17:55:05.362000Z,2025-01-08T18:55:43.168000Z,2025-01-16T17:00:48.531000Z,2025-01-08T18:55:44.114614Z,3638.0,75b53a55e8,415,30,Male,White,United States,United States,United States,English,DATA_EXPIRED,"Not in paid work (e.g. homemaker', 'retired or disabled)"
677ebae072d2079a6c45362d,6711661fb7e391e9a49153fd,APPROVED,Not Applicable,2025-01-08T17:50:39.365000Z,2025-01-08T18:54:36.652000Z,2025-01-16T17:00:48.792000Z,2025-01-08T18:54:37.294252Z,3838.0,75b53a55e8,237,34,Male,Black,United States,United States,United States,English,No,Full-Time
677ebae077141ff4e795f5af,67290dbf0716bc6f703c1072,RETURNED,Not Applicable,2025-01-08T17:50:44.180000Z,,,2025-01-23T16:36:16.075228Z,,,187,CONSENT_REVOKED,CONSENT_REVOKED,CONSENT_REVOKED,CONSENT_REVOKED,CONSENT_REVOKED,CONSENT_REVOKED,CONSENT_REVOKED,CONSENT_REVOKED,CONSENT_REVOKED
677ebae16a3b2979059a3ef9,677184763869125a6d129f6c,APPROVED,Not Applicable,2025-01-08T17:50:37.446000Z,2025-01-08T18:56:21.670000Z,2025-01-16T17:00:49.089000Z,2025-01-08T18:56:22.381094Z,3945.0,75b53a55e8,17,19,Male,White,Kenya,United States,United States,English,No,Part-Time
677ebae2b410391d15b5a9f2,670e330d628cb7f21cbb0245,RETURNED,Not Applicable,2025-01-08T17:50:43.988000Z,,,2025-01-23T16:36:16.183266Z,,,538,CONSENT_REVOKED,CONSENT_REVOKED,CONSENT_REVOKED,CONSENT_REVOKED,CONSENT_REVOKED,CONSENT_REVOKED,CONSENT_REVOKED,CONSENT_REVOKED,CONSENT_REVOKED
677ebae2d4b7e54839a3a33b,674d6c37a7ccdca6c81cb9a3,RETURNED,Not Applicable,2025-01-08T17:50:39.304000Z,,,2025-01-23T16:36:16.137008Z,,,98,CONSENT_REVOKED,CONSENT_REVOKED,CONSENT_REVOKED,CONSENT_REVOKED,CONSENT_REVOKED,CONSENT_REVOKED,CONSENT_REVOKED,CONSENT_REVOKED,CONSENT_REVOKED
677ebae4d9fe13bb3a29dd76,672cbcb7f1d4cbceffcbc370,RETURNED,Not Applicable,2025-01-08T17:50:40.216000Z,,,2025-01-23T16:36:16.183271Z,,,200,CONSENT_REVOKED,CONSENT_REVOKED,CONSENT_REVOKED,CONSENT_REVOKED,CONSENT_REVOKED,CONSENT_REVOKED,CONSENT_REVOKED,CONSENT_REVOKED,CONSENT_REVOKED
677ebae58b1ad213fba5545d,677aae4e7390567a435c3c23,RETURNED,Not Applicable,2025-01-08T17:50:29.989000Z,,,2025-01-23T16:36:16.278826Z,,,68,CONSENT_REVOKED,CONSENT_REVOKED,CONSENT_REVOKED,CONSENT_REVOKED,CONSENT_REVOKED,CONSENT_REVOKED,CONSENT_REVOKED,CONSENT_REVOKED,CONSENT_REVOKED
677ebae7e0e560b4fea70632,66a7ac81de413f266141e8c7,APPROVED,Not Applicable,2025-01-08T17:50:44.348000Z,2025-01-08T18:48:54.172000Z,2025-01-16T17:00:49.354000Z,2025-01-08T18:49:18.678514Z,3490.0,75b53a55e8,35,42,Male,Black,Nigeria,United States,United States,English,DATA_EXPIRED,Full-Time
677ebaefa9a96fdc6414247e,671210dabcddcc926eecb386,APPROVED,Not Applicable,2025-01-08T17:50:45.252000Z,2025-01-08T18:31:54.962000Z,2025-01-16T17:00:49.624000Z,2025-01-08T18:31:55.736266Z,2470.0,75b53a55e8,164,33,Female,Black,United States,United States,United States,English,No,Full-Time
677ebaf191d12d351cc586d8,665d3b8935ef56ce74c4761f,APPROVED,Not Applicable,2025-01-08T17:51:02.450000Z,2025-01-08T18:08:55.572000Z,2025-01-16T17:00:49.881000Z,2025-01-08T18:09:01.406500Z,1074.0,75b53a55e8,1331,54,Female,White,United States,United States,United States,English,No,Part-Time
677ebaf1e8b4da15a0762c20,672e5d74e5555c2f2e8f521a,APPROVED,Not Applicable,2025-01-08T17:50:53.730000Z,2025-01-08T18:11:37.968000Z,2025-01-16T17:00:50.144000Z,2025-01-08T18:11:38.862675Z,1245.0,75b53a55e8,286,36,Male,Black,United States,United States,United States,English,No,Full-Time
677ebaf23e04fda87cf76087,671545914b6ae05f4a55c8d0,APPROVED,Not Applicable,2025-01-08T17:50:48.318000Z,2025-01-08T18:09:55.015000Z,2025-01-16T17:00:50.405000Z,2025-01-08T18:09:55.623468Z,1147.0,75b53a55e8,321,59,Female,White,United States,United States,United States,English,No,Full-Time
677ebaf53be44003a19e6e90,5f4d07b4fae27694de8f5af1,APPROVED,Not Applicable,2025-01-08T17:50:50.227000Z,2025-01-08T18:03:13.176000Z,2025-01-16T17:00:50.650000Z,2025-01-08T18:03:13.805555Z,743.0,75b53a55e8,5227,58,Female,White,United States,United States,United States,English,No,Part-Time
677ebaf6edd29411568d23a5,6706bc0d8c98b64939838b2e,APPROVED,Not Applicable,2025-01-08T17:50:53.406000Z,2025-01-08T18:04:03.677000Z,2025-01-16T17:00:50.900000Z,2025-01-08T18:04:04.311091Z,791.0,75b53a55e8,406,46,Female,White,United States,United States,United States,English,No,Part-Time
677ebaf74c6461d190e2d26c,6777fb99948cf3f94bf2eda3,RETURNED,Not Applicable,2025-01-08T17:50:55.846000Z,,,2025-01-23T16:36:16.295495Z,,,95,CONSENT_REVOKED,CONSENT_REVOKED,CONSENT_REVOKED,CONSENT_REVOKED,CONSENT_REVOKED,CONSENT_REVOKED,CONSENT_REVOKED,CONSENT_REVOKED,CONSENT_REVOKED
677ebaf81a64230eba87c904,677d88d4125f646cc31fc634,RETURNED,Not Applicable,2025-01-08T17:50:55.098000Z,,,2025-01-23T16:36:16.276032Z,,,7,CONSENT_REVOKED,CONSENT_REVOKED,CONSENT_REVOKED,CONSENT_REVOKED,CONSENT_REVOKED,CONSENT_REVOKED,CONSENT_REVOKED,CONSENT_REVOKED,CONSENT_REVOKED
677ebaf8b4d1f0e88d37404b,669d07a056c095b6d828e75b,APPROVED,Not Applicable,2025-01-08T17:52:52.329000Z,2025-01-08T18:50:21.754000Z,2025-01-16T17:00:51.144000Z,2025-01-08T18:50:47.893180Z,3450.0,75b53a55e8,457,37,Male,Black,Nigeria,United States,United States,English,No,Part-Time
677ebaf908ab072d4b61d131,6723e418ca0f0568d1e71182,APPROVED,Not Applicable,2025-01-08T17:50:53.845000Z,2025-01-08T18:03:27.836000Z,2025-01-16T17:00:51.415000Z,2025-01-08T18:03:28.583137Z,754.0,75b53a55e8,317,42,Male,White,United States,United States,United States,English,No,DATA_EXPIRED
677ebaf9c51fc8db7919f8be,66c8ac7da0e6e729c2c90d2d,APPROVED,Not Applicable,2025-01-08T17:59:52.568000Z,2025-01-08T18:36:49.031000Z,2025-01-16T17:00:51.678000Z,2025-01-08T18:37:18.878878Z,2217.0,75b53a55e8,693,24,Male,White,United States,United States,United States,English,Yes,Part-Time
677ebafa69b1a9fcfa549e59,60ddf017992f20e34420dd08,APPROVED,Not Applicable,2025-01-08T17:51:37.775000Z,2025-01-08T18:52:55.474000Z,2025-01-16T17:00:51.939000Z,2025-01-08T18:52:56.228579Z,3678.0,75b53a55e8,4407,31,Male,White,United States,United States,United States,English,No,DATA_EXPIRED
677ebafbbddda41006a3a390,5ea85e55bc06040c26f04cc4,APPROVED,Not Applicable,2025-01-08T17:50:58.068000Z,2025-01-08T18:07:09.645000Z,2025-01-16T17:00:52.194000Z,2025-01-08T18:08:15.875403Z,972.0,75b53a55e8,1514,45,Male,White,United States,United States,United States,English,No,Unemployed (and job seeking)
677ebafcddc392b591f1ab7d,67799802e58344b5c58ee4a3,RETURNED,Not Applicable,2025-01-08T17:51:07.899000Z,,,2025-01-23T16:36:16.358326Z,,,42,CONSENT_REVOKED,CONSENT_REVOKED,CONSENT_REVOKED,CONSENT_REVOKED,CONSENT_REVOKED,CONSENT_REVOKED,CONSENT_REVOKED,CONSENT_REVOKED,CONSENT_REVOKED
677ebafde0d686430787e8f8,673a27fe372ce97a95aecf5c,APPROVED,Not Applicable,2025-01-08T17:51:01.442000Z,2025-01-08T18:10:25.733000Z,2025-01-16T17:00:52.430000Z,2025-01-08T18:10:26.238271Z,1165.0,75b53a55e8,287,43,Male,White,United States,United States,United States,English,No,DATA_EXPIRED
677ebafe592596c91926d621,67450746a2c5e8119e7dd979,RETURNED,Not Applicable,2025-01-08T17:51:06.289000Z,,,2025-01-23T16:36:16.389656Z,,,89,CONSENT_REVOKED,CONSENT_REVOKED,CONSENT_REVOKED,CONSENT_REVOKED,CONSENT_REVOKED,CONSENT_REVOKED,CONSENT_REVOKED,CONSENT_REVOKED,CONSENT_REVOKED
677ebafe8761c0d88cf8f8d8,6732593eff011c52764cee0f,RETURNED,Not Applicable,2025-01-08T17:51:10.613000Z,,,2025-01-23T16:36:16.382202Z,,,318,CONSENT_REVOKED,CONSENT_REVOKED,CONSENT_REVOKED,CONSENT_REVOKED,CONSENT_REVOKED,CONSENT_REVOKED,CONSENT_REVOKED,CONSENT_REVOKED,CONSENT_REVOKED
677ebaff592596c91926d624,675e1ca0336a5addfd34e597,APPROVED,Not Applicable,2025-01-08T17:50:55.214000Z,2025-01-08T18:14:25.832000Z,2025-01-16T17:00:52.709000Z,2025-01-08T18:14:26.468338Z,1411.0,75b53a55e8,85,22,Male,Black,Ghana,United States,United States,Finnish,DATA_EXPIRED,DATA_EXPIRED
677ebaffd4867994d9bab8e2,63d5cbb3c8e15d4cd611bee1,APPROVED,Not Applicable,2025-01-08T17:51:20.518000Z,2025-01-08T18:08:03.332000Z,2025-01-16T17:00:52.957000Z,2025-01-08T18:08:24.180703Z,1003.0,75b53a55e8,2803,48,Female,White,United States,United States,United States,English,No,DATA_EXPIRED
677ebb00f492090a1829de73,6720378a683a5d8a933493fb,RETURNED,Not Applicable,2025-01-08T17:51:14.277000Z,,,2025-01-23T16:36:16.496625Z,,,452,CONSENT_REVOKED,CONSENT_REVOKED,CONSENT_REVOKED,CONSENT_REVOKED,CONSENT_REVOKED,CONSENT_REVOKED,CONSENT_REVOKED,CONSENT_REVOKED,CONSENT_REVOKED
677ebb0124002db719c225ba,5bdc8d12b2fff7000189b6f8,RETURNED,Not Applicable,2025-01-08T17:51:07.446000Z,,,2025-01-23T16:36:16.442967Z,,,4375,CONSENT_REVOKED,CONSENT_REVOKED,CONSENT_REVOKED,CONSENT_REVOKED,CONSENT_REVOKED,CONSENT_REVOKED,CONSENT_REVOKED,CONSENT_REVOKED,CONSENT_REVOKED
677ebb02e024f5c5b6dd9f4c,6775ea970c07e5ed9a2803fe,RETURNED,Not Applicable,2025-01-08T17:52:19.372000Z,,,2025-01-23T16:36:16.400094Z,,,75,CONSENT_REVOKED,CONSENT_REVOKED,CONSENT_REVOKED,CONSENT_REVOKED,CONSENT_REVOKED,CONSENT_REVOKED,CONSENT_REVOKED,CONSENT_REVOKED,CONSENT_REVOKED
677ebb036cc3afe1ebe63a8a,6266a849331cc893a5b22cf6,RETURNED,Not Applicable,2025-01-08T18:00:59.686000Z,,,2025-01-23T16:36:16.530655Z,,,7246,CONSENT_REVOKED,CONSENT_REVOKED,CONSENT_REVOKED,CONSENT_REVOKED,CONSENT_REVOKED,CONSENT_REVOKED,CONSENT_REVOKED,CONSENT_REVOKED,CONSENT_REVOKED
677ebb04a0b5178b3f5191df,55cc7cfb74297e0005235c27,APPROVED,Not Applicable,2025-01-08T17:54:58.854000Z,2025-01-08T18:04:23.192000Z,2025-01-16T17:00:53.218000Z,2025-01-08T18:04:24.199441Z,565.0,75b53a55e8,3634,34,Female,White,United States,United States,United States,English,No,Full-Time
677ebb04aebc03378fba3aa6,665145fa2cef092b90f2f1d0,APPROVED,Not Applicable,2025-01-08T17:51:05.379000Z,2025-01-08T18:05:26.055000Z,2025-01-16T17:00:53.463000Z,2025-01-08T18:07:56.357630Z,861.0,75b53a55e8,992,41,Female,Asian,United States,United States,United States,English,No,DATA_EXPIRED
677ebb05167f43309e15c566,5e9749b44592572013c96868,APPROVED,Not Applicable,2025-01-08T17:51:18.524000Z,2025-01-08T18:01:28.218000Z,2025-01-16T17:00:53.713000Z,2025-01-08T18:01:28.834127Z,610.0,75b53a55e8,2923,33,Female,White,United States,United States,United States,English,DATA_EXPIRED,DATA_EXPIRED
677ebb0544fd2e48ef5a0a1c,675b24c9a3a51760ee7ec677,APPROVED,Not Applicable,2025-01-08T17:51:46.721000Z,2025-01-08T18:05:36.804000Z,2025-01-16T17:00:53.963000Z,2025-01-08T18:07:59.604728Z,831.0,75b53a55e8,59,26,Male,Black,DATA_EXPIRED,United States,United States,English,DATA_EXPIRED,DATA_EXPIRED
677ebb064fb05739512f4991,675ad859f2e54b6db3d2a81e,RETURNED,Not Applicable,2025-01-08T18:00:48.059000Z,,,2025-01-23T16:36:16.540024Z,,,78,CONSENT_REVOKED,CONSENT_REVOKED,CONSENT_REVOKED,CONSENT_REVOKED,CONSENT_REVOKED,CONSENT_REVOKED,CONSENT_REVOKED,CONSENT_REVOKED,CONSENT_REVOKED
677ebb07369e2918471f457c,67226859a31fd1824654fb98,APPROVED,Not Applicable,2025-01-08T17:51:24.714000Z,2025-01-08T18:51:03.492000Z,2025-01-16T17:00:54.777000Z,2025-01-08T18:51:06.608423Z,3579.0,75b53a55e8,236,19,Male,Black,Ghana,United States,United States,English,Yes,DATA_EXPIRED
677ebb0779fbc18852f91c31,66a6bbb40b48d0e4f326767e,APPROVED,Not Applicable,2025-01-08T17:51:11.982000Z,2025-01-08T18:01:58.035000Z,2025-01-16T17:00:55.050000Z,2025-01-08T18:01:58.562406Z,647.0,75b53a55e8,852,33,Male,White,United States,United States,United States,English,Yes,Full-Time
677ebb0898e7b9e38ea55419,6735f1cb7f8b1ab0476fec9d,RETURNED,Not Applicable,2025-01-08T17:52:04.279000Z,,,2025-01-23T16:36:16.526218Z,,,169,CONSENT_REVOKED,CONSENT_REVOKED,CONSENT_REVOKED,CONSENT_REVOKED,CONSENT_REVOKED,CONSENT_REVOKED,CONSENT_REVOKED,CONSENT_REVOKED,CONSENT_REVOKED
677ebb08ce2a24e72ac77f3d,674fdffe4554e6587c08eb09,APPROVED,Not Applicable,2025-01-08T17:52:22.140000Z,2025-01-08T18:15:21.515000Z,2025-01-16T17:00:55.321000Z,2025-01-08T18:15:22.068564Z,1380.0,75b53a55e8,48,29,Female,Black,United States,United States,United States,English,No,Full-Time
677ebb0977141ff4e795f5bd,6650b49a1fe0a46546273a3d,APPROVED,Not Applicable,2025-01-08T17:51:09.875000Z,2025-01-08T18:04:37.076000Z,2025-01-16T17:00:55.583000Z,2025-01-08T18:04:37.861525Z,808.0,75b53a55e8,533,24,Male,White,United States,United States,United States,English,DATA_EXPIRED,Unemployed (and job seeking)
677ebb09d2761ea9943d2679,628eb50c442d584fa8275bcc,APPROVED,Not Applicable,2025-01-08T17:52:10.591000Z,2025-01-08T18:03:40.329000Z,2025-01-16T17:00:55.840000Z,2025-01-08T18:03:41.493104Z,690.0,75b53a55e8,4305,38,Male,White,United States,United States,United States,English,DATA_EXPIRED,Full-Time
677ebb0ab64c3823a44e0f3c,670156ee82dc8f71b803cf72,APPROVED,Not Applicable,2025-01-08T17:51:21.653000Z,2025-01-08T18:20:26.540000Z,2025-01-16T17:00:56.112000Z,2025-01-08T18:20:27.213313Z,1745.0,75b53a55e8,367,58,Female,White,United States,United States,United States,English,No,"Not in paid work (e.g. homemaker', 'retired or disabled)"
677ebb0bc51fc8db7919f8c5,677972c77828c813573cbc41,RETURNED,Not Applicable,2025-01-08T17:51:20.068000Z,,,2025-01-23T16:36:16.567397Z,,,28,CONSENT_REVOKED,CONSENT_REVOKED,CONSENT_REVOKED,CONSENT_REVOKED,CONSENT_REVOKED,CONSENT_REVOKED,CONSENT_REVOKED,CONSENT_REVOKED,CONSENT_REVOKED
677ebb0c88569e8ffcad603a,673cd43cfac31b5664ed1042,RETURNED,Not Applicable,2025-01-08T17:51:21.013000Z,,,2025-01-23T16:36:16.558366Z,,,285,CONSENT_REVOKED,CONSENT_REVOKED,CONSENT_REVOKED,CONSENT_REVOKED,CONSENT_REVOKED,CONSENT_REVOKED,CONSENT_REVOKED,CONSENT_REVOKED,CONSENT_REVOKED
677ebb0d375502ea17453616,6749f2ce1caa3d0b95ab8660,RETURNED,Not Applicable,2025-01-08T17:51:17.518000Z,,,2025-01-23T16:36:16.630128Z,,,222,CONSENT_REVOKED,CONSENT_REVOKED,CONSENT_REVOKED,CONSENT_REVOKED,CONSENT_REVOKED,CONSENT_REVOKED,CONSENT_REVOKED,CONSENT_REVOKED,CONSENT_REVOKED
677ebb0ddcee10c2f02a0682,5f179bd584e8e802ef9c187d,APPROVED,Not Applicable,2025-01-08T17:51:13.707000Z,2025-01-08T18:08:32.344000Z,2025-01-16T17:00:56.381000Z,2025-01-08T18:08:33.012989Z,1039.0,75b53a55e8,9040,57,Male,White,United Kingdom,United States,United States,English,No,DATA_EXPIRED
677ebb0e8078c781b31938b9,6741fa79e00a5f07669fe53e,RETURNED,Not Applicable,2025-01-08T17:51:48.907000Z,,,2025-01-23T16:36:16.625159Z,,,64,CONSENT_REVOKED,CONSENT_REVOKED,CONSENT_REVOKED,CONSENT_REVOKED,CONSENT_REVOKED,CONSENT_REVOKED,CONSENT_REVOKED,CONSENT_REVOKED,CONSENT_REVOKED
677ebb0e91d12d351cc586dc,64402f7ad3d019dc99b9f3f0,APPROVED,Not Applicable,2025-01-08T17:51:10.925000Z,2025-01-08T18:21:20.716000Z,2025-01-16T17:00:56.657000Z,2025-01-08T18:21:21.680890Z,1810.0,75b53a55e8,3817,24,Male,White,United States,United States,United States,English,DATA_EXPIRED,DATA_EXPIRED
677ebb0f7b60aaa6e3c2254c,6757e7869686091f0394c535,APPROVED,Not Applicable,2025-01-08T17:55:32.811000Z,2025-01-08T18:24:38.191000Z,2025-01-16T17:00:57.256000Z,2025-01-08T18:24:38.852098Z,1746.0,75b53a55e8,24,48,Female,White,United States,United States,United States,English,No,Part-Time
677ebb0f8501716c0a5d079f,673bda1b5078112ef6157180,APPROVED,Not Applicable,2025-01-08T17:51:34.291000Z,2025-01-08T18:19:48.906000Z,2025-01-16T17:00:57.570000Z,2025-01-08T18:19:49.938421Z,1695.0,75b53a55e8,321,53,Female,White,United States,United States,United States,English,No,Unemployed (and job seeking)
677ebb1073b714cfb0e8f544,673e6202ca6c26df57433c6b,APPROVED,Not Applicable,2025-01-08T17:51:24.580000Z,2025-01-08T18:15:06.225000Z,2025-01-16T17:00:57.824000Z,2025-01-08T18:15:06.926649Z,1422.0,75b53a55e8,177,33,Male,White,United States,United States,United States,English,DATA_EXPIRED,Full-Time
677ebb112186dad51792577b,6692b83014b1e3282fce56cb,RETURNED,Not Applicable,2025-01-08T17:51:28.352000Z,,,2025-01-23T16:36:16.603516Z,,,958,CONSENT_REVOKED,CONSENT_REVOKED,CONSENT_REVOKED,CONSENT_REVOKED,CONSENT_REVOKED,CONSENT_REVOKED,CONSENT_REVOKED,CONSENT_REVOKED,CONSENT_REVOKED
677ebb12439ced98417d70ce,675c622f713a973dc811b1af,APPROVED,Not Applicable,2025-01-08T17:53:21.270000Z,2025-01-08T18:30:10.265000Z,2025-01-16T17:00:58.069000Z,2025-01-08T18:30:11.256407Z,2209.0,75b53a55e8,63,23,Male,White,United States,United States,United States,English,No,Full-Time
677ebb134e5b1a571a3ebb5e,673b5bb63f8512e9947de293,APPROVED,Not Applicable,2025-01-08T17:51:26.116000Z,2025-01-08T18:05:09.008000Z,2025-01-16T17:00:58.308000Z,2025-01-08T18:05:09.562947Z,823.0,75b53a55e8,208,43,Male,White,United States,United States,United States,English,No,Unemployed (and job seeking)
677ebb13a2ea2816f82ababe,6710fd3d68fc8d74e2421bb0,RETURNED,Not Applicable,2025-01-08T18:02:00.059000Z,,,2025-01-23T16:36:16.619977Z,,,526,CONSENT_REVOKED,CONSENT_REVOKED,CONSENT_REVOKED,CONSENT_REVOKED,CONSENT_REVOKED,CONSENT_REVOKED,CONSENT_REVOKED,CONSENT_REVOKED,CONSENT_REVOKED
677ebb1444fd2e48ef5a0a24,6750eb29ec2900a4f7e8b356,RETURNED,Not Applicable,2025-01-08T17:51:41.654000Z,,,2025-01-23T16:36:16.796701Z,,,145,CONSENT_REVOKED,CONSENT_REVOKED,CONSENT_REVOKED,CONSENT_REVOKED,CONSENT_REVOKED,CONSENT_REVOKED,CONSENT_REVOKED,CONSENT_REVOKED,CONSENT_REVOKED
677ebb155322280af28a0152,5e2c7806bb1a6e000cf7f2e8,APPROVED,Not Applicable,2025-01-08T17:51:28.371000Z,2025-01-08T18:28:08.461000Z,2025-01-16T17:00:58.546000Z,2025-01-08T18:28:09.088582Z,2201.0,75b53a55e8,5198,47,Male,Black,United States,United States,United States,English,No,Unemployed (and job seeking)
677ebb16425dbe08fccf371a,667b4c7a71cd473560afbcaa,APPROVED,Not Applicable,2025-01-08T17:51:39.352000Z,2025-01-08T18:38:51.653000Z,2025-01-16T17:00:58.778000Z,2025-01-08T18:38:53.903452Z,2833.0,75b53a55e8,258,31,Male,White,United States,United States,El Salvador,Spanish,No,Full-Time
677ebb1732ee098ae7e62505,676361aa7d51986f81a9858f,APPROVED,Not Applicable,2025-01-08T17:55:34.509000Z,2025-01-08T18:34:53.396000Z,2025-01-16T17:00:59.024000Z,2025-01-08T18:35:00.455224Z,2359.0,75b53a55e8,11,45,Female,White,United States,United States,United States,English,No,Part-Time
677ebb17cbe86ff8992a5848,670993b1bbd3b91d94a4abd9,RETURNED,Not Applicable,2025-01-08T17:51:31.577000Z,,,2025-01-23T16:36:16.680462Z,,,185,CONSENT_REVOKED,CONSENT_REVOKED,CONSENT_REVOKED,CONSENT_REVOKED,CONSENT_REVOKED,CONSENT_REVOKED,CONSENT_REVOKED,CONSENT_REVOKED,CONSENT_REVOKED
677ebb183e4781e47ee8b160,6697b76196abb25f03897edd,APPROVED,Not Applicable,2025-01-08T17:53:30.650000Z,2025-01-08T18:10:15.012000Z,2025-01-16T17:00:59.279000Z,2025-01-08T18:10:15.782411Z,1005.0,75b53a55e8,368,55,Male,White,United States,United States,United States,English,No,Full-Time
677ebb18b6c6fced6f715dfe,66d928521b01c6b9cf2649fe,RETURNED,Not Applicable,2025-01-08T17:51:32.172000Z,,,2025-01-23T16:36:16.702515Z,,,272,CONSENT_REVOKED,CONSENT_REVOKED,CONSENT_REVOKED,CONSENT_REVOKED,CONSENT_REVOKED,CONSENT_REVOKED,CONSENT_REVOKED,CONSENT_REVOKED,CONSENT_REVOKED
677ebb19591191dc77d54b89,67631e31c376303992fb1aeb,RETURNED,Not Applicable,2025-01-08T17:51:38.757000Z,,,2025-01-23T16:36:16.786125Z,,,90,CONSENT_REVOKED,CONSENT_REVOKED,CONSENT_REVOKED,CONSENT_REVOKED,CONSENT_REVOKED,CONSENT_REVOKED,CONSENT_REVOKED,CONSENT_REVOKED,CONSENT_REVOKED
677ebb19e72f4ae743f661b0,60e70a9a82164990b412cb1c,APPROVED,Not Applicable,2025-01-08T17:51:35.135000Z,2025-01-08T18:23:34.473000Z,2025-01-16T17:00:59.598000Z,2025-01-08T18:23:35.636905Z,1920.0,75b53a55e8,531,56,Female,White,United States,United States,United States,English,No,Part-Time
677ebb1ae9cf9acff938e987,59715b4b50e2f000016fe00e,APPROVED,Not Applicable,2025-01-08T17:51:36.843000Z,2025-01-08T18:09:14.851000Z,2025-01-16T17:00:59.826000Z,2025-01-08T18:09:15.637648Z,1059.0,75b53a55e8,7207,41,Male,White,United States,United States,United States,English,DATA_EXPIRED,DATA_EXPIRED
677ebb1b387f24469138e9b8,675c44532dc30173b2dcf2e5,RETURNED,Not Applicable,2025-01-08T17:52:44.838000Z,,,2025-01-23T16:36:16.731018Z,,,122,CONSENT_REVOKED,CONSENT_REVOKED,CONSENT_REVOKED,CONSENT_REVOKED,CONSENT_REVOKED,CONSENT_REVOKED,CONSENT_REVOKED,CONSENT_REVOKED,CONSENT_REVOKED
677ebb1c564cd73a51357834,5fbb2540b981f7c1e0fca5ff,APPROVED,Not Applicable,2025-01-08T17:51:36.085000Z,2025-01-08T18:06:41.328000Z,2025-01-16T17:01:00.045000Z,2025-01-08T18:08:11.105871Z,906.0,75b53a55e8,7207,44,Male,White,United States,United States,United States,English,DATA_EXPIRED,DATA_EXPIRED
677ebb1cc32d9835b47d13bc,675abacdf92b96990bc5427b,RETURNED,Not Applicable,2025-01-08T17:52:04.461000Z,,,2025-01-23T16:36:16.866504Z,,,109,CONSENT_REVOKED,CONSENT_REVOKED,CONSENT_REVOKED,CONSENT_REVOKED,CONSENT_REVOKED,CONSENT_REVOKED,CONSENT_REVOKED,CONSENT_REVOKED,CONSENT_REVOKED
677ebb1d60580fe50eff237e,65d863e56337aa59292ccd66,APPROVED,Not Applicable,2025-01-08T17:51:33.117000Z,2025-01-08T18:05:10.038000Z,2025-01-16T17:01:00.283000Z,2025-01-08T18:05:10.937742Z,817.0,75b53a55e8,1811,33,Female,Black,United States,United States,United States,English,No,Part-Time
677ebb1d70a9fcb20dc55982,66a90c9521070dd64f1689bc,RETURNED,Not Applicable,2025-01-08T17:51:35.532000Z,,,2025-01-23T16:36:16.867112Z,,,403,CONSENT_REVOKED,CONSENT_REVOKED,CONSENT_REVOKED,CONSENT_REVOKED,CONSENT_REVOKED,CONSENT_REVOKED,CONSENT_REVOKED,CONSENT_REVOKED,CONSENT_REVOKED
677ebb1df936d592dfd26a65,677683a28e4d9b6442eca921,APPROVED,Not Applicable,2025-01-08T17:51:33.522000Z,2025-01-08T18:15:55.604000Z,2025-01-16T17:01:00.523000Z,2025-01-08T18:15:56.264624Z,1463.0,75b53a55e8,3,24,Male,Black,DATA_EXPIRED,United States,United States,English,DATA_EXPIRED,DATA_EXPIRED
677ebb1e8287bfab9711d79f,5ed3055d98e33f182062933b,APPROVED,Not Applicable,2025-01-08T17:51:32.946000Z,2025-01-08T18:04:10.065000Z,2025-01-16T17:01:00.763000Z,2025-01-08T18:04:10.760688Z,758.0,75b53a55e8,4074,59,Female,White,United States,United States,United States,English,DATA_EXPIRED,DATA_EXPIRED
677ebb1ef936d592dfd26a68,673c7a952718ff78c41e135b,APPROVED,Not Applicable,2025-01-08T17:55:28.772000Z,2025-01-08T18:15:43.891000Z,2025-01-16T17:01:01.008000Z,2025-01-08T18:15:44.655437Z,1216.0,75b53a55e8,106,29,Male,White,United States,United States,United States,English,No,Full-Time
677ebb1f4c6461d190e2d273,66622736b3fcb6b8f3c04fdd,APPROVED,Not Applicable,2025-01-08T17:53:52.183000Z,2025-01-08T18:07:52.936000Z,2025-01-16T17:01:01.275000Z,2025-01-08T18:08:21.677508Z,841.0,75b53a55e8,319,41,Male,White,United States,United States,United States,English,DATA_EXPIRED,DATA_EXPIRED
677ebb1f515bb4ee59549e6b,666e123eb6aff45cf5be575e,APPROVED,Not Applicable,2025-01-08T17:51:35.741000Z,2025-01-08T18:03:54.165000Z,2025-01-16T17:01:01.547000Z,2025-01-08T18:03:55.075605Z,739.0,75b53a55e8,842,31,Female,White,United States,United States,United States,English,No,Full-Time
677ebb2157bcc6d78eaf9896,66e0dc819ca421d2e6da6d67,RETURNED,Not Applicable,2025-01-08T17:52:54.008000Z,,,2025-01-23T16:36:16.865321Z,,,793,CONSENT_REVOKED,CONSENT_REVOKED,CONSENT_REVOKED,CONSENT_REVOKED,CONSENT_REVOKED,CONSENT_REVOKED,CONSENT_REVOKED,CONSENT_REVOKED,CONSENT_REVOKED
677ebb21e72f4ae743f661b5,5dcd91a0b7ebf606d16c971e,APPROVED,Not Applicable,2025-01-08T17:51:34.484000Z,2025-01-08T18:41:40.018000Z,2025-01-16T17:01:01.826000Z,2025-01-08T18:41:40.676134Z,3006.0,75b53a55e8,6637,42,Male,White,United States,United States,United States,English,No,Full-Time
677ebb2270a9fcb20dc55989,6560aa71bf5cc31f1c99ca34,APPROVED,Not Applicable,2025-01-08T17:52:36.451000Z,2025-01-08T18:05:59.925000Z,2025-01-16T17:01:02.065000Z,2025-01-08T18:08:03.111853Z,804.0,75b53a55e8,509,33,Female,Black,United States,United States,United States,English,Yes,Full-Time
677ebb228b1ad213fba55473,6720724f3175ee945231451c,APPROVED,Not Applicable,2025-01-08T17:51:46.135000Z,2025-01-08T18:10:48.591000Z,2025-01-16T17:01:02.302000Z,2025-01-08T18:10:49.292374Z,1143.0,75b53a55e8,180,30,Female,Asian,Philippines,United States,United States,English,No,Unemployed (and job seeking)
677ebb23a436ac59cafc0919,6723b0f2ee2013831dbbfc13,APPROVED,Not Applicable,2025-01-08T17:53:02.391000Z,2025-01-08T18:11:19.162000Z,2025-01-16T17:01:02.543000Z,2025-01-08T18:11:19.845230Z,1097.0,75b53a55e8,184,33,Female,White,United States,United States,United States,English,No,Full-Time
677ebb24425dbe08fccf371e,672ee9000724ccd4a58cf674,RETURNED,Not Applicable,2025-01-08T17:51:39.922000Z,,,2025-01-23T16:36:16.834180Z,,,96,CONSENT_REVOKED,CONSENT_REVOKED,CONSENT_REVOKED,CONSENT_REVOKED,CONSENT_REVOKED,CONSENT_REVOKED,CONSENT_REVOKED,CONSENT_REVOKED,CONSENT_REVOKED
677ebb252771fa74cb2efeac,655f96e689f922fe983fed35,APPROVED,Not Applicable,2025-01-08T17:51:38.293000Z,2025-01-08T18:04:19.134000Z,2025-01-16T17:01:02.981000Z,2025-01-08T18:04:19.728208Z,761.0,75b53a55e8,2715,30,Female,Asian,United States,United States,United States,English,No,DATA_EXPIRED
677ebb2688569e8ffcad603f,675b37db98579ce19b641948,RETURNED,Not Applicable,2025-01-08T17:51:43.971000Z,,,2025-01-23T16:36:16.852698Z,,,132,CONSENT_REVOKED,CONSENT_REVOKED,CONSENT_REVOKED,CONSENT_REVOKED,CONSENT_REVOKED,CONSENT_REVOKED,CONSENT_REVOKED,CONSENT_REVOKED,CONSENT_REVOKED
677ebb283e4781e47ee8b167,64a6e31ef9a471c4f100c91f,APPROVED,Not Applicable,2025-01-08T17:51:36.655000Z,2025-01-08T18:10:06.937000Z,2025-01-16T17:01:03.840000Z,2025-01-08T18:10:07.506086Z,1111.0,75b53a55e8,3923,59,Male,White,United States,United States,United States,English,No,Full-Time
677ebb288e6434d03fdd9f1c,67250c5fe10ec4aefdb022d7,APPROVED,Not Applicable,2025-01-08T17:51:44.493000Z,2025-01-08T18:09:24.125000Z,2025-01-16T17:01:04.087000Z,2025-01-08T18:09:24.724749Z,1060.0,75b53a55e8,149,36,Female,White,United States,United States,United States,English,No,Due to start a new job within the next month
677ebb29022adad9ac0375cb,5484655ffdf99b07b28f22cc,TIMED-OUT,Not Applicable,2025-01-08T17:51:53.876000Z,,,2025-01-23T16:36:16.967007Z,1291464.0,,6228,77,Male,White,United States,United States,United States,English,No,Full-Time
677ebb2979eb1672cc3ebb6f,58a5cf959e040a0001399f07,APPROVED,Not Applicable,2025-01-08T17:51:43.768000Z,2025-01-08T18:03:08.199000Z,2025-01-16T17:01:04.332000Z,2025-01-08T18:03:09.275254Z,685.0,75b53a55e8,8096,32,Female,White,United States,United States,United States,English,No,Full-Time
677ebb2a2bfbe455c4464411,673143eb8908af05dde48c9d,APPROVED,Not Applicable,2025-01-08T17:51:43.227000Z,2025-01-08T18:03:52.351000Z,2025-01-16T17:01:04.579000Z,2025-01-08T18:03:53.286608Z,730.0,75b53a55e8,69,39,Male,White,United States,United States,United States,English,No,Full-Time
677ebb2b167f43309e15c56f,5ee85ec585a33015e839df78,APPROVED,Not Applicable,2025-01-08T17:51:47.043000Z,2025-01-08T18:07:18.840000Z,2025-01-16T17:01:04.832000Z,2025-01-08T18:08:17.214883Z,932.0,75b53a55e8,2088,33,Female,White,United States,United States,United States,English,Yes,Unemployed (and job seeking)
677ebb2b1eba824fb23da172,5f48470cc53d3630bc4e6d9c,APPROVED,Not Applicable,2025-01-08T17:51:44.925000Z,2025-01-08T18:03:32.570000Z,2025-01-16T17:01:05.075000Z,2025-01-08T18:03:33.162855Z,708.0,75b53a55e8,910,30,Female,Other,United States,United States,United States,English,No,Unemployed (and job seeking)
677ebb2c41f0ce49707ab3d3,6109482350367148ce0aa834,APPROVED,Not Applicable,2025-01-08T17:51:46.565000Z,2025-01-08T18:00:35.666000Z,2025-01-16T17:01:05.307000Z,2025-01-08T18:00:36.401136Z,530.0,75b53a55e8,7262,30,Female,White,United States,United States,United States,English,Yes,Full-Time
677ebb2c66371b89be994739,662ee0b0f3785c3fe59e191f,RETURNED,Not Applicable,2025-01-08T17:51:47.500000Z,,,2025-01-23T16:36:16.968160Z,,,584,CONSENT_REVOKED,CONSENT_REVOKED,CONSENT_REVOKED,CONSENT_REVOKED,CONSENT_REVOKED,CONSENT_REVOKED,CONSENT_REVOKED,CONSENT_REVOKED,CONSENT_REVOKED
677ebb2d83b5371ebb4e8551,675d53198d91f111da451c63,RETURNED,Not Applicable,2025-01-08T17:52:05.686000Z,,,2025-01-23T16:36:16.920451Z,,,89,CONSENT_REVOKED,CONSENT_REVOKED,CONSENT_REVOKED,CONSENT_REVOKED,CONSENT_REVOKED,CONSENT_REVOKED,CONSENT_REVOKED,CONSENT_REVOKED,CONSENT_REVOKED
677ebb2dbc5e615da79045e2,67512c74750a9ed098e56644,APPROVED,Not Applicable,2025-01-08T17:51:46.575000Z,2025-01-08T18:35:03.459000Z,2025-01-16T17:01:05.581000Z,2025-01-08T18:35:14.638993Z,2597.0,75b53a55e8,60,33,Female,Black,United States,United States,United States,English,No,Full-Time
677ebb2e2fc7205daf745551,675aec4c1dbfe230f3cb26b8,APPROVED,Not Applicable,2025-01-08T17:51:42.545000Z,2025-01-08T18:12:49.169000Z,2025-01-16T17:01:05.887000Z,2025-01-08T18:12:49.864904Z,1267.0,75b53a55e8.,94,19,Female,Mixed,Ghana,United States,United States,English,Yes,DATA_EXPIRED
677ebb2f0ea45dee457ab3d4,672c1bfa1ae605ad8e6fd726,APPROVED,Not Applicable,2025-01-08T17:51:52.884000Z,2025-01-08T18:15:32.617000Z,2025-01-16T17:01:06.152000Z,2025-01-08T18:15:33.839503Z,1420.0,75b53a55e8,298,43,Female,White,United States,United States,United States,English,Yes,DATA_EXPIRED
677ebb2fedd29411568d23b0,6737b3525fa0d126f662dcb5,APPROVED,Not Applicable,2025-01-08T17:52:07.753000Z,2025-01-08T18:08:02.458000Z,2025-01-16T17:01:06.429000Z,2025-01-08T18:08:23.144198Z,955.0,75b53a55e8,110,33,Male,White,United States,United States,United States,English,Yes,Full-Time
677ebb3088e433abef82c24e,677c3d638b3b40fc2c99292e,APPROVED,Not Applicable,2025-01-08T17:51:51.250000Z,2025-01-08T18:14:45.643000Z,2025-01-16T17:01:06.687000Z,2025-01-08T18:14:47.171958Z,1375.0,75b53a55e8,7,46,Male,White,United Kingdom,United States,United States,English,No,Full-Time
677ebb313e04fda87cf76094,59bce3080ac77f0001f056de,APPROVED,Not Applicable,2025-01-08T17:51:56.732000Z,2025-01-08T18:07:03.869000Z,2025-01-16T17:01:06.943000Z,2025-01-08T18:08:14.798732Z,908.0,75b53a55e8,4227,39,Male,White,United States,United States,United States,English,No,Full-Time
677ebb31d7dba0a1ded4a6e0,663b3ca4d495733581ff7ebc,APPROVED,Not Applicable,2025-01-08T17:51:57.819000Z,2025-01-08T18:38:59.387000Z,2025-01-16T17:01:07.196000Z,2025-01-08T18:39:01.344175Z,2822.0,75b53a55e8.,512,66,Female,Black,Nigeria,United States,United States,English,No,Full-Time
677ebb322771fa74cb2efeb3,6746a9ccaebffc616adf8386,APPROVED,Not Applicable,2025-01-08T17:51:54.773000Z,2025-01-08T18:09:31.956000Z,2025-01-16T17:01:07.568000Z,2025-01-08T18:09:32.810350Z,1058.0,75b53a55e8,197,28,Female,White,United States,United States,United States,English,No,Full-Time
677ebb3383c899fa35b35ac5,5f4c49b249b99c1462dd2640,APPROVED,Not Applicable,2025-01-08T17:51:47.690000Z,2025-01-08T18:11:55.720000Z,2025-01-16T17:01:07.829000Z,2025-01-08T18:11:56.478907Z,1209.0,75b53a55e8,692,41,Female,White,United States,United States,United States,English,No,"Not in paid work (e.g. homemaker', 'retired or disabled)"
677ebb3428e73c39f2949b27,58b0b2f5b3ae2f0001d34325,RETURNED,Not Applicable,2025-01-08T17:51:54.297000Z,,,2025-01-23T16:36:16.940431Z,,,1372,CONSENT_REVOKED,CONSENT_REVOKED,CONSENT_REVOKED,CONSENT_REVOKED,CONSENT_REVOKED,CONSENT_REVOKED,CONSENT_REVOKED,CONSENT_REVOKED,CONSENT_REVOKED
677ebb34e9cf9acff938e98b,674652d1437d575502e1506e,APPROVED,Not Applicable,2025-01-08T17:52:59.472000Z,2025-01-08T18:21:17.665000Z,2025-01-16T17:01:08.104000Z,2025-01-08T18:21:18.689883Z,1699.0,75b53a55e8,141,26,Prefer not to say,Black,Ghana,United States,United States,English,No,Full-Time
677ebb37a436ac59cafc0927,6682e7ade48a5b1915f6f783,RETURNED,Not Applicable,2025-01-08T18:00:20.296000Z,,,2025-01-23T16:36:16.969817Z,,,607,CONSENT_REVOKED,CONSENT_REVOKED,CONSENT_REVOKED,CONSENT_REVOKED,CONSENT_REVOKED,CONSENT_REVOKED,CONSENT_REVOKED,CONSENT_REVOKED,CONSENT_REVOKED
677ebb37c32d9835b47d13c3,675c0511bf28410324390149,APPROVED,Not Applicable,2025-01-08T17:51:59.682000Z,2025-01-08T18:07:55.846000Z,2025-01-16T17:01:08.391000Z,2025-01-08T18:08:22.023821Z,957.0,75b53a55e8,74,23,Male,Black,Ghana,United States,United States,English,Yes,Part-Time
677ebb39b0aeb9892382c1fc,676af1ec0bd31408bc4b57a2,RETURNED,Not Applicable,2025-01-08T18:02:00.059000Z,,,2025-01-23T16:36:17.021744Z,,,60,CONSENT_REVOKED,CONSENT_REVOKED,CONSENT_REVOKED,CONSENT_REVOKED,CONSENT_REVOKED,CONSENT_REVOKED,CONSENT_REVOKED,CONSENT_REVOKED,CONSENT_REVOKED
677ebb39cb7f407889f2dbab,676045dc031d88ed05e6496c,APPROVED,Not Applicable,2025-01-08T17:52:00.271000Z,2025-01-08T18:42:22.289000Z,2025-01-16T17:01:08.625000Z,2025-01-08T18:42:23.001195Z,3023.0,75b53a55e8,27,18,Male,Black,Ghana,United States,United States,English,Yes,Full-Time
677ebb3ae72f4ae743f661be,6706cbe3d37e53102c7fb61b,APPROVED,Not Applicable,2025-01-08T17:53:01.868000Z,2025-01-08T18:11:59.530000Z,2025-01-16T17:01:08.866000Z,2025-01-08T18:12:00.221950Z,1138.0,75b53a55e8,355,47,Prefer not to say,White,United States,United States,United States,English,No,DATA_EXPIRED
677ebb3b000aba7c272eff2f,66797e76592771cdd0a5cd86,APPROVED,Not Applicable,2025-01-08T17:52:00.333000Z,2025-01-08T18:04:40.653000Z,2025-01-16T17:01:09.129000Z,2025-01-08T18:04:41.337909Z,761.0,75b53a55e8,586,26,Male,Mixed,United States,United States,United States,English,No,Unemployed (and job seeking)
677ebb3bd6fa0121b9e8b0f6,673cdce28b1cd1510bc7566f,RETURNED,Not Applicable,2025-01-08T17:52:14.964000Z,,,2025-01-23T16:36:17.012429Z,,,88,CONSENT_REVOKED,CONSENT_REVOKED,CONSENT_REVOKED,CONSENT_REVOKED,CONSENT_REVOKED,CONSENT_REVOKED,CONSENT_REVOKED,CONSENT_REVOKED,CONSENT_REVOKED
677ebb3cd5a598a914715d87,6400f8f41e203f131c68b79f,APPROVED,Not Applicable,2025-01-08T17:52:01.692000Z,2025-01-08T18:13:47.411000Z,2025-01-16T17:01:09.376000Z,2025-01-08T18:13:48.359341Z,1306.0,75b53a55e8,5006,39,Male,Asian,United States,United States,United States,English,No,Full-Time
677ebb3cf6b67356aa35eb6d,66240955715b3b45903381ed,APPROVED,Not Applicable,2025-01-08T17:52:06.213000Z,2025-01-08T18:11:54.925000Z,2025-01-16T17:01:09.648000Z,2025-01-08T18:11:55.541390Z,1189.0,75b53a55e8,1015,38,Male,White,United States,United States,United States,English,No,Unemployed (and job seeking)
677ebb40387f24469138e9c1,6700692a734d586f97c7b684,APPROVED,Not Applicable,2025-01-08T17:52:09.627000Z,2025-01-08T18:24:15.519000Z,2025-01-16T17:01:09.903000Z,2025-01-08T18:24:16.175052Z,1926.0,75b53a55e8,567,20,Male,White,United States,United States,United States,English,No,Full-Time
677ebb406dc6b4f794e6a39b,6776d076eea66bae2d4483a3,TIMED-OUT,Not Applicable,2025-01-08T17:52:06.489000Z,,,2025-01-23T16:36:17.027943Z,1291451.0,,20,39,Female,White,United States,United States,United States,English,DATA_EXPIRED,DATA_EXPIRED
677ebb41b9c0b8882c293e7f,600ee85a1a206f7237e0b6bd,APPROVED,Not Applicable,2025-01-08T17:52:06.621000Z,2025-01-08T18:11:40.773000Z,2025-01-16T17:01:10.190000Z,2025-01-08T18:11:41.652676Z,1175.0,75b53a55e8,673,34,Male,Mixed,Puerto Rico,United States,United States,English,DATA_EXPIRED,Full-Time
677ebb4279fbc18852f91c43,6661ae7acb19d6e73cbda6ad,APPROVED,Not Applicable,2025-01-08T17:52:15.117000Z,2025-01-08T18:34:42.038000Z,2025-01-16T17:01:10.437000Z,2025-01-08T18:34:45.558312Z,2547.0,75b53a55e8,617,26,Male,Black,United States,United States,United States,English,No,Full-Time
677ebb42aadb5d393cf8f871,677d5b64578969ea16ad81e4,APPROVED,Not Applicable,2025-01-08T17:52:19.217000Z,2025-01-08T18:31:08.083000Z,2025-01-16T17:01:10.712000Z,2025-01-08T18:31:09.073763Z,2329.0,75b53a55e8,17,37,Female,Other,United States,United States,United States,English,Yes,Full-Time
677ebb4567a8f92c6811d7a8,6712a35c69b9fc3c7a0f15d7,APPROVED,Not Applicable,2025-01-08T17:52:15.738000Z,2025-01-08T18:25:18.277000Z,2025-01-16T17:01:11.169000Z,2025-01-08T18:25:18.887118Z,1983.0,75b53a55e8,252,38,Male,White,United States,United States,United States,English,Yes,Part-Time
677ebb4720a43c649c724a50,56169e435c62cf000f822c76,RETURNED,Not Applicable,2025-01-08T17:52:14.231000Z,,,2025-01-23T16:36:17.059847Z,,,4734,CONSENT_REVOKED,CONSENT_REVOKED,CONSENT_REVOKED,CONSENT_REVOKED,CONSENT_REVOKED,CONSENT_REVOKED,CONSENT_REVOKED,CONSENT_REVOKED,CONSENT_REVOKED
677ebb478501716c0a5d07ad,5d6b35b5c40a22001979edac,APPROVED,Not Applicable,2025-01-08T17:52:12.475000Z,2025-01-08T18:05:54.106000Z,2025-01-16T17:01:11.438000Z,2025-01-08T18:08:02.366473Z,822.0,75b53a55e8,1114,52,Male,Black,United States,United States,United States,English,No,Unemployed (and job seeking)
677ebb48c02dc1a6eb19214d,675ca1705c2cb84e15439104,RETURNED,Not Applicable,2025-01-08T17:52:27.867000Z,,,2025-01-23T16:36:17.048309Z,,,38,CONSENT_REVOKED,CONSENT_REVOKED,CONSENT_REVOKED,CONSENT_REVOKED,CONSENT_REVOKED,CONSENT_REVOKED,CONSENT_REVOKED,CONSENT_REVOKED,CONSENT_REVOKED
677ebb4959743c13d882e38a,63d166a9490e0960e4a3a400,APPROVED,Not Applicable,2025-01-08T17:53:58.166000Z,2025-01-08T18:17:49.669000Z,2025-01-16T17:01:11.699000Z,2025-01-08T18:17:50.680154Z,1432.0,75b53a55e8,349,32,Male,White,United States,United States,United States,English,No,Part-Time
677ebb4ab7f8faf790b6a4f2,66ffd457e1eecae22acf804b,RETURNED,Not Applicable,2025-01-08T17:52:17.453000Z,,,2025-01-23T16:36:17.090377Z,,,536,CONSENT_REVOKED,CONSENT_REVOKED,CONSENT_REVOKED,CONSENT_REVOKED,CONSENT_REVOKED,CONSENT_REVOKED,CONSENT_REVOKED,CONSENT_REVOKED,CONSENT_REVOKED
677ebb4d006446184c4e844b,6697be0e52341e4b560bcf57,RETURNED,Not Applicable,2025-01-08T17:52:30.248000Z,,,2025-01-23T16:36:17.120494Z,,,691,CONSENT_REVOKED,CONSENT_REVOKED,CONSENT_REVOKED,CONSENT_REVOKED,CONSENT_REVOKED,CONSENT_REVOKED,CONSENT_REVOKED,CONSENT_REVOKED,CONSENT_REVOKED
677ebb4d1eba824fb23da177,67711e2d40373d22f99bd0b1,REJECTED,Not Applicable,2025-01-08T17:52:24.105000Z,2025-01-08T18:35:20.419000Z,2025-01-21T17:30:03.279000Z,2025-01-23T16:36:17.226490Z,2577.0,NOCODE,60,CONSENT_REVOKED,CONSENT_REVOKED,CONSENT_REVOKED,CONSENT_REVOKED,CONSENT_REVOKED,CONSENT_REVOKED,CONSENT_REVOKED,CONSENT_REVOKED,CONSENT_REVOKED
677ebb4e0ea45dee457ab3df,640e937a76dd9d1d852a7642,APPROVED,Not Applicable,2025-01-08T17:52:21.371000Z,2025-01-08T18:06:51.824000Z,2025-01-16T17:01:11.948000Z,2025-01-08T18:08:12.829867Z,871.0,75b53a55e8,574,53,Female,White,United States,United States,United States,English,No,DATA_EXPIRED
677ebb4e563e43ca6eb5f5d4,6775c4d7bd1d5f28be5a140e,APPROVED,Not Applicable,2025-01-08T17:58:49.988000Z,2025-01-08T18:31:22.948000Z,2025-01-16T17:01:15.877000Z,2025-01-08T18:31:23.866854Z,1953.0,75b53a55e8,27,21,Female,Mixed,Ghana,United States,United States,English,No,Part-Time
677ebb50c18b61dd65d7f444,63f78d9a7a3d118594efff74,APPROVED,Not Applicable,2025-01-08T17:57:45.385000Z,2025-01-08T18:11:29.044000Z,2025-01-16T17:01:16.209000Z,2025-01-08T18:11:29.638165Z,824.0,75b53a55e8,4454,32,Male,White,United States,United States,United States,English,No,Unemployed (and job seeking)
677ebb52425dbe08fccf3726,65fca331fa0a2eaf667d9318,APPROVED,Not Applicable,2025-01-08T17:52:23.179000Z,2025-01-08T18:13:32.136000Z,2025-01-16T17:01:16.536000Z,2025-01-08T18:13:32.971151Z,1269.0,75b53a55e8,1018,32,Male,White,United States,United States,United States,English,No,Full-Time
677ebb52a1f8fb50687e2721,67356827c2179676609b36cb,APPROVED,Not Applicable,2025-01-08T17:52:26.095000Z,2025-01-08T18:03:27.297000Z,2025-01-16T17:01:16.849000Z,2025-01-08T18:03:28.083077Z,662.0,75b53a55e8,131,34,Female,White,United States,United States,United States,English,No,Full-Time
677ebb538d97d94974ce1f60,676027f63efdcde1bc4dc822,APPROVED,Not Applicable,2025-01-08T17:58:58.402000Z,2025-01-08T18:20:29.919000Z,2025-01-16T17:01:17.196000Z,2025-01-08T18:20:30.740424Z,1292.0,75b53a55e8,41,58,Male,White,United States,United States,United States,Spanish,No,Full-Time
677ebb53d895387e503da1ac,5e07a94db7b33010fe2af9b4,RETURNED,Not Applicable,2025-01-08T17:52:25.717000Z,,,2025-01-23T16:36:17.137814Z,,,6002,CONSENT_REVOKED,CONSENT_REVOKED,CONSENT_REVOKED,CONSENT_REVOKED,CONSENT_REVOKED,CONSENT_REVOKED,CONSENT_REVOKED,CONSENT_REVOKED,CONSENT_REVOKED
677ebb54af8bd8ff39e6a413,6632626985406fd15c206dcd,APPROVED,Not Applicable,2025-01-08T17:52:25.766000Z,2025-01-08T18:05:58.903000Z,2025-01-16T17:01:17.518000Z,2025-01-08T18:08:03.119084Z,814.0,75b53a55e8,484,36,Female,White,United States,United States,United States,English,No,Part-Time
677ebb558c3e289b439a3f30,64077ddd11208afe2bec171a,APPROVED,Not Applicable,2025-01-08T17:53:31.559000Z,2025-01-08T18:02:55.469000Z,2025-01-16T17:01:18.419000Z,2025-01-08T18:02:56.209403Z,564.0,75b53a55e8,3623,29,Male,White,United States,United States,United States,English,No,DATA_EXPIRED
677ebb57d4867994d9bab8f5,60e9e8092cfc1f464753dd71,APPROVED,Not Applicable,2025-01-08T17:53:30.867000Z,2025-01-08T18:14:44.880000Z,2025-01-16T17:01:18.696000Z,2025-01-08T18:14:45.553227Z,1275.0,75b53a55e8,7389,61,Male,White,United States,United States,United States,English,No,Full-Time
677ebb57e302c03e6bbaf5c0,66a3a133ea6d8c50799a0c45,APPROVED,Not Applicable,2025-01-08T17:56:09.525000Z,2025-01-08T18:21:26.954000Z,2025-01-16T17:01:19.185000Z,2025-01-08T18:21:30.867188Z,1518.0,75b53a55e8,686,27,Male,Black,United States,United States,United States,English,No,Full-Time
677ebb58e3178ca2cb64576e,66aae26e69c32d3d854e96cd,RETURNED,Not Applicable,2025-01-08T17:52:31.095000Z,,,2025-01-23T16:36:17.177134Z,,,796,CONSENT_REVOKED,CONSENT_REVOKED,CONSENT_REVOKED,CONSENT_REVOKED,CONSENT_REVOKED,CONSENT_REVOKED,CONSENT_REVOKED,CONSENT_REVOKED,CONSENT_REVOKED
677ebb5972ca3ae7495fb113,65da0c93826bdadcf98372a9,APPROVED,Not Applicable,2025-01-08T17:52:34.272000Z,2025-01-08T18:18:36.192000Z,2025-01-16T17:01:20.140000Z,2025-01-08T18:18:36.844862Z,1562.0,75b53a55e8,1128,63,Female,White,United States,United States,United States,English,No,Part-Time
677ebb5a217649c63799461c,61095a37fbf7b13d6f7f2f5b,APPROVED,Not Applicable,2025-01-08T17:52:34.955000Z,2025-01-08T18:03:44.824000Z,2025-01-16T17:01:20.813000Z,2025-01-08T18:03:45.513919Z,670.0,75b53a55e8,2380,32,Female,White,United States,United States,United States,English,DATA_EXPIRED,DATA_EXPIRED
677ebb5eed29ffe35a7a1d81,672c3a64c54cb6cccb95eb68,APPROVED,Not Applicable,2025-01-08T17:52:41.896000Z,2025-01-08T18:11:05.184000Z,2025-01-16T17:01:21.169000Z,2025-01-08T18:11:05.781251Z,1104.0,75b53a55e8,306,43,Female,White,United States,United States,United States,English,No,Full-Time
677ebb61439ced98417d70e8,675dfa51915fa3b7f45d525d,APPROVED,Not Applicable,2025-01-08T17:52:54.240000Z,2025-01-08T18:08:13.101000Z,2025-01-16T17:01:21.536000Z,2025-01-08T18:08:27.145094Z,919.0,75b53a55e8,117,21,Female,Black,Kenya,United States,United States,English,No,Part-Time
677ebb6239f6f7a03164582d,670e98ef3af21ab61a3699ed,APPROVED,Not Applicable,2025-01-08T18:02:28.560000Z,2025-01-08T18:19:08.865000Z,2025-01-16T17:01:21.904000Z,2025-01-08T18:19:10.411204Z,1001.0,75b53a55e8,342,47,Female,White,United States,United States,United States,English,No,DATA_EXPIRED
677ebb6326da2eef08e63a51,672d8eecfb569eec7b2ab5bd,APPROVED,Not Applicable,2025-01-08T17:52:41.394000Z,2025-01-08T18:11:01.671000Z,2025-01-16T17:01:22.254000Z,2025-01-08T18:11:02.235655Z,1101.0,75b53a55e8,290,52,Female,DATA_EXPIRED,United States,United States,United States,English,DATA_EXPIRED,DATA_EXPIRED
677ebb654f666dd870c586cc,58ac91c38bf22a00015b91b3,APPROVED,Not Applicable,2025-01-08T17:52:44.601000Z,2025-01-08T18:06:57.707000Z,2025-01-16T17:01:22.562000Z,2025-01-08T18:08:14.071446Z,854.0,75b53a55e8,8600,57,Male,White,United States,United States,United States,English,No,DATA_EXPIRED
677ebb65bf9e4c07a79782d2,67418b0073a668a4f01c195f,APPROVED,Not Applicable,2025-01-08T17:52:37.796000Z,2025-01-08T18:07:55.262000Z,2025-01-16T17:01:22.940000Z,2025-01-08T18:08:21.891235Z,918.0,75b53a55e8,174,19,Male,Black,Ghana,United States,United States,English,DATA_EXPIRED,DATA_EXPIRED
677ebb66b9c0b8882c293e8a,5d89106d1719af0001ee23e5,APPROVED,Not Applicable,2025-01-08T17:52:43.392000Z,2025-01-08T18:05:40.780000Z,2025-01-16T17:01:23.212000Z,2025-01-08T18:08:00.584296Z,778.0,75b53a55e8,7987,52,Female,White,United States,United States,United States,English,No,"Not in paid work (e.g. homemaker', 'retired or disabled)"
677ebb66ed29ffe35a7a1d86,672f48b45dc290a36be5b4cb,RETURNED,Not Applicable,2025-01-08T18:00:46.256000Z,,,2025-01-23T16:36:17.169525Z,,,266,CONSENT_REVOKED,CONSENT_REVOKED,CONSENT_REVOKED,CONSENT_REVOKED,CONSENT_REVOKED,CONSENT_REVOKED,CONSENT_REVOKED,CONSENT_REVOKED,CONSENT_REVOKED
677ebb67645611091db35a65,67475dcb1e031136e9f44a78,RETURNED,Not Applicable,2025-01-08T18:02:39.006000Z,,,2025-01-23T16:36:17.214991Z,,,128,CONSENT_REVOKED,CONSENT_REVOKED,CONSENT_REVOKED,CONSENT_REVOKED,CONSENT_REVOKED,CONSENT_REVOKED,CONSENT_REVOKED,CONSENT_REVOKED,CONSENT_REVOKED
677ebb678b1ad213fba5548d,66364921f91e0213f39248e4,APPROVED,Not Applicable,2025-01-08T17:52:45.995000Z,2025-01-08T18:30:25.961000Z,2025-01-16T17:01:23.554000Z,2025-01-08T18:30:26.963273Z,2260.0,75b53a55e8,309,38,Female,White,United States,United States,United States,English,DATA_EXPIRED,DATA_EXPIRED
677ebb68dee45f9af915c406,6643bd1dca5159b0259a3787,APPROVED,Not Applicable,2025-01-08T17:52:45.005000Z,2025-01-08T18:01:55.506000Z,2025-01-16T17:01:23.872000Z,2025-01-08T18:01:56.884276Z,551.0,75b53a55e8,390,26,Female,Mixed,United States,United States,United States,English,No,Full-Time
677ebb69abe0ceb11f5a0adf,66293a05b562a4ed52474172,APPROVED,Not Applicable,2025-01-08T17:52:47.304000Z,2025-01-08T18:04:54.117000Z,2025-01-16T17:01:24.128000Z,2025-01-08T18:04:54.944962Z,727.0,75b53a55e8,824,48,Male,White,United States,United States,United States,English,No,Full-Time
677ebb6ad6fa0121b9e8b104,63f8d1f60a74a7e7fb4febd6,APPROVED,Not Applicable,2025-01-08T17:52:42.607000Z,2025-01-08T18:20:49.152000Z,2025-01-16T17:01:24.479000Z,2025-01-08T18:20:49.929696Z,1687.0,75b53a55e8,4507,40,Female,Black,United States,United States,United States,English,DATA_EXPIRED,DATA_EXPIRED
677ebb6caa468c0e4e1f453a,5f32e865bd94490a64d9c9f5,APPROVED,Not Applicable,2025-01-08T17:54:04.411000Z,2025-01-08T18:14:48.009000Z,2025-01-16T17:01:25.574000Z,2025-01-08T18:14:48.569556Z,1244.0,75b53a55e8,1343,35,Male,White,United States,United States,United States,English,DATA_EXPIRED,DATA_EXPIRED
677ebb6de16e6bc52ae871a1,663fac4f53bae2b144be83f2,APPROVED,Not Applicable,2025-01-08T17:54:00.256000Z,2025-01-08T18:15:22.743000Z,2025-01-16T17:01:26.208000Z,2025-01-08T18:15:23.461668Z,1283.0,75b53a55e8,330,51,Male,Black,United States,United States,United States,English,No,Part-Time
677ebb6e8b1ad213fba55492,5c000ea973ca150001c3a65f,APPROVED,Not Applicable,2025-01-08T17:52:50.533000Z,2025-01-08T18:04:50.062000Z,2025-01-16T17:01:26.588000Z,2025-01-08T18:04:50.620111Z,720.0,75b53a55e8,2095,42,Male,Asian,India,United States,United States,English,No,Unemployed (and job seeking)
677ebb6f731346974926d5eb,673f494dab8921fb3cb99225,RETURNED,Not Applicable,2025-01-08T17:53:04.702000Z,,,2025-01-23T16:36:17.220054Z,,,210,CONSENT_REVOKED,CONSENT_REVOKED,CONSENT_REVOKED,CONSENT_REVOKED,CONSENT_REVOKED,CONSENT_REVOKED,CONSENT_REVOKED,CONSENT_REVOKED,CONSENT_REVOKED
677ebb704c8d21e435bab8cb,6776d989e082e9c3b9c63892,RETURNED,Not Applicable,2025-01-08T17:53:08.599000Z,,,2025-01-23T16:36:17.315777Z,,,68,CONSENT_REVOKED,CONSENT_REVOKED,CONSENT_REVOKED,CONSENT_REVOKED,CONSENT_REVOKED,CONSENT_REVOKED,CONSENT_REVOKED,CONSENT_REVOKED,CONSENT_REVOKED
677ebb745a82422e6687e8c6,673bc14ddf2a5912a23863e7,APPROVED,Not Applicable,2025-01-08T17:52:58.682000Z,2025-01-08T18:11:21.512000Z,2025-01-16T17:01:27.151000Z,2025-01-08T18:11:22.453383Z,1103.0,75b53a55e8,280,29,Female,Mixed,United States,United States,United States,English,No,Full-Time
677ebb746cc3afe1ebe63aaa,6762ad65a62dc4c2acf5a053,RETURNED,Not Applicable,2025-01-08T17:53:34.150000Z,,,2025-01-23T16:36:17.267398Z,,,82,CONSENT_REVOKED,CONSENT_REVOKED,CONSENT_REVOKED,CONSENT_REVOKED,CONSENT_REVOKED,CONSENT_REVOKED,CONSENT_REVOKED,CONSENT_REVOKED,CONSENT_REVOKED
677ebb76c32d9835b47d13d0,5e7247f3be8fd016888bafac,APPROVED,Not Applicable,2025-01-08T17:53:25.823000Z,2025-01-08T18:11:32.096000Z,2025-01-16T17:01:27.478000Z,2025-01-08T18:11:32.798085Z,1087.0,75b53a55e8,6204,53,Female,White,United States,United States,United States,English,No,Full-Time
677ebb76fae85dad36248f08,66045766d7ff23576a9de1ca,APPROVED,Not Applicable,2025-01-08T17:52:59.749000Z,2025-01-08T18:03:50.246000Z,2025-01-16T17:01:27.836000Z,2025-01-08T18:03:50.792153Z,651.0,75b53a55e8,521,50,Female,Other,United States,United States,United States,English,No,Full-Time
677ebb77626be3088ae0c444,66147bc0ec49d5cef747dcd2,APPROVED,Not Applicable,2025-01-08T17:59:46.230000Z,2025-01-08T18:17:00.004000Z,2025-01-16T17:01:28.149000Z,2025-01-08T18:17:01.106823Z,1034.0,75b53a55e8,1573,26,Female,White,United States,United States,United States,English,No,"Not in paid work (e.g. homemaker', 'retired or disabled)"
677ebb782bfbe455c446441e,5f03b9bb0207bf5ee50faf41,RETURNED,Not Applicable,2025-01-08T17:53:04.771000Z,,,2025-01-23T16:36:17.254815Z,,,7834,CONSENT_REVOKED,CONSENT_REVOKED,CONSENT_REVOKED,CONSENT_REVOKED,CONSENT_REVOKED,CONSENT_REVOKED,CONSENT_REVOKED,CONSENT_REVOKED,CONSENT_REVOKED
677ebb78a12f30fc2db708a4,65f880e039f4b5e8a28a37ac,RETURNED,Not Applicable,2025-01-08T17:53:10.235000Z,,,2025-01-23T16:36:17.399378Z,,,917,CONSENT_REVOKED,CONSENT_REVOKED,CONSENT_REVOKED,CONSENT_REVOKED,CONSENT_REVOKED,CONSENT_REVOKED,CONSENT_REVOKED,CONSENT_REVOKED,CONSENT_REVOKED
677ebb79a28682572a19f8be,677703857a445f68ee4104e8,RETURNED,Not Applicable,2025-01-08T17:53:23.574000Z,,,2025-01-23T16:36:17.291368Z,,,58,CONSENT_REVOKED,CONSENT_REVOKED,CONSENT_REVOKED,CONSENT_REVOKED,CONSENT_REVOKED,CONSENT_REVOKED,CONSENT_REVOKED,CONSENT_REVOKED,CONSENT_REVOKED
677ebb7a2640e94bf5ba3a9c,673d2565f4afd9403bbab508,RETURNED,Not Applicable,2025-01-08T17:53:05.665000Z,2025-01-08T18:14:19.668000Z,,2025-01-23T16:36:17.377497Z,,75b53a55e8,34,CONSENT_REVOKED,CONSENT_REVOKED,CONSENT_REVOKED,CONSENT_REVOKED,CONSENT_REVOKED,CONSENT_REVOKED,CONSENT_REVOKED,CONSENT_REVOKED,CONSENT_REVOKED
677ebb7a57d856b0088a0208,66fff5753448240a637a0fe2,RETURNED,Not Applicable,2025-01-08T18:03:00.030000Z,,,2025-01-23T16:36:17.330040Z,,,465,CONSENT_REVOKED,CONSENT_REVOKED,CONSENT_REVOKED,CONSENT_REVOKED,CONSENT_REVOKED,CONSENT_REVOKED,CONSENT_REVOKED,CONSENT_REVOKED,CONSENT_REVOKED
677ebb7acb32473be195f5ff,675e32b84e65767174625d21,RETURNED,Not Applicable,2025-01-08T17:53:05.178000Z,,,2025-01-23T16:36:17.410675Z,,,87,CONSENT_REVOKED,CONSENT_REVOKED,CONSENT_REVOKED,CONSENT_REVOKED,CONSENT_REVOKED,CONSENT_REVOKED,CONSENT_REVOKED,CONSENT_REVOKED,CONSENT_REVOKED
677ebb7b028dcdbf13d7f4b3,67609838221987d84893d3d9,RETURNED,Not Applicable,2025-01-08T17:53:34.676000Z,,,2025-01-23T16:36:17.377960Z,,,71,CONSENT_REVOKED,CONSENT_REVOKED,CONSENT_REVOKED,CONSENT_REVOKED,CONSENT_REVOKED,CONSENT_REVOKED,CONSENT_REVOKED,CONSENT_REVOKED,CONSENT_REVOKED
677ebb7bed29ffe35a7a1d90,667981b52e50d351183dfbc6,APPROVED,Not Applicable,2025-01-08T17:53:07.165000Z,2025-01-08T18:14:05.652000Z,2025-01-16T17:01:28.443000Z,2025-01-08T18:14:06.316694Z,1259.0,75b53a55e8,594,37,Male,White,United States,United States,United States,English,DATA_EXPIRED,DATA_EXPIRED
677ebb7c4f211ce9c608efcc,66bbd43c705fea676d6d8028,RETURNED,Not Applicable,2025-01-08T17:53:09.836000Z,,,2025-01-23T16:36:17.463464Z,,,375,CONSENT_REVOKED,CONSENT_REVOKED,CONSENT_REVOKED,CONSENT_REVOKED,CONSENT_REVOKED,CONSENT_REVOKED,CONSENT_REVOKED,CONSENT_REVOKED,CONSENT_REVOKED
677ebb7cd40349565b2a4264,673e8f8911c2dd1d55117e22,RETURNED,Not Applicable,2025-01-08T17:53:06.435000Z,,,2025-01-23T16:36:17.437467Z,,,81,CONSENT_REVOKED,CONSENT_REVOKED,CONSENT_REVOKED,CONSENT_REVOKED,CONSENT_REVOKED,CONSENT_REVOKED,CONSENT_REVOKED,CONSENT_REVOKED,CONSENT_REVOKED
677ebb7d22b83b96267cb065,67636ab6bd93138026e723ab,APPROVED,Not Applicable,2025-01-08T17:53:12.478000Z,2025-01-08T18:16:46.853000Z,2025-01-16T17:01:28.812000Z,2025-01-08T18:16:47.845811Z,1415.0,75b53a55e8,16,27,Female,White,United States,United States,United States,English,No,Part-Time
677ebb7ed466a789d0762cc9,66f0eda58aabb19b40a60936,TIMED-OUT,Not Applicable,2025-01-08T17:53:15.187000Z,,,2025-01-23T16:36:17.445302Z,1291383.0,,213,53,Female,Black,United States,United States,United States,English,No,Full-Time
677ebb7f7b60aaa6e3c22567,673775d01ea6f13f83478a98,RETURNED,Not Applicable,2025-01-08T17:53:15.350000Z,,,2025-01-23T16:36:17.502434Z,,,243,CONSENT_REVOKED,CONSENT_REVOKED,CONSENT_REVOKED,CONSENT_REVOKED,CONSENT_REVOKED,CONSENT_REVOKED,CONSENT_REVOKED,CONSENT_REVOKED,CONSENT_REVOKED
677ebb7f90c712fe28811381,663a5cdd76f1e89b222a315c,APPROVED,Not Applicable,2025-01-08T17:53:09.447000Z,2025-01-08T18:11:19.807000Z,2025-01-16T17:01:29.228000Z,2025-01-08T18:11:20.393253Z,1091.0,75b53a55e8,421,23,Female,White,DATA_EXPIRED,United States,United States,English,DATA_EXPIRED,DATA_EXPIRED
677ebb80308010967c8b0fe6,672795f1ab8c37f1d98c3291,APPROVED,Not Applicable,2025-01-08T17:53:16.026000Z,2025-01-08T18:26:00.239000Z,2025-01-16T17:01:29.553000Z,2025-01-08T18:26:01.083230Z,1965.0,75b53a55e8,198,29,Female,Black,Ghana,United States,United States,English,No,Full-Time
677ebb884aede7a50afc087b,674650ee22c7f25c624d3e5f,APPROVED,Not Applicable,2025-01-08T17:55:56.017000Z,2025-01-08T18:08:12.433000Z,2025-01-16T17:01:29.897000Z,2025-01-08T18:08:26.870714Z,737.0,75b53a55e8,193,54,Male,White,United States,United States,United States,English,No,Full-Time
677ebb9218e77594a861ce10,63174b4e900ff6c7b0444f29,APPROVED,Not Applicable,2025-01-08T17:53:29.777000Z,2025-01-08T18:19:47.347000Z,2025-01-16T17:01:30.200000Z,2025-01-08T18:19:47.990103Z,1578.0,75b53a55e8,3826,50,Female,Black,United States,United States,United States,English,DATA_EXPIRED,DATA_EXPIRED
677ebb9cb410391d15b5aa1d,6773ae61d7f566a72204660f,RETURNED,Not Applicable,2025-01-08T18:04:00.055000Z,,,2025-01-23T16:36:17.443793Z,,,75,CONSENT_REVOKED,CONSENT_REVOKED,CONSENT_REVOKED,CONSENT_REVOKED,CONSENT_REVOKED,CONSENT_REVOKED,CONSENT_REVOKED,CONSENT_REVOKED,CONSENT_REVOKED
677ebba2bddda41006a3a3c1,6711761901d1f85f5be6184b,APPROVED,Not Applicable,2025-01-08T17:53:47.709000Z,2025-01-08T18:28:44.074000Z,2025-01-16T17:01:30.603000Z,2025-01-08T18:28:44.735511Z,2097.0,75b53a55e8,34,27,Female,White,United States,United States,United States,English,DATA_EXPIRED,Full-Time
677ebba418e77594a861ce18,6668573842afc8f5b5bc219e,APPROVED,Not Applicable,2025-01-08T17:56:57.845000Z,2025-01-08T18:37:31.004000Z,2025-01-16T17:01:31.007000Z,2025-01-08T18:38:05.700691Z,2434.0,75b53a55e8,563,42,Male,Black,Nigeria,United States,United States,English,DATA_EXPIRED,DATA_EXPIRED
677ebba824002db719c225d8,6234a71d1b478a615e51ab69,APPROVED,Not Applicable,2025-01-08T17:53:51.142000Z,2025-01-08T18:08:54.550000Z,2025-01-16T17:01:31.297000Z,2025-01-08T18:09:01.401625Z,904.0,75b53a55e8,1246,45,Male,White,United States,United States,United States,English,No,Full-Time
677ebbac730802ef788d059c,6716eef36b9a92ebc4ddcdb1,RETURNED,Not Applicable,2025-01-08T17:55:58.295000Z,,,2025-01-23T16:36:17.488617Z,,,318,CONSENT_REVOKED,CONSENT_REVOKED,CONSENT_REVOKED,CONSENT_REVOKED,CONSENT_REVOKED,CONSENT_REVOKED,CONSENT_REVOKED,CONSENT_REVOKED,CONSENT_REVOKED
677ebbae0f83a534283579ce,5b49eba46a4f840001f77485,RETURNED,Not Applicable,2025-01-08T17:53:57.426000Z,,,2025-01-23T16:36:17.533874Z,,,4977,CONSENT_REVOKED,CONSENT_REVOKED,CONSENT_REVOKED,CONSENT_REVOKED,CONSENT_REVOKED,CONSENT_REVOKED,CONSENT_REVOKED,CONSENT_REVOKED,CONSENT_REVOKED
677ebbb0c4937c10768b2427,672b947621605bab4c2b07fc,APPROVED,Not Applicable,2025-01-08T17:54:03.123000Z,2025-01-08T18:42:44.716000Z,2025-01-16T17:01:31.623000Z,2025-01-08T18:42:45.376148Z,2922.0,75b53a55e8,252,26,Male,Black,Kenya,United States,United States,Other,Yes,DATA_EXPIRED
677ebbb370a9fcb20dc559ae,6742d8af3108e8a56dda101e,RETURNED,Not Applicable,2025-01-08T17:53:55.679000Z,,,2025-01-23T16:36:17.561289Z,,,213,CONSENT_REVOKED,CONSENT_REVOKED,CONSENT_REVOKED,CONSENT_REVOKED,CONSENT_REVOKED,CONSENT_REVOKED,CONSENT_REVOKED,CONSENT_REVOKED,CONSENT_REVOKED
677ebbb49a2496f3a7f678db,67392af502e45d2cb8f19e6c,RETURNED,Not Applicable,2025-01-08T17:56:01.095000Z,,,2025-01-23T16:36:17.624668Z,,,283,CONSENT_REVOKED,CONSENT_REVOKED,CONSENT_REVOKED,CONSENT_REVOKED,CONSENT_REVOKED,CONSENT_REVOKED,CONSENT_REVOKED,CONSENT_REVOKED,CONSENT_REVOKED
677ebbb54f666dd870c586dd,674f29b63d2d442c568ea8cf,RETURNED,Not Applicable,2025-01-08T18:04:00.055000Z,,,2025-01-23T16:36:17.573256Z,,,194,CONSENT_REVOKED,CONSENT_REVOKED,CONSENT_REVOKED,CONSENT_REVOKED,CONSENT_REVOKED,CONSENT_REVOKED,CONSENT_REVOKED,CONSENT_REVOKED,CONSENT_REVOKED
677ebbb72f9ca14ac74646b1,593890eac6aa16000101f037,APPROVED,Not Applicable,2025-01-08T17:53:59Z,2025-01-08T18:04:03.553000Z,2025-01-16T17:01:31.974000Z,2025-01-08T18:04:04.461812Z,605.0,75b53a55e8,1543,27,Male,White,United States,United States,United States,English,No,Full-Time
677ebbbc4e5b1a571a3ebb83,6761dd6cf8e73efb5ddf8593,RETURNED,Not Applicable,2025-01-08T17:54:04.265000Z,,,2025-01-23T16:36:17.556529Z,,,82,CONSENT_REVOKED,CONSENT_REVOKED,CONSENT_REVOKED,CONSENT_REVOKED,CONSENT_REVOKED,CONSENT_REVOKED,CONSENT_REVOKED,CONSENT_REVOKED,CONSENT_REVOKED
677ebbbd7674cbecfe16386f,5aa9153235237b00011322e9,RETURNED,Not Applicable,2025-01-08T17:54:13.165000Z,,,2025-01-23T16:36:17.654492Z,,,5730,CONSENT_REVOKED,CONSENT_REVOKED,CONSENT_REVOKED,CONSENT_REVOKED,CONSENT_REVOKED,CONSENT_REVOKED,CONSENT_REVOKED,CONSENT_REVOKED,CONSENT_REVOKED
677ebbbe32ee098ae7e62527,663b1b013293d05243739a74,RETURNED,Not Applicable,2025-01-08T17:54:17.709000Z,,,2025-01-23T16:36:17.652782Z,,,219,CONSENT_REVOKED,CONSENT_REVOKED,CONSENT_REVOKED,CONSENT_REVOKED,CONSENT_REVOKED,CONSENT_REVOKED,CONSENT_REVOKED,CONSENT_REVOKED,CONSENT_REVOKED
677ebbbe98e7b9e38ea55448,677969b0ecf342ba8257dd94,APPROVED,Not Applicable,2025-01-08T17:54:16.795000Z,2025-01-08T18:14:09.043000Z,2025-01-16T17:01:32.492000Z,2025-01-08T18:14:09.674400Z,1193.0,75b53a55e8,24,21,Male,Black,Ghana,United States,United States,English,Yes,DATA_EXPIRED
677ebbcd425dbe08fccf374a,677b177da6c75e1c1a0d8c5f,APPROVED,Not Applicable,2025-01-08T17:55:09.332000Z,2025-01-08T18:13:38.334000Z,2025-01-16T17:01:32.857000Z,2025-01-08T18:13:39.133995Z,1110.0,75b53a55e8,3,34,Female,White,United States,United States,United States,English,No,Part-Time
677ebbde191bee78a76bb17d,616d9ef881036dfbfd63d2f4,APPROVED,Not Applicable,2025-01-08T17:55:03.728000Z,2025-01-08T18:33:25.842000Z,2025-01-16T17:01:33.227000Z,2025-01-08T18:33:26.869056Z,2303.0,75b53a55e8,5952,35,Male,White,DATA_EXPIRED,United States,United States,DATA_EXPIRED,DATA_EXPIRED,DATA_EXPIRED
677ebbe366dd36f82f9bf8b0,655f972cbc7b681ef0fdc0bd,APPROVED,Not Applicable,2025-01-08T17:54:48.023000Z,2025-01-08T18:02:38.579000Z,2025-01-16T17:01:33.686000Z,2025-01-08T18:02:39.272963Z,471.0,75b53a55e8,2567,28,Female,Asian,United States,United States,United States,English,No,Full-Time
677ebbe9e0d686430787e927,669adf613f38d13b06549700,RETURNED,Not Applicable,2025-01-08T17:54:57.195000Z,,,2025-01-23T16:36:17.726395Z,,,101,CONSENT_REVOKED,CONSENT_REVOKED,CONSENT_REVOKED,CONSENT_REVOKED,CONSENT_REVOKED,CONSENT_REVOKED,CONSENT_REVOKED,CONSENT_REVOKED,CONSENT_REVOKED
677ebbf8e77958c076ff6495,663822d8a814aff3d650627c,RETURNED,Not Applicable,2025-01-08T17:55:10.399000Z,,,2025-01-23T16:36:17.639256Z,,,452,CONSENT_REVOKED,CONSENT_REVOKED,CONSENT_REVOKED,CONSENT_REVOKED,CONSENT_REVOKED,CONSENT_REVOKED,CONSENT_REVOKED,CONSENT_REVOKED,CONSENT_REVOKED
677ebbffdc47c876ef9bf989,677d01cf02f9c292cd24cb71,REJECTED,Not Applicable,2025-01-08T17:55:11.532000Z,2025-01-08T17:55:35.538000Z,2025-01-10T20:28:32.049000Z,2025-01-23T16:36:17.645479Z,25.0,C1QE6TBW,45,CONSENT_REVOKED,CONSENT_REVOKED,CONSENT_REVOKED,CONSENT_REVOKED,CONSENT_REVOKED,CONSENT_REVOKED,CONSENT_REVOKED,CONSENT_REVOKED,CONSENT_REVOKED
677ebc004aede7a50afc0898,675d841d112f79d74c219bfc,RETURNED,Not Applicable,2025-01-08T17:55:51.563000Z,,,2025-01-23T16:36:17.719775Z,,,184,CONSENT_REVOKED,CONSENT_REVOKED,CONSENT_REVOKED,CONSENT_REVOKED,CONSENT_REVOKED,CONSENT_REVOKED,CONSENT_REVOKED,CONSENT_REVOKED,CONSENT_REVOKED
677ebc060ff5ec224005e95a,677af8b086ffa3b3fd4f731b,RETURNED,Not Applicable,2025-01-08T17:55:24.447000Z,,,2025-01-23T16:36:17.731250Z,,,42,CONSENT_REVOKED,CONSENT_REVOKED,CONSENT_REVOKED,CONSENT_REVOKED,CONSENT_REVOKED,CONSENT_REVOKED,CONSENT_REVOKED,CONSENT_REVOKED,CONSENT_REVOKED
677ebc074aede7a50afc089d,66c8abe49537b182dcbd2049,RETURNED,Not Applicable,2025-01-08T18:05:19.555000Z,,,2025-01-23T16:36:17.916339Z,,,437,CONSENT_REVOKED,CONSENT_REVOKED,CONSENT_REVOKED,CONSENT_REVOKED,CONSENT_REVOKED,CONSENT_REVOKED,CONSENT_REVOKED,CONSENT_REVOKED,CONSENT_REVOKED
677ebc085f21307667da1e52,677bc7b94c4451dd4c2ce716,RETURNED,Not Applicable,2025-01-08T17:55:39.012000Z,,,2025-01-23T16:36:17.816550Z,,,51,CONSENT_REVOKED,CONSENT_REVOKED,CONSENT_REVOKED,CONSENT_REVOKED,CONSENT_REVOKED,CONSENT_REVOKED,CONSENT_REVOKED,CONSENT_REVOKED,CONSENT_REVOKED
677ebc0f2186dad5179257b5,66cbeb342a8115b471c53eb3,RETURNED,Not Applicable,2025-01-08T17:55:27.648000Z,,,2025-01-23T16:36:17.761016Z,,,500,CONSENT_REVOKED,CONSENT_REVOKED,CONSENT_REVOKED,CONSENT_REVOKED,CONSENT_REVOKED,CONSENT_REVOKED,CONSENT_REVOKED,CONSENT_REVOKED,CONSENT_REVOKED
677ebc1bd9fe13bb3a29ddbf,676e1a07c8eaac68bfb02b3d,RETURNED,Not Applicable,2025-01-08T17:55:45.343000Z,2025-01-08T17:56:34.157000Z,,2025-01-23T16:36:17.931705Z,,NOCODE,101,CONSENT_REVOKED,CONSENT_REVOKED,CONSENT_REVOKED,CONSENT_REVOKED,CONSENT_REVOKED,CONSENT_REVOKED,CONSENT_REVOKED,CONSENT_REVOKED,CONSENT_REVOKED
677ebc1dd4867994d9bab920,662d12a89738ee339d194585,APPROVED,Not Applicable,2025-01-08T17:55:48.100000Z,2025-01-08T18:46:46.634000Z,2025-01-16T17:01:33.997000Z,2025-01-08T18:46:52.587601Z,3059.0,75b53a55e8,304,48,Female,White,United States,United States,United States,English,DATA_EXPIRED,DATA_EXPIRED
677ebc202640e94bf5ba3ac6,6717aa389897af310f13a66f,APPROVED,Not Applicable,2025-01-08T17:58:01.545000Z,2025-01-08T18:27:54.996000Z,2025-01-16T17:01:34.315000Z,2025-01-08T18:27:55.959896Z,1794.0,75b53a55e8,335,38,Female,Black,United States,United States,United States,English,DATA_EXPIRED,Full-Time
677ebc20fc50de49938b0fd8,670d0152550cbd15e8f278e2,APPROVED,Not Applicable,2025-01-08T17:56:56.713000Z,2025-01-08T18:06:46.351000Z,2025-01-16T17:01:34.761000Z,2025-01-08T18:08:11.853145Z,590.0,75b53a55e8,485,47,Female,Asian,Indonesia,United States,United States,Other,No,Unemployed (and job seeking)
677ebc21a28682572a19f8e5,654bf8dcd2974212955ac792,APPROVED,Not Applicable,2025-01-08T18:01:42Z,2025-01-08T18:24:47.443000Z,2025-01-16T17:01:35.013000Z,2025-01-08T18:24:48.098515Z,1386.0,75b53a55e8,1244,64,Female,Mixed,Japan,United States,United States,English,Yes,Full-Time
677ebc228c3e289b439a3f54,59ffb939517dfb00013dadda,APPROVED,Not Applicable,2025-01-08T17:55:51.134000Z,2025-01-08T18:10:57.874000Z,2025-01-16T17:01:35.360000Z,2025-01-08T18:10:58.666627Z,907.0,75b53a55e8,6955,37,Male,White,United States,United States,United States,English,No,Full-Time
677ebc2964e7560bbab9f399,5d755c5f5625b90001fa3f26,APPROVED,Not Applicable,2025-01-08T17:56:00.810000Z,2025-01-08T18:04:58.561000Z,2025-01-16T17:01:35.645000Z,2025-01-08T18:04:59.337903Z,538.0,75b53a55e8,1272,29,Female,White,United States,United States,United States,English,No,Full-Time
677ebc43cb32473be195f630,669a8cab8640c631cec2b45c,APPROVED,Not Applicable,2025-01-08T17:56:37.641000Z,2025-01-08T18:15:47.684000Z,2025-01-16T17:01:35.923000Z,2025-01-08T18:15:50.669806Z,1151.0,75b53a55e8,401,38,Female,White,United States,United States,United States,English,No,Other
677ebc471346e215813390e7,5d2a3561d3edf900018016a1,APPROVED,Not Applicable,2025-01-08T17:56:33.713000Z,2025-01-08T18:08:09.506000Z,2025-01-16T17:01:36.189000Z,2025-01-08T18:08:26.101939Z,696.0,75b53a55e8,7288,38,Male,White,United States,United States,United States,English,No,Full-Time
677ebc48d7dba0a1ded4a71e,66490b56b1255e95315aff25,RETURNED,Not Applicable,2025-01-08T18:07:00.059000Z,,,2025-01-23T16:36:17.882648Z,,,314,CONSENT_REVOKED,CONSENT_REVOKED,CONSENT_REVOKED,CONSENT_REVOKED,CONSENT_REVOKED,CONSENT_REVOKED,CONSENT_REVOKED,CONSENT_REVOKED,CONSENT_REVOKED
677ebc4f174fa3b847006e5a,66bcb2508202b013d9a99376,APPROVED,Not Applicable,2025-01-08T17:56:42.339000Z,2025-01-08T18:12:18.739000Z,2025-01-16T17:01:36.449000Z,2025-01-08T18:12:19.491139Z,937.0,75b53a55e8,181,39,Female,White,United States,United States,United States,English,No,Full-Time
677ebc71c32d9835b47d140f,66d1ecabfd5c62af4503d404,RETURNED,Not Applicable,2025-01-08T17:57:12.429000Z,,,2025-01-23T16:36:17.966616Z,,,241,CONSENT_REVOKED,CONSENT_REVOKED,CONSENT_REVOKED,CONSENT_REVOKED,CONSENT_REVOKED,CONSENT_REVOKED,CONSENT_REVOKED,CONSENT_REVOKED,CONSENT_REVOKED
677ebc83406a3c534bf2dcb6,676855ee7cc2112f98f31e1d,APPROVED,Not Applicable,2025-01-08T17:57:31.872000Z,2025-01-08T18:23:07.756000Z,2025-01-16T17:01:36.754000Z,2025-01-08T18:23:08.331583Z,1536.0,75b53a55e8,14,33,Male,Black,Ghana,United States,United States,English,No,Full-Time
677ebc90892f75cc12baf6e2,66399f327bcc9d26d0dc7542,APPROVED,Not Applicable,2025-01-08T17:58:15.812000Z,2025-01-08T18:25:03.850000Z,2025-01-16T17:01:37.284000Z,2025-01-08T18:25:05.825512Z,1609.0,75b53a55e8,986,45,Female,Prefer not to say,United States,United States,United States,English,No,DATA_EXPIRED
677ebc9c8b1ad213fba554e8,66805f486ae4ada5289839e3,APPROVED,Not Applicable,2025-01-08T17:58:03.460000Z,2025-01-08T18:10:55.770000Z,2025-01-16T17:01:37.755000Z,2025-01-08T18:10:56.502329Z,773.0,75b53a55e8,1099,35,Male,Black,United States,United States,United States,English,No,Unemployed (and job seeking)
677ebc9dd6fa0121b9e8b14d,5ecc6ffce3ca77849333e83e,APPROVED,Not Applicable,2025-01-08T17:57:54.021000Z,2025-01-08T18:10:21.597000Z,2025-01-16T17:01:38.083000Z,2025-01-08T18:10:22.289370Z,748.0,75b53a55e8,8165,45,Male,Asian,Australia,United States,United States,English,No,Full-Time
677ebca1284cce5c4f978326,663502026e662c1124df1b0b,RETURNED,Not Applicable,2025-01-08T17:58:03.879000Z,,,2025-01-23T16:36:18.023703Z,,,1175,CONSENT_REVOKED,CONSENT_REVOKED,CONSENT_REVOKED,CONSENT_REVOKED,CONSENT_REVOKED,CONSENT_REVOKED,CONSENT_REVOKED,CONSENT_REVOKED,CONSENT_REVOKED
677ebcbb439ced98417d7152,673e2ac32a600184290dfc2d,RETURNED,Not Applicable,2025-01-08T17:58:29.621000Z,,,2025-01-23T16:36:18.024525Z,,,263,CONSENT_REVOKED,CONSENT_REVOKED,CONSENT_REVOKED,CONSENT_REVOKED,CONSENT_REVOKED,CONSENT_REVOKED,CONSENT_REVOKED,CONSENT_REVOKED,CONSENT_REVOKED
677ebcda47fc81394da30f4d,672124df9413124330a1bb1e,APPROVED,Not Applicable,2025-01-08T17:58:53.587000Z,2025-01-08T18:08:39.927000Z,2025-01-16T17:01:39.334000Z,2025-01-08T18:08:40.479567Z,587.0,75b53a55e8,317,26,Male,Mixed,United States,United States,United States,English,No,Unemployed (and job seeking)
677ebce7cb7f407889f2dbfe,6741dbc9f041e92215fbe488,RETURNED,Not Applicable,2025-01-08T17:59:29.976000Z,,,2025-01-23T16:36:17.955603Z,,,189,CONSENT_REVOKED,CONSENT_REVOKED,CONSENT_REVOKED,CONSENT_REVOKED,CONSENT_REVOKED,CONSENT_REVOKED,CONSENT_REVOKED,CONSENT_REVOKED,CONSENT_REVOKED
677ebcefdb7b0e482cec75c7,5e0e1f62814bba56ea1a86dd,APPROVED,Not Applicable,2025-01-08T17:59:17.770000Z,2025-01-08T18:48:32.287000Z,2025-01-16T17:01:39.651000Z,2025-01-08T18:48:48.020040Z,2955.0,75b53a55e8,2662,35,Male,Black,United States,United States,United States,English,No,Unemployed (and job seeking)
677ebcf8e16e6bc52ae871f3,668e88ea6a476e76e0c1993b,APPROVED,Not Applicable,2025-01-08T18:06:01.697000Z,2025-01-08T18:42:30.426000Z,2025-01-16T17:01:39.970000Z,2025-01-08T18:42:30.927649Z,2189.0,75b53a55e8.,38,40,Male,Black,United States,United States,United States,English,DATA_EXPIRED,Full-Time
677ebd024b7b227c5fe871e9,6724a67176cc6ee053bd36f3,APPROVED,Not Applicable,2025-01-08T17:59:52.549000Z,2025-01-08T19:00:31.848000Z,2025-01-16T17:01:40.510000Z,2025-01-08T19:01:09.298028Z,3640.0,75b53a55e8,220,21,Male,Black,Ghana,United States,United States,English,No,Full-Time
677ebd2172d2079a6c4536ac,66df1a0ecaeaa481c05c1060,APPROVED,Not Applicable,2025-01-08T18:00:11.081000Z,2025-01-08T18:32:45.092000Z,2025-01-16T17:01:41.264000Z,2025-01-08T18:32:45.846573Z,1955.0,75b53a55e8,352,34,Male,Black,United States,United States,United States,English,DATA_EXPIRED,Full-Time
677ebd23fb1c9bb7cfa706eb,66bbef30b448c88bf53675f3,RETURNED,Not Applicable,2025-01-08T18:00:10.964000Z,,,2025-01-23T16:36:17.987834Z,,,781,CONSENT_REVOKED,CONSENT_REVOKED,CONSENT_REVOKED,CONSENT_REVOKED,CONSENT_REVOKED,CONSENT_REVOKED,CONSENT_REVOKED,CONSENT_REVOKED,CONSENT_REVOKED
677ebd54308010967c8b1048,673305c57a764368db686e4b,APPROVED,Not Applicable,2025-01-08T18:00:59.304000Z,2025-01-08T18:13:36.642000Z,2025-01-16T17:01:41.785000Z,2025-01-08T18:13:37.356175Z,758.0,75b53a55e8,155,31,Female,White,United States,United States,United States,English,No,"Not in paid work (e.g. homemaker', 'retired or disabled)"
677ebd54fc50de49938b100f,660462af12d1deceebf52ed3,APPROVED,Not Applicable,2025-01-08T18:00:59.775000Z,2025-01-08T18:08:32.141000Z,2025-01-16T17:01:42.203000Z,2025-01-08T18:08:32.665364Z,453.0,75b53a55e8,742,27,Female,White,United States,United States,Italy,English,No,Full-Time
677ebd550ea45dee457ab45f,671d54a9f1b8f62b62dbcc7e,APPROVED,Not Applicable,2025-01-08T18:01:20.561000Z,2025-01-08T18:32:37.921000Z,2025-01-16T17:01:42.527000Z,2025-01-08T18:32:38.444124Z,1878.0,75b53a55e8,289,39,Male,White,United States,United States,United States,English,DATA_EXPIRED,Full-Time
677ebd59c4f2562df1904620,5f80c3b14dc3ba1509305a89,APPROVED,Not Applicable,2025-01-08T18:00:57.435000Z,2025-01-08T18:20:36.071000Z,2025-01-16T17:01:42.825000Z,2025-01-08T18:20:37.410698Z,1179.0,75b53a55e8,10246,49,Male,White,United States,United States,United States,English,DATA_EXPIRED,DATA_EXPIRED
677ebd5ef8b680478a7455cc,5ed9c285b8c16356b385a97f,APPROVED,Not Applicable,2025-01-08T18:01:02.763000Z,2025-01-08T18:20:49.982000Z,2025-01-16T17:01:43.082000Z,2025-01-08T18:21:23.321091Z,1188.0,75b53a55e8,7295,71,Female,White,United States,United States,United States,English,No,Part-Time
677ebd5fcb32473be195f665,6755d3612cfd4adec9bb9d36,APPROVED,Not Applicable,2025-01-08T18:01:13.866000Z,2025-01-08T18:16:26.805000Z,2025-01-16T17:01:43.405000Z,2025-01-08T18:16:27.664519Z,913.0,75b53a55e8,94,36,Male,Other,United States,United States,United States,Spanish,No,Unemployed (and job seeking)
677ebd69e024f5c5b6dd9fe7,666c462dbf512cfb5c74ff06,RETURNED,Not Applicable,2025-01-08T18:01:13.436000Z,,,2025-01-23T16:36:18.036684Z,,,227,CONSENT_REVOKED,CONSENT_REVOKED,CONSENT_REVOKED,CONSENT_REVOKED,CONSENT_REVOKED,CONSENT_REVOKED,CONSENT_REVOKED,CONSENT_REVOKED,CONSENT_REVOKED
677ebd6a6e5c69e32cf8d2ea,67044749c28abfd636ceedf0,APPROVED,Not Applicable,2025-01-08T18:02:08.106000Z,2025-01-08T18:22:13.588000Z,2025-01-16T17:01:43.736000Z,2025-01-08T18:22:14.348983Z,1206.0,75b53a55e8,252,40,Female,White,United States,United States,United States,English,No,"Not in paid work (e.g. homemaker', 'retired or disabled)"
677ebd7d1346e21581339124,66d3c59845843ba746e50d0f,APPROVED,Not Applicable,2025-01-08T18:01:39.284000Z,2025-01-08T18:42:44.574000Z,2025-01-16T17:01:44.638000Z,2025-01-08T18:42:45.312469Z,2466.0,75b53a55e8,548,24,Female,White,United States,United States,United States,English,No,Full-Time
677ebd81369e2918471f4602,5622e4dced6e5a0005c80078,APPROVED,Not Applicable,2025-01-08T18:07:05.929000Z,2025-01-08T19:11:26.978000Z,2025-01-16T17:01:45.064000Z,2025-01-08T19:11:29.068434Z,3862.0,75b53a55e8,4191,52,Female,White,United States,United States,United States,English,No,Full-Time
677ebd920b9005b7b3c2c6c9,671ec17bb176cc6cad6499b7,APPROVED,Not Applicable,2025-01-08T18:01:54.972000Z,2025-01-08T18:16:56.084000Z,2025-01-16T17:01:45.509000Z,2025-01-08T18:16:56.774442Z,902.0,75b53a55e8,368,39,Male,White,United States,United States,United States,English,No,Full-Time
677ebd9a4b7b227c5fe87209,663bae5f46106508ead1cc5d,RETURNED,Not Applicable,2025-01-08T18:02:02.415000Z,,,2025-01-23T16:36:18.107030Z,,,1131,CONSENT_REVOKED,CONSENT_REVOKED,CONSENT_REVOKED,CONSENT_REVOKED,CONSENT_REVOKED,CONSENT_REVOKED,CONSENT_REVOKED,CONSENT_REVOKED,CONSENT_REVOKED
677ebd9b564cd73a513578c4,66abd640659b2f34dac36626,RETURNED,Not Applicable,2025-01-08T18:12:03.330000Z,,,2025-01-23T16:36:18.033391Z,,,279,CONSENT_REVOKED,CONSENT_REVOKED,CONSENT_REVOKED,CONSENT_REVOKED,CONSENT_REVOKED,CONSENT_REVOKED,CONSENT_REVOKED,CONSENT_REVOKED,CONSENT_REVOKED
677ebdae18e77594a861ce88,672622ab8b414ed2a61d47f9,RETURNED,Not Applicable,2025-01-08T18:02:33.407000Z,,,2025-01-23T16:36:18.109318Z,,,349,CONSENT_REVOKED,CONSENT_REVOKED,CONSENT_REVOKED,CONSENT_REVOKED,CONSENT_REVOKED,CONSENT_REVOKED,CONSENT_REVOKED,CONSENT_REVOKED,CONSENT_REVOKED
677ebdb0a7b1f3d3def76130,6777e956b8931d9885797c24,APPROVED,Not Applicable,2025-01-08T18:02:32.621000Z,2025-01-08T18:17:24.193000Z,2025-01-16T17:01:46.004000Z,2025-01-08T18:17:25.025463Z,892.0,75b53a55e8,26,54,Male,White,United States,United States,United States,English,No,DATA_EXPIRED
677ebdb8c94d074d257caff6,5f01d812e83c5732b0dd15e6,APPROVED,Not Applicable,2025-01-08T18:02:55.398000Z,2025-01-08T18:20:34.379000Z,2025-01-16T17:01:46.432000Z,2025-01-08T18:20:35.058927Z,1059.0,75b53a55e8,1762,38,Male,White,United States,United States,United States,English,No,Full-Time
677ebdbffc50de49938b1024,664e2d4a26686cecdfd660eb,RETURNED,Not Applicable,2025-01-08T18:02:51.838000Z,,,2025-01-23T16:36:18.129464Z,,,614,CONSENT_REVOKED,CONSENT_REVOKED,CONSENT_REVOKED,CONSENT_REVOKED,CONSENT_REVOKED,CONSENT_REVOKED,CONSENT_REVOKED,CONSENT_REVOKED,CONSENT_REVOKED
677ebdd385ba793b3435effe,66e74799fb757e719ee9fdac,APPROVED,Not Applicable,2025-01-08T18:04:39.972000Z,2025-01-08T18:23:08.830000Z,2025-01-16T17:01:46.833000Z,2025-01-08T18:23:09.474281Z,1109.0,75b53a55e8,423,20,Male,White,Indonesia,United States,United States,English,No,DATA_EXPIRED
677ebdd5823bd996f72beeac,674cb2adef600016fe88a8b9,RETURNED,Not Applicable,2025-01-08T18:03:20.006000Z,,,2025-01-23T16:36:18.187049Z,,,213,CONSENT_REVOKED,CONSENT_REVOKED,CONSENT_REVOKED,CONSENT_REVOKED,CONSENT_REVOKED,CONSENT_REVOKED,CONSENT_REVOKED,CONSENT_REVOKED,CONSENT_REVOKED
677ebddc6cc3afe1ebe63b40,67757a7172a1ee4eae3f6749,RETURNED,Not Applicable,2025-01-08T18:03:08.616000Z,,,2025-01-23T16:36:18.175983Z,,,70,CONSENT_REVOKED,CONSENT_REVOKED,CONSENT_REVOKED,CONSENT_REVOKED,CONSENT_REVOKED,CONSENT_REVOKED,CONSENT_REVOKED,CONSENT_REVOKED,CONSENT_REVOKED
677ebe0c174fa3b847006eb9,676fe24603802a89018e4b3b,REJECTED,Not Applicable,2025-01-08T18:04:09.982000Z,2025-01-08T18:06:11.136000Z,2025-01-10T20:28:42.444000Z,2025-01-23T16:36:18.196403Z,122.0,677ebe0c174fa3b847006eb9,51,CONSENT_REVOKED,CONSENT_REVOKED,CONSENT_REVOKED,CONSENT_REVOKED,CONSENT_REVOKED,CONSENT_REVOKED,CONSENT_REVOKED,CONSENT_REVOKED,CONSENT_REVOKED
677ebe1160580fe50eff241e,67606caee59f6f7312f6277f,APPROVED,Not Applicable,2025-01-08T18:04:01.233000Z,2025-01-08T18:14:49.028000Z,2025-01-16T17:01:47.375000Z,2025-01-08T18:14:49.582216Z,648.0,75b53a55e8,23,37,Male,White,United States,United States,United States,English,No,Other
677ebe1277141ff4e795f664,67728d6d222652b55720aa06,RETURNED,Not Applicable,2025-01-08T18:04:22.747000Z,,,2025-01-23T16:36:18.140726Z,,,109,CONSENT_REVOKED,CONSENT_REVOKED,CONSENT_REVOKED,CONSENT_REVOKED,CONSENT_REVOKED,CONSENT_REVOKED,CONSENT_REVOKED,CONSENT_REVOKED,CONSENT_REVOKED
677ebe13291387df7fcf3794,6772a8328f7fc3b6ff3c9bc5,APPROVED,Not Applicable,2025-01-08T18:04:14.918000Z,2025-01-08T18:33:06.611000Z,2025-01-16T17:01:48.705000Z,2025-01-08T18:33:07.282821Z,1732.0,75b53a55e8,39,19,Female,Black,Kenya,United States,United States,English,Yes,DATA_EXPIRED
677ebe28a28682572a19f952,6775c56044d53a90d448a78d,APPROVED,Not Applicable,2025-01-08T18:04:30.265000Z,2025-01-08T18:20:33.628000Z,2025-01-16T17:01:49.161000Z,2025-01-08T18:20:34.340702Z,964.0,75b53a55e8,18,24,Female,Black,United States,United States,United States,English,Yes,Part-Time
677ebe3d78e573e9e8b9f2c8,675e0442f9c4a3bb75df7d29,APPROVED,Not Applicable,2025-01-08T18:06:08.721000Z,2025-01-08T18:56:24.159000Z,2025-01-16T17:01:49.675000Z,2025-01-08T18:56:25.174670Z,3016.0,75b53a55e8,65,26,Female,Black,United States,United States,United States,English,Yes,Part-Time
677ebe65d9fe13bb3a29de37,65ef305ac2c664ceb8c9ef29,APPROVED,Not Applicable,2025-01-08T18:08:03.263000Z,2025-01-08T18:30:38.637000Z,2025-01-16T17:01:50.147000Z,2025-01-08T18:30:39.892940Z,1356.0,75b53a55e8,701,22,Male,Black,United States,United States,United States,English,Yes,Full-Time
677ebeb2aebc03378fba3b71,670e2a711df0a045aea8de04,APPROVED,Not Applicable,2025-01-08T18:07:05.277000Z,2025-01-08T18:31:51.079000Z,2025-01-16T17:01:50.511000Z,2025-01-08T18:31:51.722573Z,1486.0,75b53a55e8,362,43,Female,White,United States,United States,United States,English,No,Full-Time
677ebec6d27fef47bde60037,677d98c608f27b4908542ecf,REJECTED,Not Applicable,2025-01-08T18:07:16.559000Z,2025-01-08T18:20:02.095000Z,2025-01-21T17:30:08.030000Z,2025-01-23T16:36:18.243876Z,766.0,NOCODE,21,CONSENT_REVOKED,CONSENT_REVOKED,CONSENT_REVOKED,CONSENT_REVOKED,CONSENT_REVOKED,CONSENT_REVOKED,CONSENT_REVOKED,CONSENT_REVOKED,CONSENT_REVOKED
677ebed7fa19b4b01821be31,5955c739cbe7f60001f64a5e,APPROVED,Not Applicable,2025-01-08T18:07:25.087000Z,2025-01-08T18:21:38.928000Z,2025-01-16T17:01:50.846000Z,2025-01-08T18:21:41.061519Z,854.0,75b53a55e8,2823,40,Female,White,United States,United States,United States,English,No,Full-Time
677ebee6028dcdbf13d7f55d,6634e0e2300e0d377e2cf876,RETURNED,Not Applicable,2025-01-08T18:07:42.272000Z,,,2025-01-23T16:36:18.220302Z,,,350,CONSENT_REVOKED,CONSENT_REVOKED,CONSENT_REVOKED,CONSENT_REVOKED,CONSENT_REVOKED,CONSENT_REVOKED,CONSENT_REVOKED,CONSENT_REVOKED,CONSENT_REVOKED
677ebf0616b1daa11570f50e,672285407273e65dc89d6f75,APPROVED,Not Applicable,2025-01-08T18:08:13.029000Z,2025-01-08T18:17:24.215000Z,2025-01-16T17:01:51.571000Z,2025-01-08T18:17:24.881750Z,552.0,75b53a55e8,308,32,Male,White,United States,United States,United States,English,No,DATA_EXPIRED
677ebf258c343167ed2a3443,674be08d972568e01f00d08b,APPROVED,Not Applicable,2025-01-08T18:13:38.117000Z,2025-01-08T18:28:48.673000Z,2025-01-16T17:01:52.099000Z,2025-01-08T18:28:49.836325Z,911.0,75b53a55e8,146,26,Male,White,United States,United States,United States,English,No,Unemployed (and job seeking)
677ebf76e94319bbcc9e7195,66884713a634c5f082e912a3,APPROVED,Not Applicable,2025-01-08T18:11:29.984000Z,2025-01-08T18:38:36.045000Z,2025-01-16T17:01:52.603000Z,2025-01-08T18:38:38.904543Z,1627.0,75b53a55e8,984,43,Male,White,United States,United States,United States,English,DATA_EXPIRED,DATA_EXPIRED
677ec021c97d3371bde600c5,66e39b505396b2d40323ca78,APPROVED,Not Applicable,2025-01-08T18:13:12.316000Z,2025-01-08T18:48:28.119000Z,2025-01-16T17:01:53.016000Z,2025-01-08T18:48:43.149815Z,2116.0,75b53a55e8,481,51,Male,White,United States,United States,United States,English,No,Full-Time
677ec0e3515bb4ee59549f96,672d44a0368d7f70ae84fdbc,APPROVED,Not Applicable,2025-01-08T18:16:14.839000Z,2025-01-08T18:27:36.299000Z,2025-01-16T17:01:53.430000Z,2025-01-08T18:27:37.335687Z,682.0,75b53a55e8,276,50,Male,White,United States,United States,United States,English,No,DATA_EXPIRED
677ec0f02dc2f4651e293fb8,673697285ddcc30a6c648f79,APPROVED,Not Applicable,2025-01-08T18:16:29.010000Z,2025-01-08T18:29:31.439000Z,2025-01-16T17:01:53.853000Z,2025-01-08T18:29:32.911124Z,783.0,75b53a55e8,193,40,Female,White,United States,United States,United States,English,No,"Not in paid work (e.g. homemaker', 'retired or disabled)"
677ec184d40349565b2a43a4,63474e67a5fd298c6103c409,APPROVED,Not Applicable,2025-01-08T18:18:52.215000Z,2025-01-08T18:44:02.105000Z,2025-01-16T17:01:54.346000Z,2025-01-08T18:44:02.702741Z,1510.0,75b53a55e8,4282,32,Male,White,United States,United States,United States,English,DATA_EXPIRED,DATA_EXPIRED
677ec1867391c3746f02fe0b,672b4d8797517e7b262b7d97,RETURNED,Not Applicable,2025-01-08T18:19:09.320000Z,,,2025-01-23T16:36:18.236290Z,,,336,CONSENT_REVOKED,CONSENT_REVOKED,CONSENT_REVOKED,CONSENT_REVOKED,CONSENT_REVOKED,CONSENT_REVOKED,CONSENT_REVOKED,CONSENT_REVOKED,CONSENT_REVOKED
677ec1db358e9629294647da,668557b956cf202cd06acd9c,APPROVED,Not Applicable,2025-01-08T18:28:57.886000Z,2025-01-08T19:12:26.882000Z,2025-01-16T17:01:54.796000Z,2025-01-08T19:12:28.985698Z,2609.0,75b53a55e8,690,21,Female,Black,DATA_EXPIRED,United States,United States,English,Yes,Part-Time
677ec2128db12e847c4e10da,673cfddc2603281edb50447e,APPROVED,Not Applicable,2025-01-08T18:21:15.609000Z,2025-01-08T18:32:25.320000Z,2025-01-16T17:01:55.686000Z,2025-01-08T18:32:25.974025Z,670.0,75b53a55e8,215,32,Male,Mixed,United States,United States,United States,English,No,Part-Time
677ec3229832aab97d46462a,6732148ee36f378d79aad6b9,APPROVED,Not Applicable,2025-01-08T18:25:58.852000Z,2025-01-08T19:17:42.692000Z,2025-01-16T17:01:56.154000Z,2025-01-08T19:17:49.301183Z,3104.0,75b53a55e8,260,45,Male,White,United States,United States,United States,English,No,Full-Time
677ec3344fb05739512f4b46,66d69d42515fac1f2273d10e,RETURNED,Not Applicable,2025-01-08T18:33:17.409000Z,,,2025-01-23T16:36:18.281187Z,,,378,CONSENT_REVOKED,CONSENT_REVOKED,CONSENT_REVOKED,CONSENT_REVOKED,CONSENT_REVOKED,CONSENT_REVOKED,CONSENT_REVOKED,CONSENT_REVOKED,CONSENT_REVOKED
677ec3cc70a9fcb20dc55b75,672bb3b59c2a11f87921c986,APPROVED,Not Applicable,2025-01-08T18:31:12.558000Z,2025-01-08T18:53:25.795000Z,2025-01-16T17:01:56.619000Z,2025-01-08T18:53:26.621893Z,1334.0,75b53a55e8,86,56,Female,White,United States,United States,United States,English,No,"Not in paid work (e.g. homemaker', 'retired or disabled)"
677ec5a3563e43ca6eb5f7d3,675ae088a14383a681cb4594,APPROVED,Not Applicable,2025-01-08T18:36:33.985000Z,2025-01-08T18:53:59.704000Z,2025-01-16T17:01:57.049000Z,2025-01-08T18:54:00.365660Z,1046.0,75b53a55e8,122,22,Male,Black,Ghana,United States,United States,English,No,Full-Time
677ec903811b2e137e7d6e6b,66c8f4c85434e33b086cb7ca,APPROVED,Not Applicable,2025-01-08T18:51:16.687000Z,2025-01-08T19:14:08.612000Z,2025-01-16T17:01:57.416000Z,2025-01-08T19:14:11.060488Z,1372.0,75b53a55e8,337,26,Male,White,United States,United States,United States,English,No,Other
677eca1901e76b344312c0d2,6778dd74333c5337f6dc9421,APPROVED,Not Applicable,2025-01-08T18:55:27.554000Z,2025-01-08T19:11:24.217000Z,2025-01-16T17:01:58.639000Z,2025-01-08T19:11:25.530753Z,957.0,75b53a55e8,23,30,Female,White,United States,United States,United States,English,No,DATA_EXPIRED
677ecb384343905e3d5356c7,671f5fc095e0d9b72613a49c,APPROVED,Not Applicable,2025-01-08T19:00:19.138000Z,2025-01-08T19:24:49.158000Z,2025-01-16T17:01:59.082000Z,2025-01-08T19:24:49.926385Z,1471.0,75b53a55e8,220,45,Female,Black,Ghana,United States,United States,English,DATA_EXPIRED,DATA_EXPIRED
677ecb50cb7f407889f2df8c,6754bba05b2d447793c4c967,APPROVED,Not Applicable,2025-01-08T19:00:54.602000Z,2025-01-08T19:22:28.514000Z,2025-01-16T17:01:59.649000Z,2025-01-08T19:22:29.138726Z,1294.0,75b53a55e8,98,42,Female,Black,Ghana,United States,United States,English,DATA_EXPIRED,Full-Time
677ecb52cd1e457e80bd685a,6755d5640aeeac64a531b731,APPROVED,Not Applicable,2025-01-08T19:00:34.419000Z,2025-01-08T19:51:56.058000Z,2025-01-16T17:01:59.947000Z,2025-01-08T19:51:57.675803Z,3082.0,75b53a55e8,81,39,Male,Black,United States,United States,United States,English,No,Full-Time
677ecb555501f1f978ad6497,67296c945c2b23b3b4f9d079,APPROVED,Not Applicable,2025-01-08T19:01:07.664000Z,2025-01-08T19:17:15.085000Z,2025-01-16T17:02:00.292000Z,2025-01-08T19:17:24.913262Z,968.0,75b53a55e8,320,24,Female,Black,United States,United States,United States,English,No,Full-Time
677ecb576e5c69e32cf8d669,66293d5a64d7c17108483f34,APPROVED,Not Applicable,2025-01-08T19:01:23.854000Z,2025-01-08T19:19:03.622000Z,2025-01-16T17:02:00.622000Z,2025-01-08T19:19:04.220303Z,1060.0,75b53a55e8,1089,39,Female,White,United States,United States,United States,English,No,Full-Time
677ecb57a1f8fb50687e2afa,6341a541b6cfd5f8933f48c4,APPROVED,Not Applicable,2025-01-08T19:00:44.798000Z,2025-01-08T19:24:59.652000Z,2025-01-16T17:02:00.945000Z,2025-01-08T19:25:03.485607Z,1455.0,75b53a55e8,4974,37,Male,Black,United States,United States,United States,English,No,Full-Time
677ecb5c6dc6b4f794e6a748,6778e9c81ee46a6ac20d782d,RETURNED,Not Applicable,2025-01-08T19:00:44.066000Z,,,2025-01-23T16:36:18.753514Z,,,50,CONSENT_REVOKED,CONSENT_REVOKED,CONSENT_REVOKED,CONSENT_REVOKED,CONSENT_REVOKED,CONSENT_REVOKED,CONSENT_REVOKED,CONSENT_REVOKED,CONSENT_REVOKED
677ed00879fbc18852f921f3,6755730636ddcc6a492e2d99,APPROVED,Not Applicable,2025-01-08T19:25:20.050000Z,2025-01-08T19:48:51.272000Z,2025-01-16T17:02:01.307000Z,2025-01-08T19:48:52.128021Z,1412.0,75b53a55e8.,40,22,Female,White,United States,United States,United States,English,No,Part-Time
6781822da14b61958fbebae1,67684147522a5eb22efe5661,APPROVED,Not Applicable,2025-01-10T20:25:22.923000Z,2025-01-10T20:53:24.537000Z,2025-01-16T17:02:01.689000Z,2025-01-10T20:53:25.250578Z,1682.0,75b53a55e8,5,40,Female,Black,United States,United States,United States,English,DATA_EXPIRED,DATA_EXPIRED
6781823d72cda3c656f2c4cb,5bb3d470a1aed700011f6575,APPROVED,Not Applicable,2025-01-10T20:25:41.715000Z,2025-01-10T20:36:49.320000Z,2025-01-16T17:02:01.989000Z,2025-01-10T20:36:50.299651Z,668.0,75b53a55e8,3957,37,Female,White,United States,United States,United States,English,No,Full-Time
678182546f48e1bf7c4f2598,5c2d187569ceff00011417de,APPROVED,Not Applicable,2025-01-10T20:26:01.625000Z,2025-01-10T20:36:27.451000Z,2025-01-16T17:02:02.276000Z,2025-01-10T20:36:28.841856Z,626.0,75b53a55e8,5403,38,Female,White,United States,United States,United States,English,No,Full-Time
6781829672cda3c656f2c4dc,5cfe3ec7591d170019447590,APPROVED,Not Applicable,2025-01-10T20:27:16.026000Z,2025-01-10T20:48:18.993000Z,2025-01-16T17:02:02.632000Z,2025-01-10T20:48:19.864784Z,1263.0,75b53a55e8,370,38,Male,Mixed,United States,United States,United States,English,No,Unemployed (and job seeking)
678182fd8bfdbe2b7dbd95fe,5c092e0d8569df000176368d,APPROVED,Not Applicable,2025-01-10T20:28:54.504000Z,2025-01-10T20:47:31.418000Z,2025-01-16T17:02:02.932000Z,2025-01-10T20:47:32.362502Z,1117.0,75b53a55e8,40,34,Female,Other,United States,United States,United States,Spanish,No,Unemployed (and job seeking)
678182fe03af3905a662641f,676a2ca8f7dac64fab4d8a81,APPROVED,Not Applicable,2025-01-10T20:28:52.017000Z,2025-01-10T20:56:07.755000Z,2025-01-16T17:02:03.192000Z,2025-01-10T20:56:08.799036Z,1636.0,75b53a55e8,14,26,Female,Mixed,United States,United States,United States,English,Yes,Full-Time
6781830225131aec5e693f0a,67254fdadc05592a98c22275,APPROVED,Not Applicable,2025-01-10T20:28:57.506000Z,2025-01-10T20:47:55.735000Z,2025-01-16T17:02:03.448000Z,2025-01-10T20:47:56.496856Z,1139.0,75b53a55e8,116,35,Female,White,United States,United States,United States,English,No,"Not in paid work (e.g. homemaker', 'retired or disabled)"
67885591ea108f900d129196,67868aee9eafadcc65b35196,APPROVED,Not Applicable,2025-01-16T00:40:56.131000Z,2025-01-16T00:55:03.414000Z,2025-01-16T17:02:03.773000Z,2025-01-16T00:55:04.049384Z,848.0,75b53a55e8,5,48,Female,White,United States,United States,United States,English,No,"Not in paid work (e.g. homemaker', 'retired or disabled)"
678855a1c6d2a18d3b0b5adb,67872b25eb525b3ca5e508d6,RETURNED,Not Applicable,2025-01-16T00:41:15.087000Z,,,2025-01-23T16:36:18.288021Z,,,66,CONSENT_REVOKED,CONSENT_REVOKED,CONSENT_REVOKED,CONSENT_REVOKED,CONSENT_REVOKED,CONSENT_REVOKED,CONSENT_REVOKED,CONSENT_REVOKED,CONSENT_REVOKED
678855c6404e357c7e312765,5c3f792a337ac90001a5352c,APPROVED,Not Applicable,2025-01-16T00:41:50.495000Z,2025-01-16T01:01:07.226000Z,2025-01-16T17:02:04.087000Z,2025-01-16T01:01:08.209298Z,1157.0,75b53a55e8,286,30,Male,Mixed,United States,United States,United States,English,No,DATA_EXPIRED
678fdc72e3bb8f02fd0506e2,6779a83677d138c02e3c2076,APPROVED,Not Applicable,2025-01-21T17:42:21.588000Z,2025-01-21T18:01:02.890000Z,2025-01-21T18:18:45.539000Z,2025-01-21T18:01:03.729890Z,1122.0,75b53a55e8,2,28,Male,White,United States,United States,United States,English,No,Full-Time
678fdd214292d51395884520,63ea6344bf5cfafd40b0dce2,RETURNED,Not Applicable,2025-01-21T17:45:13.168000Z,,,2025-01-23T16:36:18.260829Z,,,2772,CONSENT_REVOKED,CONSENT_REVOKED,CONSENT_REVOKED,CONSENT_REVOKED,CONSENT_REVOKED,CONSENT_REVOKED,CONSENT_REVOKED,CONSENT_REVOKED,CONSENT_REVOKED
678fddb33019619ef7448918,67868af63e9c4470ac82b6f6,RETURNED,Not Applicable,2025-01-21T17:47:41.768000Z,,,2025-01-23T16:36:18.366416Z,,,19,CONSENT_REVOKED,CONSENT_REVOKED,CONSENT_REVOKED,CONSENT_REVOKED,CONSENT_REVOKED,CONSENT_REVOKED,CONSENT_REVOKED,CONSENT_REVOKED,CONSENT_REVOKED
678fde4dc1a7b3004771f7b6,6779bc2d98559b4b4f9196c2,APPROVED,Not Applicable,2025-01-21T17:50:37.746000Z,2025-01-21T18:05:27.942000Z,2025-01-21T18:18:47.643000Z,2025-01-21T18:06:27.162500Z,891.0,75b53a55e8,3,30,Female,White,Ukraine,United States,United States,English,DATA_EXPIRED,DATA_EXPIRED
678fde6a127619edc402aba5,678f7d0ddb207345243a769b,RETURNED,Not Applicable,2025-01-21T17:50:45.140000Z,,,2025-01-23T16:36:18.339812Z,,,33,CONSENT_REVOKED,CONSENT_REVOKED,CONSENT_REVOKED,CONSENT_REVOKED,CONSENT_REVOKED,CONSENT_REVOKED,CONSENT_REVOKED,CONSENT_REVOKED,CONSENT_REVOKED
678fe3b60ea76639951d553d,65ceabd4a14ff31cafcc655b,APPROVED,Not Applicable,2025-01-21T18:13:16.100000Z,2025-01-21T18:26:10.789000Z,2025-01-21T22:59:38.817000Z,2025-01-21T18:26:11.982429Z,775.0,75b53a55e8,115,24,Female,Asian,United States,United States,United States,English,Yes,Other
679271bf22616023007b5077,5fbda37816525a1e4677dbb8,RETURNED,Not Applicable,2025-01-23T16:43:55.200000Z,,,2025-01-23T17:42:28.425604Z,,,74,CONSENT_REVOKED,CONSENT_REVOKED,CONSENT_REVOKED,CONSENT_REVOKED,CONSENT_REVOKED,CONSENT_REVOKED,CONSENT_REVOKED,CONSENT_REVOKED,CONSENT_REVOKED
67927229225d60b2e1578f92,67851dfa2e1d0cf275494cc4,RETURNED,Not Applicable,2025-01-23T16:46:42.379000Z,,,2025-01-23T17:42:28.415781Z,,,60,CONSENT_REVOKED,CONSENT_REVOKED,CONSENT_REVOKED,CONSENT_REVOKED,CONSENT_REVOKED,CONSENT_REVOKED,CONSENT_REVOKED,CONSENT_REVOKED,CONSENT_REVOKED
6792723707e34272009a94cc,65fac9d6ba09464c7cb88972,APPROVED,Not Applicable,2025-01-23T16:46:49.171000Z,2025-01-23T17:08:23.630000Z,2025-01-23T17:41:06.371000Z,2025-01-23T17:09:45.709209Z,1295.0,75b53a55e8,217,45,Male,White,United States,United States,United States,English,DATA_EXPIRED,DATA_EXPIRED
67927261864a7de14c8afd0e,67926e91c7adfe61a0d3f211,APPROVED,Not Applicable,2025-01-23T16:46:58.634000Z,2025-01-23T16:59:57.783000Z,2025-01-23T17:41:06.899000Z,2025-01-23T16:59:58.625469Z,780.0,75b53a55e8,0,46,Male,White,United States,United States,United States,English,DATA_EXPIRED,DATA_EXPIRED
6792726a73b8bef6b0fdb9b5,5f4738bfa043201203a27b4b,APPROVED,Not Applicable,2025-01-23T16:46:59.340000Z,2025-01-23T16:56:20.654000Z,2025-01-23T17:41:07.872000Z,2025-01-23T16:58:29.733936Z,562.0,75b53a55e8,2947,39,Female,White,United States,United States,United States,English,No,DATA_EXPIRED
6792726d457fc8cbfa645348,5bf60af65dd66900011aca05,APPROVED,Not Applicable,2025-01-23T16:46:43.404000Z,2025-01-23T16:58:06.998000Z,2025-01-23T17:41:08.356000Z,2025-01-23T16:58:55.273506Z,684.0,75b53a55e8,883,30,Male,White,United States,United States,United States,English,DATA_EXPIRED,Part-Time
67927270592653abaf1dc934,663e3c11c2202f54de9b3b78,RETURNED,Not Applicable,2025-01-23T16:46:48.629000Z,,,2025-01-23T17:42:28.432266Z,,,890,CONSENT_REVOKED,CONSENT_REVOKED,CONSENT_REVOKED,CONSENT_REVOKED,CONSENT_REVOKED,CONSENT_REVOKED,CONSENT_REVOKED,CONSENT_REVOKED,CONSENT_REVOKED
679272c082f732a31bc8d610,674ca794941ad6898969714b,APPROVED,Not Applicable,2025-01-23T16:48:05.838000Z,2025-01-23T17:14:14.147000Z,2025-01-23T17:41:08.876000Z,2025-01-23T17:14:15.438018Z,1569.0,75b53a55e8,215,44,Male,White,United States,United States,United States,English,No,DATA_EXPIRED
679272c3595d61eff28afd1b,67917bf6747e6389b4743877,APPROVED,Not Applicable,2025-01-23T16:48:03.375000Z,2025-01-23T17:07:47.199000Z,2025-01-23T17:41:09.320000Z,2025-01-23T17:09:30.475160Z,1184.0,75b53a55e8,23,50,Male,White,United States,United States,United States,English,No,Full-Time
