Submission id,Participant id,Status,Custom study tncs accepted at,Started at,Completed at,Reviewed at,Archived at,Time taken,Completion code,Total approvals,Age,Sex,Ethnicity simplified,Country of birth,Country of residence,Nationality,Language,Student status,Employment status
6761c82c4d5713c6a4332ad9,663a5c30a219723353ab4290,APPROVED,Not Applicable,2024-12-17T18:51:34.200000Z,2024-12-17T19:03:14.881000Z,2025-01-07T11:48:20.899000Z,2024-12-17T19:03:15.927202Z,701.0,75b53a55e8,265,29,Female,White,United States,United States,United States,English,DATA_EXPIRED,DATA_EXPIRED
6761c82eccd8856ba04facca,676192c0f40a3eeb07b31aa3,RETURNED,Not Applicable,2024-12-17T18:51:37.690000Z,,,2025-01-23T16:32:26.376648Z,,,137,CONSENT_REVOKED,CONSENT_REVOKED,CONSENT_REVOKED,CONSENT_REVOKED,CONSENT_REVOKED,CONSENT_REVOKED,CONSENT_REVOKED,CONSENT_REVOKED,CONSENT_REVOKED
6761c8309159af49d59024e4,6638e6601cddfd62522b3913,APPROVED,Not Applicable,2024-12-17T18:51:36.419000Z,2024-12-17T18:57:12.598000Z,2025-01-07T11:48:21.284000Z,2024-12-17T18:59:05.269602Z,337.0,75b53a55e8,435,51,Male,White,United States,United States,United States,English,DATA_EXPIRED,DATA_EXPIRED
6761c8309fc01d8368fe6316,674fc3c73f79d4a6d15b6b7f,APPROVED,Not Applicable,2024-12-17T18:51:37.347000Z,2024-12-17T19:05:19.770000Z,2025-01-07T11:48:21.659000Z,2024-12-17T19:05:22.550182Z,823.0,75b53a55e8,38,53,Female,White,United States,United States,United States,DATA_EXPIRED,DATA_EXPIRED,DATA_EXPIRED
6761c8313dfc3325689aee06,675dd4aed41b2116f978a0a1,APPROVED,Not Applicable,2024-12-17T18:53:20.109000Z,2024-12-17T19:28:01.928000Z,2025-01-07T11:48:22.112000Z,2024-12-17T19:28:02.839278Z,2082.0,75b53a55e8,2,38,Male,White,United States,United States,United States,English,DATA_EXPIRED,DATA_EXPIRED
6761c89701d9a53b17f3240f,6686247e6177b8b37bdd0463,APPROVED,Not Applicable,2024-12-17T18:53:15.438000Z,2024-12-17T19:00:19.686000Z,2025-01-07T11:48:22.476000Z,2024-12-17T19:00:49.948716Z,425.0,75b53a55e8,274,20,Male,White,United States,United States,United States,English,Yes,Unemployed (and job seeking)
677eb87e0772a0a477c2c577,66a2b5ffb639a091c7ed6a28,RETURNED,Not Applicable,2025-01-08T17:43:05.420000Z,,,2025-01-23T16:32:26.378254Z,,,764,CONSENT_REVOKED,CONSENT_REVOKED,CONSENT_REVOKED,CONSENT_REVOKED,CONSENT_REVOKED,CONSENT_REVOKED,CONSENT_REVOKED,CONSENT_REVOKED,CONSENT_REVOKED
677eb8bc4dc3fdfce0334d4e,66a8f24e42ca420abdee053b,RETURNED,Not Applicable,2025-01-08T17:41:21.184000Z,,,2025-01-23T16:32:26.381715Z,,,722,CONSENT_REVOKED,CONSENT_REVOKED,CONSENT_REVOKED,CONSENT_REVOKED,CONSENT_REVOKED,CONSENT_REVOKED,CONSENT_REVOKED,CONSENT_REVOKED,CONSENT_REVOKED
677eb8d29a2496f3a7f6780a,6737c99afa3a8d8c6b2333be,APPROVED,Not Applicable,2025-01-08T17:41:44.441000Z,2025-01-08T17:47:02.907000Z,2025-01-10T20:29:01.019000Z,2025-01-08T17:47:09.991506Z,319.0,75b53a55e8,323,22,Female,White,United States,United States,United States,English,Yes,Part-Time
677eb8dff1f0b8fcacff2293,673b5d753fed1aa70ed9b057,RETURNED,Not Applicable,2025-01-08T17:42:00.375000Z,,,2025-01-23T16:32:26.388917Z,,,98,CONSENT_REVOKED,CONSENT_REVOKED,CONSENT_REVOKED,CONSENT_REVOKED,CONSENT_REVOKED,CONSENT_REVOKED,CONSENT_REVOKED,CONSENT_REVOKED,CONSENT_REVOKED
677eb8ed94f6d8932df91b24,67464f1e7e327bb792ac9af4,APPROVED,Not Applicable,2025-01-08T17:42:11.089000Z,2025-01-08T17:49:41.708000Z,2025-01-10T20:29:01.460000Z,2025-01-08T17:49:42.559591Z,451.0,75b53a55e8,176,44,Male,White,United States,United States,United States,English,No,DATA_EXPIRED
677eb8f9b8362a15598d04fb,60f30a747b80c5af8f01df4f,RETURNED,Not Applicable,2025-01-08T17:42:24.257000Z,,,2025-01-23T16:32:26.388648Z,,,247,CONSENT_REVOKED,CONSENT_REVOKED,CONSENT_REVOKED,CONSENT_REVOKED,CONSENT_REVOKED,CONSENT_REVOKED,CONSENT_REVOKED,CONSENT_REVOKED,CONSENT_REVOKED
677eb915a7b1f3d3def76043,6734fa1ab2c7c6f84827f814,APPROVED,Not Applicable,2025-01-08T17:42:51.092000Z,2025-01-08T17:47:56.357000Z,2025-01-10T20:29:01.869000Z,2025-01-08T17:48:08.818739Z,306.0,75b53a55e8,234,26,Female,White,United States,United States,United States,English,No,Unemployed (and job seeking)
677eb918f55f63a2f082e367,67728276dd199c51f1bf27af,RETURNED,Not Applicable,2025-01-08T17:43:27.141000Z,,,2025-01-23T16:32:26.388723Z,,,81,CONSENT_REVOKED,CONSENT_REVOKED,CONSENT_REVOKED,CONSENT_REVOKED,CONSENT_REVOKED,CONSENT_REVOKED,CONSENT_REVOKED,CONSENT_REVOKED,CONSENT_REVOKED
677eb9264f666dd870c5863c,626976d0dfd20d6832fc92aa,APPROVED,Not Applicable,2025-01-08T17:43:23.211000Z,2025-01-08T17:56:23.148000Z,2025-01-10T20:29:02.224000Z,2025-01-08T17:56:27.480376Z,780.0,75b53a55e8,5424,54,Male,White,United States,United States,United States,English,No,Unemployed (and job seeking)
677eb933406a3c534bf2dbc1,606604f1ca47696cf97529c0,APPROVED,Not Applicable,2025-01-08T17:43:20.699000Z,2025-01-08T17:55:05.903000Z,2025-01-10T20:29:02.507000Z,2025-01-08T17:55:06.547584Z,706.0,75b53a55e8,8844,39,Male,White,United States,United States,United States,English,DATA_EXPIRED,DATA_EXPIRED
677eb937d338d7cd99dbbe33,66439c595cd3cf1ee2426963,APPROVED,Not Applicable,2025-01-08T17:43:23.147000Z,2025-01-08T17:50:19.681000Z,2025-01-10T20:29:02.767000Z,2025-01-08T17:50:20.251870Z,417.0,75b53a55e8,1077,25,Male,Mixed,United States,United States,United States,English,No,Unemployed (and job seeking)
677eb969bbd992c49d1e1612,627a65a2439f59544115d476,APPROVED,Not Applicable,2025-01-08T17:44:15.112000Z,2025-01-08T17:50:18.480000Z,2025-01-10T20:29:03.006000Z,2025-01-08T17:50:19.074147Z,364.0,75b53a55e8,6151,29,Female,White,United States,United States,United States,English,No,Full-Time
677eb97002e9c6dffda30f85,6615af8e78ae7fb06612b199,APPROVED,Not Applicable,2025-01-08T17:45:55.746000Z,2025-01-08T17:55:48.232000Z,2025-01-10T20:29:03.269000Z,2025-01-08T17:55:53.084700Z,593.0,75b53a55e8,1119,25,Female,Asian,Myanmar,United States,United States,English,DATA_EXPIRED,DATA_EXPIRED
677eb971f936d592dfd269f0,6647d407ef73569bbe52518c,APPROVED,Not Applicable,2025-01-08T17:44:22.441000Z,2025-01-08T17:50:12.135000Z,2025-01-10T20:29:03.528000Z,2025-01-08T17:50:13.912813Z,350.0,75b53a55e8,408,28,Male,White,United States,United States,United States,English,No,Unemployed (and job seeking)
677eb98012723c7e2b752d3d,5dd56e51954d1952f17bb57b,APPROVED,Not Applicable,2025-01-08T17:44:39.803000Z,2025-01-08T17:54:52.962000Z,2025-01-10T20:29:03.818000Z,2025-01-08T17:54:53.650571Z,614.0,75b53a55e8,5209,71,Female,White,United States,United States,United States,English,No,Full-Time
677eb9caaa8825bff28f3e71,60ff0f3f9dd6346ad1246ecd,RETURNED,Not Applicable,2025-01-08T17:56:00.066000Z,,,2025-01-23T16:32:26.388946Z,,,1394,CONSENT_REVOKED,CONSENT_REVOKED,CONSENT_REVOKED,CONSENT_REVOKED,CONSENT_REVOKED,CONSENT_REVOKED,CONSENT_REVOKED,CONSENT_REVOKED,CONSENT_REVOKED
677eb9ecedd29411568d233b,6765a0deaccec98c46bbfbba,RETURNED,Not Applicable,2025-01-08T17:46:34.264000Z,,,2025-01-23T16:32:26.391233Z,,,80,CONSENT_REVOKED,CONSENT_REVOKED,CONSENT_REVOKED,CONSENT_REVOKED,CONSENT_REVOKED,CONSENT_REVOKED,CONSENT_REVOKED,CONSENT_REVOKED,CONSENT_REVOKED
677eb9efd737761c95ec75fc,5d6513f46f5284000118ef1d,APPROVED,Not Applicable,2025-01-08T17:46:23.882000Z,2025-01-08T17:55:51.221000Z,2025-01-10T20:29:04.076000Z,2025-01-08T17:55:56.248495Z,568.0,75b53a55e8,4132,26,Male,White,United States,United States,United States,English,Yes,Part-Time
677eb9efec544007c31df16b,673b37eb6fa7b119247ca5aa,APPROVED,Not Applicable,2025-01-08T17:46:40.325000Z,2025-01-08T18:12:46.866000Z,2025-01-10T20:29:04.357000Z,2025-01-08T18:12:47.451886Z,1567.0,75b53a55e8,92,49,Female,Black,United States,United States,United States,English,No,DATA_EXPIRED
677eb9f0c4f2562df1904565,604bd44cb5668ba12cc9376e,APPROVED,Not Applicable,2025-01-08T17:46:37.977000Z,2025-01-08T17:59:19.660000Z,2025-01-10T20:29:04.684000Z,2025-01-08T17:59:20.365351Z,762.0,75b53a55e8,5768,75,Female,White,United States,United States,United States,English,No,Full-Time
677eb9f2b410391d15b5a9ad,677c6a292a433d204af0beb2,APPROVED,Not Applicable,2025-01-08T17:47:24.232000Z,2025-01-08T18:04:13.126000Z,2025-01-10T20:29:04.966000Z,2025-01-08T18:04:13.832094Z,1009.0,75b53a55e8,7,40,Male,White,United States,United States,United States,English,DATA_EXPIRED,DATA_EXPIRED
677eb9f397030cb9b29a78a9,675ff0a7ed88835c20dd9a53,RETURNED,Not Applicable,2025-01-08T17:46:55.834000Z,,,2025-01-23T16:32:26.395203Z,,,183,CONSENT_REVOKED,CONSENT_REVOKED,CONSENT_REVOKED,CONSENT_REVOKED,CONSENT_REVOKED,CONSENT_REVOKED,CONSENT_REVOKED,CONSENT_REVOKED,CONSENT_REVOKED
677eb9f447fc81394da30ec6,675bd9d51b89e0df38e114b5,RETURNED,Not Applicable,2025-01-08T17:46:34.286000Z,,,2025-01-23T16:32:26.394427Z,,,65,CONSENT_REVOKED,CONSENT_REVOKED,CONSENT_REVOKED,CONSENT_REVOKED,CONSENT_REVOKED,CONSENT_REVOKED,CONSENT_REVOKED,CONSENT_REVOKED,CONSENT_REVOKED
677eb9f48501716c0a5d0766,654cebe5afd0bb3557331628,RETURNED,Not Applicable,2025-01-08T17:46:34.310000Z,,,2025-01-23T16:32:26.396314Z,,,641,CONSENT_REVOKED,CONSENT_REVOKED,CONSENT_REVOKED,CONSENT_REVOKED,CONSENT_REVOKED,CONSENT_REVOKED,CONSENT_REVOKED,CONSENT_REVOKED,CONSENT_REVOKED
677eb9f564e4453daf5faee3,66d88375799e00b593a8655f,RETURNED,Not Applicable,2025-01-08T17:46:38.767000Z,,,2025-01-23T16:32:26.399005Z,,,770,CONSENT_REVOKED,CONSENT_REVOKED,CONSENT_REVOKED,CONSENT_REVOKED,CONSENT_REVOKED,CONSENT_REVOKED,CONSENT_REVOKED,CONSENT_REVOKED,CONSENT_REVOKED
677eb9f660580fe50eff2328,5f80ceed4dc3ba15b54904cf,APPROVED,Not Applicable,2025-01-08T17:46:45.265000Z,2025-01-08T17:52:45.834000Z,2025-01-10T20:29:05.250000Z,2025-01-08T17:52:46.444218Z,361.0,75b53a55e8,243,23,Male,DATA_EXPIRED,United States,United States,United States,English,DATA_EXPIRED,DATA_EXPIRED
677eb9f6b2c9cfbd4c2a5964,558c1c5dfdf99b5d806a0017,RETURNED,Not Applicable,2025-01-08T17:51:49.630000Z,,,2025-01-23T16:32:26.400367Z,,,1908,CONSENT_REVOKED,CONSENT_REVOKED,CONSENT_REVOKED,CONSENT_REVOKED,CONSENT_REVOKED,CONSENT_REVOKED,CONSENT_REVOKED,CONSENT_REVOKED,CONSENT_REVOKED
677eb9f7c24a4fd6bdc77e6d,66f80c1c1a8b8d835ca14e11,RETURNED,Not Applicable,2025-01-08T17:46:41.042000Z,,,2025-01-23T16:32:26.403911Z,,,358,CONSENT_REVOKED,CONSENT_REVOKED,CONSENT_REVOKED,CONSENT_REVOKED,CONSENT_REVOKED,CONSENT_REVOKED,CONSENT_REVOKED,CONSENT_REVOKED,CONSENT_REVOKED
677eb9f88e6434d03fdd9ed6,6766158ae0a6a89585a31c68,APPROVED,Not Applicable,2025-01-08T17:46:36.615000Z,2025-01-08T17:58:07.254000Z,2025-01-10T20:29:05.670000Z,2025-01-08T17:58:17.374178Z,691.0,75b53a55e8,31,47,Male,White,United States,United States,United States,English,No,Unemployed (and job seeking)
677eb9f973b714cfb0e8f505,66eda24f3c1bba4785731fda,APPROVED,Not Applicable,2025-01-08T17:52:03.267000Z,2025-01-08T18:05:30.856000Z,2025-01-10T20:29:05.957000Z,2025-01-08T18:07:58.466460Z,808.0,75b53a55e8,414,47,Female,White,Russian Federation,United States,United States,Russian,No,"Not in paid work (e.g. homemaker', 'retired or disabled)"
677eb9f9fb1c9bb7cfa70622,66ef5eb44a508904b144abfc,RETURNED,Not Applicable,2025-01-08T17:47:06.985000Z,,,2025-01-23T16:32:26.406851Z,,,526,CONSENT_REVOKED,CONSENT_REVOKED,CONSENT_REVOKED,CONSENT_REVOKED,CONSENT_REVOKED,CONSENT_REVOKED,CONSENT_REVOKED,CONSENT_REVOKED,CONSENT_REVOKED
677eb9fa2175c4f3c0752d77,6328caf907eb4c31a55028cf,APPROVED,Not Applicable,2025-01-08T17:46:34.074000Z,2025-01-08T18:01:03.305000Z,2025-01-10T20:29:06.261000Z,2025-01-08T18:01:03.787250Z,870.0,75b53a55e8,3271,40,Male,White,United States,United States,United States,English,No,Full-Time
677eb9fa86dea423fa1df1da,675df349d0adc197b7415954,RETURNED,Not Applicable,2025-01-08T17:46:42.313000Z,,,2025-01-23T16:32:26.407516Z,,,142,CONSENT_REVOKED,CONSENT_REVOKED,CONSENT_REVOKED,CONSENT_REVOKED,CONSENT_REVOKED,CONSENT_REVOKED,CONSENT_REVOKED,CONSENT_REVOKED,CONSENT_REVOKED
677eb9fb298f6045b5bd7b51,559c3e07fdf99b32b55f2d8d,APPROVED,Not Applicable,2025-01-08T17:46:53.357000Z,2025-01-08T17:54:24.533000Z,2025-01-10T20:29:06.575000Z,2025-01-08T17:54:25.623956Z,452.0,75b53a55e8,3921,34,Male,White,United States,United States,United States,English,No,Full-Time
677eb9fb41f0ce49707ab390,646a74a7aadc8d532a2f34dd,RETURNED,Not Applicable,2025-01-08T17:46:41.730000Z,,,2025-01-23T16:32:26.411222Z,,,2700,CONSENT_REVOKED,CONSENT_REVOKED,CONSENT_REVOKED,CONSENT_REVOKED,CONSENT_REVOKED,CONSENT_REVOKED,CONSENT_REVOKED,CONSENT_REVOKED,CONSENT_REVOKED
677eb9fcce2a24e72ac77f00,675c78e0096fdef4f351c166,RETURNED,Not Applicable,2025-01-08T17:47:00.492000Z,,,2025-01-23T16:32:26.416469Z,,,73,CONSENT_REVOKED,CONSENT_REVOKED,CONSENT_REVOKED,CONSENT_REVOKED,CONSENT_REVOKED,CONSENT_REVOKED,CONSENT_REVOKED,CONSENT_REVOKED,CONSENT_REVOKED
677eb9fd28e73c39f2949ad8,63e5872c841f61b1309e1d18,APPROVED,Not Applicable,2025-01-08T17:46:41.219000Z,2025-01-08T17:56:17.371000Z,2025-01-10T20:29:06.820000Z,2025-01-08T17:56:20.860313Z,577.0,75b53a55e8,2412,37,Male,Black,United States,United States,United States,English,DATA_EXPIRED,DATA_EXPIRED
677eb9fdc94d074d257caf39,67352ce06354a65a2a47a063,RETURNED,Not Applicable,2025-01-08T17:48:57.656000Z,,,2025-01-23T16:32:26.425936Z,,,129,CONSENT_REVOKED,CONSENT_REVOKED,CONSENT_REVOKED,CONSENT_REVOKED,CONSENT_REVOKED,CONSENT_REVOKED,CONSENT_REVOKED,CONSENT_REVOKED,CONSENT_REVOKED
677eb9fefd248b0285b8e126,665cbfcf8534afbb16c06687,APPROVED,Not Applicable,2025-01-08T17:46:42.927000Z,2025-01-08T17:53:36.436000Z,2025-01-10T20:29:07.084000Z,2025-01-08T17:53:37.207293Z,414.0,75b53a55e8,751,65,Female,White,United States,United States,United States,English,No,DATA_EXPIRED
677eb9ffa7b09d9cc48b2411,67730b7cee6a1a1992447adb,RETURNED,Not Applicable,2025-01-08T17:47:06.950000Z,,,2025-01-23T16:32:26.420602Z,,,75,CONSENT_REVOKED,CONSENT_REVOKED,CONSENT_REVOKED,CONSENT_REVOKED,CONSENT_REVOKED,CONSENT_REVOKED,CONSENT_REVOKED,CONSENT_REVOKED,CONSENT_REVOKED
677eba00d28927c860ce1f23,66464091c19149614012c5f6,APPROVED,Not Applicable,2025-01-08T17:48:18.514000Z,2025-01-08T17:57:00.588000Z,2025-01-10T20:29:07.351000Z,2025-01-08T17:57:06.888690Z,523.0,75b53a55e8,953,33,Male,White,United States,United States,United States,English,DATA_EXPIRED,DATA_EXPIRED
677eba00d4b7e54839a3a2ff,65eb62372c2fe9655a1fb9f1,APPROVED,Not Applicable,2025-01-08T17:47:14.660000Z,2025-01-08T17:56:27.071000Z,2025-01-10T20:29:07.590000Z,2025-01-08T17:56:31.547195Z,553.0,75b53a55e8,1361,45,Male,White,United States,United States,United States,English,DATA_EXPIRED,DATA_EXPIRED
677eba0166371b89be9946fa,66329abb8d822d4a70167e9e,APPROVED,Not Applicable,2025-01-08T17:46:48.705000Z,2025-01-08T17:55:48.245000Z,2025-01-10T20:29:07.837000Z,2025-01-08T17:55:53.160687Z,540.0,75b53a55e8,334,47,Female,White,United States,United States,United States,English,DATA_EXPIRED,DATA_EXPIRED
677eba020ff5ec224005e8d7,65df409ed4caf8deef4ae2b0,APPROVED,Not Applicable,2025-01-08T17:46:51.018000Z,2025-01-08T17:52:34.479000Z,2025-01-10T20:29:08.117000Z,2025-01-08T17:52:35.173828Z,344.0,75b53a55e8,3735,41,Female,White,United States,United States,United States,English,No,Full-Time
677eba0291d12d351cc5869b,66cf67c748d4e58e76111414,APPROVED,Not Applicable,2025-01-08T17:46:50.688000Z,2025-01-08T17:59:50.130000Z,2025-01-10T20:29:08.368000Z,2025-01-08T18:00:02.597539Z,780.0,75b53a55e8,496,29,Female,Other,United States,United States,United States,English,No,Other
677eba03c4937c10768b23b5,663a5c286ce7af8c220344b8,APPROVED,Not Applicable,2025-01-08T17:46:53.086000Z,2025-01-08T17:55:52.356000Z,2025-01-10T20:29:08.677000Z,2025-01-08T17:55:57.547866Z,540.0,75b53a55e8,368,21,Female,White,United States,United States,United States,English,Yes,DATA_EXPIRED
677eba040f83a5342835795b,66eddcfe67e927db6f0a4768,APPROVED,Not Applicable,2025-01-08T17:46:57.465000Z,2025-01-08T18:00:53.764000Z,2025-01-10T20:29:08.986000Z,2025-01-08T18:00:56.053197Z,837.0,75b53a55e8,610,36,Female,White,United States,United States,United States,English,No,"Not in paid work (e.g. homemaker', 'retired or disabled)"
677eba04b8362a15598d052d,6771734b46bd32351feb2051,RETURNED,Not Applicable,2025-01-08T17:46:55.852000Z,,,2025-01-23T16:32:26.419061Z,,,16,CONSENT_REVOKED,CONSENT_REVOKED,CONSENT_REVOKED,CONSENT_REVOKED,CONSENT_REVOKED,CONSENT_REVOKED,CONSENT_REVOKED,CONSENT_REVOKED,CONSENT_REVOKED
677eba05731346974926d591,60641cdc8536a607a60e0612,RETURNED,Not Applicable,2025-01-08T17:46:53.939000Z,,,2025-01-23T16:32:26.422238Z,,,822,CONSENT_REVOKED,CONSENT_REVOKED,CONSENT_REVOKED,CONSENT_REVOKED,CONSENT_REVOKED,CONSENT_REVOKED,CONSENT_REVOKED,CONSENT_REVOKED,CONSENT_REVOKED
677eba05d5a598a914715d47,674fcc8a3dba77858ab948d8,APPROVED,Not Applicable,2025-01-08T17:46:50.833000Z,2025-01-08T17:53:45.871000Z,2025-01-10T20:29:09.251000Z,2025-01-08T17:53:46.581798Z,416.0,75b53a55e8,141,19,Male,Other,El Salvador,United States,United States,Spanish,Yes,Part-Time
677eba06174e825d441e163c,6759b3311133effc6616bc50,APPROVED,Not Applicable,2025-01-08T17:46:52.830000Z,2025-01-08T18:08:53.622000Z,2025-01-10T20:29:09.556000Z,2025-01-08T18:08:54.520383Z,1321.0,75b53a55e8,30,35,Female,Mixed,United States,United States,United States,English,No,Part-Time
677eba063e4781e47ee8b110,6734e8710e856ce0fde29d79,APPROVED,Not Applicable,2025-01-08T17:55:07.305000Z,2025-01-08T18:25:15.379000Z,2025-01-10T20:29:10.294000Z,2025-01-08T18:25:15.971167Z,1809.0,75b53a55e8,209,40,Male,White,United States,United States,United States,English,No,DATA_EXPIRED
677eba08730802ef788d052e,6705aaf2c5b623cb8a13d84f,APPROVED,Not Applicable,2025-01-08T17:47:36.655000Z,2025-01-08T18:00:17.169000Z,2025-01-10T20:29:10.550000Z,2025-01-08T18:00:18.589565Z,761.0,75b53a55e8,463,24,Male,White,United States,United States,United States,English,No,Full-Time
677eba09a0b5178b3f5191a2,66f480695684a9ff1f525bf8,APPROVED,Not Applicable,2025-01-08T17:47:01.722000Z,2025-01-08T18:01:22.426000Z,2025-01-10T20:29:10.793000Z,2025-01-08T18:01:23.000127Z,861.0,75b53a55e8.,350,22,Male,Mixed,United States,United States,United States,English,Yes,Part-Time
677eba0a9dbb59e5c5519182,560f54b3d4ab1e00126fb99f,APPROVED,Not Applicable,2025-01-08T17:46:54.306000Z,2025-01-08T18:02:35.398000Z,2025-01-10T20:29:11.058000Z,2025-01-08T18:02:36.068128Z,942.0,75b53a55e8,1009,45,Male,Asian,United States,United States,United States,English,No,Unemployed (and job seeking)
677eba0bfc50de49938b0f61,67586b012d8a2084a21a8c6d,RETURNED,Not Applicable,2025-01-08T17:47:00.831000Z,,,2025-01-23T16:32:26.424203Z,,,62,CONSENT_REVOKED,CONSENT_REVOKED,CONSENT_REVOKED,CONSENT_REVOKED,CONSENT_REVOKED,CONSENT_REVOKED,CONSENT_REVOKED,CONSENT_REVOKED,CONSENT_REVOKED
677eba1029e1166620186a78,5c7c1f95e926fc00160b4b45,APPROVED,Not Applicable,2025-01-08T17:47:02.770000Z,2025-01-08T17:53:54.690000Z,2025-01-10T20:29:11.300000Z,2025-01-08T17:53:55.282796Z,412.0,75b53a55e8.,1595,59,Female,White,United States,United States,United States,English,No,Part-Time
677eba111376a88a391637f2,63d43390cddef39023f61e84,RETURNED,Not Applicable,2025-01-08T17:47:14.474000Z,,,2025-01-23T16:32:26.434947Z,,,262,CONSENT_REVOKED,CONSENT_REVOKED,CONSENT_REVOKED,CONSENT_REVOKED,CONSENT_REVOKED,CONSENT_REVOKED,CONSENT_REVOKED,CONSENT_REVOKED,CONSENT_REVOKED
677eba1244fd2e48ef5a09ea,628f9ef985fa6d3dc816672c,APPROVED,Not Applicable,2025-01-08T17:46:58.174000Z,2025-01-08T18:03:30.463000Z,2025-01-10T20:29:11.567000Z,2025-01-08T18:03:31.262352Z,993.0,75b53a55e8,4283,33,Male,Other,United States,United States,United States,English,DATA_EXPIRED,DATA_EXPIRED
677eba1361a33dc502bd7ad0,674e450b1a4a8e2d4e8d7e7c,APPROVED,Not Applicable,2025-01-08T17:46:59.866000Z,2025-01-08T17:57:10.262000Z,2025-01-10T20:29:11.818000Z,2025-01-08T17:57:16.771870Z,611.0,75b53a55e8,122,48,Male,Asian,United States,United States,United States,English,No,Full-Time
677eba14d466a789d0762c6c,65fd136f3ba0ade541031881,APPROVED,Not Applicable,2025-01-08T17:47:09.281000Z,2025-01-08T17:53:18.934000Z,2025-01-10T20:29:12.095000Z,2025-01-08T17:53:19.948845Z,370.0,75b53a55e8,608,28,Female,White,United States,United States,United States,English,No,Full-Time
677eba1585ba793b3435ef03,674f0380350768ca8530c8b6,RETURNED,Not Applicable,2025-01-08T17:47:20.872000Z,,,2025-01-23T16:32:26.438316Z,,,111,CONSENT_REVOKED,CONSENT_REVOKED,CONSENT_REVOKED,CONSENT_REVOKED,CONSENT_REVOKED,CONSENT_REVOKED,CONSENT_REVOKED,CONSENT_REVOKED,CONSENT_REVOKED
677eba15d895387e503da155,676b1a583b3bed3cc2dea2d4,RETURNED,Not Applicable,2025-01-08T17:47:22.217000Z,,,2025-01-23T16:32:26.436621Z,,,89,CONSENT_REVOKED,CONSENT_REVOKED,CONSENT_REVOKED,CONSENT_REVOKED,CONSENT_REVOKED,CONSENT_REVOKED,CONSENT_REVOKED,CONSENT_REVOKED,CONSENT_REVOKED
677eba16bf9e4c07a7978277,676f227bbe2e949c5f2b341d,RETURNED,Not Applicable,2025-01-08T17:47:12.512000Z,,,2025-01-23T16:32:26.438993Z,,,49,CONSENT_REVOKED,CONSENT_REVOKED,CONSENT_REVOKED,CONSENT_REVOKED,CONSENT_REVOKED,CONSENT_REVOKED,CONSENT_REVOKED,CONSENT_REVOKED,CONSENT_REVOKED
677eba176610afd861fade3b,6747e2a75645d8296e474d4f,APPROVED,Not Applicable,2025-01-08T17:48:42.816000Z,2025-01-08T18:01:03.413000Z,2025-01-10T20:29:12.342000Z,2025-01-08T18:01:04.057622Z,741.0,75b53a55e8,78,19,Male,White,United States,United States,United States,English,Yes,DATA_EXPIRED
677eba18146749cb1d2a0606,674de3b5804de282d9dd2f98,RETURNED,Not Applicable,2025-01-08T17:47:13.469000Z,,,2025-01-23T16:32:26.447945Z,,,75,CONSENT_REVOKED,CONSENT_REVOKED,CONSENT_REVOKED,CONSENT_REVOKED,CONSENT_REVOKED,CONSENT_REVOKED,CONSENT_REVOKED,CONSENT_REVOKED,CONSENT_REVOKED
677eba18d28927c860ce1f28,6728c777ac5debe12695fae7,RETURNED,Not Applicable,2025-01-08T17:49:48.339000Z,,,2025-01-23T16:32:26.452903Z,,,141,CONSENT_REVOKED,CONSENT_REVOKED,CONSENT_REVOKED,CONSENT_REVOKED,CONSENT_REVOKED,CONSENT_REVOKED,CONSENT_REVOKED,CONSENT_REVOKED,CONSENT_REVOKED
677eba194dc3fdfce0334da1,66facfea72b101832a7ce4cd,RETURNED,Not Applicable,2025-01-08T17:47:15.458000Z,,,2025-01-23T16:32:26.452370Z,,,382,CONSENT_REVOKED,CONSENT_REVOKED,CONSENT_REVOKED,CONSENT_REVOKED,CONSENT_REVOKED,CONSENT_REVOKED,CONSENT_REVOKED,CONSENT_REVOKED,CONSENT_REVOKED
677eba19c94d074d257caf3d,5f8b90a4b237f91824a88aeb,APPROVED,Not Applicable,2025-01-08T17:47:15.465000Z,2025-01-08T18:08:48.919000Z,2025-01-10T20:29:12.621000Z,2025-01-08T18:08:49.874508Z,1294.0,75b53a55e8,7281,51,Female,White,United States,United States,United States,English,No,"Not in paid work (e.g. homemaker', 'retired or disabled)"
677eba19d28927c860ce1f2a,671748390f5a8adece49e2d4,APPROVED,Not Applicable,2025-01-08T17:47:10.575000Z,2025-01-08T17:54:49.956000Z,2025-01-10T20:29:12.907000Z,2025-01-08T17:54:50.623094Z,460.0,75b53a55e8,360,23,Male,White,United States,United States,United States,English,No,Unemployed (and job seeking)
677eba1a29d3de40e0813244,67331807e4239fc386df765b,RETURNED,Not Applicable,2025-01-08T17:54:01.469000Z,,,2025-01-23T16:32:26.451882Z,,,324,CONSENT_REVOKED,CONSENT_REVOKED,CONSENT_REVOKED,CONSENT_REVOKED,CONSENT_REVOKED,CONSENT_REVOKED,CONSENT_REVOKED,CONSENT_REVOKED,CONSENT_REVOKED
677eba1bcd1e457e80bd640a,632e0fd7424f2848637d173f,APPROVED,Not Applicable,2025-01-08T17:47:21.214000Z,2025-01-08T18:06:16Z,2025-01-10T20:29:13.159000Z,2025-01-08T18:08:06.572112Z,1135.0,75b53a55e8,412,37,Female,White,DATA_EXPIRED,United States,United States,English,DATA_EXPIRED,DATA_EXPIRED
677eba1bf6b67356aa35eb20,6756baf2a2ed7c1ef9cc84bf,RETURNED,Not Applicable,2025-01-08T17:49:10.780000Z,,,2025-01-23T16:32:26.449571Z,,,131,CONSENT_REVOKED,CONSENT_REVOKED,CONSENT_REVOKED,CONSENT_REVOKED,CONSENT_REVOKED,CONSENT_REVOKED,CONSENT_REVOKED,CONSENT_REVOKED,CONSENT_REVOKED
677eba1cc51fc8db7919f87f,671faa3a3b2bb750a1b926fa,RETURNED,Not Applicable,2025-01-08T17:47:20.543000Z,,,2025-01-23T16:32:26.455316Z,,,282,CONSENT_REVOKED,CONSENT_REVOKED,CONSENT_REVOKED,CONSENT_REVOKED,CONSENT_REVOKED,CONSENT_REVOKED,CONSENT_REVOKED,CONSENT_REVOKED,CONSENT_REVOKED
677eba1d88569e8ffcad5ffa,672059fc683a5d8a93349d9d,APPROVED,Not Applicable,2025-01-08T17:47:19.123000Z,2025-01-08T18:00:23.682000Z,2025-01-10T20:29:13.475000Z,2025-01-08T18:00:24.467136Z,785.0,75b53a55e8,304,37,Male,White,United States,United States,United States,English,No,Full-Time
677eba1e79eb1672cc3ebb26,6641f8e878cb011a4b0aa80f,APPROVED,Not Applicable,2025-01-08T17:50:36.540000Z,2025-01-08T18:15:25.364000Z,2025-01-10T20:29:13.761000Z,2025-01-08T18:15:25.946185Z,1489.0,75b53a55e8,299,43,Male,Black,Nigeria,United States,United States,English,No,Full-Time
677eba1e8d97d94974ce1f0d,669e7775986a80f5d3467ad9,RETURNED,Not Applicable,2025-01-08T17:47:23.793000Z,,,2025-01-23T16:32:26.469877Z,,,25,CONSENT_REVOKED,CONSENT_REVOKED,CONSENT_REVOKED,CONSENT_REVOKED,CONSENT_REVOKED,CONSENT_REVOKED,CONSENT_REVOKED,CONSENT_REVOKED,CONSENT_REVOKED
677eba1fd466a789d0762c6f,675b00ae8582c6a88bcd87cf,APPROVED,Not Applicable,2025-01-08T17:47:25.627000Z,2025-01-08T18:20:51.890000Z,2025-01-10T20:29:14.026000Z,2025-01-08T18:20:52.636572Z,2007.0,75b53a55e8,95,20,Male,Mixed,Ghana,United States,United States,English,DATA_EXPIRED,Part-Time
677eba1fe302c03e6bbaf577,596c562b84e10f00018464e9,RETURNED,Not Applicable,2025-01-08T17:47:27.342000Z,2025-01-08T17:57:22.981000Z,,2025-01-23T16:32:26.460988Z,,75b53a55e8,1457,CONSENT_REVOKED,CONSENT_REVOKED,CONSENT_REVOKED,CONSENT_REVOKED,CONSENT_REVOKED,CONSENT_REVOKED,CONSENT_REVOKED,CONSENT_REVOKED,CONSENT_REVOKED
677eba210ae1a6024305e8d4,60778db7ed3bae21972be1b4,APPROVED,Not Applicable,2025-01-08T17:47:21.936000Z,2025-01-08T18:05:18.957000Z,2025-01-10T20:29:14.298000Z,2025-01-08T18:05:19.830476Z,1078.0,75b53a55e8.,242,55,Female,Black,United States,United States,United States,English,No,Part-Time
677eba22174fa3b847006dd0,5d743ec4869c8f0019b35907,APPROVED,Not Applicable,2025-01-08T17:47:25.270000Z,2025-01-08T17:54:45.719000Z,2025-01-10T20:29:14.556000Z,2025-01-08T17:54:46.866164Z,441.0,75b53a55e8,1645,37,Female,Mixed,United States,United States,United States,English,No,Full-Time
677eba23edd29411568d234d,603e27e4689f94dfc6590465,APPROVED,Not Applicable,2025-01-08T17:47:32.291000Z,2025-01-08T17:59:33.348000Z,2025-01-10T20:29:14.833000Z,2025-01-08T17:59:34.018957Z,722.0,75b53a55e8,2271,47,Male,White,United States,United States,United States,English,DATA_EXPIRED,DATA_EXPIRED
677eba24349843ceca7172e3,66552ed0f057e59fb55b7909,APPROVED,Not Applicable,2025-01-08T17:47:24.651000Z,2025-01-08T17:55:07.991000Z,2025-01-10T20:29:15.121000Z,2025-01-08T17:55:08.745128Z,464.0,75b53a55e8,24,32,Female,White,United States,United States,United States,English,No,Full-Time
677eba24a003e65f8d04b9ba,62e2f0f23427f0ab91180313,APPROVED,Not Applicable,2025-01-08T17:48:15.604000Z,2025-01-08T17:57:34.208000Z,2025-01-10T20:29:15.454000Z,2025-01-08T17:57:41.122683Z,559.0,75b53a55e8,1564,39,Male,White,United States,United States,United States,English,No,Full-Time
677eba26284cce5c4f978294,674f12f94c59c6941b5def5f,APPROVED,Not Applicable,2025-01-08T17:47:29.683000Z,2025-01-08T18:03:50.950000Z,2025-01-10T20:29:15.754000Z,2025-01-08T18:03:51.564070Z,982.0,75b53a55e8,130,28,Male,White,United States,United States,United States,English,No,Full-Time
677eba272186dad517925737,67148672ef70648b4a9bb1e5,RETURNED,Not Applicable,2025-01-08T17:47:25.854000Z,,,2025-01-23T16:32:26.464393Z,,,425,CONSENT_REVOKED,CONSENT_REVOKED,CONSENT_REVOKED,CONSENT_REVOKED,CONSENT_REVOKED,CONSENT_REVOKED,CONSENT_REVOKED,CONSENT_REVOKED,CONSENT_REVOKED
677eba27bbd992c49d1e1638,60fcc7bc1cb27f1770cc7ad9,RETURNED,Not Applicable,2025-01-08T17:49:13.295000Z,,,2025-01-23T16:32:26.466960Z,,,3374,CONSENT_REVOKED,CONSENT_REVOKED,CONSENT_REVOKED,CONSENT_REVOKED,CONSENT_REVOKED,CONSENT_REVOKED,CONSENT_REVOKED,CONSENT_REVOKED,CONSENT_REVOKED
677eba289a2496f3a7f6785d,5d5618b69cd0f20015e1ab0d,RETURNED,Not Applicable,2025-01-08T17:47:37.689000Z,,,2025-01-23T16:32:26.467100Z,,,6843,CONSENT_REVOKED,CONSENT_REVOKED,CONSENT_REVOKED,CONSENT_REVOKED,CONSENT_REVOKED,CONSENT_REVOKED,CONSENT_REVOKED,CONSENT_REVOKED,CONSENT_REVOKED
677eba2a6f404ecb80de8473,657ed969b33b843f6ea841f1,APPROVED,Not Applicable,2025-01-08T17:47:28.329000Z,2025-01-08T17:54:17.596000Z,2025-01-10T20:29:16.159000Z,2025-01-08T17:54:18.252584Z,410.0,75b53a55e8,1556,40,Female,White,United States,United States,United States,English,DATA_EXPIRED,DATA_EXPIRED
677eba2aa1f8fb50687e26d7,6759b81bcb0e90b5de584a5f,RETURNED,Not Applicable,2025-01-08T17:47:37.253000Z,,,2025-01-23T16:32:26.477348Z,,,152,CONSENT_REVOKED,CONSENT_REVOKED,CONSENT_REVOKED,CONSENT_REVOKED,CONSENT_REVOKED,CONSENT_REVOKED,CONSENT_REVOKED,CONSENT_REVOKED,CONSENT_REVOKED
677eba2b409193fb61235e72,573b8bc2f3580b0006ce0986,APPROVED,Not Applicable,2025-01-08T17:47:42.894000Z,2025-01-08T17:59:20.226000Z,2025-01-10T20:29:16.415000Z,2025-01-08T17:59:20.804066Z,698.0,75b53a55e8,148,54,Male,White,United States,United States,United States,English,No,DATA_EXPIRED
677eba2bc51fc8db7919f889,6400e07f37c248e81cbc9d41,RETURNED,Not Applicable,2025-01-08T17:47:59.940000Z,,,2025-01-23T16:32:26.473127Z,,,4402,CONSENT_REVOKED,CONSENT_REVOKED,CONSENT_REVOKED,CONSENT_REVOKED,CONSENT_REVOKED,CONSENT_REVOKED,CONSENT_REVOKED,CONSENT_REVOKED,CONSENT_REVOKED
677eba2c8db12e847c4e0f59,659d7c0fa0050a2057db9a9f,APPROVED,Not Applicable,2025-01-08T17:47:29.136000Z,2025-01-08T17:54:00.515000Z,2025-01-10T20:29:16.664000Z,2025-01-08T17:54:01.364745Z,392.0,75b53a55e8,942,35,Female,Asian,United States,United States,United States,English,DATA_EXPIRED,DATA_EXPIRED
677eba2cb8de28d53de0c424,675e7cea403007d95ee2377f,RETURNED,Not Applicable,2025-01-08T17:47:24.617000Z,,,2025-01-23T16:32:26.471509Z,,,147,CONSENT_REVOKED,CONSENT_REVOKED,CONSENT_REVOKED,CONSENT_REVOKED,CONSENT_REVOKED,CONSENT_REVOKED,CONSENT_REVOKED,CONSENT_REVOKED,CONSENT_REVOKED
677eba2d79eb1672cc3ebb2e,61084cf97f6981fb1f90683e,APPROVED,Not Applicable,2025-01-08T17:47:30.527000Z,2025-01-08T17:53:18.534000Z,2025-01-10T20:29:17.052000Z,2025-01-08T17:53:19.176810Z,349.0,75b53a55e8.,1396,25,Female,White,United States,United States,United States,English,DATA_EXPIRED,DATA_EXPIRED
677eba2de302c03e6bbaf57c,5b314cf6532e3d00018e3099,APPROVED,Not Applicable,2025-01-08T17:47:47.044000Z,2025-01-08T18:08:27.735000Z,2025-01-10T20:29:17.287000Z,2025-01-08T18:08:29.938723Z,1241.0,75b53a55e8,1394,53,Female,Black,Jamaica,United States,United States,English,No,DATA_EXPIRED
677eba2ec61b063551724987,672bdbfe01142b854b400ddf,APPROVED,Not Applicable,2025-01-08T17:47:48.134000Z,2025-01-08T18:03:15.017000Z,2025-01-10T20:29:17.538000Z,2025-01-08T18:03:15.848751Z,927.0,75b53a55e8,209,49,Female,White,United States,United States,United States,English,No,Full-Time
677eba2f86dea423fa1df1f0,6734e64b089ce7b4090f69fc,APPROVED,Not Applicable,2025-01-08T17:48:40.842000Z,2025-01-08T18:02:22.849000Z,2025-01-10T20:29:17.794000Z,2025-01-08T18:02:23.293281Z,823.0,75b53a55e8,145,64,Male,Asian,United States,United States,United States,English,No,Unemployed (and job seeking)
677eba3022b83b96267cb01a,6731f03678fe0bc2a9011a0b,RETURNED,Not Applicable,2025-01-08T17:50:07.983000Z,,,2025-01-23T16:32:26.534189Z,,,147,CONSENT_REVOKED,CONSENT_REVOKED,CONSENT_REVOKED,CONSENT_REVOKED,CONSENT_REVOKED,CONSENT_REVOKED,CONSENT_REVOKED,CONSENT_REVOKED,CONSENT_REVOKED
677eba30564cd73a51357808,5f2bf7aa253520000bfc83b6,APPROVED,Not Applicable,2025-01-08T17:47:45.318000Z,2025-01-08T17:52:37.732000Z,2025-01-10T20:29:18.113000Z,2025-01-08T17:52:38.407925Z,293.0,75b53a55e8,7808,28,Female,White,United States,United States,United States,English,No,Full-Time
677eba3279eb1672cc3ebb31,5a286558564bdf00016463fc,APPROVED,Not Applicable,2025-01-08T17:50:29.859000Z,2025-01-08T17:56:39.900000Z,2025-01-10T20:29:18.397000Z,2025-01-08T17:56:48.040027Z,371.0,75b53a55e8,3508,35,Male,White,United States,United States,United States,English,DATA_EXPIRED,DATA_EXPIRED
677eba33b0aeb9892382c1bf,62cc4627b5f80e3f1419b735,RETURNED,Not Applicable,2025-01-08T17:58:00.075000Z,,,2025-01-23T16:32:26.477976Z,,,4407,CONSENT_REVOKED,CONSENT_REVOKED,CONSENT_REVOKED,CONSENT_REVOKED,CONSENT_REVOKED,CONSENT_REVOKED,CONSENT_REVOKED,CONSENT_REVOKED,CONSENT_REVOKED
677eba33d7ff332b9b8131d1,676e944a676880e6ae01f8a2,APPROVED,Not Applicable,2025-01-08T17:47:39.832000Z,2025-01-08T18:01:29.541000Z,2025-01-10T20:29:18.669000Z,2025-01-08T18:01:30.065148Z,830.0,75b53a55e8,23,20,Male,Black,Kenya,United States,United States,English,Yes,Unemployed (and job seeking)
677eba34dac8820c5e8f3df3,565bb770c121fe000ffc3620,TIMED-OUT,Not Applicable,2025-01-08T17:51:43.925000Z,,,2025-01-23T16:32:26.482504Z,1291243.0,,437,39,Female,White,United States,United States,United States,English,No,Full-Time
677eba3559743c13d882e33f,66eb3bc61eeff4bf12c523e5,APPROVED,Not Applicable,2025-01-08T17:47:39.557000Z,2025-01-08T17:54:41.440000Z,2025-01-10T20:29:18.975000Z,2025-01-08T17:54:42.051595Z,422.0,75b53a55e8,318,37,Female,White,United States,United States,United States,English,No,Part-Time
677eba35dee45f9af915c3bf,67643665ad01092a4d22a82e,RETURNED,Not Applicable,2025-01-08T17:47:54.249000Z,,,2025-01-23T16:32:26.477345Z,,,40,CONSENT_REVOKED,CONSENT_REVOKED,CONSENT_REVOKED,CONSENT_REVOKED,CONSENT_REVOKED,CONSENT_REVOKED,CONSENT_REVOKED,CONSENT_REVOKED,CONSENT_REVOKED
677eba36a7b09d9cc48b2422,673579ba3749d8a3aafe9cab,RETURNED,Not Applicable,2025-01-08T17:47:40.480000Z,,,2025-01-23T16:32:26.495652Z,,,242,CONSENT_REVOKED,CONSENT_REVOKED,CONSENT_REVOKED,CONSENT_REVOKED,CONSENT_REVOKED,CONSENT_REVOKED,CONSENT_REVOKED,CONSENT_REVOKED,CONSENT_REVOKED
677eba37bde94913fe7e26ac,6729984bcac2a596e0cb4536,APPROVED,Not Applicable,2025-01-08T17:47:39.596000Z,2025-01-08T17:56:02.163000Z,2025-01-10T20:29:19.280000Z,2025-01-08T17:56:06.477448Z,503.0,75b53a55e8,139,39,Female,White,United States,United States,United States,English,No,Part-Time
677eba3824002db719c2257c,6643c5d1c53f7ffbef7b96e0,TIMED-OUT,Not Applicable,2025-01-08T17:47:44.548000Z,,,2025-01-23T16:32:26.480608Z,1291482.0,,568,33,Female,White,United States,United States,United States,English,No,Full-Time
677eba39f1f0b8fcacff22e7,670e4179a6f380b88be8c20a,APPROVED,Not Applicable,2025-01-08T17:47:44.137000Z,2025-01-08T18:13:04.983000Z,2025-01-10T20:29:19.567000Z,2025-01-08T18:13:05.694403Z,1521.0,75b53a55e8,410,26,Female,White,United States,United States,United States,English,No,Full-Time
677eba3aed29ffe35a7a1d3e,55f5e5e132af740012171c62,RETURNED,Not Applicable,2025-01-08T17:47:51.897000Z,,,2025-01-23T16:32:26.483590Z,,,5036,CONSENT_REVOKED,CONSENT_REVOKED,CONSENT_REVOKED,CONSENT_REVOKED,CONSENT_REVOKED,CONSENT_REVOKED,CONSENT_REVOKED,CONSENT_REVOKED,CONSENT_REVOKED
677eba3b349843ceca7172ec,67417db26e494fad0e28f0fc,RETURNED,Not Applicable,2025-01-08T17:47:49.933000Z,,,2025-01-23T16:32:26.493082Z,,,223,CONSENT_REVOKED,CONSENT_REVOKED,CONSENT_REVOKED,CONSENT_REVOKED,CONSENT_REVOKED,CONSENT_REVOKED,CONSENT_REVOKED,CONSENT_REVOKED,CONSENT_REVOKED
677eba3ba1f8fb50687e26da,6627f4487b8bd8d14031349a,APPROVED,Not Applicable,2025-01-08T17:49:06.394000Z,2025-01-08T17:57:12.498000Z,2025-01-10T20:29:19.826000Z,2025-01-08T17:57:18.956843Z,487.0,75b53a55e8,1405,34,Female,White,United States,United States,United States,English,No,Full-Time
677eba3c146749cb1d2a0612,66da0028189369965f4b91ce,APPROVED,Not Applicable,2025-01-08T17:47:40.609000Z,2025-01-08T18:01:25.238000Z,2025-01-10T20:29:20.107000Z,2025-01-08T18:01:26.027776Z,825.0,75b53a55e8,638,66,Female,White,United States,United States,United States,English,No,"Not in paid work (e.g. homemaker', 'retired or disabled)"
677eba3d4c6461d190e2d22d,5f0fab5abdec9a1aff2b2744,APPROVED,Not Applicable,2025-01-08T17:47:48.933000Z,2025-01-08T17:54:41.145000Z,2025-01-10T20:29:20.449000Z,2025-01-08T17:54:41.769532Z,413.0,75b53a55e8,7947,34,Female,White,United States,United States,United States,English,DATA_EXPIRED,DATA_EXPIRED
677eba3e1376a88a39163801,63a9a8f2f098b7e45bd03721,APPROVED,Not Applicable,2025-01-08T17:47:51.402000Z,2025-01-08T17:58:15.097000Z,2025-01-10T20:29:20.714000Z,2025-01-08T17:58:23.769571Z,624.0,75b53a55e8,4151,70,Male,White,United States,United States,United States,English,DATA_EXPIRED,DATA_EXPIRED
677eba3f69b1a9fcfa549e26,671a672a3450c6dca877c6e1,RETURNED,Not Applicable,2025-01-08T17:47:54.497000Z,,,2025-01-23T16:32:26.492168Z,,,274,CONSENT_REVOKED,CONSENT_REVOKED,CONSENT_REVOKED,CONSENT_REVOKED,CONSENT_REVOKED,CONSENT_REVOKED,CONSENT_REVOKED,CONSENT_REVOKED,CONSENT_REVOKED
677eba40d9fe13bb3a29dd2a,65ccf6eeac32789a604de955,APPROVED,Not Applicable,2025-01-08T17:47:51.432000Z,2025-01-08T18:03:34.416000Z,2025-01-10T20:29:20.977000Z,2025-01-08T18:03:35.018426Z,943.0,75b53a55e8,1719,64,Female,White,United States,United States,United States,English,DATA_EXPIRED,Other
677eba40f40d0df49b293ebd,6669fb0ea458a5f18e920283,APPROVED,Not Applicable,2025-01-08T17:47:49.958000Z,2025-01-08T17:56:34.594000Z,2025-01-10T20:29:21.217000Z,2025-01-08T17:56:40.855803Z,525.0,75b53a55e8,123,34,Female,White,United States,United States,United States,English,No,Full-Time
677eba411376a88a39163804,65661c6448e2bdf5ad2d344d,APPROVED,Not Applicable,2025-01-08T17:47:55.872000Z,2025-01-08T17:54:34.668000Z,2025-01-10T20:29:21.449000Z,2025-01-08T17:54:35.136475Z,399.0,65661c6448e2bdf5ad2d344d,1347,55,Female,White,United States,United States,United States,English,DATA_EXPIRED,DATA_EXPIRED
677eba4264e4453daf5faefe,6664b60e0915a31f9033261a,APPROVED,Not Applicable,2025-01-08T17:53:15.437000Z,2025-01-08T18:00:47.055000Z,2025-01-10T20:29:22.420000Z,2025-01-08T18:00:47.767060Z,452.0,75b53a55e8,830,33,Female,White,United States,United States,United States,English,Yes,Full-Time
677eba4283c899fa35b35a77,672f47ed0c228e519bc5aa27,APPROVED,Not Applicable,2025-01-08T17:48:05.422000Z,2025-01-08T18:13:15.915000Z,2025-01-10T20:29:23.072000Z,2025-01-08T18:13:16.495902Z,1511.0,75b53a55e8,30,21,Female,Mixed,Ghana,United States,United States,English,DATA_EXPIRED,DATA_EXPIRED
677eba451376a88a39163806,6775d14dd913121e335807b9,RETURNED,Not Applicable,2025-01-08T17:48:08.263000Z,,,2025-01-23T16:32:26.519175Z,,,78,CONSENT_REVOKED,CONSENT_REVOKED,CONSENT_REVOKED,CONSENT_REVOKED,CONSENT_REVOKED,CONSENT_REVOKED,CONSENT_REVOKED,CONSENT_REVOKED,CONSENT_REVOKED
677eba45d7dba0a1ded4a69c,6402682f1a17d6c87f4f3a89,APPROVED,Not Applicable,2025-01-08T17:49:14.937000Z,2025-01-08T18:00:02.223000Z,2025-01-10T20:29:23.358000Z,2025-01-08T18:00:06.026289Z,648.0,75b53a55e8,5756,40,Male,White,United States,United States,United States,English,No,Full-Time
677eba46e72f4ae743f66181,675ef370c056bbae0571acc2,RETURNED,Not Applicable,2025-01-08T17:48:16.431000Z,,,2025-01-23T16:32:26.501579Z,,,89,CONSENT_REVOKED,CONSENT_REVOKED,CONSENT_REVOKED,CONSENT_REVOKED,CONSENT_REVOKED,CONSENT_REVOKED,CONSENT_REVOKED,CONSENT_REVOKED,CONSENT_REVOKED
677eba476cc3afe1ebe63a58,673a58a8631ba98a384c5d68,RETURNED,Not Applicable,2025-01-08T17:48:00.471000Z,,,2025-01-23T16:32:26.504387Z,,,197,CONSENT_REVOKED,CONSENT_REVOKED,CONSENT_REVOKED,CONSENT_REVOKED,CONSENT_REVOKED,CONSENT_REVOKED,CONSENT_REVOKED,CONSENT_REVOKED,CONSENT_REVOKED
677eba4785617988a8356aac,67386115dc2a230e30986128,RETURNED,Not Applicable,2025-01-08T17:58:00.075000Z,,,2025-01-23T16:32:26.502900Z,,,226,CONSENT_REVOKED,CONSENT_REVOKED,CONSENT_REVOKED,CONSENT_REVOKED,CONSENT_REVOKED,CONSENT_REVOKED,CONSENT_REVOKED,CONSENT_REVOKED,CONSENT_REVOKED
677eba48cb32473be195f59e,5d88f010859c9e0001810e88,APPROVED,Not Applicable,2025-01-08T17:47:56.289000Z,2025-01-08T17:56:41.294000Z,2025-01-10T20:29:23.645000Z,2025-01-08T17:56:49.091668Z,526.0,75b53a55e8,6073,51,Female,White,United States,United States,United States,English,DATA_EXPIRED,DATA_EXPIRED
677eba4990c712fe2881132d,61481ecde9840ff139ea4955,RETURNED,Not Applicable,2025-01-08T17:48:29.394000Z,,,2025-01-23T16:32:26.493732Z,,,1199,CONSENT_REVOKED,CONSENT_REVOKED,CONSENT_REVOKED,CONSENT_REVOKED,CONSENT_REVOKED,CONSENT_REVOKED,CONSENT_REVOKED,CONSENT_REVOKED,CONSENT_REVOKED
677eba4a0de12a7032bd633b,66be5fde262694b5262482b1,APPROVED,Not Applicable,2025-01-08T17:48:01.459000Z,2025-01-08T17:56:29.026000Z,2025-01-10T20:29:23.888000Z,2025-01-08T17:56:33.950721Z,508.0,75b53a55e8,798,52,Female,White,United States,United States,United States,English,No,Part-Time
677eba4e2d79bdf5ca293de0,6680452004dea60c1f984bba,RETURNED,Not Applicable,2025-01-08T17:48:12.565000Z,,,2025-01-23T16:32:26.524514Z,,,1269,CONSENT_REVOKED,CONSENT_REVOKED,CONSENT_REVOKED,CONSENT_REVOKED,CONSENT_REVOKED,CONSENT_REVOKED,CONSENT_REVOKED,CONSENT_REVOKED,CONSENT_REVOKED
677eba4e32ee098ae7e624db,672257bc1a2a2082750a1a44,APPROVED,Not Applicable,2025-01-08T17:48:17.899000Z,2025-01-08T17:58:23.308000Z,2025-01-10T20:29:24.155000Z,2025-01-08T17:58:28.656982Z,606.0,75b53a55e8,293,22,Male,Other,United States,United States,United States,Spanish,Yes,DATA_EXPIRED
677eba50406a3c534bf2dc0c,6307f3c967020d1202332b77,APPROVED,Not Applicable,2025-01-08T17:48:17.162000Z,2025-01-08T18:13:14.162000Z,2025-01-10T20:29:24.413000Z,2025-01-08T18:13:14.665168Z,1497.0,75b53a55e8.,3150,27,Male,White,United States,United States,United States,English,No,Full-Time
677eba5086dea423fa1df1f8,677939f4877bc04b0e791bc7,RETURNED,Not Applicable,2025-01-08T17:48:20.191000Z,,,2025-01-23T16:32:26.504797Z,,,72,CONSENT_REVOKED,CONSENT_REVOKED,CONSENT_REVOKED,CONSENT_REVOKED,CONSENT_REVOKED,CONSENT_REVOKED,CONSENT_REVOKED,CONSENT_REVOKED,CONSENT_REVOKED
677eba5183b5371ebb4e8517,6735ba4e87a8a88e4783e93e,RETURNED,Not Applicable,2025-01-08T17:48:14.017000Z,,,2025-01-23T16:32:26.536042Z,,,240,CONSENT_REVOKED,CONSENT_REVOKED,CONSENT_REVOKED,CONSENT_REVOKED,CONSENT_REVOKED,CONSENT_REVOKED,CONSENT_REVOKED,CONSENT_REVOKED,CONSENT_REVOKED
677eba519dbb59e5c551919c,63868eb7abcf3f247da6f52b,RETURNED,Not Applicable,2025-01-08T17:48:27.426000Z,,,2025-01-23T16:32:26.536069Z,,,6286,CONSENT_REVOKED,CONSENT_REVOKED,CONSENT_REVOKED,CONSENT_REVOKED,CONSENT_REVOKED,CONSENT_REVOKED,CONSENT_REVOKED,CONSENT_REVOKED,CONSENT_REVOKED
677eba52298f6045b5bd7b68,5f467b0a0d1aef037515c8c9,APPROVED,Not Applicable,2025-01-08T17:48:22.245000Z,2025-01-08T17:58:36.385000Z,2025-01-10T20:29:24.642000Z,2025-01-08T17:58:42.193976Z,615.0,75b53a55e8,5779,42,Male,White,United States,United States,United States,English,No,Full-Time
677eba52f8b9e4157204b976,65206f1c8fdb45b55ae8ae4c,APPROVED,Not Applicable,2025-01-08T17:48:08.348000Z,2025-01-08T18:14:54.771000Z,2025-01-10T20:29:24.919000Z,2025-01-08T18:14:55.412249Z,1607.0,75b53a55e8,3630,57,Male,White,United States,United States,United States,English,No,Full-Time
677eba532a0bc027d8d2644e,6765cb37059a40b178fc1493,RETURNED,Not Applicable,2025-01-08T17:49:06.601000Z,,,2025-01-23T16:32:26.539202Z,,,66,CONSENT_REVOKED,CONSENT_REVOKED,CONSENT_REVOKED,CONSENT_REVOKED,CONSENT_REVOKED,CONSENT_REVOKED,CONSENT_REVOKED,CONSENT_REVOKED,CONSENT_REVOKED
677eba553603819f49b9e137,655422059823ecd3d751e6ba,APPROVED,Not Applicable,2025-01-08T17:48:11.570000Z,2025-01-08T17:58:32.491000Z,2025-01-10T20:29:25.257000Z,2025-01-08T17:58:37.483151Z,621.0,75b53a55e8,795,42,Male,White,United States,United States,United States,English,DATA_EXPIRED,DATA_EXPIRED
677eba59c02dc1a6eb1920fb,5d6945587bc5c60018e1eeba,APPROVED,Not Applicable,2025-01-08T17:48:13.958000Z,2025-01-08T17:54:26.898000Z,2025-01-10T20:29:25.579000Z,2025-01-08T17:54:27.652535Z,373.0,75b53a55e8,2925,41,Female,White,United States,United States,United States,English,No,Full-Time
677eba5a72ca3ae7495fb0de,566a3e0e7da0350012b3ec49,APPROVED,Not Applicable,2025-01-08T17:48:16.326000Z,2025-01-08T18:24:35.891000Z,2025-01-10T20:29:25.866000Z,2025-01-08T18:24:36.662113Z,2180.0,75b53a55e8,4917,48,Male,White,United States,United States,United States,English,No,Full-Time
677eba5afc50de49938b0f78,67376f73f1a88d2548776032,RETURNED,Not Applicable,2025-01-08T17:48:15.996000Z,,,2025-01-23T16:32:26.523591Z,,,185,CONSENT_REVOKED,CONSENT_REVOKED,CONSENT_REVOKED,CONSENT_REVOKED,CONSENT_REVOKED,CONSENT_REVOKED,CONSENT_REVOKED,CONSENT_REVOKED,CONSENT_REVOKED
677eba5b6a3b2979059a3ed8,672c2b25d6aa996ff3d8244f,RETURNED,Not Applicable,2025-01-08T17:58:11.500000Z,,,2025-01-23T16:32:26.528841Z,,,260,CONSENT_REVOKED,CONSENT_REVOKED,CONSENT_REVOKED,CONSENT_REVOKED,CONSENT_REVOKED,CONSENT_REVOKED,CONSENT_REVOKED,CONSENT_REVOKED,CONSENT_REVOKED
677eba5f0205c2f102334e0d,6738a2e80e44e5dc831890a0,RETURNED,Not Applicable,2025-01-08T17:48:25.168000Z,,,2025-01-23T16:32:26.610279Z,,,81,CONSENT_REVOKED,CONSENT_REVOKED,CONSENT_REVOKED,CONSENT_REVOKED,CONSENT_REVOKED,CONSENT_REVOKED,CONSENT_REVOKED,CONSENT_REVOKED,CONSENT_REVOKED
677eba5fd895387e503da16d,674f45bd36e386be7d1481c3,APPROVED,Not Applicable,2025-01-08T17:48:33.931000Z,2025-01-08T18:16:33.523000Z,2025-01-10T20:29:26.153000Z,2025-01-08T18:16:34.244054Z,1680.0,75b53a55e8,76,24,Male,Black,Ghana,United States,United States,English,Yes,Part-Time
677eba60edd29411568d2360,675a5ad39c319c39e7753011,APPROVED,Not Applicable,2025-01-08T17:48:35.991000Z,2025-01-08T17:57:54.319000Z,2025-01-10T20:29:26.419000Z,2025-01-08T17:58:05.100181Z,559.0,75b53a55e8,141,37,Male,White,United States,United States,United States,English,No,Unemployed (and job seeking)
677eba61f40da6ea484bd63f,674c8549a9fd90b7c8dda9d3,APPROVED,Not Applicable,2025-01-08T17:49:49.139000Z,2025-01-08T18:03:03.815000Z,2025-01-10T20:29:26.708000Z,2025-01-08T18:03:04.433151Z,795.0,75b53a55e8,27,39,Male,White,United States,United States,United States,English,No,Full-Time
677eba63dffc85ff65ad47ed,5ebc5816e32fec09c3cdf784,APPROVED,Not Applicable,2025-01-08T17:48:30.024000Z,2025-01-08T18:06:24.501000Z,2025-01-10T20:29:27.006000Z,2025-01-08T18:08:08.442705Z,1075.0,75b53a55e8,182,26,Female,White,United States,United States,United States,English,No,Full-Time
677eba64369e2918471f4551,673b96f326d17dafcb8e7938,RETURNED,Not Applicable,2025-01-08T17:48:33.469000Z,,,2025-01-23T16:32:26.531157Z,,,211,CONSENT_REVOKED,CONSENT_REVOKED,CONSENT_REVOKED,CONSENT_REVOKED,CONSENT_REVOKED,CONSENT_REVOKED,CONSENT_REVOKED,CONSENT_REVOKED,CONSENT_REVOKED
677eba64515bb4ee59549e43,673ba2fcee298a15ac26dd5a,RETURNED,Not Applicable,2025-01-08T17:48:46.550000Z,,,2025-01-23T16:32:26.529662Z,,,204,CONSENT_REVOKED,CONSENT_REVOKED,CONSENT_REVOKED,CONSENT_REVOKED,CONSENT_REVOKED,CONSENT_REVOKED,CONSENT_REVOKED,CONSENT_REVOKED,CONSENT_REVOKED
677eba653111f680ade6244f,67798c793a8122e8a6d76496,RETURNED,Not Applicable,2025-01-08T17:48:37.638000Z,,,2025-01-23T16:32:26.525680Z,,,26,CONSENT_REVOKED,CONSENT_REVOKED,CONSENT_REVOKED,CONSENT_REVOKED,CONSENT_REVOKED,CONSENT_REVOKED,CONSENT_REVOKED,CONSENT_REVOKED,CONSENT_REVOKED
677eba66645611091db35a31,63d13bce0971871b9ff88f56,APPROVED,Not Applicable,2025-01-08T17:48:28.148000Z,2025-01-08T17:53:43.182000Z,2025-01-10T20:29:27.249000Z,2025-01-08T17:53:43.883073Z,316.0,75b53a55e8,4398,29,Female,White,United States,United States,United States,English,No,Other
677eba666f404ecb80de8481,64d5323f567c88a7df95b47a,APPROVED,Not Applicable,2025-01-08T17:48:26.764000Z,2025-01-08T17:56:13.232000Z,2025-01-10T20:29:27.551000Z,2025-01-08T17:56:17.173159Z,467.0,75b53a55e8,2274,55,Male,Asian,Korea,United States,United States,English,No,Full-Time
677eba67597d374b0ae8f693,677b81f07112f646f3fc957f,RETURNED,Not Applicable,2025-01-08T17:48:40.979000Z,,,2025-01-23T16:32:26.521329Z,,,16,CONSENT_REVOKED,CONSENT_REVOKED,CONSENT_REVOKED,CONSENT_REVOKED,CONSENT_REVOKED,CONSENT_REVOKED,CONSENT_REVOKED,CONSENT_REVOKED,CONSENT_REVOKED
677eba688549d38c52186a50,67647f0c09b4f6808c7d28bd,RETURNED,Not Applicable,2025-01-08T17:48:36.031000Z,,,2025-01-23T16:32:26.523504Z,,,74,CONSENT_REVOKED,CONSENT_REVOKED,CONSENT_REVOKED,CONSENT_REVOKED,CONSENT_REVOKED,CONSENT_REVOKED,CONSENT_REVOKED,CONSENT_REVOKED,CONSENT_REVOKED
677eba68d7dba0a1ded4a6ba,59d0ec2446447f00011f0254,APPROVED,Not Applicable,2025-01-08T17:49:32.856000Z,2025-01-08T18:00:47.075000Z,2025-01-10T20:29:28.330000Z,2025-01-08T18:00:47.988851Z,675.0,75b53a55e8,6740,42,Female,DATA_EXPIRED,United States,United States,United States,English,DATA_EXPIRED,DATA_EXPIRED
677eba6a000aba7c272eff01,672926931d33c68b91b7a6e3,APPROVED,Not Applicable,2025-01-08T17:48:47.504000Z,2025-01-08T18:08:01.510000Z,2025-01-10T20:29:28.711000Z,2025-01-08T18:08:22.958923Z,1155.0,75b53a55e8.,267,65,Female,White,United States,United States,United States,English,No,"Not in paid work (e.g. homemaker', 'retired or disabled)"
677eba6da9a96fdc64142452,6759ea1589d7982fa536c5dc,RETURNED,Not Applicable,2025-01-08T17:48:43.028000Z,,,2025-01-23T16:32:26.576501Z,,,107,CONSENT_REVOKED,CONSENT_REVOKED,CONSENT_REVOKED,CONSENT_REVOKED,CONSENT_REVOKED,CONSENT_REVOKED,CONSENT_REVOKED,CONSENT_REVOKED,CONSENT_REVOKED
677eba6de0d686430787e8dc,6134d9cf96a9c6192e24866d,APPROVED,Not Applicable,2025-01-08T17:48:33.443000Z,2025-01-08T18:01:22.715000Z,2025-01-10T20:29:29.017000Z,2025-01-08T18:01:23.425846Z,770.0,75b53a55e8,2860,64,Female,White,United States,United States,United States,English,DATA_EXPIRED,DATA_EXPIRED
677eba6e66dd36f82f9bf844,66df94af83813d40ddcbf790,RETURNED,Not Applicable,2025-01-08T17:48:41.229000Z,,,2025-01-23T16:32:26.541953Z,,,668,CONSENT_REVOKED,CONSENT_REVOKED,CONSENT_REVOKED,CONSENT_REVOKED,CONSENT_REVOKED,CONSENT_REVOKED,CONSENT_REVOKED,CONSENT_REVOKED,CONSENT_REVOKED
677eba6f349843ceca7172fb,6760338d87120104c45346de,APPROVED,Not Applicable,2025-01-08T17:48:40.863000Z,2025-01-08T18:21:24.287000Z,2025-01-10T20:29:29.248000Z,2025-01-08T18:21:25.397967Z,1964.0,75b53a55e8,101,23,Male,Black,United States,United States,United States,English,No,DATA_EXPIRED
677eba71a28682572a19f884,6572839f81e5b7f488285164,APPROVED,Not Applicable,2025-01-08T17:48:46.073000Z,2025-01-08T18:04:31.269000Z,2025-01-10T20:29:29.491000Z,2025-01-08T18:04:32.221132Z,946.0,75b53a55e8,1062,49,Male,White,United States,United States,United States,English,No,Full-Time
677eba71ddc392b591f1ab56,67725fac1f70d5434daf7f21,APPROVED,Not Applicable,2025-01-08T17:48:44.030000Z,2025-01-08T17:58:08.439000Z,2025-01-10T20:29:29.725000Z,2025-01-08T17:58:18.797275Z,565.0,75b53a55e8,22,46,Male,White,United States,United States,United States,English,No,Full-Time
677eba722d962ab381b8e0e0,675710c1a5629c49c1faf293,APPROVED,Not Applicable,2025-01-08T17:48:43.501000Z,2025-01-08T18:01:52.010000Z,2025-01-10T20:29:29.965000Z,2025-01-08T18:01:52.554871Z,789.0,75b53a55e8,80,29,Male,White,United States,United States,United States,English,Yes,Part-Time
677eba722dc2f4651e293e5d,675983af512ff2104491dae5,RETURNED,Not Applicable,2025-01-08T17:48:41.113000Z,,,2025-01-23T16:32:26.537137Z,,,161,CONSENT_REVOKED,CONSENT_REVOKED,CONSENT_REVOKED,CONSENT_REVOKED,CONSENT_REVOKED,CONSENT_REVOKED,CONSENT_REVOKED,CONSENT_REVOKED,CONSENT_REVOKED
677eba7364e4453daf5faf0c,62d21430cd08a4b47838b7b0,APPROVED,Not Applicable,2025-01-08T17:48:50.887000Z,2025-01-08T18:28:26.032000Z,2025-01-10T20:29:30.212000Z,2025-01-08T18:28:26.701014Z,2376.0,75b53a55e8,217,40,Male,Asian,Pakistan,United States,United States,Urdu,DATA_EXPIRED,DATA_EXPIRED
677eba75dee45f9af915c3d5,66354e3cb427570ffd8930a0,APPROVED,Not Applicable,2025-01-08T17:48:41.290000Z,2025-01-08T17:56:27.543000Z,2025-01-10T20:29:30.463000Z,2025-01-08T17:56:33.179329Z,467.0,75b53a55e8,1292,41,Female,White,United States,United States,United States,English,No,Full-Time
677eba77edd29411568d2373,66763048455cd71b92b42d38,APPROVED,Not Applicable,2025-01-08T17:48:46.304000Z,2025-01-08T18:15:43.497000Z,2025-01-10T20:29:30.713000Z,2025-01-08T18:15:44.590560Z,1618.0,75b53a55e8,586,64,Female,White,United States,United States,United States,English,No,Part-Time
677eba78308010967c8b0fa4,676a8102c8379ca4d35269d1,RETURNED,Not Applicable,2025-01-08T17:59:00.066000Z,,,2025-01-23T16:32:26.526642Z,,,100,CONSENT_REVOKED,CONSENT_REVOKED,CONSENT_REVOKED,CONSENT_REVOKED,CONSENT_REVOKED,CONSENT_REVOKED,CONSENT_REVOKED,CONSENT_REVOKED,CONSENT_REVOKED
677eba794c077581a6949ad7,670f0a3ed9a0843666815df1,APPROVED,Not Applicable,2025-01-08T17:50:16.428000Z,2025-01-08T17:55:50.245000Z,2025-01-10T20:29:30.976000Z,2025-01-08T17:55:54.607980Z,334.0,75b53a55e8,654,33,Male,Asian,United States,United States,United States,English,No,Unemployed (and job seeking)
677eba7ad9fe13bb3a29dd4a,66fad1e759ab665c0c93429a,APPROVED,Not Applicable,2025-01-08T17:48:49.297000Z,2025-01-08T18:05:51.277000Z,2025-01-10T20:29:31.346000Z,2025-01-08T18:08:02.327884Z,1022.0,75b53a55e8,289,37,Male,White,United States,United States,United States,English,No,Full-Time
677eba7b29d3de40e081325c,676917a2862c232444c844ba,RETURNED,Not Applicable,2025-01-08T17:49:04.458000Z,,,2025-01-23T16:32:26.553524Z,,,118,CONSENT_REVOKED,CONSENT_REVOKED,CONSENT_REVOKED,CONSENT_REVOKED,CONSENT_REVOKED,CONSENT_REVOKED,CONSENT_REVOKED,CONSENT_REVOKED,CONSENT_REVOKED
677eba7bf1f0b8fcacff22ff,677bb27764bbe2253e629e78,RETURNED,Not Applicable,2025-01-08T17:50:35.826000Z,,,2025-01-23T16:32:26.547377Z,,,40,CONSENT_REVOKED,CONSENT_REVOKED,CONSENT_REVOKED,CONSENT_REVOKED,CONSENT_REVOKED,CONSENT_REVOKED,CONSENT_REVOKED,CONSENT_REVOKED,CONSENT_REVOKED
677eba7c2f9ca14ac7464652,67574fde6acad8ce711e02f4,RETURNED,Not Applicable,2025-01-08T17:48:56.365000Z,,,2025-01-23T16:32:26.547936Z,,,146,CONSENT_REVOKED,CONSENT_REVOKED,CONSENT_REVOKED,CONSENT_REVOKED,CONSENT_REVOKED,CONSENT_REVOKED,CONSENT_REVOKED,CONSENT_REVOKED,CONSENT_REVOKED
677eba826d67046cca7d138e,60f998b6c4b98974b766eb98,RETURNED,Not Applicable,2025-01-08T17:48:55.916000Z,,,2025-01-23T16:32:26.546608Z,,,5439,CONSENT_REVOKED,CONSENT_REVOKED,CONSENT_REVOKED,CONSENT_REVOKED,CONSENT_REVOKED,CONSENT_REVOKED,CONSENT_REVOKED,CONSENT_REVOKED,CONSENT_REVOKED
677eba83b2c9cfbd4c2a598d,636173dce29cfc5dbc14d0f2,APPROVED,Not Applicable,2025-01-08T17:49:43.760000Z,2025-01-08T18:09:08.724000Z,2025-01-10T20:29:31.631000Z,2025-01-08T18:09:09.255257Z,1165.0,75b53a55e8,2404,38,Male,White,United States,United States,United States,English,DATA_EXPIRED,DATA_EXPIRED
677eba848761c0d88cf8f8b0,677964e1fd23ff909e6e7c32,RETURNED,Not Applicable,2025-01-08T17:49:30.130000Z,,,2025-01-23T16:32:26.555793Z,,,57,CONSENT_REVOKED,CONSENT_REVOKED,CONSENT_REVOKED,CONSENT_REVOKED,CONSENT_REVOKED,CONSENT_REVOKED,CONSENT_REVOKED,CONSENT_REVOKED,CONSENT_REVOKED
677eba875f21307667da1dfa,672950c88194b010025e09b0,RETURNED,Not Applicable,2025-01-08T17:48:55.609000Z,,,2025-01-23T16:32:26.556135Z,,,255,CONSENT_REVOKED,CONSENT_REVOKED,CONSENT_REVOKED,CONSENT_REVOKED,CONSENT_REVOKED,CONSENT_REVOKED,CONSENT_REVOKED,CONSENT_REVOKED,CONSENT_REVOKED
677eba888d97d94974ce1f38,673a53fc2a05c93edf027ccd,RETURNED,Not Applicable,2025-01-08T17:49:06.151000Z,,,2025-01-23T16:32:26.609976Z,,,209,CONSENT_REVOKED,CONSENT_REVOKED,CONSENT_REVOKED,CONSENT_REVOKED,CONSENT_REVOKED,CONSENT_REVOKED,CONSENT_REVOKED,CONSENT_REVOKED,CONSENT_REVOKED
677eba8c1a64230eba87c8e3,67349768b5c8ae38c612ad19,RETURNED,Not Applicable,2025-01-08T17:50:27.083000Z,,,2025-01-23T16:32:26.591657Z,,,92,CONSENT_REVOKED,CONSENT_REVOKED,CONSENT_REVOKED,CONSENT_REVOKED,CONSENT_REVOKED,CONSENT_REVOKED,CONSENT_REVOKED,CONSENT_REVOKED,CONSENT_REVOKED
677eba8c72ca3ae7495fb0ea,5c1dc77ee2d9150001b5b70e,APPROVED,Not Applicable,2025-01-08T17:50:17.232000Z,2025-01-08T17:57:14.186000Z,2025-01-10T20:29:31.934000Z,2025-01-08T17:57:19.638962Z,417.0,75b53a55e8,1709,37,Male,White,United States,United States,United States,English,No,Full-Time
677eba8db8de28d53de0c43c,67438c306d8298ec577da281,APPROVED,Not Applicable,2025-01-08T17:49:15.725000Z,2025-01-08T18:01:34.842000Z,2025-01-10T20:29:32.238000Z,2025-01-08T18:01:36.386262Z,740.0,75b53a55e8,137,21,Female,White,United States,United States,United States,English,No,Part-Time
677eba8e892f75cc12baf663,559d303cfdf99b7e7408f0c2,RETURNED,Not Applicable,2025-01-08T17:49:12.284000Z,,,2025-01-23T16:32:26.592015Z,,,2914,CONSENT_REVOKED,CONSENT_REVOKED,CONSENT_REVOKED,CONSENT_REVOKED,CONSENT_REVOKED,CONSENT_REVOKED,CONSENT_REVOKED,CONSENT_REVOKED,CONSENT_REVOKED
677eba8fb50ecb490160d123,6636db94fa3ed150c2d78447,APPROVED,Not Applicable,2025-01-08T17:49:18.560000Z,2025-01-08T17:55:14.302000Z,2025-01-10T20:29:32.553000Z,2025-01-08T17:55:15.201181Z,356.0,75b53a55e8,737,26,Male,White,United States,United States,United States,English,DATA_EXPIRED,DATA_EXPIRED
677eba91c18b61dd65d7f400,5de5dba9ff87c15699804260,APPROVED,Not Applicable,2025-01-08T17:52:00.223000Z,2025-01-08T18:00:47.014000Z,2025-01-10T20:29:32.813000Z,2025-01-08T18:00:47.595184Z,527.0,75b53a55e8,8501,68,Male,White,United States,United States,United States,English,No,"Not in paid work (e.g. homemaker', 'retired or disabled)"
677eba92fb1c9bb7cfa70644,6732aabc02de16c672ffe170,APPROVED,Not Applicable,2025-01-08T17:54:24.377000Z,2025-01-08T18:30:39.481000Z,2025-01-10T20:29:33.089000Z,2025-01-08T18:30:40.478066Z,2176.0,75b53a55e8,124,30,Male,White,United States,United States,United States,English,DATA_EXPIRED,DATA_EXPIRED
677eba942175c4f3c0752da2,60bae671bf92bf34f7a774ce,RETURNED,Not Applicable,2025-01-08T17:49:25.577000Z,,,2025-01-23T16:32:26.603142Z,,,4098,CONSENT_REVOKED,CONSENT_REVOKED,CONSENT_REVOKED,CONSENT_REVOKED,CONSENT_REVOKED,CONSENT_REVOKED,CONSENT_REVOKED,CONSENT_REVOKED,CONSENT_REVOKED
677eba953111f680ade62467,67631556ef467e206564b976,RETURNED,Not Applicable,2025-01-08T17:49:19.214000Z,,,2025-01-23T16:32:26.598783Z,,,99,CONSENT_REVOKED,CONSENT_REVOKED,CONSENT_REVOKED,CONSENT_REVOKED,CONSENT_REVOKED,CONSENT_REVOKED,CONSENT_REVOKED,CONSENT_REVOKED,CONSENT_REVOKED
677eba964f666dd870c58698,6510652e8c348ca500c8677c,RETURNED,Not Applicable,2025-01-08T17:49:20.582000Z,,,2025-01-23T16:32:26.591448Z,,,3440,CONSENT_REVOKED,CONSENT_REVOKED,CONSENT_REVOKED,CONSENT_REVOKED,CONSENT_REVOKED,CONSENT_REVOKED,CONSENT_REVOKED,CONSENT_REVOKED,CONSENT_REVOKED
677eba96a1f8fb50687e26f3,6606334a07c2b845079cc4d2,APPROVED,Not Applicable,2025-01-08T17:53:54.040000Z,2025-01-08T18:11:55.645000Z,2025-01-10T20:29:33.409000Z,2025-01-08T18:11:56.814089Z,1082.0,75b53a55e8,469,30,Female,White,United States,United States,United States,English,No,DATA_EXPIRED
677eba98b410391d15b5a9d2,604b9e6373c491acd8aec923,APPROVED,Not Applicable,2025-01-08T17:49:25.435000Z,2025-01-08T17:58:02.104000Z,2025-01-10T20:29:33.718000Z,2025-01-08T17:58:13.543526Z,517.0,75b53a55e8,10067,45,Male,White,United States,United States,United States,English,No,Full-Time
677eba998b9ea20ad9f8d1c1,5fc535c343622e000bc9f3c4,RETURNED,Not Applicable,2025-01-08T17:49:23.788000Z,,,2025-01-23T16:32:26.593574Z,,,2633,CONSENT_REVOKED,CONSENT_REVOKED,CONSENT_REVOKED,CONSENT_REVOKED,CONSENT_REVOKED,CONSENT_REVOKED,CONSENT_REVOKED,CONSENT_REVOKED,CONSENT_REVOKED
677eba9ccb7f407889f2db8a,63d7f3f795d4674597d533a1,APPROVED,Not Applicable,2025-01-08T17:49:23.611000Z,2025-01-08T18:03:07.733000Z,2025-01-10T20:29:34.020000Z,2025-01-08T18:03:08.479658Z,825.0,75b53a55e8,4169,64,Male,White,United States,United States,United States,English,No,Full-Time
677eba9e78ff9172a0b03b36,67790742eb6a0e66e84ab5e2,RETURNED,Not Applicable,2025-01-08T17:49:31.930000Z,,,2025-01-23T16:32:26.610825Z,,,35,CONSENT_REVOKED,CONSENT_REVOKED,CONSENT_REVOKED,CONSENT_REVOKED,CONSENT_REVOKED,CONSENT_REVOKED,CONSENT_REVOKED,CONSENT_REVOKED,CONSENT_REVOKED
677eba9f349843ceca717305,62dcc5dc8fcf471ec987e7cf,RETURNED,Not Applicable,2025-01-08T17:50:52.627000Z,,,2025-01-23T16:32:26.599999Z,,,6549,CONSENT_REVOKED,CONSENT_REVOKED,CONSENT_REVOKED,CONSENT_REVOKED,CONSENT_REVOKED,CONSENT_REVOKED,CONSENT_REVOKED,CONSENT_REVOKED,CONSENT_REVOKED
677ebaa2146749cb1d2a0626,673caab6682c51a29b269a2b,RETURNED,Not Applicable,2025-01-08T17:49:33.808000Z,,,2025-01-23T16:32:26.638844Z,,,304,CONSENT_REVOKED,CONSENT_REVOKED,CONSENT_REVOKED,CONSENT_REVOKED,CONSENT_REVOKED,CONSENT_REVOKED,CONSENT_REVOKED,CONSENT_REVOKED,CONSENT_REVOKED
677ebaa30205c2f102334e28,60199dc499b0a7105341be00,APPROVED,Not Applicable,2025-01-08T17:51:58.284000Z,2025-01-08T18:06:42.814000Z,2025-01-10T20:29:34.323000Z,2025-01-08T18:08:11.046512Z,885.0,75b53a55e8,6199,47,Female,White,United States,United States,United States,English,DATA_EXPIRED,DATA_EXPIRED
677ebaa34e5b1a571a3ebb3f,676191c90a2f4ed117de625d,RETURNED,Not Applicable,2025-01-08T17:49:36.816000Z,,,2025-01-23T16:32:26.666592Z,,,169,CONSENT_REVOKED,CONSENT_REVOKED,CONSENT_REVOKED,CONSENT_REVOKED,CONSENT_REVOKED,CONSENT_REVOKED,CONSENT_REVOKED,CONSENT_REVOKED,CONSENT_REVOKED
677ebaab73b714cfb0e8f534,5d36af6e889109001ae67e23,REJECTED,Not Applicable,2025-01-08T17:49:35.987000Z,2025-01-08T17:50:05.839000Z,2025-01-08T19:36:22.221000Z,2025-01-23T16:32:26.694097Z,30.0,NOCODE,1120,CONSENT_REVOKED,CONSENT_REVOKED,CONSENT_REVOKED,CONSENT_REVOKED,CONSENT_REVOKED,CONSENT_REVOKED,CONSENT_REVOKED,CONSENT_REVOKED,CONSENT_REVOKED
677ebaad0cab98d88f2abadd,66dcc0e54f44ccecf2730c76,RETURNED,Not Applicable,2025-01-08T17:49:44.572000Z,,,2025-01-23T16:32:26.664900Z,,,399,CONSENT_REVOKED,CONSENT_REVOKED,CONSENT_REVOKED,CONSENT_REVOKED,CONSENT_REVOKED,CONSENT_REVOKED,CONSENT_REVOKED,CONSENT_REVOKED,CONSENT_REVOKED
677ebaadd1240e868d08efec,67765b037b19fa9583361d33,APPROVED,Not Applicable,2025-01-08T17:49:57.414000Z,2025-01-08T18:24:58.351000Z,2025-01-10T20:29:34.622000Z,2025-01-08T18:24:59.136526Z,2101.0,75b53a55e8,10,41,Female,Black,United States,United States,United States,English,No,Full-Time
677ebab50ff5ec224005e913,674d73dc591490189e23c824,RETURNED,Not Applicable,2025-01-08T17:52:21.285000Z,,,2025-01-23T16:32:26.654150Z,,,155,CONSENT_REVOKED,CONSENT_REVOKED,CONSENT_REVOKED,CONSENT_REVOKED,CONSENT_REVOKED,CONSENT_REVOKED,CONSENT_REVOKED,CONSENT_REVOKED,CONSENT_REVOKED
677ebab6439ced98417d70b2,6635471bbc38501a2b559f75,APPROVED,Not Applicable,2025-01-08T17:49:46.318000Z,2025-01-08T17:56:37.313000Z,2025-01-10T20:29:34.932000Z,2025-01-08T17:56:43.994008Z,411.0,75b53a55e8,978,48,Female,White,United States,United States,United States,English,No,Full-Time
677ebab6bde94913fe7e26c3,66ebb15a94fdc9a7583e78a5,APPROVED,Not Applicable,2025-01-08T17:50:59.888000Z,2025-01-08T18:04:09.434000Z,2025-01-10T20:29:35.218000Z,2025-01-08T18:04:10.187940Z,790.0,75b53a55e8,509,74,Female,White,United States,United States,United States,English,No,DATA_EXPIRED
677ebab8591191dc77d54b71,5dbdf54d13d4c7320ab224f7,APPROVED,Not Applicable,2025-01-08T17:49:50.372000Z,2025-01-08T18:01:53.486000Z,2025-01-10T20:29:35.447000Z,2025-01-08T18:01:54.215106Z,724.0,75b53a55e8,3218,78,Male,White,United States,United States,United States,English,No,"Not in paid work (e.g. homemaker', 'retired or disabled)"
677ebab8f40d0df49b293eed,66240f705ac353a0bb928773,APPROVED,Not Applicable,2025-01-08T17:49:52.328000Z,2025-01-08T17:56:37.019000Z,2025-01-10T20:29:35.675000Z,2025-01-08T17:56:42.993954Z,405.0,75b53a55e8.,1274,40,Female,White,United States,United States,United States,English,No,Full-Time
677ebab922b83b96267cb046,5de3658d5feb6e3736bd3672,APPROVED,Not Applicable,2025-01-08T17:50:21.259000Z,2025-01-08T17:57:07.494000Z,2025-01-10T20:29:35.924000Z,2025-01-08T17:57:13.587644Z,407.0,75b53a55e8,4329,37,Female,White,United States,United States,United States,English,No,DATA_EXPIRED
677ebabb0ae1a6024305e8f3,67367bfaab4a44d41186ebba,RETURNED,Not Applicable,2025-01-08T17:59:47.266000Z,,,2025-01-23T16:32:26.699380Z,,,192,CONSENT_REVOKED,CONSENT_REVOKED,CONSENT_REVOKED,CONSENT_REVOKED,CONSENT_REVOKED,CONSENT_REVOKED,CONSENT_REVOKED,CONSENT_REVOKED,CONSENT_REVOKED
677ebabb7759e770f05d08b1,650f95aa8d3d07f9688de289,RETURNED,Not Applicable,2025-01-08T17:49:55.365000Z,,,2025-01-23T16:32:26.695323Z,,,853,CONSENT_REVOKED,CONSENT_REVOKED,CONSENT_REVOKED,CONSENT_REVOKED,CONSENT_REVOKED,CONSENT_REVOKED,CONSENT_REVOKED,CONSENT_REVOKED,CONSENT_REVOKED
677ebabc90c712fe28811356,55d35a33da14d7001295328c,APPROVED,Not Applicable,2025-01-08T17:49:53.783000Z,2025-01-08T17:58:00.013000Z,2025-01-10T20:29:36.202000Z,2025-01-08T17:58:11.024772Z,487.0,75b53a55e8,331,35,Male,White,United States,United States,United States,English,No,DATA_EXPIRED
677ebac1fc50de49938b0f8a,66e88979d6bb95675bfdd165,APPROVED,Not Applicable,2025-01-08T17:50:04.584000Z,2025-01-08T18:02:21.632000Z,2025-01-10T20:29:36.480000Z,2025-01-08T18:02:22.180795Z,738.0,75b53a55e8,508,53,Female,White,United States,United States,United States,English,No,Full-Time
677ebac9e8b4da15a0762c14,66711ef4c3a343ff5f0b1d91,TIMED-OUT,Not Applicable,2025-01-08T17:50:20.140000Z,,,2025-01-23T16:32:26.675590Z,1291327.0,,627,56,Female,Mixed,United States,United States,United States,English,No,DATA_EXPIRED
677ebad5d737761c95ec7643,60b3e0e13e007364dd1791b5,APPROVED,Not Applicable,2025-01-08T17:52:00.250000Z,2025-01-08T18:07:10.007000Z,2025-01-10T20:29:36.723000Z,2025-01-08T18:08:15.564493Z,910.0,75b53a55e8,377,24,Male,White,United States,United States,United States,English,No,Full-Time
677ebad88c3e289b439a3f17,5748814f7fd0ec000fb6e5bf,RETURNED,Not Applicable,2025-01-08T17:50:39.008000Z,,,2025-01-23T16:32:26.732109Z,,,3504,CONSENT_REVOKED,CONSENT_REVOKED,CONSENT_REVOKED,CONSENT_REVOKED,CONSENT_REVOKED,CONSENT_REVOKED,CONSENT_REVOKED,CONSENT_REVOKED,CONSENT_REVOKED
677ebad9aebc03378fba3a9a,6779880a1b246964638c89d5,RETURNED,Not Applicable,2025-01-08T17:50:23.324000Z,,,2025-01-23T16:32:26.742024Z,,,83,CONSENT_REVOKED,CONSENT_REVOKED,CONSENT_REVOKED,CONSENT_REVOKED,CONSENT_REVOKED,CONSENT_REVOKED,CONSENT_REVOKED,CONSENT_REVOKED,CONSENT_REVOKED
677ebadb1a64230eba87c8f9,67314a904eee84e2cfd2816c,APPROVED,Not Applicable,2025-01-08T17:50:42.450000Z,2025-01-08T18:22:50.881000Z,2025-01-10T20:29:36.982000Z,2025-01-08T18:22:51.681657Z,1929.0,75b53a55e8.,284,50,Female,Black,United States,United States,United States,English,Yes,Full-Time
677ebadc2f9ca14ac746467a,66fcfb1c03038e7f720297ec,REJECTED,Not Applicable,2025-01-08T17:50:25.346000Z,2025-01-08T17:50:55.898000Z,2025-01-08T19:36:29.556000Z,2025-01-23T16:32:26.734199Z,31.0,NOCODE,26,CONSENT_REVOKED,CONSENT_REVOKED,CONSENT_REVOKED,CONSENT_REVOKED,CONSENT_REVOKED,CONSENT_REVOKED,CONSENT_REVOKED,CONSENT_REVOKED,CONSENT_REVOKED
677ebadd0f83a534283579a5,65f0f44f1cae5992a2cc2c8b,APPROVED,Not Applicable,2025-01-08T17:50:32.373000Z,2025-01-08T17:58:51.175000Z,2025-01-10T20:29:37.255000Z,2025-01-08T17:58:53.944072Z,499.0,75b53a55e8,1828,43,Male,White,United States,United States,United States,English,DATA_EXPIRED,DATA_EXPIRED
677ebae2406a3c534bf2dc53,668564a45368836193b94269,APPROVED,Not Applicable,2025-01-08T17:50:46.597000Z,2025-01-08T18:10:16.963000Z,2025-01-10T20:29:37.487000Z,2025-01-08T18:10:18.540121Z,1171.0,75b53a55e8,1079,37,Prefer not to say,Other,United States,United States,United States,English,DATA_EXPIRED,Part-Time
677ebae3e1cd86a7f9dc0795,623537f22ffeb94d58da7a10,APPROVED,Not Applicable,2025-01-08T17:50:34.025000Z,2025-01-08T18:05:02.586000Z,2025-01-10T20:29:37.734000Z,2025-01-08T18:05:03.516903Z,869.0,75b53a55e8,5695,53,Female,White,United States,United States,United States,English,No,Full-Time
677ebae4645611091db35a4b,6761ea1f2b9c012381a3a8f1,APPROVED,Not Applicable,2025-01-08T17:52:56.836000Z,2025-01-08T18:02:21.352000Z,2025-01-10T20:29:38.057000Z,2025-01-08T18:02:22.291195Z,565.0,75b53a55e8,80,61,Female,White,United States,United States,United States,English,No,Unemployed (and job seeking)
677ebae4fcedd1885287c8d8,67664b642e4e127d7fc3a55d,RETURNED,Not Applicable,2025-01-08T17:50:34.343000Z,,,2025-01-23T16:32:26.736425Z,,,16,CONSENT_REVOKED,CONSENT_REVOKED,CONSENT_REVOKED,CONSENT_REVOKED,CONSENT_REVOKED,CONSENT_REVOKED,CONSENT_REVOKED,CONSENT_REVOKED,CONSENT_REVOKED
677ebae56f404ecb80de84ae,62f557535db76f7f4ab860c7,APPROVED,Not Applicable,2025-01-08T17:50:43.380000Z,2025-01-08T17:56:46.728000Z,2025-01-10T20:29:38.357000Z,2025-01-08T17:56:54.040024Z,364.0,75b53a55e8,4128,35,Male,White,United States,United States,United States,English,No,Full-Time
677ebae7e77958c076ff645f,6771a47aaeb0879876b7a124,APPROVED,Not Applicable,2025-01-08T17:52:54.437000Z,2025-01-08T18:03:00.607000Z,2025-01-10T20:29:38.650000Z,2025-01-08T18:03:01.507540Z,607.0,75b53a55e8,31,29,Female,Other,United States,United States,United States,Spanish,No,Full-Time
677ebaf1fd248b0285b8e15e,67411841a715a066ab45462e,RETURNED,Not Applicable,2025-01-08T18:01:00.061000Z,,,2025-01-23T16:32:26.771704Z,,,334,CONSENT_REVOKED,CONSENT_REVOKED,CONSENT_REVOKED,CONSENT_REVOKED,CONSENT_REVOKED,CONSENT_REVOKED,CONSENT_REVOKED,CONSENT_REVOKED,CONSENT_REVOKED
677ebaf3f40da6ea484bd666,666edd4812b81506cf77bc42,APPROVED,Not Applicable,2025-01-08T17:50:43.635000Z,2025-01-08T18:10:38.296000Z,2025-01-10T20:29:38.885000Z,2025-01-08T18:10:39.449230Z,1195.0,75b53a55e,806,34,Male,Black,Ghana,United States,United States,English,No,DATA_EXPIRED
677ebaf4cb32473be195f5e9,67789cba8b4e6341cf2dec3d,RETURNED,Not Applicable,2025-01-08T17:50:57.372000Z,,,2025-01-23T16:32:26.845815Z,,,45,CONSENT_REVOKED,CONSENT_REVOKED,CONSENT_REVOKED,CONSENT_REVOKED,CONSENT_REVOKED,CONSENT_REVOKED,CONSENT_REVOKED,CONSENT_REVOKED,CONSENT_REVOKED
677ebaf6cd1e457e80bd6445,6656a11fee2ded3ff1edbe31,APPROVED,Not Applicable,2025-01-08T17:50:56.863000Z,2025-01-08T18:06:21.992000Z,2025-01-10T20:29:39.118000Z,2025-01-08T18:08:07.921632Z,926.0,75b53a55e8,1184,56,Male,Prefer not to say,DATA_EXPIRED,United States,United States,English,DATA_EXPIRED,Full-Time
677ebaf7022adad9ac0375c1,5ac440da9534ba0001c736da,APPROVED,Not Applicable,2025-01-08T17:52:53.386000Z,2025-01-08T18:14:02.798000Z,2025-01-10T20:29:39.343000Z,2025-01-08T18:14:03.350610Z,1270.0,75b53a55e8,8512,43,Male,White,United States,United States,United States,English,No,Full-Time
677ebaf8d737761c95ec7658,675edd7fd86fc542346c1c66,RETURNED,Not Applicable,2025-01-08T18:00:48.588000Z,,,2025-01-23T16:32:26.854858Z,,,175,CONSENT_REVOKED,CONSENT_REVOKED,CONSENT_REVOKED,CONSENT_REVOKED,CONSENT_REVOKED,CONSENT_REVOKED,CONSENT_REVOKED,CONSENT_REVOKED,CONSENT_REVOKED
677ebaf90de12a7032bd636d,6100679203a8f6a376086a93,APPROVED,Not Applicable,2025-01-08T17:51:54.429000Z,2025-01-08T18:06:59.181000Z,2025-01-10T20:29:39.563000Z,2025-01-08T18:08:14.407050Z,905.0,75b53a55e8,1046,24,Female,White,United States,United States,United States,English,No,Full-Time
677ebaf9d1240e868d08f004,6768416b2161817199277cd9,APPROVED,Not Applicable,2025-01-08T17:56:25.250000Z,2025-01-08T18:10:36.864000Z,2025-01-10T20:29:39.839000Z,2025-01-08T18:10:37.936441Z,852.0,75b53a55e8,23,36,Female,White,United States,United States,United States,English,DATA_EXPIRED,DATA_EXPIRED
677ebafa77141ff4e795f5b7,66c746865d6f3002fe597fa6,APPROVED,Not Applicable,2025-01-08T17:50:56.243000Z,2025-01-08T17:57:30.304000Z,2025-01-10T20:29:40.157000Z,2025-01-08T17:57:35.924823Z,395.0,75b53a55e8,630,37,Female,White,United States,United States,United States,English,No,Full-Time
677ebafa9dbb59e5c55191ce,67270c7215d81a0a15ee4361,APPROVED,Not Applicable,2025-01-08T17:50:55.158000Z,2025-01-08T17:57:23.860000Z,2025-01-10T20:29:40.488000Z,2025-01-08T17:57:30.789130Z,389.0,75b53a55e8,324,29,Male,White,United States,United States,United States,English,No,Full-Time
677ebafac4f2562df19045aa,67594446e891cd9a76235f36,APPROVED,Not Applicable,2025-01-08T17:51:27.655000Z,2025-01-08T18:11:38.447000Z,2025-01-10T20:29:40.786000Z,2025-01-08T18:11:39.159776Z,1211.0,75b53a55e8.,77,20,Male,Black,Ghana,United States,United States,English,Yes,Full-Time
677ebafcc02dc1a6eb192139,6763dfaa1cbc80088e83468b,RETURNED,Not Applicable,2025-01-08T17:51:07.458000Z,,,2025-01-23T16:32:26.860293Z,,,100,CONSENT_REVOKED,CONSENT_REVOKED,CONSENT_REVOKED,CONSENT_REVOKED,CONSENT_REVOKED,CONSENT_REVOKED,CONSENT_REVOKED,CONSENT_REVOKED,CONSENT_REVOKED
677ebafcc4937c10768b23f5,568c67547374ad000cc7448c,APPROVED,Not Applicable,2025-01-08T17:51:54.994000Z,2025-01-08T17:58:34.753000Z,2025-01-10T20:29:41.088000Z,2025-01-08T17:58:40.046576Z,400.0,75b53a55e8,5334,42,Male,White,United States,United States,United States,English,No,Full-Time
677ebafeb410391d15b5a9fa,670fef86f994a6dae6a1a2d7,RETURNED,Not Applicable,2025-01-08T18:00:54.190000Z,,,2025-01-23T16:32:26.886017Z,,,310,CONSENT_REVOKED,CONSENT_REVOKED,CONSENT_REVOKED,CONSENT_REVOKED,CONSENT_REVOKED,CONSENT_REVOKED,CONSENT_REVOKED,CONSENT_REVOKED,CONSENT_REVOKED
677ebb00a12f30fc2db70880,67537f7d56347afdd62e9b68,APPROVED,Not Applicable,2025-01-08T17:51:02.728000Z,2025-01-08T17:58:15.696000Z,2025-01-10T20:29:41.412000Z,2025-01-08T17:58:24.070948Z,433.0,75b53a55e8,20,43,Female,White,United States,United States,United States,English,No,Full-Time
677ebb032dc2f4651e293e8c,666a13a91d6ab318e467374c,RETURNED,Not Applicable,2025-01-08T17:51:13.399000Z,,,2025-01-23T16:32:26.866959Z,,,531,CONSENT_REVOKED,CONSENT_REVOKED,CONSENT_REVOKED,CONSENT_REVOKED,CONSENT_REVOKED,CONSENT_REVOKED,CONSENT_REVOKED,CONSENT_REVOKED,CONSENT_REVOKED
677ebb0383b5371ebb4e8543,6657561a43b56863ebba9584,RETURNED,Not Applicable,2025-01-08T17:51:07.919000Z,,,2025-01-23T16:32:26.878454Z,,,1115,CONSENT_REVOKED,CONSENT_REVOKED,CONSENT_REVOKED,CONSENT_REVOKED,CONSENT_REVOKED,CONSENT_REVOKED,CONSENT_REVOKED,CONSENT_REVOKED,CONSENT_REVOKED
677ebb04a7b09d9cc48b245a,5e0b416415ef4038dba6d93f,RETURNED,Not Applicable,2025-01-08T17:51:10.400000Z,,,2025-01-23T16:32:26.895299Z,,,294,CONSENT_REVOKED,CONSENT_REVOKED,CONSENT_REVOKED,CONSENT_REVOKED,CONSENT_REVOKED,CONSENT_REVOKED,CONSENT_REVOKED,CONSENT_REVOKED,CONSENT_REVOKED
677ebb083111f680ade62490,62eda5558d22fb31eba6a451,APPROVED,Not Applicable,2025-01-08T17:51:10.121000Z,2025-01-08T17:57:33.467000Z,2025-01-10T20:29:41.714000Z,2025-01-08T17:57:40.171945Z,384.0,75b53a55e8,3392,27,Male,White,United States,United States,United States,English,DATA_EXPIRED,DATA_EXPIRED
677ebb0857bcc6d78eaf988c,5eb6b8ee9351615bd9d99fde,RETURNED,Not Applicable,2025-01-08T17:51:09.473000Z,,,2025-01-23T16:32:26.883864Z,,,5546,CONSENT_REVOKED,CONSENT_REVOKED,CONSENT_REVOKED,CONSENT_REVOKED,CONSENT_REVOKED,CONSENT_REVOKED,CONSENT_REVOKED,CONSENT_REVOKED,CONSENT_REVOKED
677ebb0ad466a789d0762ca8,669d8b26896ecc9457727c9f,APPROVED,Not Applicable,2025-01-08T17:51:42.650000Z,2025-01-08T18:03:45.575000Z,2025-01-10T20:29:42.007000Z,2025-01-08T18:03:46.252511Z,723.0,75b53a55e8,687,27,Male,White,United States,United States,United States,English,No,Unemployed (and job seeking)
677ebb0afa19b4b01821bd55,672413541a4832a40147dec7,APPROVED,Not Applicable,2025-01-08T17:51:40.183000Z,2025-01-08T18:05:40.799000Z,2025-01-10T20:29:42.345000Z,2025-01-08T18:08:00.404485Z,841.0,75b53a55e8,290,40,Female,White,United States,United States,United States,English,No,DATA_EXPIRED
677ebb0fedd29411568d23ac,63ed04d2ce3b27bda2fbbb9c,APPROVED,Not Applicable,2025-01-08T17:51:20.273000Z,2025-01-08T18:01:31.348000Z,2025-01-10T20:29:42.670000Z,2025-01-08T18:01:31.823532Z,612.0,75b53a55e8,4719,58,Male,White,United States,United States,United States,English,No,DATA_EXPIRED
677ebb100ea45dee457ab3cb,669bc59f4198ea65c9d8ef59,TIMED-OUT,Not Applicable,2025-01-08T17:51:33.608000Z,,,2025-01-23T16:32:26.889541Z,1291254.0,,783,46,Female,Other,Peru,United States,United States,Spanish,No,Part-Time
677ebb11abe0ceb11f5a0abc,63cc90d2bed7edb18c3fd155,APPROVED,Not Applicable,2025-01-08T17:51:20.018000Z,2025-01-08T18:04:40.439000Z,2025-01-10T20:29:42.962000Z,2025-01-08T18:04:40.987835Z,801.0,75b53a55e8.,3628,61,Female,White,United States,United States,United States,English,No,"Not in paid work (e.g. homemaker', 'retired or disabled)"
677ebb126d35e75ec77cec02,6654a08d044bd2f140dd9403,RETURNED,Not Applicable,2025-01-08T17:51:21.509000Z,,,2025-01-23T16:32:26.894619Z,,,781,CONSENT_REVOKED,CONSENT_REVOKED,CONSENT_REVOKED,CONSENT_REVOKED,CONSENT_REVOKED,CONSENT_REVOKED,CONSENT_REVOKED,CONSENT_REVOKED,CONSENT_REVOKED
677ebb17298f6045b5bd7bb3,64876e8c1a6f7c303a92351b,RETURNED,Not Applicable,2025-01-08T17:51:23.914000Z,,,2025-01-23T16:32:26.899289Z,,,4294,CONSENT_REVOKED,CONSENT_REVOKED,CONSENT_REVOKED,CONSENT_REVOKED,CONSENT_REVOKED,CONSENT_REVOKED,CONSENT_REVOKED,CONSENT_REVOKED,CONSENT_REVOKED
677ebb17d27fef47bde5ff60,6629442858ac993227d2a95d,APPROVED,Not Applicable,2025-01-08T17:51:30.855000Z,2025-01-08T18:00:55.269000Z,2025-01-10T20:29:43.317000Z,2025-01-08T18:01:01.682587Z,565.0,75b53a55e8,1298,57,Female,White,United States,United States,United States,English,No,Full-Time
677ebb19146749cb1d2a063c,674f62977c6d56e8664c72d8,RETURNED,Not Applicable,2025-01-08T17:51:30.981000Z,,,2025-01-23T16:32:26.898750Z,,,194,CONSENT_REVOKED,CONSENT_REVOKED,CONSENT_REVOKED,CONSENT_REVOKED,CONSENT_REVOKED,CONSENT_REVOKED,CONSENT_REVOKED,CONSENT_REVOKED,CONSENT_REVOKED
677ebb1c9a2496f3a7f678b1,63f4021039d138e8425201c7,APPROVED,Not Applicable,2025-01-08T17:51:37.053000Z,2025-01-08T18:11:35.655000Z,2025-01-10T20:29:43.753000Z,2025-01-08T18:11:37.338432Z,1199.0,75b53a55e8,2933,68,Male,White,Ukraine,United States,United States,Russian,DATA_EXPIRED,DATA_EXPIRED
677ebb1f7de3b589e414253d,66a8f2ceebb12dd00e27dfd3,RETURNED,Not Applicable,2025-01-08T17:51:35.599000Z,,,2025-01-23T16:32:26.906330Z,,,444,CONSENT_REVOKED,CONSENT_REVOKED,CONSENT_REVOKED,CONSENT_REVOKED,CONSENT_REVOKED,CONSENT_REVOKED,CONSENT_REVOKED,CONSENT_REVOKED,CONSENT_REVOKED
677ebb20b8362a15598d0586,66d9e056cf9cf932f5647625,APPROVED,Not Applicable,2025-01-08T17:51:36.350000Z,2025-01-08T18:03:30.831000Z,2025-01-10T20:29:44.019000Z,2025-01-08T18:03:31.475901Z,715.0,75b53a55e8,189,34,Male,White,Germany,United States,United States,English,No,Full-Time
677ebb22731346974926d5d6,673253900b42a97fc5a371c1,APPROVED,Not Applicable,2025-01-08T18:01:20.312000Z,2025-01-08T18:35:01.801000Z,2025-01-10T20:29:44.287000Z,2025-01-08T18:35:09.701346Z,2022.0,75b53a55e8,133,34,Male,Black,United States,United States,United States,English,Yes,Full-Time
677ebb22a28682572a19f8a9,66ad626d4bb6f02c423516d9,APPROVED,Not Applicable,2025-01-08T17:51:45.477000Z,2025-01-08T18:02:19.723000Z,2025-01-10T20:29:44.570000Z,2025-01-08T18:02:20.383063Z,635.0,75b53a55e8,802,47,Female,White,United States,United States,United States,English,No,Full-Time
677ebb24dc47c876ef9bf959,66f636a15a0ec8d9ef572bae,APPROVED,Not Applicable,2025-01-08T17:52:59.765000Z,2025-01-08T18:18:41.034000Z,2025-01-10T20:29:44.863000Z,2025-01-08T18:18:41.717109Z,1542.0,75b53a55e8,261,33,Female,White,United States,United States,United States,English,Yes,Full-Time
677ebb2983c899fa35b35ac3,5f402eb4fbd8df145068b805,APPROVED,Not Applicable,2025-01-08T17:51:45.489000Z,2025-01-08T18:04:46.629000Z,2025-01-10T20:29:45.161000Z,2025-01-08T18:04:47.742986Z,782.0,75b53a55e8,8717,64,Female,White,United States,United States,United States,English,No,"Not in paid work (e.g. homemaker', 'retired or disabled)"
677ebb2b2dc2f4651e293e93,670b348a06bf8e0e89cde836,RETURNED,Not Applicable,2025-01-08T17:51:47.415000Z,,,2025-01-23T16:32:26.909011Z,,,173,CONSENT_REVOKED,CONSENT_REVOKED,CONSENT_REVOKED,CONSENT_REVOKED,CONSENT_REVOKED,CONSENT_REVOKED,CONSENT_REVOKED,CONSENT_REVOKED,CONSENT_REVOKED
677ebb2c2f9ca14ac7464686,663f765f9fa234227ab6805c,APPROVED,Not Applicable,2025-01-08T17:51:57.834000Z,2025-01-08T17:58:03.348000Z,2025-01-10T20:29:45.483000Z,2025-01-08T17:58:17.471251Z,366.0,75b53a55e8,709,33,Female,Mixed,United States,United States,United States,English,Yes,Part-Time
677ebb2e75744b6891b6a56d,6296295f57c07906c9052955,APPROVED,Not Applicable,2025-01-08T17:51:47.482000Z,2025-01-08T17:59:45.705000Z,2025-01-10T20:29:46.652000Z,2025-01-08T18:00:01.338959Z,479.0,75b53a55e8,5365,38,Male,White,United States,United States,United States,English,DATA_EXPIRED,DATA_EXPIRED
677ebb30b9c0b8882c293e78,673b9c21b46c1a8ed87602aa,RETURNED,Not Applicable,2025-01-08T17:51:53.239000Z,,,2025-01-23T16:32:26.913748Z,,,206,CONSENT_REVOKED,CONSENT_REVOKED,CONSENT_REVOKED,CONSENT_REVOKED,CONSENT_REVOKED,CONSENT_REVOKED,CONSENT_REVOKED,CONSENT_REVOKED,CONSENT_REVOKED
677ebb30d5a598a914715d82,65b929230cff388d15dd5c4c,APPROVED,Not Applicable,2025-01-08T17:52:47.642000Z,2025-01-08T18:10:57.190000Z,2025-01-10T20:29:46.925000Z,2025-01-08T18:10:57.849159Z,1090.0,75b53a55e8,1683,42,Male,White,United States,United States,United States,English,No,Full-Time
677ebb311376a88a39163866,668472211016cb9f459f4cee,APPROVED,Not Applicable,2025-01-08T17:51:50.861000Z,2025-01-08T17:57:35.731000Z,2025-01-10T20:29:47.229000Z,2025-01-08T17:57:44.174194Z,345.0,75b53a55e8,473,27,Male,Asian,United States,United States,United States,Punjabi,No,Unemployed (and job seeking)
677ebb319a2496f3a7f678b8,653d1b8a4739d6bcfc9d9879,RETURNED,Not Applicable,2025-01-08T17:51:51.838000Z,,,2025-01-23T16:32:26.914607Z,,,1858,CONSENT_REVOKED,CONSENT_REVOKED,CONSENT_REVOKED,CONSENT_REVOKED,CONSENT_REVOKED,CONSENT_REVOKED,CONSENT_REVOKED,CONSENT_REVOKED,CONSENT_REVOKED
677ebb33fae85dad36248ef4,676304145bbe20d1fd5d653c,RETURNED,Not Applicable,2025-01-08T17:51:54.709000Z,,,2025-01-23T16:32:26.916205Z,,,147,CONSENT_REVOKED,CONSENT_REVOKED,CONSENT_REVOKED,CONSENT_REVOKED,CONSENT_REVOKED,CONSENT_REVOKED,CONSENT_REVOKED,CONSENT_REVOKED,CONSENT_REVOKED
677ebb383603819f49b9e165,674cc0fa6aed04bd02adeb49,RETURNED,Not Applicable,2025-01-08T17:51:57.343000Z,,,2025-01-23T16:32:26.920086Z,,,186,CONSENT_REVOKED,CONSENT_REVOKED,CONSENT_REVOKED,CONSENT_REVOKED,CONSENT_REVOKED,CONSENT_REVOKED,CONSENT_REVOKED,CONSENT_REVOKED,CONSENT_REVOKED
677ebb388c3e289b439a3f23,677968daf8dc4ddeecc53a73,APPROVED,Not Applicable,2025-01-08T17:51:59.443000Z,2025-01-08T18:04:55.267000Z,2025-01-10T20:29:47.518000Z,2025-01-08T18:04:55.970069Z,776.0,75b53a55e8,19,50,Female,White,United States,United States,United States,English,No,DATA_EXPIRED
677ebb392640e94bf5ba3a8f,631b66847990076d05887914,APPROVED,Not Applicable,2025-01-08T17:51:53.749000Z,2025-01-08T18:11:38.107000Z,2025-01-10T20:29:47.805000Z,2025-01-08T18:11:39.983097Z,1185.0,75b53a55e8,1560,40,Male,White,United States,United States,United States,English,Yes,Full-Time
677ebb39b50ecb490160d147,5dfd9e4379f2faa7da80e4e1,APPROVED,Not Applicable,2025-01-08T17:52:09.755000Z,2025-01-08T18:06:35.266000Z,2025-01-10T20:29:48.028000Z,2025-01-08T18:08:10.077847Z,866.0,75b53a55e8,331,49,Female,White,United States,United States,United States,English,No,Part-Time
677ebb3ab2be84ca838d2461,66abd7d501b21036f9f9994a,APPROVED,Not Applicable,2025-01-08T17:54:19.003000Z,2025-01-08T18:09:15.706000Z,2025-01-10T20:29:48.271000Z,2025-01-08T18:09:16.450173Z,897.0,75b53a55e8,603,54,Female,White,United States,United States,United States,English,No,Unemployed (and job seeking)
677ebb3be1cd86a7f9dc07b2,663d1309389a0851c125d533,APPROVED,Not Applicable,2025-01-08T17:52:00.018000Z,2025-01-08T18:00:07.734000Z,2025-01-10T20:29:48.500000Z,2025-01-08T18:00:08.445692Z,488.0,75b53a55e8,1184,52,Female,White,United States,United States,United States,English,No,Unemployed (and job seeking)
677ebb3df936d592dfd26a6d,66aaacc9965a314614aa3b7a,RETURNED,Not Applicable,2025-01-08T17:52:04.560000Z,,,2025-01-23T16:32:26.931780Z,,,684,CONSENT_REVOKED,CONSENT_REVOKED,CONSENT_REVOKED,CONSENT_REVOKED,CONSENT_REVOKED,CONSENT_REVOKED,CONSENT_REVOKED,CONSENT_REVOKED,CONSENT_REVOKED
677ebb3e0ea45dee457ab3d7,67353c5b02692f8b343959d4,RETURNED,Not Applicable,2025-01-08T17:52:06.768000Z,,,2025-01-23T16:32:26.943855Z,,,196,CONSENT_REVOKED,CONSENT_REVOKED,CONSENT_REVOKED,CONSENT_REVOKED,CONSENT_REVOKED,CONSENT_REVOKED,CONSENT_REVOKED,CONSENT_REVOKED,CONSENT_REVOKED
677ebb458d97d94974ce1f5a,5d460ce9ba790b0001dd488c,APPROVED,Not Applicable,2025-01-08T17:52:09.025000Z,2025-01-08T17:58:35.170000Z,2025-01-10T20:29:48.742000Z,2025-01-08T17:58:40.340495Z,387.0,75b53a55e8,617,38,Female,White,United States,United States,United States,English,Yes,Full-Time
677ebb46a7b09d9cc48b2468,66f2c8d993c4b348af208901,APPROVED,Not Applicable,2025-01-08T17:52:13.609000Z,2025-01-08T18:09:09.507000Z,2025-01-10T20:29:48.974000Z,2025-01-08T18:09:10.496208Z,1016.0,75b53a55e8,234,33,Female,White,United States,United States,United States,English,No,Full-Time
677ebb4a2754abccaef6621f,666ad9cd9e785efb19474220,RETURNED,Not Applicable,2025-01-08T17:52:19.164000Z,,,2025-01-23T16:32:26.953122Z,,,925,CONSENT_REVOKED,CONSENT_REVOKED,CONSENT_REVOKED,CONSENT_REVOKED,CONSENT_REVOKED,CONSENT_REVOKED,CONSENT_REVOKED,CONSENT_REVOKED,CONSENT_REVOKED
677ebb50696ee5f269248f25,66e31654470ca1ff856bc466,RETURNED,Not Applicable,2025-01-08T17:52:52.055000Z,,,2025-01-23T16:32:26.936557Z,,,309,CONSENT_REVOKED,CONSENT_REVOKED,CONSENT_REVOKED,CONSENT_REVOKED,CONSENT_REVOKED,CONSENT_REVOKED,CONSENT_REVOKED,CONSENT_REVOKED,CONSENT_REVOKED
677ebb544dc3fdfce0334de4,622a42c21de0c55ba18a2acb,APPROVED,Not Applicable,2025-01-08T17:52:28.377000Z,2025-01-08T18:03:39.084000Z,2025-01-10T20:29:49.211000Z,2025-01-08T18:03:40.004407Z,671.0,75b53a55e8,3788,62,Female,White,United States,United States,United States,English,No,Part-Time
677ebb57e024f5c5b6dd9f61,63657849258ff11eb80df55d,APPROVED,Not Applicable,2025-01-08T17:52:28.616000Z,2025-01-08T17:59:19.427000Z,2025-01-10T20:29:49.435000Z,2025-01-08T17:59:20.194064Z,411.0,75b53a55e8,298,20,Male,White,United States,United States,United States,English,No,Unemployed (and job seeking)
677ebb5b4c8d21e435bab8c6,677c36a21a038fd5c8c3bdb8,RETURNED,Not Applicable,2025-01-08T17:52:35.104000Z,,,2025-01-23T16:32:26.944127Z,,,27,CONSENT_REVOKED,CONSENT_REVOKED,CONSENT_REVOKED,CONSENT_REVOKED,CONSENT_REVOKED,CONSENT_REVOKED,CONSENT_REVOKED,CONSENT_REVOKED,CONSENT_REVOKED
677ebb5f524aaff067dc07b8,66be71767e4798a65632601b,APPROVED,Not Applicable,2025-01-08T17:52:37.228000Z,2025-01-08T18:07:47.859000Z,2025-01-10T20:29:49.663000Z,2025-01-08T18:08:21.082378Z,911.0,75b53a55e8,389,46,Female,White,United States,United States,United States,English,No,Full-Time
677ebb60597d374b0ae8f6e4,67214507239dd44435ed5469,APPROVED,Not Applicable,2025-01-08T17:52:37.362000Z,2025-01-08T18:07:08.068000Z,2025-01-10T20:29:49.953000Z,2025-01-08T18:08:15.404858Z,871.0,75b53a55e8,318,24,Male,White,United States,United States,United States,English,No,Full-Time
677ebb62626be3088ae0c439,61083f5aa6ab5733e4fa8e85,TIMED-OUT,Not Applicable,2025-01-08T17:52:58.780000Z,,,2025-01-23T16:32:26.940802Z,1291169.0,,1360,23,Male,White,United States,United States,United States,English,DATA_EXPIRED,DATA_EXPIRED
677ebb6332ee098ae7e62515,5b4370f330bbfd000105f991,APPROVED,Not Applicable,2025-01-08T17:52:46.751000Z,2025-01-08T18:00:00.488000Z,2025-01-10T20:29:50.292000Z,2025-01-08T18:00:05.096027Z,434.0,75b53a55e8,5570,59,Male,White,United States,United States,United States,English,DATA_EXPIRED,DATA_EXPIRED
677ebb64c67cda2a278f6257,5defad479db50d000d727ed1,RETURNED,Not Applicable,2025-01-08T17:52:42.072000Z,,,2025-01-23T16:32:26.989260Z,,,3249,CONSENT_REVOKED,CONSENT_REVOKED,CONSENT_REVOKED,CONSENT_REVOKED,CONSENT_REVOKED,CONSENT_REVOKED,CONSENT_REVOKED,CONSENT_REVOKED,CONSENT_REVOKED
677ebb6678e573e9e8b9f231,603d6ae665fbaacb5621ede2,RETURNED,Not Applicable,2025-01-08T17:52:38.576000Z,,,2025-01-23T16:32:26.954200Z,,,7435,CONSENT_REVOKED,CONSENT_REVOKED,CONSENT_REVOKED,CONSENT_REVOKED,CONSENT_REVOKED,CONSENT_REVOKED,CONSENT_REVOKED,CONSENT_REVOKED,CONSENT_REVOKED
677ebb6b29e1166620186ad0,66fbf7c64e20a027558cfa99,RETURNED,Not Applicable,2025-01-08T17:52:57.856000Z,,,2025-01-23T16:32:26.943677Z,,,534,CONSENT_REVOKED,CONSENT_REVOKED,CONSENT_REVOKED,CONSENT_REVOKED,CONSENT_REVOKED,CONSENT_REVOKED,CONSENT_REVOKED,CONSENT_REVOKED,CONSENT_REVOKED
677ebb6c3603819f49b9e170,61086dd335b5043ec71b99b5,APPROVED,Not Applicable,2025-01-08T17:52:59.187000Z,2025-01-08T18:02:06.722000Z,2025-01-10T20:29:50.576000Z,2025-01-08T18:02:07.505531Z,548.0,75b53a55e8,6284,30,Female,White,United States,United States,United States,English,No,Full-Time
677ebb6d597d374b0ae8f6e7,65ed244646acd454e8d8ab24,APPROVED,Not Applicable,2025-01-08T17:52:51.035000Z,2025-01-08T17:59:12.598000Z,2025-01-10T20:29:50.890000Z,2025-01-08T17:59:13.447934Z,382.0,75b53a55e8,10,47,Male,White,United States,United States,United States,English,Yes,DATA_EXPIRED
677ebb762a0bc027d8d264a5,674e3fdf658f7fedeaff8996,RETURNED,Not Applicable,2025-01-08T17:53:01.074000Z,,,2025-01-23T16:32:27.111214Z,,,139,CONSENT_REVOKED,CONSENT_REVOKED,CONSENT_REVOKED,CONSENT_REVOKED,CONSENT_REVOKED,CONSENT_REVOKED,CONSENT_REVOKED,CONSENT_REVOKED,CONSENT_REVOKED
677ebb76626be3088ae0c442,66c90f97266b99bdbbdac40b,RETURNED,Not Applicable,2025-01-08T17:53:04.865000Z,,,2025-01-23T16:32:26.978668Z,,,689,CONSENT_REVOKED,CONSENT_REVOKED,CONSENT_REVOKED,CONSENT_REVOKED,CONSENT_REVOKED,CONSENT_REVOKED,CONSENT_REVOKED,CONSENT_REVOKED,CONSENT_REVOKED
677ebb772640e94bf5ba3a99,65293fa9b73b0edd4fd93b95,RETURNED,Not Applicable,2025-01-08T17:53:02.589000Z,,,2025-01-23T16:32:26.947523Z,,,2748,CONSENT_REVOKED,CONSENT_REVOKED,CONSENT_REVOKED,CONSENT_REVOKED,CONSENT_REVOKED,CONSENT_REVOKED,CONSENT_REVOKED,CONSENT_REVOKED,CONSENT_REVOKED
677ebb813e4781e47ee8b185,62e70e152763c4635bc6ebb4,RETURNED,Not Applicable,2025-01-08T17:53:12.448000Z,2025-01-08T18:17:49.276000Z,,2025-01-23T16:32:26.954503Z,,NOCODE,2949,CONSENT_REVOKED,CONSENT_REVOKED,CONSENT_REVOKED,CONSENT_REVOKED,CONSENT_REVOKED,CONSENT_REVOKED,CONSENT_REVOKED,CONSENT_REVOKED,CONSENT_REVOKED
677ebb826a3b2979059a3f1a,663633059d5ba66fc519115a,APPROVED,Not Applicable,2025-01-08T17:53:47.974000Z,2025-01-08T18:11:40.329000Z,2025-01-10T20:29:51.182000Z,2025-01-08T18:11:42.548980Z,1073.0,75b53a55e8,453,60,Female,White,United States,United States,United States,English,No,Other
677ebb83d4b41562993740a3,63f7b8c25fc05973386fcdff,APPROVED,Not Applicable,2025-01-08T17:53:31.745000Z,2025-01-08T18:02:19.267000Z,2025-01-10T20:29:51.441000Z,2025-01-08T18:02:19.929648Z,528.0,75b53a55e8,3474,30,Male,White,United States,United States,United States,English,DATA_EXPIRED,DATA_EXPIRED
677ebb8508ab072d4b61d151,676fe44e905db4b6f98e4be8,APPROVED,Not Applicable,2025-01-08T17:55:50.933000Z,2025-01-08T18:18:06.018000Z,2025-01-10T20:29:51.673000Z,2025-01-08T18:18:07.977620Z,1336.0,75b53a55e8,15,29,Female,Black,Ghana,United States,United States,English,DATA_EXPIRED,Full-Time
677ebb86c4f2562df19045bf,67479fbb4ccf38440d47a7c3,APPROVED,Not Applicable,2025-01-08T17:53:16.643000Z,2025-01-08T17:59:17.743000Z,2025-01-10T20:29:51.952000Z,2025-01-08T17:59:18.496247Z,362.0,75b53a55e8,145,30,Female,Asian,United States,United States,United States,English,No,Full-Time
677ebb88c02dc1a6eb192160,63fcf26a814570a76bcf2237,APPROVED,Not Applicable,2025-01-08T17:54:45.942000Z,2025-01-08T18:00:37.239000Z,2025-01-10T20:29:52.350000Z,2025-01-08T18:00:38.017465Z,352.0,75b53a55e8,4416,33,Male,Black,United States,United States,United States,English,Yes,DATA_EXPIRED
677ebb89b1868d8b7b21bc91,66f748a6178e9d6aeb4e26b0,APPROVED,Not Applicable,2025-01-08T17:53:18.044000Z,2025-01-08T18:05:19.841000Z,2025-01-10T20:29:52.632000Z,2025-01-08T18:05:20.633458Z,722.0,75b53a55e8,471,34,Female,Asian,Philippines,United States,United States,English,No,"Not in paid work (e.g. homemaker', 'retired or disabled)"
677ebb89c619cd83a99a78b7,676b33ed522567a8281134aa,APPROVED,Not Applicable,2025-01-08T17:53:19.210000Z,2025-01-08T18:10:28.956000Z,2025-01-10T20:29:52.891000Z,2025-01-08T18:10:29.622222Z,1030.0,75b53a55e8,17,41,Male,White,United States,United States,United States,English,No,Other
677ebb8a7759e770f05d08f1,672a64f54d96e3036563cd97,APPROVED,Not Applicable,2025-01-08T17:53:25.351000Z,2025-01-08T18:10:09.584000Z,2025-01-10T20:29:53.147000Z,2025-01-08T18:10:10.550591Z,1005.0,75b53a55e8,204,33,Female,White,United States,United States,United States,English,No,Unemployed (and job seeking)
677ebb8ace2a24e72ac77f59,6760f2ed5c7e5d977eb5bd54,RETURNED,Not Applicable,2025-01-08T17:53:42.400000Z,,,2025-01-23T16:32:26.950088Z,,,98,CONSENT_REVOKED,CONSENT_REVOKED,CONSENT_REVOKED,CONSENT_REVOKED,CONSENT_REVOKED,CONSENT_REVOKED,CONSENT_REVOKED,CONSENT_REVOKED,CONSENT_REVOKED
677ebb8b4e5b1a571a3ebb78,67354f83e7b955d3b7e94f5e,REJECTED,Not Applicable,2025-01-08T17:53:21.440000Z,2025-01-08T17:53:46.200000Z,2025-01-08T19:36:42.560000Z,2025-01-23T16:32:26.955577Z,25.0,NOCODE,204,CONSENT_REVOKED,CONSENT_REVOKED,CONSENT_REVOKED,CONSENT_REVOKED,CONSENT_REVOKED,CONSENT_REVOKED,CONSENT_REVOKED,CONSENT_REVOKED,CONSENT_REVOKED
677ebb8b6cc3afe1ebe63ab4,675f40ce939aa5a2698014dc,TIMED-OUT,Not Applicable,2025-01-08T17:53:23.533000Z,,,2025-01-23T16:32:26.951536Z,1291144.0,,87,20,Female,White,United States,United States,Germany,English,Yes,Part-Time
677ebb8cf0a6d51871da1e3a,66772da1add67a4a8e713540,APPROVED,Not Applicable,2025-01-08T17:53:25.766000Z,2025-01-08T18:12:45.468000Z,2025-01-10T20:29:53.403000Z,2025-01-08T18:12:47.272482Z,1160.0,75b53a55e8,651,41,Female,White,United States,United States,United States,English,Yes,Part-Time
677ebb8d091e99890f1921b5,6664a1634453306b040667c8,APPROVED,Not Applicable,2025-01-08T17:53:26.243000Z,2025-01-08T18:02:53.417000Z,2025-01-10T20:29:53.667000Z,2025-01-08T18:02:54.180463Z,568.0,75b53a55e8,791,58,Female,White,Germany,United States,United States,English,No,Part-Time
677ebb8e8549d38c52186aac,6126ecc3ebef11936ed8bfcb,APPROVED,Not Applicable,2025-01-08T17:53:26.463000Z,2025-01-08T18:01:39.815000Z,2025-01-10T20:29:53.949000Z,2025-01-08T18:01:40.419467Z,494.0,75b53a55e8,7967,51,Female,White,United States,United States,United States,English,No,"Not in paid work (e.g. homemaker', 'retired or disabled)"
677ebb8fc18b61dd65d7f453,60d9e7e76cf2ab6d21eb5f99,RETURNED,Not Applicable,2025-01-08T17:53:27.437000Z,,,2025-01-23T16:32:26.962546Z,,,7531,CONSENT_REVOKED,CONSENT_REVOKED,CONSENT_REVOKED,CONSENT_REVOKED,CONSENT_REVOKED,CONSENT_REVOKED,CONSENT_REVOKED,CONSENT_REVOKED,CONSENT_REVOKED
677ebb8fed29ffe35a7a1d98,66de29b7d4d6dd25c97445d1,APPROVED,Not Applicable,2025-01-08T17:53:26.670000Z,2025-01-08T18:02:47.019000Z,2025-01-10T20:29:54.235000Z,2025-01-08T18:02:47.709148Z,561.0,75b53a55e8,705,57,Female,White,Canada,United States,United States,Greek,No,Part-Time
677ebb9110227a4dfcb9dd4d,674722b5e35eb3217787cdc6,APPROVED,Not Applicable,2025-01-08T17:53:52.872000Z,2025-01-08T18:02:31.437000Z,2025-01-10T20:29:54.482000Z,2025-01-08T18:02:32.551860Z,519.0,75b53a55e8,145,46,Female,White,United States,United States,United States,English,No,DATA_EXPIRED
677ebb9332ee098ae7e6251b,610b2e073f4d9cb0fee928f9,RETURNED,Not Applicable,2025-01-08T17:53:34.962000Z,,,2025-01-23T16:32:26.961309Z,,,127,CONSENT_REVOKED,CONSENT_REVOKED,CONSENT_REVOKED,CONSENT_REVOKED,CONSENT_REVOKED,CONSENT_REVOKED,CONSENT_REVOKED,CONSENT_REVOKED,CONSENT_REVOKED
677ebb940ff5ec224005e941,673da3577402d9a0570d6e42,APPROVED,Not Applicable,2025-01-08T17:58:08.573000Z,2025-01-08T18:20:26.514000Z,2025-01-10T20:29:54.996000Z,2025-01-08T18:20:27.021195Z,1338.0,75b53a55e8,79,42,Male,Black,Nigeria,United States,United States,English,Yes,Full-Time
677ebb961b28954d0ff4ef37,6710206ba4a7603f09fe4b78,RETURNED,Not Applicable,2025-01-08T17:53:47.255000Z,,,2025-01-23T16:32:26.968217Z,,,294,CONSENT_REVOKED,CONSENT_REVOKED,CONSENT_REVOKED,CONSENT_REVOKED,CONSENT_REVOKED,CONSENT_REVOKED,CONSENT_REVOKED,CONSENT_REVOKED,CONSENT_REVOKED
677ebb96358e9629294646a5,66cf3020b454346ee3518a72,APPROVED,Not Applicable,2025-01-08T17:53:31.893000Z,2025-01-08T18:05:08.932000Z,2025-01-10T20:29:55.300000Z,2025-01-08T18:05:09.692857Z,698.0,75b53a55e8,837,58,Female,White,United States,United States,United States,English,No,Full-Time
677ebb98a6ed2f197860e154,669d35c3e44e342da0923849,APPROVED,Not Applicable,2025-01-08T17:54:34.823000Z,2025-01-08T18:10:58.505000Z,2025-01-10T20:29:55.586000Z,2025-01-08T18:10:59.149075Z,984.0,75b53a55e8,835,19,Female,Black,United States,United States,United States,English,DATA_EXPIRED,Part-Time
677ebb9ae16e6bc52ae871ae,65cb586a1166caf7eb546dda,RETURNED,Not Applicable,2025-01-08T17:53:30.178000Z,,,2025-01-23T16:32:26.968504Z,,,2304,CONSENT_REVOKED,CONSENT_REVOKED,CONSENT_REVOKED,CONSENT_REVOKED,CONSENT_REVOKED,CONSENT_REVOKED,CONSENT_REVOKED,CONSENT_REVOKED,CONSENT_REVOKED
677ebb9e32ee098ae7e62520,5f0f640b1dcabb12a6d8b972,APPROVED,Not Applicable,2025-01-08T17:53:38.800000Z,2025-01-08T18:00:15.838000Z,2025-01-10T20:29:55.870000Z,2025-01-08T18:00:16.501757Z,398.0,75b53a55e8,303,23,Female,Asian,United States,United States,United States,Chinese,Yes,Unemployed (and job seeking)
677ebba2f40da6ea484bd67c,671d15b4b59b2741dee8284a,APPROVED,Not Applicable,2025-01-08T17:53:49.681000Z,2025-01-08T18:14:42.918000Z,2025-01-10T20:29:56.102000Z,2025-01-08T18:14:43.714576Z,1254.0,75b53a55e8,133,30,Male,Mixed,United States,United States,United States,English,No,Unemployed (and job seeking)
677ebba5e77958c076ff6481,67624109381f4a275bb648d4,RETURNED,Not Applicable,2025-01-08T17:58:22.050000Z,,,2025-01-23T16:32:26.967890Z,,,14,CONSENT_REVOKED,CONSENT_REVOKED,CONSENT_REVOKED,CONSENT_REVOKED,CONSENT_REVOKED,CONSENT_REVOKED,CONSENT_REVOKED,CONSENT_REVOKED,CONSENT_REVOKED
677ebba6564cd73a51357854,676426ad8f369a3410856666,REJECTED,Not Applicable,2025-01-08T17:54:06.232000Z,2025-01-08T17:59:56.810000Z,2025-01-21T17:28:18.589000Z,2025-01-23T16:32:26.971341Z,351.0,NOCODE,34,CONSENT_REVOKED,CONSENT_REVOKED,CONSENT_REVOKED,CONSENT_REVOKED,CONSENT_REVOKED,CONSENT_REVOKED,CONSENT_REVOKED,CONSENT_REVOKED,CONSENT_REVOKED
677ebba70ea45dee457ab3fa,66d2d920fb76c49f098b9397,APPROVED,Not Applicable,2025-01-08T17:53:49.916000Z,2025-01-08T18:08:57.675000Z,2025-01-10T20:29:56.351000Z,2025-01-08T18:08:58.345396Z,908.0,75b53a55e8,267,35,Female,White,United States,United States,United States,English,No,Unemployed (and job seeking)
677ebba7af8bd8ff39e6a423,623519c893eaebfcb0046e26,APPROVED,Not Applicable,2025-01-08T17:53:57.655000Z,2025-01-08T18:09:17.147000Z,2025-01-10T20:29:56.579000Z,2025-01-08T18:09:17.832206Z,920.0,75b53a55e8,4881,40,Female,White,United States,United States,United States,English,No,Full-Time
677ebba90f83a534283579c9,661e233193681e47ca4b48b6,RETURNED,Not Applicable,2025-01-08T17:53:50.971000Z,,,2025-01-23T16:32:26.973784Z,,,172,CONSENT_REVOKED,CONSENT_REVOKED,CONSENT_REVOKED,CONSENT_REVOKED,CONSENT_REVOKED,CONSENT_REVOKED,CONSENT_REVOKED,CONSENT_REVOKED,CONSENT_REVOKED
677ebbabd338d7cd99dbbef1,6751f639ed7ec5420fbf12d9,RETURNED,Not Applicable,2025-01-08T17:53:53.551000Z,,,2025-01-23T16:32:26.974508Z,,,74,CONSENT_REVOKED,CONSENT_REVOKED,CONSENT_REVOKED,CONSENT_REVOKED,CONSENT_REVOKED,CONSENT_REVOKED,CONSENT_REVOKED,CONSENT_REVOKED,CONSENT_REVOKED
677ebbabe1cd86a7f9dc07cb,664d4b7f481184c1ec63e7f9,RETURNED,Not Applicable,2025-01-08T17:54:00.525000Z,,,2025-01-23T16:32:26.981383Z,,,435,CONSENT_REVOKED,CONSENT_REVOKED,CONSENT_REVOKED,CONSENT_REVOKED,CONSENT_REVOKED,CONSENT_REVOKED,CONSENT_REVOKED,CONSENT_REVOKED,CONSENT_REVOKED
677ebbac2f9ca14ac74646a9,676598c1f6525ec5830bb0cd,RETURNED,Not Applicable,2025-01-08T17:53:56.291000Z,,,2025-01-23T16:32:26.982006Z,,,99,CONSENT_REVOKED,CONSENT_REVOKED,CONSENT_REVOKED,CONSENT_REVOKED,CONSENT_REVOKED,CONSENT_REVOKED,CONSENT_REVOKED,CONSENT_REVOKED,CONSENT_REVOKED
677ebbac4dc3fdfce0334df6,67523995917dcfa6496e68d3,APPROVED,Not Applicable,2025-01-08T17:54:07.319000Z,2025-01-08T18:20:42.590000Z,2025-01-10T20:29:56.872000Z,2025-01-08T18:20:43.966887Z,1596.0,75b53a55e8,135,20,Female,Mixed,DATA_EXPIRED,United States,United States,English,Yes,Other
677ebbad60580fe50eff239d,611e6704567a73202f78bef7,APPROVED,Not Applicable,2025-01-08T17:53:49.652000Z,2025-01-08T18:01:29.088000Z,2025-01-10T20:29:57.167000Z,2025-01-08T18:01:29.834868Z,460.0,75b53a55e8,5574,42,Male,DATA_EXPIRED,United States,United States,United States,English,DATA_EXPIRED,DATA_EXPIRED
677ebbae298f6045b5bd7bed,60ff5fb6cbf1bb7de9bf2801,APPROVED,Not Applicable,2025-01-08T17:53:55.277000Z,2025-01-08T18:01:47.375000Z,2025-01-10T20:29:57.417000Z,2025-01-08T18:01:48.462096Z,473.0,75b53a55e8,629,23,Female,White,United States,United States,United States,English,No,DATA_EXPIRED
677ebbaed466a789d0762cd7,56871df4369319000c268ff2,RETURNED,Not Applicable,2025-01-08T17:56:35.551000Z,,,2025-01-23T16:32:26.979952Z,,,1077,CONSENT_REVOKED,CONSENT_REVOKED,CONSENT_REVOKED,CONSENT_REVOKED,CONSENT_REVOKED,CONSENT_REVOKED,CONSENT_REVOKED,CONSENT_REVOKED,CONSENT_REVOKED
677ebbafbddda41006a3a3c5,672ec2b85c5a45321e526e3d,RETURNED,Not Applicable,2025-01-08T17:59:27.662000Z,,,2025-01-23T16:32:26.989511Z,,,99,CONSENT_REVOKED,CONSENT_REVOKED,CONSENT_REVOKED,CONSENT_REVOKED,CONSENT_REVOKED,CONSENT_REVOKED,CONSENT_REVOKED,CONSENT_REVOKED,CONSENT_REVOKED
677ebbb1d737761c95ec7688,6700a9eaabb77a01f1db3108,RETURNED,Not Applicable,2025-01-08T17:54:14.280000Z,,,2025-01-23T16:32:27.004594Z,,,213,CONSENT_REVOKED,CONSENT_REVOKED,CONSENT_REVOKED,CONSENT_REVOKED,CONSENT_REVOKED,CONSENT_REVOKED,CONSENT_REVOKED,CONSENT_REVOKED,CONSENT_REVOKED
677ebbb3b1eca5faba447435,671a49f097ed9a0a68519d16,APPROVED,Not Applicable,2025-01-08T17:54:32.981000Z,2025-01-08T18:14:38.752000Z,2025-01-10T20:29:57.642000Z,2025-01-08T18:14:39.478105Z,1206.0,75b53a55e8,208,45,Female,Black,United States,United States,United States,English,No,DATA_EXPIRED
677ebbb42175c4f3c0752df6,671dc9c239d6c9c60589d4b6,RETURNED,Not Applicable,2025-01-08T17:54:04.542000Z,,,2025-01-23T16:32:26.989483Z,,,256,CONSENT_REVOKED,CONSENT_REVOKED,CONSENT_REVOKED,CONSENT_REVOKED,CONSENT_REVOKED,CONSENT_REVOKED,CONSENT_REVOKED,CONSENT_REVOKED,CONSENT_REVOKED
677ebbb6fd248b0285b8e189,58a229e74d580c0001e0a766,APPROVED,Not Applicable,2025-01-08T17:54:05.761000Z,2025-01-08T18:06:45.880000Z,2025-01-10T20:29:57.914000Z,2025-01-08T18:08:11.823807Z,761.0,75b53a55e8,2372,35,Male,White,United States,United States,United States,English,No,Full-Time
677ebbb9abe0ceb11f5a0af3,674f22af21d6a0d92c657422,RETURNED,Not Applicable,2025-01-08T17:54:06.015000Z,,,2025-01-23T16:32:27.109185Z,,,249,CONSENT_REVOKED,CONSENT_REVOKED,CONSENT_REVOKED,CONSENT_REVOKED,CONSENT_REVOKED,CONSENT_REVOKED,CONSENT_REVOKED,CONSENT_REVOKED,CONSENT_REVOKED
677ebbbb0772a0a477c2c656,5e9f3f09ccc75a0c345e4845,APPROVED,Not Applicable,2025-01-08T17:54:10.566000Z,2025-01-08T18:03:02.420000Z,2025-01-10T20:29:58.153000Z,2025-01-08T18:03:03.140290Z,532.0,75b53a55e8,9166,65,Female,White,United States,United States,United States,English,No,Part-Time
677ebbbb28e73c39f2949b41,6762e0666b3ba0f0d0318630,REJECTED,Not Applicable,2025-01-08T17:54:27.049000Z,2025-01-08T17:56:37.307000Z,2025-01-21T17:28:24.026000Z,2025-01-23T16:32:27.018754Z,131.0,NOCODE,45,CONSENT_REVOKED,CONSENT_REVOKED,CONSENT_REVOKED,CONSENT_REVOKED,CONSENT_REVOKED,CONSENT_REVOKED,CONSENT_REVOKED,CONSENT_REVOKED,CONSENT_REVOKED
677ebbbc16b1daa11570f45a,662950f56d27e77653405ab6,RETURNED,Not Applicable,2025-01-08T18:04:04.244000Z,,,2025-01-23T16:32:27.008313Z,,,274,CONSENT_REVOKED,CONSENT_REVOKED,CONSENT_REVOKED,CONSENT_REVOKED,CONSENT_REVOKED,CONSENT_REVOKED,CONSENT_REVOKED,CONSENT_REVOKED,CONSENT_REVOKED
677ebbbd7bd09c8d6e7858aa,675bead4e4f525677a43a27a,RETURNED,Not Applicable,2025-01-08T18:05:00.065000Z,,,2025-01-23T16:32:27.029691Z,,,136,CONSENT_REVOKED,CONSENT_REVOKED,CONSENT_REVOKED,CONSENT_REVOKED,CONSENT_REVOKED,CONSENT_REVOKED,CONSENT_REVOKED,CONSENT_REVOKED,CONSENT_REVOKED
677ebbbf6cc3afe1ebe63abe,5f4bbf82fffa8779d1d4b082,APPROVED,Not Applicable,2025-01-08T17:54:13.380000Z,2025-01-08T18:07:49.399000Z,2025-01-10T20:29:58.389000Z,2025-01-08T18:08:21.007710Z,817.0,75b53a55e8,7609,39,Male,White,United States,United States,United States,English,No,Full-Time
677ebbbf8287bfab9711d7c4,66ed8eaf71a43c175b24b2dc,RETURNED,Not Applicable,2025-01-08T17:54:19.851000Z,,,2025-01-23T16:32:27.036241Z,,,393,CONSENT_REVOKED,CONSENT_REVOKED,CONSENT_REVOKED,CONSENT_REVOKED,CONSENT_REVOKED,CONSENT_REVOKED,CONSENT_REVOKED,CONSENT_REVOKED,CONSENT_REVOKED
677ebbc01376a88a39163884,667be26f759c951f628868c2,RETURNED,Not Applicable,2025-01-08T17:54:12.217000Z,,,2025-01-23T16:32:27.033082Z,,,64,CONSENT_REVOKED,CONSENT_REVOKED,CONSENT_REVOKED,CONSENT_REVOKED,CONSENT_REVOKED,CONSENT_REVOKED,CONSENT_REVOKED,CONSENT_REVOKED,CONSENT_REVOKED
677ebbc357d856b0088a0214,60e3cb01a5a92b6e1fc43ed5,APPROVED,Not Applicable,2025-01-08T17:58:48.251000Z,2025-01-08T18:11:15.968000Z,2025-01-10T20:29:58.626000Z,2025-01-08T18:11:16.965932Z,748.0,75b53a55e8,2154,26,Male,White,United States,United States,United States,English,No,Unemployed (and job seeking)
677ebbc46a3b2979059a3f2a,67308fd1e05ccfd27ec00fcf,APPROVED,Not Applicable,2025-01-08T17:54:20.042000Z,2025-01-08T18:13:33.610000Z,2025-01-10T20:29:58.862000Z,2025-01-08T18:13:34.202603Z,1154.0,75b53a55e8,108,21,Male,Mixed,Ghana,United States,United States,English,Yes,Part-Time
677ebbc64fb05739512f49b9,670d59de8acf3a0b20436ebe,RETURNED,Not Applicable,2025-01-08T17:54:22.491000Z,,,2025-01-23T16:32:27.011979Z,,,315,CONSENT_REVOKED,CONSENT_REVOKED,CONSENT_REVOKED,CONSENT_REVOKED,CONSENT_REVOKED,CONSENT_REVOKED,CONSENT_REVOKED,CONSENT_REVOKED,CONSENT_REVOKED
677ebbc9d5a598a914715d9f,63bdb63007b7ff499cb0e839,APPROVED,Not Applicable,2025-01-08T17:54:57.793000Z,2025-01-08T18:31:44.400000Z,2025-01-10T20:29:59.123000Z,2025-01-08T18:31:45.232986Z,2207.0,75b53a55e8,2274,54,Male,White,United States,United States,United States,English,DATA_EXPIRED,DATA_EXPIRED
677ebbca167f43309e15c596,65e68fb1a21db3bbe1cfd991,RETURNED,Not Applicable,2025-01-08T17:54:24.665000Z,,,2025-01-23T16:32:27.037231Z,,,1134,CONSENT_REVOKED,CONSENT_REVOKED,CONSENT_REVOKED,CONSENT_REVOKED,CONSENT_REVOKED,CONSENT_REVOKED,CONSENT_REVOKED,CONSENT_REVOKED,CONSENT_REVOKED
677ebbca8287bfab9711d7c9,5c223d4a4a7e1f000137e5b9,APPROVED,Not Applicable,2025-01-08T17:54:24.189000Z,2025-01-08T18:02:41.665000Z,2025-01-10T20:29:59.366000Z,2025-01-08T18:02:42.250539Z,498.0,75b53a55e8,6567,36,Male,White,United States,United States,United States,English,DATA_EXPIRED,Full-Time
677ebbcc39f6f7a031645847,66d0c52bea8c0b8ff2bb96f8,RETURNED,Not Applicable,2025-01-08T17:54:26.986000Z,,,2025-01-23T16:32:27.023722Z,,,548,CONSENT_REVOKED,CONSENT_REVOKED,CONSENT_REVOKED,CONSENT_REVOKED,CONSENT_REVOKED,CONSENT_REVOKED,CONSENT_REVOKED,CONSENT_REVOKED,CONSENT_REVOKED
677ebbcde9cf9acff938e9bf,667c66be2cfdb420fd63f2c9,RETURNED,Not Applicable,2025-01-08T17:54:37.721000Z,,,2025-01-23T16:32:27.008983Z,,,1149,CONSENT_REVOKED,CONSENT_REVOKED,CONSENT_REVOKED,CONSENT_REVOKED,CONSENT_REVOKED,CONSENT_REVOKED,CONSENT_REVOKED,CONSENT_REVOKED,CONSENT_REVOKED
677ebbce0b9005b7b3c2c671,67059311fdf4bc0b38a00848,APPROVED,Not Applicable,2025-01-08T17:54:35.642000Z,2025-01-08T18:08:51.642000Z,2025-01-10T20:29:59.725000Z,2025-01-08T18:08:52.210965Z,856.0,75b53a55e8,353,37,Male,White,United States,United States,United States,English,No,Full-Time
677ebbcfa0b5178b3f519209,5d4732b70829350016ed314d,RETURNED,Not Applicable,2025-01-08T17:55:20.379000Z,,,2025-01-23T16:32:27.020914Z,,,3041,CONSENT_REVOKED,CONSENT_REVOKED,CONSENT_REVOKED,CONSENT_REVOKED,CONSENT_REVOKED,CONSENT_REVOKED,CONSENT_REVOKED,CONSENT_REVOKED,CONSENT_REVOKED
677ebbd04b7b227c5fe8718f,65b19df28c8632ab552cc1d7,APPROVED,Not Applicable,2025-01-08T17:54:33.036000Z,2025-01-08T18:11:28.431000Z,2025-01-10T20:29:59.992000Z,2025-01-08T18:11:29.188947Z,1016.0,75b53a55e8,398,53,Male,Black,United States,United States,United States,English,No,Part-Time
677ebbd086dea423fa1df251,65e84adb6f06957a658f1f25,APPROVED,Not Applicable,2025-01-08T17:55:54.148000Z,2025-01-08T18:16:02.534000Z,2025-01-10T20:26:25.089000Z,2025-01-08T18:16:03.262953Z,1209.0,75b53a55e8,215,23,Male,White,United States,United States,United States,English,No,Unemployed (and job seeking)
677ebbd297030cb9b29a7941,6695745ee6d6f8975139350a,APPROVED,Not Applicable,2025-01-08T17:54:31.654000Z,2025-01-08T18:10:40.914000Z,2025-01-10T20:26:25.322000Z,2025-01-08T18:10:41.667015Z,970.0,75b53a55e8,641,52,Female,White,United States,United States,United States,English,No,Unemployed (and job seeking)
677ebbd34dc3fdfce0334e01,671be80dd312fef1ab1d7c31,APPROVED,Not Applicable,2025-01-08T17:54:33.576000Z,2025-01-08T18:04:23.381000Z,2025-01-10T20:26:25.576000Z,2025-01-08T18:04:24.485461Z,590.0,75b53a55e8,409,72,Male,White,United States,United States,United States,English,No,"Not in paid work (e.g. homemaker', 'retired or disabled)"
677ebbd437a3e8cb4c339110,675295795cbb6943b5c8f6eb,APPROVED,Not Applicable,2025-01-08T17:54:38.159000Z,2025-01-08T18:02:51.405000Z,2025-01-10T20:26:25.821000Z,2025-01-08T18:02:52.019107Z,494.0,75b53a55e8,99,30,Female,White,United States,United States,Cuba,English,No,"Not in paid work (e.g. homemaker', 'retired or disabled)"
677ebbd5aadb5d393cf8f88a,66521f2814361783a20f817a,APPROVED,Not Applicable,2025-01-08T17:54:36.321000Z,2025-01-08T18:05:25.899000Z,2025-01-10T20:26:26.070000Z,2025-01-08T18:07:56.528019Z,650.0,75b53a55e8,725,23,Female,White,United States,United States,United States,English,DATA_EXPIRED,DATA_EXPIRED
677ebbd7b2c9cfbd4c2a59e8,662e214f43b3ced866b7e205,APPROVED,Not Applicable,2025-01-08T17:54:39.480000Z,2025-01-08T18:05:05.519000Z,2025-01-10T20:26:26.297000Z,2025-01-08T18:05:06.488213Z,627.0,75b53a55e8,1134,58,Female,White,United States,United States,United States,English,DATA_EXPIRED,DATA_EXPIRED
677ebbd7b50ecb490160d17a,677062a547054950c3cc422c,APPROVED,Not Applicable,2025-01-08T17:54:48.185000Z,2025-01-08T18:00:09.210000Z,2025-01-10T20:26:26.560000Z,2025-01-08T18:00:09.826006Z,322.0,75b53a55e8,24,21,Female,Asian,United States,United States,United States,English,Yes,DATA_EXPIRED
677ebbd879eb1672cc3ebb97,63d0293ea72094f49357ebe6,APPROVED,Not Applicable,2025-01-08T17:54:39.402000Z,2025-01-08T18:06:19.143000Z,2025-01-10T20:26:26.851000Z,2025-01-08T18:08:07.864299Z,700.0,75b53a55e8,2134,41,Male,Mixed,United States,United States,United States,English,Yes,Unemployed (and job seeking)
677ebbd9284cce5c4f9782fb,5b757a03976ecb0001b1168f,APPROVED,Not Applicable,2025-01-08T17:54:43.391000Z,2025-01-08T18:04:56.475000Z,2025-01-10T20:26:27.075000Z,2025-01-08T18:04:57.023591Z,614.0,75b53a55e8,6388,73,Female,White,United States,United States,United States,English,No,"Not in paid work (e.g. homemaker', 'retired or disabled)"
677ebbda3111f680ade624c2,66bac9ca9e4ac299a988adf0,RETURNED,Not Applicable,2025-01-08T17:55:26.595000Z,,,2025-01-23T16:32:27.021584Z,,,803,CONSENT_REVOKED,CONSENT_REVOKED,CONSENT_REVOKED,CONSENT_REVOKED,CONSENT_REVOKED,CONSENT_REVOKED,CONSENT_REVOKED,CONSENT_REVOKED,CONSENT_REVOKED
677ebbdb4c6461d190e2d29f,63d13ed97b500fd99ee7dfd3,APPROVED,Not Applicable,2025-01-08T17:54:40.318000Z,2025-01-08T18:03:56.796000Z,2025-01-10T20:26:27.291000Z,2025-01-08T18:03:57.648548Z,557.0,75b53a55e8,3431,47,Male,White,United States,United States,United States,English,No,Unemployed (and job seeking)
677ebbdb55c995835371732a,653ee050fde0b1bf3b84b7fd,RETURNED,Not Applicable,2025-01-08T18:04:35.731000Z,,,2025-01-23T16:32:27.035150Z,,,164,CONSENT_REVOKED,CONSENT_REVOKED,CONSENT_REVOKED,CONSENT_REVOKED,CONSENT_REVOKED,CONSENT_REVOKED,CONSENT_REVOKED,CONSENT_REVOKED,CONSENT_REVOKED
677ebbdcaf51b9a5ff235ee2,65e0fc6b883b6a493d50e0a5,APPROVED,Not Applicable,2025-01-08T17:55:37.766000Z,2025-01-08T18:24:59.961000Z,2025-01-10T20:26:27.525000Z,2025-01-08T18:25:03.661376Z,1763.0,75b53a55e8,430,28,Female,White,United States,United States,United States,English,Yes,Full-Time
677ebbdde9e611a4b80e3449,63dd3dd2593c92be97d8dbde,APPROVED,Not Applicable,2025-01-08T17:54:37.379000Z,2025-01-08T18:19:48.173000Z,2025-01-10T20:26:27.734000Z,2025-01-08T18:19:49.214981Z,1511.0,75b53a55e8,4357,21,Male,Asian,United States,United States,United States,English,No,Unemployed (and job seeking)
677ebbde406a3c534bf2dc88,5d845d15fbc5970001e821e0,APPROVED,Not Applicable,2025-01-08T18:00:29.565000Z,2025-01-08T18:32:01.241000Z,2025-01-10T20:26:27.955000Z,2025-01-08T18:32:01.908736Z,1892.0,75b53a55e8,705,24,Female,White,United States,United States,United States,English,DATA_EXPIRED,DATA_EXPIRED
677ebbdfaadb5d393cf8f88e,672c2562333d511af60d4ae4,APPROVED,Not Applicable,2025-01-08T17:54:43.383000Z,2025-01-08T17:59:54.916000Z,2025-01-10T20:26:28.184000Z,2025-01-08T18:00:03.658395Z,312.0,75b53a55e8,83,47,Female,White,United States,United States,United States,English,No,Part-Time
677ebbe169b1a9fcfa549ea7,5c11ca831f6f15000148d51c,RETURNED,Not Applicable,2025-01-08T17:54:50.925000Z,,,2025-01-23T16:32:27.021299Z,,,480,CONSENT_REVOKED,CONSENT_REVOKED,CONSENT_REVOKED,CONSENT_REVOKED,CONSENT_REVOKED,CONSENT_REVOKED,CONSENT_REVOKED,CONSENT_REVOKED,CONSENT_REVOKED
677ebbe25322280af28a0188,58c5455ac7ed3f000116d32c,APPROVED,Not Applicable,2025-01-08T17:54:51.796000Z,2025-01-08T18:03:04.606000Z,2025-01-10T20:26:28.464000Z,2025-01-08T18:03:05.365495Z,493.0,75b53a55e8,1392,27,Female,White,United States,United States,United States,English,No,Full-Time
677ebbe4a440caf99d2a41c7,5c8f224c9d2bff0001867ce2,APPROVED,Not Applicable,2025-01-08T17:54:58.025000Z,2025-01-08T18:07:28.148000Z,2025-01-10T20:26:28.673000Z,2025-01-08T18:08:18.706264Z,751.0,75b53a55e8,2650,39,Male,White,United States,United States,United States,English,DATA_EXPIRED,DATA_EXPIRED
677ebbe5fc50de49938b0fce,6668d0285bed676ff3ddbb19,APPROVED,Not Applicable,2025-01-08T17:55:00.369000Z,2025-01-08T18:14:49.790000Z,2025-01-10T20:26:28.898000Z,2025-01-08T18:14:50.353974Z,1190.0,75b53a55e8,653,59,Male,Mixed,United States,United States,United States,English,No,Full-Time
677ebbe7d4867994d9bab914,667ccbeb11f10743686a47be,APPROVED,Not Applicable,2025-01-08T17:54:52.424000Z,2025-01-08T18:02:04.444000Z,2025-01-10T20:26:29.132000Z,2025-01-08T18:02:05.636040Z,433.0,75b53a55e8,527,34,Female,Mixed,United States,United States,United States,English,No,Unemployed (and job seeking)
677ebbe855c995835371732d,63d97783964f31dddcf64d54,APPROVED,Not Applicable,2025-01-08T17:54:53.810000Z,2025-01-08T18:02:59.258000Z,2025-01-10T20:26:29.363000Z,2025-01-08T18:02:59.824449Z,486.0,75b53a55e8,31,51,Female,White,United States,United States,United States,English,No,DATA_EXPIRED
677ebbe9b410391d15b5aa2b,671e36cc7fa293418ae65232,APPROVED,Not Applicable,2025-01-08T17:54:58.380000Z,2025-01-08T18:01:23.149000Z,2025-01-10T20:26:29.592000Z,2025-01-08T18:01:23.764159Z,385.0,75b53a55e8,265,42,Female,White,United States,United States,United States,English,No,DATA_EXPIRED
677ebbea66dd36f82f9bf8b6,5cfeb257257d580001a52b12,RETURNED,Not Applicable,2025-01-08T17:54:55.691000Z,,,2025-01-23T16:32:27.024708Z,,,1659,CONSENT_REVOKED,CONSENT_REVOKED,CONSENT_REVOKED,CONSENT_REVOKED,CONSENT_REVOKED,CONSENT_REVOKED,CONSENT_REVOKED,CONSENT_REVOKED,CONSENT_REVOKED
677ebbebb9c0b8882c293ea2,6685abbd83e060274844e7f2,RETURNED,Not Applicable,2025-01-08T18:02:25.636000Z,,,2025-01-23T16:32:27.025246Z,,,1174,CONSENT_REVOKED,CONSENT_REVOKED,CONSENT_REVOKED,CONSENT_REVOKED,CONSENT_REVOKED,CONSENT_REVOKED,CONSENT_REVOKED,CONSENT_REVOKED,CONSENT_REVOKED
677ebbebbf9e4c07a79782e6,60ec601b8525af507f06373d,APPROVED,Not Applicable,2025-01-08T17:59:47.916000Z,2025-01-08T18:08:49.836000Z,2025-01-10T20:26:29.829000Z,2025-01-08T18:08:50.684796Z,542.0,75b53a55e8,2228,43,Male,White,United States,United States,United States,English,DATA_EXPIRED,DATA_EXPIRED
677ebbec72ca3ae7495fb133,5dcccec0092079953154f997,APPROVED,Not Applicable,2025-01-08T17:58:51.616000Z,2025-01-08T18:17:06.599000Z,2025-01-10T20:26:30.076000Z,2025-01-08T18:17:07.514891Z,1095.0,75b53a55e8,4738,41,Male,White,United States,United States,United States,English,DATA_EXPIRED,DATA_EXPIRED
677ebbecdac8820c5e8f3e66,63e554b7631c8ec3ce069e32,RETURNED,Not Applicable,2025-01-08T17:54:59.060000Z,,,2025-01-23T16:32:27.060981Z,,,3165,CONSENT_REVOKED,CONSENT_REVOKED,CONSENT_REVOKED,CONSENT_REVOKED,CONSENT_REVOKED,CONSENT_REVOKED,CONSENT_REVOKED,CONSENT_REVOKED,CONSENT_REVOKED
677ebbed10227a4dfcb9dd63,6732de5c32981eeab9c67bd1,APPROVED,Not Applicable,2025-01-08T17:55:00.411000Z,2025-01-08T18:03:02.448000Z,2025-01-10T20:26:30.317000Z,2025-01-08T18:03:03.413017Z,483.0,75b53a55e8,185,25,Female,Asian,United States,United States,United States,Tamil,No,Part-Time
677ebbeea440caf99d2a41cb,677e7a367a3fc75a95b262e4,RETURNED,Not Applicable,2025-01-08T17:55:20.540000Z,,,2025-01-23T16:32:27.022564Z,,,19,CONSENT_REVOKED,CONSENT_REVOKED,CONSENT_REVOKED,CONSENT_REVOKED,CONSENT_REVOKED,CONSENT_REVOKED,CONSENT_REVOKED,CONSENT_REVOKED,CONSENT_REVOKED
677ebbef37a3e8cb4c339119,65b8b2bf8b3905b0efcb0fd3,APPROVED,Not Applicable,2025-01-08T17:55:27.538000Z,2025-01-08T18:37:55.665000Z,2025-01-10T20:26:30.575000Z,2025-01-08T18:38:15.757512Z,2549.0,75b53a55e8,476,48,Male,White,Slovenia,United States,United States,English,Yes,DATA_EXPIRED
677ebbf066371b89be994752,66b629016f7dd536321ee5f8,APPROVED,Not Applicable,2025-01-08T17:55:03.977000Z,2025-01-08T18:03:46.027000Z,2025-01-10T20:26:30.819000Z,2025-01-08T18:03:46.485163Z,523.0,75b53a55e8,803,56,Female,White,United States,United States,United States,English,No,Part-Time
677ebbf10df0e62ae3037652,66d72124d778efac4645d1d7,APPROVED,Not Applicable,2025-01-08T17:59:40.777000Z,2025-01-08T18:13:59.114000Z,2025-01-10T20:26:31.065000Z,2025-01-08T18:13:59.700657Z,859.0,75b53a55e8,454,30,Female,White,United States,United States,United States,English,No,Part-Time
677ebbf168563c6e007ceb7c,5f8164fb7caf8a20cfb083d2,RETURNED,Not Applicable,2025-01-08T17:55:05.920000Z,,,2025-01-23T16:32:27.021158Z,,,484,CONSENT_REVOKED,CONSENT_REVOKED,CONSENT_REVOKED,CONSENT_REVOKED,CONSENT_REVOKED,CONSENT_REVOKED,CONSENT_REVOKED,CONSENT_REVOKED,CONSENT_REVOKED
677ebbf466dd36f82f9bf8bd,660de458dbb8f42c568036db,RETURNED,Not Applicable,2025-01-08T17:55:07.232000Z,,,2025-01-23T16:32:27.046889Z,,,56,CONSENT_REVOKED,CONSENT_REVOKED,CONSENT_REVOKED,CONSENT_REVOKED,CONSENT_REVOKED,CONSENT_REVOKED,CONSENT_REVOKED,CONSENT_REVOKED,CONSENT_REVOKED
677ebbf50b9005b7b3c2c67e,67461d4d0e1f14c52691668e,RETURNED,Not Applicable,2025-01-08T17:55:10.871000Z,,,2025-01-23T16:32:27.042517Z,,,245,CONSENT_REVOKED,CONSENT_REVOKED,CONSENT_REVOKED,CONSENT_REVOKED,CONSENT_REVOKED,CONSENT_REVOKED,CONSENT_REVOKED,CONSENT_REVOKED,CONSENT_REVOKED
677ebbf69a2496f3a7f678e7,671b72f4297e2d20d2fb0ad7,RETURNED,Not Applicable,2025-01-08T17:55:14.220000Z,,,2025-01-23T16:32:27.033172Z,,,102,CONSENT_REVOKED,CONSENT_REVOKED,CONSENT_REVOKED,CONSENT_REVOKED,CONSENT_REVOKED,CONSENT_REVOKED,CONSENT_REVOKED,CONSENT_REVOKED,CONSENT_REVOKED
677ebbf72d79bdf5ca293e43,5bcc2cee0ba8a400012592f9,APPROVED,Not Applicable,2025-01-08T17:56:09.377000Z,2025-01-08T18:16:51.342000Z,2025-01-10T20:26:31.292000Z,2025-01-08T18:16:52.556644Z,1242.0,75b53a55e8,605,44,Male,White,United States,United States,United States,English,No,Full-Time
677ebbf7aa8825bff28f3ef1,675f0120f21e3c3fdebb706d,APPROVED,Not Applicable,2025-01-08T17:55:59.810000Z,2025-01-08T18:16:55.624000Z,2025-01-10T20:26:31.529000Z,2025-01-08T18:16:56.454400Z,1256.0,75b53a55e8,70,24,Female,Black,United States,United States,United States,English,No,Part-Time
677ebbf8597d374b0ae8f707,675088c65bc8f118eaac066a,RETURNED,Not Applicable,2025-01-08T17:55:10.655000Z,,,2025-01-23T16:32:27.084432Z,,,88,CONSENT_REVOKED,CONSENT_REVOKED,CONSENT_REVOKED,CONSENT_REVOKED,CONSENT_REVOKED,CONSENT_REVOKED,CONSENT_REVOKED,CONSENT_REVOKED,CONSENT_REVOKED
677ebbf8fd248b0285b8e194,5c2fcd716ea6880001dc8e3d,APPROVED,Not Applicable,2025-01-08T17:55:11.672000Z,2025-01-08T18:14:16.778000Z,2025-01-10T20:26:31.750000Z,2025-01-08T18:14:17.542227Z,1146.0,75b53a55e8,9353,61,Female,White,United States,United States,United States,English,No,Full-Time
677ebbf916b1daa11570f469,67629fd0a00c37a3a6fc357f,APPROVED,Not Applicable,2025-01-08T17:55:58.872000Z,2025-01-08T18:40:00.002000Z,2025-01-10T20:26:32Z,2025-01-08T18:40:01.078779Z,2642.0,75b53a55e8,30,33,Male,Black,Nigeria,United States,United States,English,No,Full-Time
677ebbfa2186dad5179257b0,627120b98967a5dbd4922c2e,APPROVED,Not Applicable,2025-01-08T17:55:10.911000Z,2025-01-08T18:01:51.125000Z,2025-01-10T20:26:32.226000Z,2025-01-08T18:01:51.761064Z,401.0,75b53a55e8,4966,38,Male,Asian,United States,United States,United States,English,DATA_EXPIRED,DATA_EXPIRED
677ebbfa6f404ecb80de84ed,6769b6a76d74e3f22c5fc251,RETURNED,Not Applicable,2025-01-08T17:55:14.498000Z,,,2025-01-23T16:32:27.065298Z,,,84,CONSENT_REVOKED,CONSENT_REVOKED,CONSENT_REVOKED,CONSENT_REVOKED,CONSENT_REVOKED,CONSENT_REVOKED,CONSENT_REVOKED,CONSENT_REVOKED,CONSENT_REVOKED
677ebbfb4b7b227c5fe871a3,65181c2f753b188afdddd2c4,APPROVED,Not Applicable,2025-01-08T17:58:28.217000Z,2025-01-08T18:04:02.894000Z,2025-01-10T20:26:32.457000Z,2025-01-08T18:04:03.482118Z,335.0,75b53a55e8,2882,34,Male,Asian,Philippines,United States,United States,Tagalog-Filipino,Yes,Full-Time
677ebbfc284cce5c4f978306,607dc095678516f84e3fdae6,APPROVED,Not Applicable,2025-01-08T17:55:42.599000Z,2025-01-08T18:06:06.431000Z,2025-01-10T20:26:32.719000Z,2025-01-08T18:08:04.286024Z,624.0,75b53a55e8,1507,26,Female,Asian,Bangladesh,United States,United States,Bengali,Yes,Part-Time
677ebbfcfd248b0285b8e198,5b16d24d388d8b00014fa6e6,APPROVED,Not Applicable,2025-01-08T17:55:12.230000Z,2025-01-08T18:10:36.978000Z,2025-01-10T20:26:33.571000Z,2025-01-08T18:10:37.584320Z,925.0,75b53a55e8,1430,32,Male,Black,United States,United States,United States,English,No,Unemployed (and job seeking)
677ebbfd61a33dc502bd7b13,6728f39d7690eb8b9f916a8e,APPROVED,Not Applicable,2025-01-08T17:55:26.507000Z,2025-01-08T18:31:43.508000Z,2025-01-10T20:26:33.831000Z,2025-01-08T18:31:44.637224Z,2178.0,75b53a55e8,209,25,Male,Black,Nigeria,United States,United States,English,No,Full-Time
677ebbff0df0e62ae3037655,60fedd3890ce06a5f852b2e8,RETURNED,Not Applicable,2025-01-08T17:55:28.563000Z,,,2025-01-23T16:32:27.060213Z,,,2815,CONSENT_REVOKED,CONSENT_REVOKED,CONSENT_REVOKED,CONSENT_REVOKED,CONSENT_REVOKED,CONSENT_REVOKED,CONSENT_REVOKED,CONSENT_REVOKED,CONSENT_REVOKED
677ebc00191bee78a76bb183,6750c906acd772e70bf47e6b,APPROVED,Not Applicable,2025-01-08T17:56:38.491000Z,2025-01-08T18:24:59.599000Z,2025-01-10T20:26:34.067000Z,2025-01-08T18:25:03.648916Z,1702.0,75b53a55e8,33,34,Female,White,United States,United States,United States,English,No,Full-Time
677ebc01c0d57509a0de843e,676cdc19e46f9dc90e66c26d,APPROVED,Not Applicable,2025-01-08T17:55:21.091000Z,2025-01-08T18:03:06.319000Z,2025-01-10T20:26:34.317000Z,2025-01-08T18:03:07.324291Z,466.0,75b53a55e8,25,26,Male,White,United States,United States,United States,English,No,Full-Time
677ebc02cb32473be195f61f,673b8e3e7d4a3ebda23fb8ca,RETURNED,Not Applicable,2025-01-08T17:55:25.650000Z,,,2025-01-23T16:32:27.064036Z,,,173,CONSENT_REVOKED,CONSENT_REVOKED,CONSENT_REVOKED,CONSENT_REVOKED,CONSENT_REVOKED,CONSENT_REVOKED,CONSENT_REVOKED,CONSENT_REVOKED,CONSENT_REVOKED
677ebc034aede7a50afc089b,5dd340e3e25acf34bf91032e,APPROVED,Not Applicable,2025-01-08T17:57:42.769000Z,2025-01-08T18:13:02.887000Z,2025-01-10T20:26:34.617000Z,2025-01-08T18:13:03.606004Z,921.0,75b53a55e8,2522,60,Male,White,United States,United States,United States,English,No,Part-Time
677ebc0424002db719c225f3,66a91eb1e412524409e5bdda,RETURNED,Not Applicable,2025-01-08T17:55:28.486000Z,,,2025-01-23T16:32:27.059308Z,,,340,CONSENT_REVOKED,CONSENT_REVOKED,CONSENT_REVOKED,CONSENT_REVOKED,CONSENT_REVOKED,CONSENT_REVOKED,CONSENT_REVOKED,CONSENT_REVOKED,CONSENT_REVOKED
677ebc04c0f78f4336d54bcb,6632530d5ed9ed0c4ffc2604,APPROVED,Not Applicable,2025-01-08T17:55:26.824000Z,2025-01-08T18:01:53.405000Z,2025-01-10T20:26:34.848000Z,2025-01-08T18:01:54.188857Z,387.0,75b53a55e8,1095,28,Male,Asian,United States,United States,United States,Chinese,No,Full-Time
677ebc05cb32473be195f623,66318e38a23001971c128033,APPROVED,Not Applicable,2025-01-08T17:55:22.175000Z,2025-01-08T18:12:21.092000Z,2025-01-10T20:26:35.318000Z,2025-01-08T18:12:21.795011Z,1019.0,75b53a55e8,1335,46,Male,Black,United States,United States,United States,English,No,Part-Time
677ebc06c007897b3d60e191,63480954af4c7db036aa6595,APPROVED,Not Applicable,2025-01-08T17:55:24.190000Z,2025-01-08T18:08:52.783000Z,2025-01-10T20:26:35.583000Z,2025-01-08T18:08:57.073321Z,809.0,75b53a55e8.,3881,74,Female,White,United States,United States,United States,English,DATA_EXPIRED,"Not in paid work (e.g. homemaker', 'retired or disabled)"
677ebc071346e215813390d8,677d9832cf3ff620ad5687c0,RETURNED,Not Applicable,2025-01-08T17:55:28.077000Z,,,2025-01-23T16:32:27.071838Z,,,26,CONSENT_REVOKED,CONSENT_REVOKED,CONSENT_REVOKED,CONSENT_REVOKED,CONSENT_REVOKED,CONSENT_REVOKED,CONSENT_REVOKED,CONSENT_REVOKED,CONSENT_REVOKED
677ebc0808ab072d4b61d170,6763ed56ef9d8f1a671e8062,RETURNED,Not Applicable,2025-01-08T18:06:00.055000Z,,,2025-01-23T16:32:27.089837Z,,,87,CONSENT_REVOKED,CONSENT_REVOKED,CONSENT_REVOKED,CONSENT_REVOKED,CONSENT_REVOKED,CONSENT_REVOKED,CONSENT_REVOKED,CONSENT_REVOKED,CONSENT_REVOKED
677ebc09fcedd1885287c915,6757f9bcca628574e28d2a09,TIMED-OUT,Not Applicable,2025-01-08T17:55:31.294000Z,,,2025-01-23T16:32:27.079625Z,1291016.0,,78,21,Male,Mixed,Ghana,United States,United States,English,Yes,Unemployed (and job seeking)
677ebc0a358e9629294646bd,674c6978d4d189e195132113,APPROVED,Not Applicable,2025-01-08T17:56:48.598000Z,2025-01-08T18:36:25.117000Z,2025-01-10T20:26:35.851000Z,2025-01-08T18:36:49.696712Z,2377.0,75b53a55e8,78,21,Male,Black,Ghana,United States,United States,English,DATA_EXPIRED,DATA_EXPIRED
677ebc0b78ff9172a0b03b8f,672d1196aecfa972e90f1149,APPROVED,Not Applicable,2025-01-08T17:55:30.007000Z,2025-01-08T18:14:45.470000Z,2025-01-10T20:26:36.113000Z,2025-01-08T18:14:46.055263Z,1156.0,75b53a55e8,235,51,Female,White,United States,United States,United States,English,No,Unemployed (and job seeking)
677ebc0bc24a4fd6bdc77edf,66b68e2b2c21a7ed557cf866,REJECTED,Not Applicable,2025-01-08T17:55:31.483000Z,2025-01-08T17:56:46.050000Z,2025-01-21T17:28:29.532000Z,2025-01-23T16:32:27.088610Z,75.0,NOCODE,81,CONSENT_REVOKED,CONSENT_REVOKED,CONSENT_REVOKED,CONSENT_REVOKED,CONSENT_REVOKED,CONSENT_REVOKED,CONSENT_REVOKED,CONSENT_REVOKED,CONSENT_REVOKED
677ebc0bce2a24e72ac77f6f,6703370d69c922c9c282ef5c,RETURNED,Not Applicable,2025-01-08T17:55:46.426000Z,,,2025-01-23T16:32:27.099458Z,,,89,CONSENT_REVOKED,CONSENT_REVOKED,CONSENT_REVOKED,CONSENT_REVOKED,CONSENT_REVOKED,CONSENT_REVOKED,CONSENT_REVOKED,CONSENT_REVOKED,CONSENT_REVOKED
677ebc0c883ea9feaf08c284,672d2bacc953e27981af89a9,RETURNED,Not Applicable,2025-01-08T17:55:52.716000Z,,,2025-01-23T16:32:27.111463Z,,,45,CONSENT_REVOKED,CONSENT_REVOKED,CONSENT_REVOKED,CONSENT_REVOKED,CONSENT_REVOKED,CONSENT_REVOKED,CONSENT_REVOKED,CONSENT_REVOKED,CONSENT_REVOKED
677ebc0de9e611a4b80e3459,55eb4774748092000baa97ee,RETURNED,Not Applicable,2025-01-08T17:59:25.004000Z,,,2025-01-23T16:32:27.119209Z,,,3720,CONSENT_REVOKED,CONSENT_REVOKED,CONSENT_REVOKED,CONSENT_REVOKED,CONSENT_REVOKED,CONSENT_REVOKED,CONSENT_REVOKED,CONSENT_REVOKED,CONSENT_REVOKED
677ebc0e018341724e7858f8,5e3eb0bcd3d69e10901f0cb3,APPROVED,Not Applicable,2025-01-08T17:55:34.195000Z,2025-01-08T18:08:27.175000Z,2025-01-10T20:26:36.359000Z,2025-01-08T18:08:30.045865Z,773.0,75b53a55e8,677,59,Female,White,United States,United States,United States,English,No,DATA_EXPIRED
677ebc0f406a3c534bf2dc98,646778f0d6b43cbeb4501454,APPROVED,Not Applicable,2025-01-08T17:55:53.011000Z,2025-01-08T18:02:57.252000Z,2025-01-10T20:26:36.639000Z,2025-01-08T18:02:57.989600Z,425.0,75b53a55e8,2973,25,Female,White,United States,United States,United States,English,No,"Not in paid work (e.g. homemaker', 'retired or disabled)"
677ebc0f6d99dc7d832a3395,67422346da313183e396d7c3,RETURNED,Not Applicable,2025-01-08T17:56:27.276000Z,,,2025-01-23T16:32:27.095931Z,,,285,CONSENT_REVOKED,CONSENT_REVOKED,CONSENT_REVOKED,CONSENT_REVOKED,CONSENT_REVOKED,CONSENT_REVOKED,CONSENT_REVOKED,CONSENT_REVOKED,CONSENT_REVOKED
677ebc10a6ed2f197860e16a,5d4b14caed2dfc0001a22c1a,APPROVED,Not Applicable,2025-01-08T17:55:39.404000Z,2025-01-08T18:05:35.171000Z,2025-01-10T20:26:36.875000Z,2025-01-08T18:07:59.105772Z,596.0,75b53a55e8,1486,41,Female,White,United States,United States,United States,English,No,Other
677ebc110df0e62ae303765a,65de67e5627faa3ffb10dec8,APPROVED,Not Applicable,2025-01-08T17:56:01.704000Z,2025-01-08T18:13:17.931000Z,2025-01-10T20:26:37.294000Z,2025-01-08T18:13:18.764918Z,1037.0,75b53a55e8,546,37,Male,White,United States,United States,United States,English,No,Unemployed (and job seeking)
677ebc1128e73c39f2949b51,6547a05ca3b182bd3f2d9af8,APPROVED,Not Applicable,2025-01-08T17:57:36.203000Z,2025-01-08T18:05:22.884000Z,2025-01-10T20:26:37.523000Z,2025-01-08T18:05:23.878099Z,467.0,75b53a55e8,2920,31,Female,White,United States,United States,United States,English,No,"Not in paid work (e.g. homemaker', 'retired or disabled)"
677ebc132d79bdf5ca293e4a,5d8aa25549747c000171c202,RETURNED,Not Applicable,2025-01-08T17:55:39.440000Z,,,2025-01-23T16:32:27.089782Z,,,1795,CONSENT_REVOKED,CONSENT_REVOKED,CONSENT_REVOKED,CONSENT_REVOKED,CONSENT_REVOKED,CONSENT_REVOKED,CONSENT_REVOKED,CONSENT_REVOKED,CONSENT_REVOKED
677ebc14c0f78f4336d54bcf,660dac1454618753ea376d9b,APPROVED,Not Applicable,2025-01-08T17:56:02.769000Z,2025-01-08T18:04:16.793000Z,2025-01-10T20:26:37.761000Z,2025-01-08T18:04:17.678583Z,495.0,75b53a55e8,180,54,Male,White,United States,United States,United States,English,No,Full-Time
677ebc19823bd996f72bee48,5bca8e280f10750001d76774,RETURNED,Not Applicable,2025-01-08T17:55:37.063000Z,,,2025-01-23T16:32:27.089521Z,,,1843,CONSENT_REVOKED,CONSENT_REVOKED,CONSENT_REVOKED,CONSENT_REVOKED,CONSENT_REVOKED,CONSENT_REVOKED,CONSENT_REVOKED,CONSENT_REVOKED,CONSENT_REVOKED
677ebc1a01e76b344312bdb3,610863156133d1485b80d389,APPROVED,Not Applicable,2025-01-08T17:55:42.994000Z,2025-01-08T18:03:36.645000Z,2025-01-10T20:26:38.015000Z,2025-01-08T18:03:38.014637Z,474.0,75b53a55e8,793,28,Female,White,United States,United States,United States,English,No,Full-Time
677ebc1d8549d38c52186ad1,67756d8eee40aa4d1c91a766,APPROVED,Not Applicable,2025-01-08T17:55:51.639000Z,2025-01-08T18:30:40.280000Z,2025-01-10T20:26:38.384000Z,2025-01-08T18:30:41.050572Z,2089.0,75b53a55e8,7,62,Female,Black,Nigeria,United States,United States,English,DATA_EXPIRED,DATA_EXPIRED
677ebc1de16e6bc52ae871c8,67000ed3ffa3938b2cc81087,APPROVED,Not Applicable,2025-01-08T17:55:41.298000Z,2025-01-08T18:02:02.040000Z,2025-01-10T20:26:38.624000Z,2025-01-08T18:02:02.901034Z,381.0,transportation@wyomingps.org,378,47,Female,White,United States,United States,United States,English,No,Full-Time
677ebc23d28927c860ce1f9e,6740d30f66d8dde62f1c1a74,APPROVED,Not Applicable,2025-01-08T17:55:47.907000Z,2025-01-08T18:29:55.368000Z,2025-01-10T20:26:38.860000Z,2025-01-08T18:29:56.160950Z,2048.0,75b53a55e8,160,27,Male,Black,United States,United States,United States,English,No,DATA_EXPIRED
677ebc27fb3016e62f8f62c1,6730dbc3ca4de40c7ce49079,RETURNED,Not Applicable,2025-01-08T17:55:51.901000Z,,,2025-01-23T16:32:27.095799Z,,,292,CONSENT_REVOKED,CONSENT_REVOKED,CONSENT_REVOKED,CONSENT_REVOKED,CONSENT_REVOKED,CONSENT_REVOKED,CONSENT_REVOKED,CONSENT_REVOKED,CONSENT_REVOKED
677ebc291212d9959c08c1e9,5f1df536a2882076efc810f8,APPROVED,Not Applicable,2025-01-08T17:55:57.232000Z,2025-01-08T18:02:04.066000Z,2025-01-10T20:26:39.086000Z,2025-01-08T18:02:04.586657Z,367.0,75b53a55e8.,172,22,Male,Other,United States,United States,United States,Spanish,Yes,Full-Time
677ebc2dddc392b591f1abc1,669c575908c5d509c449414e,APPROVED,Not Applicable,2025-01-08T17:56:04.903000Z,2025-01-08T18:05:20.468000Z,2025-01-10T20:26:39.343000Z,2025-01-08T18:05:21.183549Z,556.0,75b53a55e8,788,39,Male,White,United States,United States,United States,English,No,"Not in paid work (e.g. homemaker', 'retired or disabled)"
677ebc31c0f78f4336d54bd4,676d91cdea729dadfca18b77,RETURNED,Not Applicable,2025-01-08T17:56:23.434000Z,,,2025-01-23T16:32:27.085822Z,,,88,CONSENT_REVOKED,CONSENT_REVOKED,CONSENT_REVOKED,CONSENT_REVOKED,CONSENT_REVOKED,CONSENT_REVOKED,CONSENT_REVOKED,CONSENT_REVOKED,CONSENT_REVOKED
677ebc396dc6b4f794e6a3d8,6595a3e05bc95bcb48bfabad,RETURNED,Not Applicable,2025-01-08T17:56:09.110000Z,,,2025-01-23T16:32:27.117805Z,,,1193,CONSENT_REVOKED,CONSENT_REVOKED,CONSENT_REVOKED,CONSENT_REVOKED,CONSENT_REVOKED,CONSENT_REVOKED,CONSENT_REVOKED,CONSENT_REVOKED,CONSENT_REVOKED
677ebc3e83c899fa35b35af6,6754b03aa3a2b418d66cafd5,RETURNED,Not Applicable,2025-01-08T17:56:14.367000Z,,,2025-01-23T16:32:27.081350Z,,,78,CONSENT_REVOKED,CONSENT_REVOKED,CONSENT_REVOKED,CONSENT_REVOKED,CONSENT_REVOKED,CONSENT_REVOKED,CONSENT_REVOKED,CONSENT_REVOKED,CONSENT_REVOKED
677ebc44c24a4fd6bdc77eef,5de561b7a665314ef24f2d71,APPROVED,Not Applicable,2025-01-08T17:57:20.830000Z,2025-01-08T18:12:20.666000Z,2025-01-10T20:26:39.571000Z,2025-01-08T18:12:21.416850Z,900.0,75b53a55e8,407,38,Female,Mixed,United States,United States,Palau,English,No,Other
677ebc45c61b063551724a14,677618e6c8caeb6caebd74a3,APPROVED,Not Applicable,2025-01-08T17:56:29.671000Z,2025-01-08T18:10:49.513000Z,2025-01-10T20:26:39.808000Z,2025-01-08T18:10:50.310521Z,860.0,75b53a55e8,19,67,Female,Asian,United States,United States,United States,English,No,"Not in paid work (e.g. homemaker', 'retired or disabled)"
677ebc48e9cf9acff938e9de,677a5d4cdb7d6a20276d1d05,RETURNED,Not Applicable,2025-01-08T17:57:17.283000Z,,,2025-01-23T16:32:27.107610Z,,,60,CONSENT_REVOKED,CONSENT_REVOKED,CONSENT_REVOKED,CONSENT_REVOKED,CONSENT_REVOKED,CONSENT_REVOKED,CONSENT_REVOKED,CONSENT_REVOKED,CONSENT_REVOKED
677ebc50a4aa6bfb476605cc,65de3af8fcbc6ef9331bd863,RETURNED,Not Applicable,2025-01-08T17:56:39.425000Z,,,2025-01-23T16:32:27.125296Z,,,906,CONSENT_REVOKED,CONSENT_REVOKED,CONSENT_REVOKED,CONSENT_REVOKED,CONSENT_REVOKED,CONSENT_REVOKED,CONSENT_REVOKED,CONSENT_REVOKED,CONSENT_REVOKED
677ebc606a3b2979059a3f5a,64eede50d732cf4ab3e590ad,APPROVED,Not Applicable,2025-01-08T17:59:32.591000Z,2025-01-08T18:12:31.168000Z,2025-01-10T20:26:40.070000Z,2025-01-08T18:12:32.101729Z,779.0,75b53a55e8,3109,74,Female,White,United States,United States,United States,English,No,"Not in paid work (e.g. homemaker', 'retired or disabled)"
677ebc64d27fef47bde5ffaf,673a5732b3a8203d48a2e0fd,APPROVED,Not Applicable,2025-01-08T17:57:01.504000Z,2025-01-08T18:33:44.639000Z,2025-01-10T20:26:40.364000Z,2025-01-08T18:33:45.517279Z,2204.0,75b53a55e8,150,21,Male,Black,Puerto Rico,United States,United States,Spanish,No,Part-Time
677ebc6555c9958353717349,677e915bcc73ee3be3437299,RETURNED,Not Applicable,2025-01-08T17:56:58.339000Z,,,2025-01-23T16:32:27.187254Z,,,104,CONSENT_REVOKED,CONSENT_REVOKED,CONSENT_REVOKED,CONSENT_REVOKED,CONSENT_REVOKED,CONSENT_REVOKED,CONSENT_REVOKED,CONSENT_REVOKED,CONSENT_REVOKED
677ebc6d5322280af28a01ac,6652334493a7253b9ef2df59,APPROVED,Not Applicable,2025-01-08T17:57:07.234000Z,2025-01-08T18:10:15.937000Z,2025-01-10T20:26:40.653000Z,2025-01-08T18:10:16.884065Z,789.0,75b53a55e8,954,52,Female,Black,United States,United States,United States,English,No,Full-Time
677ebc77a1f8fb50687e275d,6748a93ccd81d94597c67a69,APPROVED,Not Applicable,2025-01-08T18:03:51.443000Z,2025-01-08T18:18:59.839000Z,2025-01-10T20:26:40.876000Z,2025-01-08T18:19:00.582360Z,909.0,75b53a55e8,12,57,Female,Black,United States,United States,United States,English,DATA_EXPIRED,DATA_EXPIRED
677ebc862a0bc027d8d264ef,67612e6106d26ec6b613fce8,RETURNED,Not Applicable,2025-01-08T18:07:26.320000Z,,,2025-01-23T16:32:27.113887Z,,,72,CONSENT_REVOKED,CONSENT_REVOKED,CONSENT_REVOKED,CONSENT_REVOKED,CONSENT_REVOKED,CONSENT_REVOKED,CONSENT_REVOKED,CONSENT_REVOKED,CONSENT_REVOKED
677ebc872186dad5179257d1,677ea2e42e7d9fa14aec2fef,RETURNED,Not Applicable,2025-01-08T17:57:41.821000Z,,,2025-01-23T16:32:27.110159Z,,,14,CONSENT_REVOKED,CONSENT_REVOKED,CONSENT_REVOKED,CONSENT_REVOKED,CONSENT_REVOKED,CONSENT_REVOKED,CONSENT_REVOKED,CONSENT_REVOKED,CONSENT_REVOKED
677ebc8d57bcc6d78eaf98cf,676d20aec1f91b8f85bd3471,RETURNED,Not Applicable,2025-01-08T17:58:00.748000Z,,,2025-01-23T16:32:27.168302Z,,,48,CONSENT_REVOKED,CONSENT_REVOKED,CONSENT_REVOKED,CONSENT_REVOKED,CONSENT_REVOKED,CONSENT_REVOKED,CONSENT_REVOKED,CONSENT_REVOKED,CONSENT_REVOKED
677ebc9bc61b063551724a30,6776d65147b1d7a5c0c30b35,APPROVED,Not Applicable,2025-01-08T17:58:07.987000Z,2025-01-08T18:13:28.025000Z,2025-01-10T20:26:41.127000Z,2025-01-08T18:13:29.671145Z,921.0,75b53a55e8,11,60,Female,White,United States,United States,United States,English,No,"Not in paid work (e.g. homemaker', 'retired or disabled)"
677ebc9ece2a24e72ac77f89,581ed572115ee9000179b44d,APPROVED,Not Applicable,2025-01-08T17:57:53.908000Z,2025-01-08T18:06:09.884000Z,2025-01-10T20:26:41.550000Z,2025-01-08T18:08:04.977559Z,496.0,75b53a55e8,1114,32,Male,Black,United States,United States,United States,English,No,Full-Time
677ebca8a440caf99d2a41f7,67713f8437575dd855393a8f,APPROVED,Not Applicable,2025-01-08T17:58:12.568000Z,2025-01-08T18:08:28.342000Z,2025-01-10T20:26:42.078000Z,2025-01-08T18:08:30.446421Z,616.0,75b53a55e8,50,31,Female,White,United States,United States,United States,English,No,Part-Time
677ebcaa29e1166620186b04,5e9d05aab46e261ebf6106c6,APPROVED,Not Applicable,2025-01-08T17:58:08.708000Z,2025-01-08T18:07:18.513000Z,2025-01-10T20:26:42.303000Z,2025-01-08T18:08:17.340511Z,550.0,75b53a55e8,320,27,Female,Asian,United States,United States,United States,Chinese,No,"Not in paid work (e.g. homemaker', 'retired or disabled)"
677ebcda8d97d94974ce1faa,65ad47397526e114408593b4,RETURNED,Not Applicable,2025-01-08T17:58:57.761000Z,,,2025-01-23T16:32:27.106806Z,,,1896,CONSENT_REVOKED,CONSENT_REVOKED,CONSENT_REVOKED,CONSENT_REVOKED,CONSENT_REVOKED,CONSENT_REVOKED,CONSENT_REVOKED,CONSENT_REVOKED,CONSENT_REVOKED
677ebced406a3c534bf2dcd5,5d801be659e51300155599f8,APPROVED,Not Applicable,2025-01-08T17:59:14.199000Z,2025-01-08T18:06:13.607000Z,2025-01-10T20:26:42.524000Z,2025-01-08T18:08:05.872546Z,420.0,75b53a55e8,1856,51,Male,Asian,United States,United States,United States,English,No,Full-Time
677ebcf7b8435cb617925815,6693f1d9fe7d710187a5f8f5,APPROVED,Not Applicable,2025-01-08T17:59:27.444000Z,2025-01-08T18:26:38.100000Z,2025-01-10T20:26:42.743000Z,2025-01-08T18:26:38.761289Z,1631.0,75b53a55e8,690,28,Male,Black,Nigeria,United States,United States,English,Yes,DATA_EXPIRED
677ebcf88c3e289b439a3f85,6778016ffeca5e6faafdea28,RETURNED,Not Applicable,2025-01-08T17:59:30.899000Z,,,2025-01-23T16:32:27.124530Z,,,43,CONSENT_REVOKED,CONSENT_REVOKED,CONSENT_REVOKED,CONSENT_REVOKED,CONSENT_REVOKED,CONSENT_REVOKED,CONSENT_REVOKED,CONSENT_REVOKED,CONSENT_REVOKED
677ebd0ebb091e2780660175,676928afd4d447d2b00caaec,RETURNED,Not Applicable,2025-01-08T18:00:08.068000Z,,,2025-01-23T16:32:27.115784Z,,,88,CONSENT_REVOKED,CONSENT_REVOKED,CONSENT_REVOKED,CONSENT_REVOKED,CONSENT_REVOKED,CONSENT_REVOKED,CONSENT_REVOKED,CONSENT_REVOKED,CONSENT_REVOKED
677ebd20cd1e457e80bd64b0,65f366dfcb46b71238e9418d,APPROVED,Not Applicable,2025-01-08T18:00:09.730000Z,2025-01-08T18:08:27.538000Z,2025-01-10T20:26:42.982000Z,2025-01-08T18:08:30.059132Z,498.0,75b53a55e8,771,27,Male,Black,United States,United States,United States,English,DATA_EXPIRED,DATA_EXPIRED
677ebd23d4867994d9bab956,60fb26e75427cb8125f2e4a4,APPROVED,Not Applicable,2025-01-08T18:00:03.270000Z,2025-01-08T18:19:09.547000Z,2025-01-10T20:26:43.196000Z,2025-01-08T18:19:11.005139Z,1147.0,75b53a55e8,5228,54,Female,White,United States,United States,Malta,English,No,Full-Time
677ebd25626be3088ae0c4b7,67522717fdc453f89adf5dc8,RETURNED,Not Applicable,2025-01-08T18:00:05.033000Z,,,2025-01-23T16:32:27.135845Z,,,155,CONSENT_REVOKED,CONSENT_REVOKED,CONSENT_REVOKED,CONSENT_REVOKED,CONSENT_REVOKED,CONSENT_REVOKED,CONSENT_REVOKED,CONSENT_REVOKED,CONSENT_REVOKED
677ebd38291387df7fcf377a,676fcc24c71bf030fd189f25,RETURNED,Not Applicable,2025-01-08T18:00:38.147000Z,,,2025-01-23T16:32:27.217147Z,,,41,CONSENT_REVOKED,CONSENT_REVOKED,CONSENT_REVOKED,CONSENT_REVOKED,CONSENT_REVOKED,CONSENT_REVOKED,CONSENT_REVOKED,CONSENT_REVOKED,CONSENT_REVOKED
677ebd412754abccaef6627d,677ca465912bc7ef75ab4afd,REJECTED,Not Applicable,2025-01-08T18:00:42.666000Z,2025-01-08T18:01:45.153000Z,2025-01-21T17:28:32.956000Z,2025-01-23T16:32:27.155173Z,63.0,NOCODE,49,CONSENT_REVOKED,CONSENT_REVOKED,CONSENT_REVOKED,CONSENT_REVOKED,CONSENT_REVOKED,CONSENT_REVOKED,CONSENT_REVOKED,CONSENT_REVOKED,CONSENT_REVOKED
677ebd47284cce5c4f97834a,67681542fbce1bf7ee2060ee,APPROVED,Not Applicable,2025-01-08T18:00:47.373000Z,2025-01-08T18:11:18.433000Z,2025-01-10T20:26:43.421000Z,2025-01-08T18:11:19.129408Z,632.0,75b53a55e8,4,22,Male,Black,Ghana,United States,United States,English,Yes,DATA_EXPIRED
677ebd4c0df0e62ae303769f,663aa0461bffe4e1387b05c3,APPROVED,Not Applicable,2025-01-08T18:04:15.013000Z,2025-01-08T18:13:13.607000Z,2025-01-10T20:26:43.646000Z,2025-01-08T18:13:14.313450Z,539.0,75b53a55e8,1007,41,Female,Black,United States,United States,United States,English,DATA_EXPIRED,Full-Time
677ebd5dabe0ceb11f5a0b64,67171fa93cd108b6c2b59e4e,RETURNED,Not Applicable,2025-01-08T18:01:22.990000Z,,,2025-01-23T16:32:27.141203Z,,,202,CONSENT_REVOKED,CONSENT_REVOKED,CONSENT_REVOKED,CONSENT_REVOKED,CONSENT_REVOKED,CONSENT_REVOKED,CONSENT_REVOKED,CONSENT_REVOKED,CONSENT_REVOKED
677ebd60b9c0b8882c293ee7,6750bbf734848245a4a1bf1e,APPROVED,Not Applicable,2025-01-08T18:01:04.378000Z,2025-01-08T18:09:18.723000Z,2025-01-10T20:26:43.867000Z,2025-01-08T18:09:19.327843Z,495.0,75b53a55e8,131,38,Male,White,United States,United States,United States,English,No,Full-Time
677ebd671b28954d0ff4efa8,66b9311b926cbb85c5e53937,APPROVED,Not Applicable,2025-01-08T18:01:17.805000Z,2025-01-08T18:10:26.528000Z,2025-01-10T20:26:44.118000Z,2025-01-08T18:10:27.128317Z,549.0,75b53a55e8,11,34,Female,White,United States,United States,United States,English,No,"Not in paid work (e.g. homemaker', 'retired or disabled)"
677ebd872fc7205daf7455c1,648a1d21a3372cbf1e7a499d,APPROVED,Not Applicable,2025-01-08T18:02:58.391000Z,2025-01-08T18:13:52.569000Z,2025-01-10T20:26:44.416000Z,2025-01-08T18:13:53.470908Z,655.0,75b53a55e8,3142,52,Male,White,United States,United States,United States,English,No,DATA_EXPIRED
677ebd9283c899fa35b35b5c,674065a38ff18a032bc97fa6,APPROVED,Not Applicable,2025-01-08T18:02:11.388000Z,2025-01-08T18:19:28.962000Z,2025-01-10T20:26:44.687000Z,2025-01-08T18:19:29.584564Z,1038.0,75b53a55e8,164,25,Male,Black,Nigeria,United States,United States,English,Yes,Full-Time
677ebd998b9ea20ad9f8d260,676526981db167b856b76e37,RETURNED,Not Applicable,2025-01-08T18:02:10.703000Z,,,2025-01-23T16:32:27.222621Z,,,60,CONSENT_REVOKED,CONSENT_REVOKED,CONSENT_REVOKED,CONSENT_REVOKED,CONSENT_REVOKED,CONSENT_REVOKED,CONSENT_REVOKED,CONSENT_REVOKED,CONSENT_REVOKED
677ebd9a349843ceca7173af,60bc83e753e829855c108d1d,RETURNED,Not Applicable,2025-01-08T18:02:19.196000Z,,,2025-01-23T16:32:27.193038Z,,,149,CONSENT_REVOKED,CONSENT_REVOKED,CONSENT_REVOKED,CONSENT_REVOKED,CONSENT_REVOKED,CONSENT_REVOKED,CONSENT_REVOKED,CONSENT_REVOKED,CONSENT_REVOKED
677ebdbcd4b4156299374116,671ca6c20a507c272f05d5f6,APPROVED,Not Applicable,2025-01-08T18:02:44.311000Z,2025-01-08T18:23:23.418000Z,2025-01-10T20:26:44.924000Z,2025-01-08T18:23:24.357441Z,1240.0,75b53a55e8,188,55,Male,Black,Ghana,United States,United States,English,DATA_EXPIRED,Full-Time
677ebdd21212d9959c08c245,67364113bdafe2840fa05b69,APPROVED,Not Applicable,2025-01-08T18:03:07.922000Z,2025-01-08T18:11:55.782000Z,2025-01-10T20:26:45.408000Z,2025-01-08T18:11:56.505602Z,528.0,75b53a55e8,307,54,Male,White,United States,United States,United States,English,No,Part-Time
677ebdd4592596c91926d6bd,5fc868922a10491ef263703c,APPROVED,Not Applicable,2025-01-08T18:03:13.948000Z,2025-01-08T18:11:13.413000Z,2025-01-10T20:26:45.711000Z,2025-01-08T18:11:14.166462Z,480.0,75b53a55e8,577,22,Female,Asian,United States,United States,DATA_EXPIRED,English,DATA_EXPIRED,DATA_EXPIRED
677ebdd84fb05739512f4a2d,671322ae5b5def60f8528351,APPROVED,Not Applicable,2025-01-08T18:03:26.290000Z,2025-01-08T18:21:44.652000Z,2025-01-10T20:26:46.616000Z,2025-01-08T18:21:45.620710Z,1099.0,75b53a55e8,188,34,Male,White,United States,United States,United States,English,DATA_EXPIRED,DATA_EXPIRED
677ebde3f6b67356aa35ebf2,5cda0f40fbe78a00192192a3,APPROVED,Not Applicable,2025-01-08T18:03:32.823000Z,2025-01-08T18:16:18.399000Z,2025-01-10T20:26:46.867000Z,2025-01-08T18:16:19.091900Z,766.0,75b53a55e8,8654,82,Male,White,United States,United States,United States,English,No,DATA_EXPIRED
677ebe14883ea9feaf08c309,6538129b881209799ea3e6ae,APPROVED,Not Applicable,2025-01-08T18:04:13.185000Z,2025-01-08T18:28:57.333000Z,2025-01-10T20:26:47.094000Z,2025-01-08T18:28:58.124481Z,1485.0,75b53a55e8,2270,27,Male,Black,United States,United States,United States,English,DATA_EXPIRED,DATA_EXPIRED
677ebe5069b1a9fcfa549f19,6329bd3e699f53922a5da47c,APPROVED,Not Applicable,2025-01-08T18:05:07.394000Z,2025-01-08T18:15:34.189000Z,2025-01-10T20:26:47.326000Z,2025-01-08T18:15:35.758176Z,627.0,75b53a55e8,2057,32,Female,White,United States,United States,United States,English,DATA_EXPIRED,DATA_EXPIRED
677ebe50e16e6bc52ae8724b,66cbc2627559d53c0e3e4ac4,APPROVED,Not Applicable,2025-01-08T18:05:11.575000Z,2025-01-08T18:19:34.267000Z,2025-01-10T20:26:47.595000Z,2025-01-08T18:19:34.845585Z,863.0,75b53a55e8,578,33,Female,White,United States,United States,United States,English,No,Other
677ebe6061a33dc502bd7b80,677917aad5d996eeb7a55fe9,RETURNED,Not Applicable,2025-01-08T18:05:31.796000Z,,,2025-01-23T16:32:27.151977Z,,,72,CONSENT_REVOKED,CONSENT_REVOKED,CONSENT_REVOKED,CONSENT_REVOKED,CONSENT_REVOKED,CONSENT_REVOKED,CONSENT_REVOKED,CONSENT_REVOKED,CONSENT_REVOKED
677ebe8cf40da6ea484bd705,675cc171cb8d76494d449054,APPROVED,Not Applicable,2025-01-08T18:06:16.291000Z,2025-01-08T18:25:10.357000Z,2025-01-10T20:26:47.884000Z,2025-01-08T18:25:11.160333Z,1135.0,75b53a55e8,46,39,Female,Black,United States,United States,United States,English,No,Full-Time
677ebe8db1eca5faba4474c7,66f31636c396add39ed2a190,APPROVED,Not Applicable,2025-01-08T18:06:15.349000Z,2025-01-08T18:12:52.133000Z,2025-01-10T20:26:48.152000Z,2025-01-08T18:12:52.770847Z,397.0,75b53a55e8,301,36,Female,Asian,China,United States,United States,English,No,DATA_EXPIRED
677ebed42fc7205daf745605,6754246c81ce61cb6ffe887f,APPROVED,Not Applicable,2025-01-08T18:14:39.312000Z,2025-01-08T18:46:59.208000Z,2025-01-10T20:26:48.401000Z,2025-01-08T18:47:06.307365Z,1940.0,75b53a55e8,29,44,Female,White,United States,United States,United States,English,No,Full-Time
677ebfc9cb7f407889f2dc96,66d82bed7186e76bbd4e9f87,APPROVED,Not Applicable,2025-01-08T18:11:38.412000Z,2025-01-08T18:50:54.477000Z,2025-01-10T20:26:48.652000Z,2025-01-08T18:51:03.946814Z,2357.0,75b53a55e8,615,44,Female,White,Ukraine,United States,United States,English,No,Full-Time
677ec0c48db12e847c4e1094,66b8cf43cc43c649a591c3b6,RETURNED,Not Applicable,2025-01-08T18:15:49.602000Z,,,2025-01-23T16:32:27.152487Z,,,751,CONSENT_REVOKED,CONSENT_REVOKED,CONSENT_REVOKED,CONSENT_REVOKED,CONSENT_REVOKED,CONSENT_REVOKED,CONSENT_REVOKED,CONSENT_REVOKED,CONSENT_REVOKED
677ec0d6439ced98417d7232,675d4d7d151a03925196f76d,RETURNED,Not Applicable,2025-01-08T18:16:15.945000Z,,,2025-01-23T16:32:27.159344Z,,,120,CONSENT_REVOKED,CONSENT_REVOKED,CONSENT_REVOKED,CONSENT_REVOKED,CONSENT_REVOKED,CONSENT_REVOKED,CONSENT_REVOKED,CONSENT_REVOKED,CONSENT_REVOKED
677ec0f6b6c6fced6f715f6b,676d7e037482b5d6765a2087,RETURNED,Not Applicable,2025-01-08T18:16:32.219000Z,,,2025-01-23T16:32:27.123293Z,,,88,CONSENT_REVOKED,CONSENT_REVOKED,CONSENT_REVOKED,CONSENT_REVOKED,CONSENT_REVOKED,CONSENT_REVOKED,CONSENT_REVOKED,CONSENT_REVOKED,CONSENT_REVOKED
677ec119b8de28d53de0c588,6734e9f8951399dc7d4d3ba7,RETURNED,Not Applicable,2025-01-08T18:18:05.977000Z,,,2025-01-23T16:32:27.176567Z,,,279,CONSENT_REVOKED,CONSENT_REVOKED,CONSENT_REVOKED,CONSENT_REVOKED,CONSENT_REVOKED,CONSENT_REVOKED,CONSENT_REVOKED,CONSENT_REVOKED,CONSENT_REVOKED
677ec156bb091e278066028d,676a61aaabcdd609c86a3c22,RETURNED,Not Applicable,2025-01-08T18:19:21.643000Z,,,2025-01-23T16:32:27.158206Z,,,96,CONSENT_REVOKED,CONSENT_REVOKED,CONSENT_REVOKED,CONSENT_REVOKED,CONSENT_REVOKED,CONSENT_REVOKED,CONSENT_REVOKED,CONSENT_REVOKED,CONSENT_REVOKED
677ec1574c8d21e435baba66,66a66d138294ce022ab541fe,APPROVED,Not Applicable,2025-01-08T18:18:08.676000Z,2025-01-08T18:27:46.864000Z,2025-01-10T20:26:48.938000Z,2025-01-08T18:27:48.042325Z,579.0,75b53a55e8,699,20,Male,Mixed,Ghana,United States,United States,English,Yes,Unemployed (and job seeking)
677ec1609832aab97d4645e3,60bd28cc95ab27d4f4f6ada3,RETURNED,Not Applicable,2025-01-08T18:18:08.139000Z,,,2025-01-23T16:32:27.222241Z,,,8194,CONSENT_REVOKED,CONSENT_REVOKED,CONSENT_REVOKED,CONSENT_REVOKED,CONSENT_REVOKED,CONSENT_REVOKED,CONSENT_REVOKED,CONSENT_REVOKED,CONSENT_REVOKED
677ec17659743c13d882e4de,66d8a7d158971a111e076740,RETURNED,Not Applicable,2025-01-08T18:18:43.007000Z,,,2025-01-23T16:32:27.155114Z,,,495,CONSENT_REVOKED,CONSENT_REVOKED,CONSENT_REVOKED,CONSENT_REVOKED,CONSENT_REVOKED,CONSENT_REVOKED,CONSENT_REVOKED,CONSENT_REVOKED,CONSENT_REVOKED
677ec1a2aadb5d393cf8f9e9,671c9e500eb05f000c05ed37,APPROVED,Not Applicable,2025-01-08T18:23:50.016000Z,2025-01-08T18:37:52.869000Z,2025-01-10T20:26:49.243000Z,2025-01-08T18:38:14.785571Z,843.0,75b53a55e8,305,68,Female,Black,Ghana,United States,United States,English,No,Full-Time
677ec1c4217649c63799477d,673cbbb6e625ce8a7e323089,APPROVED,Not Applicable,2025-01-08T18:23:04.858000Z,2025-01-08T18:50:28.805000Z,2025-01-10T20:26:49.487000Z,2025-01-08T18:50:51.223457Z,1644.0,75b53a55e8,225,49,Male,White,United States,United States,United States,English,No,Part-Time
677ec228524aaff067dc08f5,6052961c99d0779f4f953050,RETURNED,Not Applicable,2025-01-08T18:21:44.574000Z,,,2025-01-23T16:32:27.157894Z,,,1353,CONSENT_REVOKED,CONSENT_REVOKED,CONSENT_REVOKED,CONSENT_REVOKED,CONSENT_REVOKED,CONSENT_REVOKED,CONSENT_REVOKED,CONSENT_REVOKED,CONSENT_REVOKED
677ec228b7349fea16c55a22,67451a7fb4833417367d9e1a,APPROVED,Not Applicable,2025-01-08T18:21:35.788000Z,2025-01-08T18:34:26.680000Z,2025-01-10T20:26:49.744000Z,2025-01-08T18:34:30.035110Z,771.0,75b53a55e8,36,45,Male,White,United States,United States,United States,English,DATA_EXPIRED,DATA_EXPIRED
677ec2296e5c69e32cf8d3d9,67753321a93762091932b5f3,RETURNED,Not Applicable,2025-01-08T18:23:11.601000Z,,,2025-01-23T16:32:27.171181Z,,,49,CONSENT_REVOKED,CONSENT_REVOKED,CONSENT_REVOKED,CONSENT_REVOKED,CONSENT_REVOKED,CONSENT_REVOKED,CONSENT_REVOKED,CONSENT_REVOKED,CONSENT_REVOKED
677ec2e2597d374b0ae8f8a9,612cd21ab53f52338b7b4f19,APPROVED,Not Applicable,2025-01-08T18:26:54.301000Z,2025-01-08T18:39:00.972000Z,2025-01-10T20:26:49.997000Z,2025-01-08T18:39:03.011313Z,727.0,75b53a55e8,1078,45,Female,White,United States,United States,United States,English,No,Full-Time
677ec2e9146749cb1d2a07f1,67508a9659f2c7acbe6157ee,APPROVED,Not Applicable,2025-01-08T18:25:10.870000Z,2025-01-08T18:39:14.165000Z,2025-01-10T20:26:50.256000Z,2025-01-08T18:39:16.910852Z,844.0,75b53a55e8,72,20,Male,Black,Ghana,United States,United States,English,DATA_EXPIRED,DATA_EXPIRED
677ec37a38b724c747bd30f2,66ccd38bd1d9b49e3bfbcbbb,TIMED-OUT,Not Applicable,2025-01-08T18:27:22.112000Z,,,2025-01-23T16:32:27.224018Z,1289106.0,,609,32,Female,White,United States,United States,United States,English,No,Full-Time
677ec38fa12f30fc2db70a52,671309eee1f4753b1cdeed82,APPROVED,Not Applicable,2025-01-08T18:30:30.478000Z,2025-01-08T18:47:48.438000Z,2025-01-10T20:26:50.503000Z,2025-01-08T18:48:00.439006Z,1038.0,75b53a55e8,200,32,Female,Black,United States,United States,United States,English,DATA_EXPIRED,Full-Time
677ec3e5626be3088ae0c5ef,67479426e7ff8c15d1473e7c,APPROVED,Not Applicable,2025-01-08T18:29:16.910000Z,2025-01-08T19:04:24.868000Z,2025-01-10T20:26:50.774000Z,2025-01-08T19:04:25.483535Z,2108.0,75b53a55e8,93,36,Female,White,United States,United States,United States,English,No,Part-Time
677ec442f40d0df49b2940d4,676715482d8f0686a5da8ba9,APPROVED,Not Applicable,2025-01-08T18:30:36.374000Z,2025-01-08T18:39:55.467000Z,2025-01-10T20:26:51.019000Z,2025-01-08T18:39:57.383021Z,560.0,75b53a55e8,50,26,Female,Black,United States,United States,United States,English,DATA_EXPIRED,DATA_EXPIRED
677ec4442186dad517925977,67329e974d0c9d4221e4c4ac,APPROVED,Not Applicable,2025-01-08T18:30:34.248000Z,2025-01-08T18:44:37.789000Z,2025-01-10T20:26:51.256000Z,2025-01-08T18:44:38.506131Z,844.0,75b53a55e8,117,26,Female,White,United States,United States,United States,English,No,Full-Time
677ec4c1a28682572a19fad0,676959c7d690f354314c6448,RETURNED,Not Applicable,2025-01-08T18:32:42.908000Z,,,2025-01-23T16:32:27.226956Z,,,112,CONSENT_REVOKED,CONSENT_REVOKED,CONSENT_REVOKED,CONSENT_REVOKED,CONSENT_REVOKED,CONSENT_REVOKED,CONSENT_REVOKED,CONSENT_REVOKED,CONSENT_REVOKED
677ec57b79eb1672cc3ebd78,676057dbba7f2478ae4e0015,RETURNED,Not Applicable,2025-01-08T18:35:53.699000Z,,,2025-01-23T16:32:27.183524Z,,,108,CONSENT_REVOKED,CONSENT_REVOKED,CONSENT_REVOKED,CONSENT_REVOKED,CONSENT_REVOKED,CONSENT_REVOKED,CONSENT_REVOKED,CONSENT_REVOKED,CONSENT_REVOKED
677ec5ff0de12a7032bd6630,67336eef4021053026667b51,APPROVED,Not Applicable,2025-01-08T18:37:57.369000Z,2025-01-08T18:46:46.083000Z,2025-01-10T20:26:51.504000Z,2025-01-08T18:46:51.682368Z,529.0,75b53a55e8,249,22,Male,Black,Ghana,United States,United States,English,No,Part-Time
677ec657207f4228bbad4a0f,6679d2f916fe8e0bccf073b7,APPROVED,Not Applicable,2025-01-08T18:39:24.957000Z,2025-01-08T18:50:23.646000Z,2025-01-10T20:26:51.869000Z,2025-01-08T18:50:48.751465Z,659.0,75b53a55e8,20,25,Male,Mixed,Madagascar,United States,United States,English,No,Part-Time
677ec65d8945d3baf2c24523,5d4328c40aa3ad0001e2201e,RETURNED,Not Applicable,2025-01-08T18:39:25.512000Z,,,2025-01-23T16:32:27.167971Z,,,198,CONSENT_REVOKED,CONSENT_REVOKED,CONSENT_REVOKED,CONSENT_REVOKED,CONSENT_REVOKED,CONSENT_REVOKED,CONSENT_REVOKED,CONSENT_REVOKED,CONSENT_REVOKED
677ec65e59743c13d882e5ce,62a0e45a42fe6bdc52816cba,APPROVED,Not Applicable,2025-01-08T18:39:40.404000Z,2025-01-08T18:47:41.433000Z,2025-01-10T20:26:52.101000Z,2025-01-08T18:47:50.177858Z,482.0,75b53a55e8,3016,44,Male,White,United States,United States,United States,English,No,DATA_EXPIRED
677ec65fa4aa6bfb47660814,5c95493ddd325800166f838a,APPROVED,Not Applicable,2025-01-08T18:39:33.736000Z,2025-01-08T18:54:08.553000Z,2025-01-10T20:26:52.350000Z,2025-01-08T18:54:09.676385Z,875.0,75b53a55e8,6798,43,Female,White,Latvia,United States,United States,English,No,Full-Time
677ec65fc0f78f4336d54e6a,674859925d489ec66c065e38,RETURNED,Not Applicable,2025-01-08T18:40:02.162000Z,,,2025-01-23T16:32:27.182605Z,,,79,CONSENT_REVOKED,CONSENT_REVOKED,CONSENT_REVOKED,CONSENT_REVOKED,CONSENT_REVOKED,CONSENT_REVOKED,CONSENT_REVOKED,CONSENT_REVOKED,CONSENT_REVOKED
677ec66008b5779b791d48fb,6719945077484a73423ae558,APPROVED,Not Applicable,2025-01-08T18:39:51.824000Z,2025-01-08T18:54:43.617000Z,2025-01-10T20:26:52.812000Z,2025-01-08T18:54:44.425676Z,892.0,75b53a55e8,515,39,Male,White,United States,United States,United States,English,No,Full-Time
677ec660167f43309e15c7ee,66548532974360d0c90b9dd5,APPROVED,Not Applicable,2025-01-08T18:39:39.734000Z,2025-01-08T18:45:13.382000Z,2025-01-10T20:26:53.040000Z,2025-01-08T18:45:14.096427Z,334.0,75b53a55e8,679,39,Female,White,United States,United States,United States,English,No,"Not in paid work (e.g. homemaker', 'retired or disabled)"
677ec664174e825d441e18f0,6710d9b0233a0ff0851bafac,APPROVED,Not Applicable,2025-01-08T18:39:32.284000Z,2025-01-08T18:59:20.112000Z,2025-01-10T20:26:53.259000Z,2025-01-08T19:00:54.414135Z,1188.0,75b53a55e8,485,26,Female,White,United States,United States,United States,English,No,Full-Time
677ec67a39f6f7a031645a74,67461ea36218461771358e64,APPROVED,Not Applicable,2025-01-08T18:39:54.348000Z,2025-01-08T19:09:43.219000Z,2025-01-10T20:26:53.487000Z,2025-01-08T19:09:44.296413Z,1789.0,75b53a55e8,95,26,Male,Black,Ghana,United States,United States,English,No,Full-Time
677ec85a1bdd678c25e2d619,66d62734985c822b67585824,APPROVED,Not Applicable,2025-01-08T18:48:01.658000Z,2025-01-08T18:58:08.083000Z,2025-01-10T20:26:53.707000Z,2025-01-08T19:00:36.454961Z,607.0,75b53a55e8,490,67,Male,White,United States,United States,United States,English,No,Part-Time
677ecec42583c54fd14f3b75,663a91f9d7810606e749b423,APPROVED,Not Applicable,2025-01-08T19:15:27.339000Z,2025-01-08T19:26:22.774000Z,2025-01-10T20:26:53.930000Z,2025-01-08T19:26:25.293151Z,656.0,75b53a55e8,483,40,Male,Black,United States,United States,United States,English,No,Full-Time
677ede1a4343905e3d535b67,675fa40147858b253d3f220a,APPROVED,Not Applicable,2025-01-08T20:24:12.343000Z,2025-01-08T20:56:39.059000Z,2025-01-10T20:26:54.158000Z,2025-01-08T20:56:39.851053Z,1947.0,75b53a55e8,115,45,Male,Black,United States,United States,United States,English,Yes,Full-Time
677ede1ba436ac59cafc1139,676a9e5f876df28f7ea31934,TIMED-OUT,Not Applicable,2025-01-08T20:20:50.238000Z,,,2025-01-23T16:32:27.205217Z,1282298.0,,21,19,Female,Black,Ghana,United States,United States,English,No,Full-Time
677ede1bd08c70b352d4aeb7,67448e03230382ae3c683fa8,APPROVED,Not Applicable,2025-01-08T20:21:07.486000Z,2025-01-08T20:41:13.581000Z,2025-01-10T20:26:54.407000Z,2025-01-08T20:41:14.510703Z,1207.0,75b53a55e8,98,39,Male,Mixed,Ghana,United States,United States,English,DATA_EXPIRED,Full-Time
677eeae0d4b4156299374be6,6754d3b0a210798dc9893737,APPROVED,Not Applicable,2025-01-08T21:15:17.021000Z,2025-01-08T21:21:45.008000Z,2025-01-10T20:26:54.646000Z,2025-01-08T21:21:47.806975Z,388.0,75b53a55e8,64,34,Female,Black,United States,United States,United States,English,No,Full-Time
6781824b31076de101c4e486,60fd8a8cf484610fa3d19433,RETURNED,Not Applicable,2025-01-10T20:25:52.225000Z,,,2025-01-23T16:32:27.218197Z,,,723,CONSENT_REVOKED,CONSENT_REVOKED,CONSENT_REVOKED,CONSENT_REVOKED,CONSENT_REVOKED,CONSENT_REVOKED,CONSENT_REVOKED,CONSENT_REVOKED,CONSENT_REVOKED
67818276424d76e09d4ac3a8,66de55344fdad9c47ab65abd,APPROVED,Not Applicable,2025-01-10T20:26:39.185000Z,2025-01-10T20:58:46.231000Z,2025-01-16T00:40:52.466000Z,2025-01-10T20:58:49.209724Z,1928.0,75b53a55e8,21,48,Female,Black,United States,United States,United States,English,Yes,Full-Time
678fd9b8915eece094bb5086,580e703cf25c440001679421,APPROVED,Not Applicable,2025-01-21T17:30:36.554000Z,2025-01-21T17:36:35.734000Z,2025-01-21T18:19:23.184000Z,2025-01-21T17:37:35.508990Z,360.0,75b53a55e8,823,37,Female,White,United States,United States,United States,English,No,Full-Time
678fda0d55a61c987d0bc9a5,678e9de8f40ff8f9729c8385,RETURNED,Not Applicable,2025-01-21T17:33:04.285000Z,,,2025-01-23T16:32:27.165954Z,,,14,CONSENT_REVOKED,CONSENT_REVOKED,CONSENT_REVOKED,CONSENT_REVOKED,CONSENT_REVOKED,CONSENT_REVOKED,CONSENT_REVOKED,CONSENT_REVOKED,CONSENT_REVOKED
678fde73951015a21c9d8971,67751a2fb99aed60c76e7c98,APPROVED,Not Applicable,2025-01-21T17:50:51.105000Z,2025-01-21T17:59:32.232000Z,2025-01-21T18:19:24.136000Z,2025-01-21T17:59:33.039916Z,522.0,75b53a55e8.,70,24,Male,Black,Kenya,United States,United States,English,Yes,Part-Time
678fded50ba64e7702c8300c,678f91c6187dbb794f36d14a,RETURNED,Not Applicable,2025-01-21T17:52:31.532000Z,,,2025-01-23T16:32:27.204454Z,,,38,CONSENT_REVOKED,CONSENT_REVOKED,CONSENT_REVOKED,CONSENT_REVOKED,CONSENT_REVOKED,CONSENT_REVOKED,CONSENT_REVOKED,CONSENT_REVOKED,CONSENT_REVOKED
678fe0e15624aceaa4bb4f52,67893ea19e5b950972764d1e,RETURNED,Not Applicable,2025-01-21T18:01:17.548000Z,,,2025-01-23T16:32:27.195126Z,,,20,CONSENT_REVOKED,CONSENT_REVOKED,CONSENT_REVOKED,CONSENT_REVOKED,CONSENT_REVOKED,CONSENT_REVOKED,CONSENT_REVOKED,CONSENT_REVOKED,CONSENT_REVOKED
678fe17accbd40922e6d6fe0,6598679b3d71be33bcb9a7c0,APPROVED,Not Applicable,2025-01-21T18:03:45.849000Z,2025-01-21T18:22:25.468000Z,2025-01-21T22:58:35.373000Z,2025-01-21T18:22:27.036102Z,1120.0,75b53a55e8,713,32,Female,White,United States,United States,United States,English,DATA_EXPIRED,DATA_EXPIRED
678fe21dacfb9dbf8dae7dc5,6750116ae159e46fba30d928,APPROVED,Not Applicable,2025-01-21T18:06:26.083000Z,2025-01-21T18:12:54.561000Z,2025-01-21T18:19:30.339000Z,2025-01-21T18:12:55.317881Z,389.0,75b53a55e8,1,20,Female,White,United States,United States,United States,English,Yes,DATA_EXPIRED
6792730cc65051016b9024d0,652be630d5ccaffb4fa0922b,APPROVED,Not Applicable,2025-01-23T16:49:21.615000Z,2025-01-23T17:05:40.501000Z,2025-01-23T17:50:06.066000Z,2025-01-23T17:07:39.964827Z,979.0,75b53a55e8.,1490,52,Male,White,United Kingdom,United States,United States,English,No,"Not in paid work (e.g. homemaker', 'retired or disabled)"
6792731cb8c973e17df0421d,671a9df40aa3def0ece893b1,RETURNED,Not Applicable,2025-01-23T16:49:42.026000Z,,,2025-01-23T20:44:22.893723Z,,,545,CONSENT_REVOKED,CONSENT_REVOKED,CONSENT_REVOKED,CONSENT_REVOKED,CONSENT_REVOKED,CONSENT_REVOKED,CONSENT_REVOKED,CONSENT_REVOKED,CONSENT_REVOKED
67927324a006f1e14cd4cdb3,677e862e5bb982a57b7ed24d,RETURNED,Not Applicable,2025-01-23T16:50:25.258000Z,,,2025-01-23T20:44:22.904652Z,,,66,CONSENT_REVOKED,CONSENT_REVOKED,CONSENT_REVOKED,CONSENT_REVOKED,CONSENT_REVOKED,CONSENT_REVOKED,CONSENT_REVOKED,CONSENT_REVOKED,CONSENT_REVOKED
6792734abe060f44ca8dfc83,60fec653cfad907057f125dd,APPROVED,Not Applicable,2025-01-23T16:50:23.690000Z,2025-01-23T17:00:48.764000Z,2025-01-23T17:50:06.433000Z,2025-01-23T17:00:49.462163Z,626.0,75b53a55e8,278,26,Female,White,United States,United States,United States,English,No,DATA_EXPIRED
679273515268cea87364798d,678a7cd5c104f5bf18647827,APPROVED,Not Applicable,2025-01-23T16:50:32.830000Z,2025-01-23T17:00:01.962000Z,2025-01-23T17:50:06.796000Z,2025-01-23T17:00:03.069571Z,570.0,75b53a55e8,16,20,Male,Black,United States,United States,United States,English,Yes,Part-Time
67927354271d841245342d6d,5e84bd7c34d5d9072128fac1,APPROVED,Not Applicable,2025-01-23T16:50:33.163000Z,2025-01-23T17:03:59.067000Z,2025-01-23T17:50:07.412000Z,2025-01-23T17:04:14.316383Z,806.0,75b53a55e8,5283,37,Male,White,United States,United States,United States,English,DATA_EXPIRED,DATA_EXPIRED
679273813939401ccba1c3e5,676fdf0fcf3be4956f035e41,RETURNED,Not Applicable,2025-01-23T16:51:24.186000Z,,,2025-01-23T20:44:22.905714Z,,,19,CONSENT_REVOKED,CONSENT_REVOKED,CONSENT_REVOKED,CONSENT_REVOKED,CONSENT_REVOKED,CONSENT_REVOKED,CONSENT_REVOKED,CONSENT_REVOKED,CONSENT_REVOKED
67927386fafcac845aab8c7e,647a791065c6c348a325ab54,RETURNED,Not Applicable,2025-01-23T16:51:27.686000Z,,,2025-01-23T20:44:22.904021Z,,,1003,CONSENT_REVOKED,CONSENT_REVOKED,CONSENT_REVOKED,CONSENT_REVOKED,CONSENT_REVOKED,CONSENT_REVOKED,CONSENT_REVOKED,CONSENT_REVOKED,CONSENT_REVOKED
6792738deaa32b90b313f528,668d854cab7b089e4d618526,RETURNED,Not Applicable,2025-01-23T16:51:30.006000Z,,,2025-01-23T20:44:22.910616Z,,,437,CONSENT_REVOKED,CONSENT_REVOKED,CONSENT_REVOKED,CONSENT_REVOKED,CONSENT_REVOKED,CONSENT_REVOKED,CONSENT_REVOKED,CONSENT_REVOKED,CONSENT_REVOKED
679273957f38ca4539b7ee1e,66d679c95cd74b019802b884,APPROVED,Not Applicable,2025-01-23T16:51:37.910000Z,2025-01-23T16:58:15.039000Z,2025-01-23T17:50:07.893000Z,2025-01-23T16:58:55.908794Z,398.0,75b53a55e8,569,44,Female,White,United States,United States,United States,English,No,Other
679273a354396bb68c40f9ec,63e05d757d2583ffc71c74d7,APPROVED,Not Applicable,2025-01-23T16:51:54.079000Z,2025-01-23T17:01:11.040000Z,2025-01-23T17:50:08.510000Z,2025-01-23T17:01:11.791598Z,557.0,75b53a55e8,1835,58,Female,White,United States,United States,United States,English,No,DATA_EXPIRED
679273ad55e768f109e55fa4,6782bfcd44d082cdf9d56303,APPROVED,Not Applicable,2025-01-23T16:52:06.320000Z,2025-01-23T17:03:23.588000Z,2025-01-23T17:50:08.962000Z,2025-01-23T17:03:24.405273Z,678.0,75b53a55e8,47,21,Male,White,Kenya,United States,United States,English,DATA_EXPIRED,Unemployed (and job seeking)
679273bae8d917684597d985,673866d619c95d7829fc3142,APPROVED,Not Applicable,2025-01-23T16:52:25.139000Z,2025-01-23T17:05:39.118000Z,2025-01-23T17:50:09.390000Z,2025-01-23T17:07:39.667997Z,794.0,75b53a55e8,169,34,Male,White,United States,United States,United States,English,DATA_EXPIRED,Full-Time
679273c3d843ff2eba9e2074,678e3ddd6aeb2d5d1146f2dd,RETURNED,Not Applicable,2025-01-23T16:52:27.628000Z,,,2025-01-23T20:44:22.927986Z,,,24,CONSENT_REVOKED,CONSENT_REVOKED,CONSENT_REVOKED,CONSENT_REVOKED,CONSENT_REVOKED,CONSENT_REVOKED,CONSENT_REVOKED,CONSENT_REVOKED,CONSENT_REVOKED
679273d88d8c5575a39c3f78,677c8c30787bde026ac93e14,APPROVED,Not Applicable,2025-01-23T16:53:08.801000Z,2025-01-23T17:01:53.813000Z,2025-01-23T17:50:09.747000Z,2025-01-23T17:01:54.830423Z,526.0,75b53a55e8,1,35,Female,White,United States,United States,United States,English,DATA_EXPIRED,DATA_EXPIRED
679273dbf90098dce2876b07,67825ad6c938453d82aee40a,RETURNED,Not Applicable,2025-01-23T16:52:57.222000Z,,,2025-01-23T20:44:22.917012Z,,,43,CONSENT_REVOKED,CONSENT_REVOKED,CONSENT_REVOKED,CONSENT_REVOKED,CONSENT_REVOKED,CONSENT_REVOKED,CONSENT_REVOKED,CONSENT_REVOKED,CONSENT_REVOKED
679273dfcc372756eb3b0779,56d857ad4a9be1000a53af36,RETURNED,Not Applicable,2025-01-23T16:55:59.228000Z,,,2025-01-23T20:44:22.928269Z,,,2454,CONSENT_REVOKED,CONSENT_REVOKED,CONSENT_REVOKED,CONSENT_REVOKED,CONSENT_REVOKED,CONSENT_REVOKED,CONSENT_REVOKED,CONSENT_REVOKED,CONSENT_REVOKED
679273f0242f84fd93e1f5bf,656df1046e98ce92df041c9d,RETURNED,Not Applicable,2025-01-23T16:53:10.158000Z,,,2025-01-23T20:44:22.930715Z,,,1854,CONSENT_REVOKED,CONSENT_REVOKED,CONSENT_REVOKED,CONSENT_REVOKED,CONSENT_REVOKED,CONSENT_REVOKED,CONSENT_REVOKED,CONSENT_REVOKED,CONSENT_REVOKED
67927419a3194de0bd11565e,668ca24d9348859dd098a757,RETURNED,Not Applicable,2025-01-23T16:53:52.351000Z,,,2025-01-23T20:44:22.935249Z,,,905,CONSENT_REVOKED,CONSENT_REVOKED,CONSENT_REVOKED,CONSENT_REVOKED,CONSENT_REVOKED,CONSENT_REVOKED,CONSENT_REVOKED,CONSENT_REVOKED,CONSENT_REVOKED
67927419f0853468a0d36620,60c6c9420b4d17c6a1fa8828,RETURNED,Not Applicable,2025-01-23T16:53:58.121000Z,,,2025-01-23T20:44:22.936929Z,,,185,CONSENT_REVOKED,CONSENT_REVOKED,CONSENT_REVOKED,CONSENT_REVOKED,CONSENT_REVOKED,CONSENT_REVOKED,CONSENT_REVOKED,CONSENT_REVOKED,CONSENT_REVOKED
6792741b0854b8a01b246328,6726f38cd14d8ba8644f2bcf,APPROVED,Not Applicable,2025-01-23T16:53:59.338000Z,2025-01-23T17:09:12.372000Z,2025-01-23T17:50:10.170000Z,2025-01-23T17:09:56.100423Z,914.0,75b53a55e8,360,47,Female,White,United States,United States,United States,English,No,Full-Time
67927421b8c973e17df0424d,676450858cf863654f784df4,RETURNED,Not Applicable,2025-01-23T16:54:25.482000Z,,,2025-01-23T20:44:22.934600Z,,,74,CONSENT_REVOKED,CONSENT_REVOKED,CONSENT_REVOKED,CONSENT_REVOKED,CONSENT_REVOKED,CONSENT_REVOKED,CONSENT_REVOKED,CONSENT_REVOKED,CONSENT_REVOKED
6792744f2c78769afeb95910,6613ecc80133eabab03fb78b,TIMED-OUT,Not Applicable,2025-01-23T16:54:47.013000Z,,,2025-01-23T20:44:22.945845Z,13776.0,,178,53,Female,White,United States,United States,United States,English,No,"Not in paid work (e.g. homemaker', 'retired or disabled)"
679274521609c7f66de4b000,6686c7cb71aabbdc1f41c2f6,APPROVED,Not Applicable,2025-01-23T16:55:04.380000Z,2025-01-23T17:34:31.143000Z,2025-01-23T17:50:10.549000Z,2025-01-23T17:34:31.870991Z,2367.0,75b53a55e8,540,34,Female,Black,Nigeria,United States,United States,English,No,Full-Time
6792745433ad9acc5cc90668,5eecec23f0bc7e0bd9684089,APPROVED,Not Applicable,2025-01-23T16:54:51.233000Z,2025-01-23T17:05:14.690000Z,2025-01-23T17:50:10.946000Z,2025-01-23T17:07:17.881848Z,624.0,75b53a55e8,417,28,Female,White,United States,United States,United States,English,No,DATA_EXPIRED
679274552f567ce93742a8b4,672a799c5da8404d6f10fd61,APPROVED,Not Applicable,2025-01-23T16:54:59.151000Z,2025-01-23T17:05:27.971000Z,2025-01-23T17:50:11.381000Z,2025-01-23T17:07:30.225674Z,629.0,75b53a55e8,334,46,Female,White,United States,United States,United States,English,No,Part-Time
6792745a6db9dbf2f221550a,5a20376e8c1e5c0001713be4,RETURNED,Not Applicable,2025-01-23T16:55:10.031000Z,,,2025-01-23T20:44:22.940227Z,,,56,CONSENT_REVOKED,CONSENT_REVOKED,CONSENT_REVOKED,CONSENT_REVOKED,CONSENT_REVOKED,CONSENT_REVOKED,CONSENT_REVOKED,CONSENT_REVOKED,CONSENT_REVOKED
6792745dae9e429f60902573,5858610a7ac7900001733bb2,RETURNED,Not Applicable,2025-01-23T16:55:04.348000Z,,,2025-01-23T20:44:22.948340Z,,,2043,CONSENT_REVOKED,CONSENT_REVOKED,CONSENT_REVOKED,CONSENT_REVOKED,CONSENT_REVOKED,CONSENT_REVOKED,CONSENT_REVOKED,CONSENT_REVOKED,CONSENT_REVOKED
67927495dbcac78944b407bb,6717ca3a61e52dc226157162,APPROVED,Not Applicable,2025-01-23T16:55:57.270000Z,2025-01-23T17:07:53.888000Z,2025-01-23T17:50:12.784000Z,2025-01-23T17:09:32.245948Z,717.0,75b53a55e8,66,48,Female,Asian,Philippines,United States,United States,Tagalog-Filipino,No,Other
6792749748e2f8b9f17c281a,678baf42b922963699a4fe3e,RETURNED,Not Applicable,2025-01-23T16:56:01.126000Z,,,2025-01-23T20:44:22.948747Z,,,30,CONSENT_REVOKED,CONSENT_REVOKED,CONSENT_REVOKED,CONSENT_REVOKED,CONSENT_REVOKED,CONSENT_REVOKED,CONSENT_REVOKED,CONSENT_REVOKED,CONSENT_REVOKED
6792749b22616023007b5125,678ea0f488fc91839edd19a2,RETURNED,Not Applicable,2025-01-23T16:56:04.467000Z,,,2025-01-23T20:44:22.947938Z,,,16,CONSENT_REVOKED,CONSENT_REVOKED,CONSENT_REVOKED,CONSENT_REVOKED,CONSENT_REVOKED,CONSENT_REVOKED,CONSENT_REVOKED,CONSENT_REVOKED,CONSENT_REVOKED
6792749dc8b291a77618af2f,6757244ae4655e222b76d530,APPROVED,Not Applicable,2025-01-23T16:55:57.009000Z,2025-01-23T17:37:02.563000Z,2025-01-23T17:50:13.938000Z,2025-01-23T17:37:12.992891Z,2466.0,75b53a55e8,139,25,Female,White,United States,United States,United States,English,DATA_EXPIRED,DATA_EXPIRED
679274a04b8d3d7e58c647b5,678c23c50a1c2fa373dcdf25,RETURNED,Not Applicable,2025-01-23T16:56:09.615000Z,,,2025-01-23T20:44:22.950312Z,,,12,CONSENT_REVOKED,CONSENT_REVOKED,CONSENT_REVOKED,CONSENT_REVOKED,CONSENT_REVOKED,CONSENT_REVOKED,CONSENT_REVOKED,CONSENT_REVOKED,CONSENT_REVOKED
679274afc65051016b90251b,678ec5c7326b4854e4b58b05,RETURNED,Not Applicable,2025-01-23T17:04:13.572000Z,,,2025-01-23T20:44:22.956693Z,,,16,CONSENT_REVOKED,CONSENT_REVOKED,CONSENT_REVOKED,CONSENT_REVOKED,CONSENT_REVOKED,CONSENT_REVOKED,CONSENT_REVOKED,CONSENT_REVOKED,CONSENT_REVOKED
679274c27ed46dade1945fb4,678e1e459b1cb48d4cc3ae36,RETURNED,Not Applicable,2025-01-23T16:56:41.571000Z,,,2025-01-23T20:44:22.959124Z,,,13,CONSENT_REVOKED,CONSENT_REVOKED,CONSENT_REVOKED,CONSENT_REVOKED,CONSENT_REVOKED,CONSENT_REVOKED,CONSENT_REVOKED,CONSENT_REVOKED,CONSENT_REVOKED
679274d477d44730df23baf8,6734c699d11234d19b0be0ec,RETURNED,Not Applicable,2025-01-23T16:57:02.205000Z,,,2025-01-23T20:44:22.957329Z,,,312,CONSENT_REVOKED,CONSENT_REVOKED,CONSENT_REVOKED,CONSENT_REVOKED,CONSENT_REVOKED,CONSENT_REVOKED,CONSENT_REVOKED,CONSENT_REVOKED,CONSENT_REVOKED
679274eea006f1e14cd4ce1d,678b686b5d10296603b4d5cf,RETURNED,Not Applicable,2025-01-23T16:57:28.494000Z,,,2025-01-23T20:44:22.969348Z,,,26,CONSENT_REVOKED,CONSENT_REVOKED,CONSENT_REVOKED,CONSENT_REVOKED,CONSENT_REVOKED,CONSENT_REVOKED,CONSENT_REVOKED,CONSENT_REVOKED,CONSENT_REVOKED
6792750d502f5a1bbc06a641,5d7fdfd7d8e176001983ffa2,APPROVED,Not Applicable,2025-01-23T16:57:58.102000Z,2025-01-23T17:10:13.670000Z,2025-01-23T17:50:14.329000Z,2025-01-23T17:10:14.640381Z,736.0,75b53a55e8,4107,44,Male,White,United States,United States,United States,English,No,Full-Time
67927518d9509629f90c5039,67628f7b4f57e91918c49e72,RETURNED,Not Applicable,2025-01-23T16:58:09.713000Z,,,2025-01-23T20:44:22.967538Z,,,117,CONSENT_REVOKED,CONSENT_REVOKED,CONSENT_REVOKED,CONSENT_REVOKED,CONSENT_REVOKED,CONSENT_REVOKED,CONSENT_REVOKED,CONSENT_REVOKED,CONSENT_REVOKED
67927535b385aafd86ef6236,6780f188caaf3cda7ffbbc3a,RETURNED,Not Applicable,2025-01-23T16:58:35.963000Z,,,2025-01-23T20:44:22.973182Z,,,40,CONSENT_REVOKED,CONSENT_REVOKED,CONSENT_REVOKED,CONSENT_REVOKED,CONSENT_REVOKED,CONSENT_REVOKED,CONSENT_REVOKED,CONSENT_REVOKED,CONSENT_REVOKED
6792754063646deed7b60cc8,673db2f10e51d90be832a1ad,APPROVED,Not Applicable,2025-01-23T16:58:47.034000Z,2025-01-23T17:04:46.438000Z,2025-01-23T17:50:14.669000Z,2025-01-23T17:06:29.439123Z,360.0,75b53a55e8,306,25,Male,Asian,United States,United States,United States,English,No,Unemployed (and job seeking)
679275468064506b0427a045,66b67e59805551bf822ba31a,APPROVED,Not Applicable,2025-01-23T16:58:53.557000Z,2025-01-23T17:05:08.143000Z,2025-01-23T17:50:15.059000Z,2025-01-23T17:07:11.860990Z,375.0,75b53a55e8,418,35,Female,White,United States,United States,United States,English,No,DATA_EXPIRED
67927548a6b8be80a4342e1b,671cf2452a640f4bd41d8b01,APPROVED,Not Applicable,2025-01-23T16:58:57.994000Z,2025-01-23T17:14:15.233000Z,2025-01-23T17:50:15.438000Z,2025-01-23T17:14:15.792917Z,918.0,75b53a55e8,195,49,Female,Black,Ghana,United States,United States,English,No,Full-Time
679275615b4c03c2b885005a,678eb6fee22e7fe79c308292,RETURNED,Not Applicable,2025-01-23T16:59:22.097000Z,,,2025-01-23T20:44:22.970674Z,,,14,CONSENT_REVOKED,CONSENT_REVOKED,CONSENT_REVOKED,CONSENT_REVOKED,CONSENT_REVOKED,CONSENT_REVOKED,CONSENT_REVOKED,CONSENT_REVOKED,CONSENT_REVOKED
67927565c697830c2d7105aa,673e36ab726a1200b7d03630,RETURNED,Not Applicable,2025-01-23T16:59:26.222000Z,,,2025-01-23T20:44:22.976503Z,,,39,CONSENT_REVOKED,CONSENT_REVOKED,CONSENT_REVOKED,CONSENT_REVOKED,CONSENT_REVOKED,CONSENT_REVOKED,CONSENT_REVOKED,CONSENT_REVOKED,CONSENT_REVOKED
6792757a33ad9acc5cc906a2,673e38e2c573289f96bcec60,RETURNED,Not Applicable,2025-01-23T16:59:47.991000Z,,,2025-01-23T20:44:22.979142Z,,,68,CONSENT_REVOKED,CONSENT_REVOKED,CONSENT_REVOKED,CONSENT_REVOKED,CONSENT_REVOKED,CONSENT_REVOKED,CONSENT_REVOKED,CONSENT_REVOKED,CONSENT_REVOKED
6792757cc84ada82dd6bbeb5,66d9b6042ad7fd7890e06ae5,APPROVED,Not Applicable,2025-01-23T16:59:50.571000Z,2025-01-23T17:10:44.746000Z,2025-01-23T17:50:15.877000Z,2025-01-23T17:10:45.564553Z,655.0,75b53a55e8,693,47,Female,White,United States,United States,United States,English,No,Part-Time
67927586e170b9421d3aac37,66cdabfef572dde0bd228239,APPROVED,Not Applicable,2025-01-23T16:59:58.119000Z,2025-01-23T17:17:50.120000Z,2025-01-23T17:50:16.270000Z,2025-01-23T17:17:53.164935Z,1073.0,75b53a55e8.,213,55,Female,Black,United States,United States,United States,English,No,"Not in paid work (e.g. homemaker', 'retired or disabled)"
6792759a99c7cd41ae4ad70c,634282de38138fa9316eb482,APPROVED,Not Applicable,2025-01-23T17:00:52.050000Z,2025-01-23T17:19:38.064000Z,2025-01-23T17:50:16.659000Z,2025-01-23T17:20:02.303379Z,1127.0,75b53a55e8,3565,32,Male,Black,United States,United States,United States,English,DATA_EXPIRED,DATA_EXPIRED
679275a38f32fe87fb92a33e,678f544bd82f111cdb439a3f,APPROVED,Not Applicable,2025-01-23T17:01:18.977000Z,2025-01-23T17:24:06.698000Z,2025-01-23T17:50:17.151000Z,2025-01-23T17:24:09.099406Z,1368.0,75b53a55e8,22,22,Male,Black,Kenya,United States,United States,English,DATA_EXPIRED,DATA_EXPIRED
679275b5be060f44ca8dfd17,6780f9857039949793de215a,RETURNED,Not Applicable,2025-01-23T17:00:42.987000Z,,,2025-01-23T20:44:22.981562Z,,,49,CONSENT_REVOKED,CONSENT_REVOKED,CONSENT_REVOKED,CONSENT_REVOKED,CONSENT_REVOKED,CONSENT_REVOKED,CONSENT_REVOKED,CONSENT_REVOKED,CONSENT_REVOKED
679275bd33ad9acc5cc906b4,5f55761d9254dc143b167d4e,RETURNED,Not Applicable,2025-01-23T17:00:51.366000Z,,,2025-01-23T20:44:22.980646Z,,,7691,CONSENT_REVOKED,CONSENT_REVOKED,CONSENT_REVOKED,CONSENT_REVOKED,CONSENT_REVOKED,CONSENT_REVOKED,CONSENT_REVOKED,CONSENT_REVOKED,CONSENT_REVOKED
679275e79ef73fb90174032b,6790a05a34d05dfd6135d984,RETURNED,Not Applicable,2025-01-23T17:01:36.992000Z,,,2025-01-23T20:44:22.990711Z,,,10,CONSENT_REVOKED,CONSENT_REVOKED,CONSENT_REVOKED,CONSENT_REVOKED,CONSENT_REVOKED,CONSENT_REVOKED,CONSENT_REVOKED,CONSENT_REVOKED,CONSENT_REVOKED
6792763de76d14803ce9b1e7,6785f367cc677591410fe478,RETURNED,Not Applicable,2025-01-23T17:03:02.028000Z,,,2025-01-23T20:44:23.004502Z,,,49,CONSENT_REVOKED,CONSENT_REVOKED,CONSENT_REVOKED,CONSENT_REVOKED,CONSENT_REVOKED,CONSENT_REVOKED,CONSENT_REVOKED,CONSENT_REVOKED,CONSENT_REVOKED
6792768f4a386de2ead86464,6648a6c3e5a0dcc0647abd81,RETURNED,Not Applicable,2025-01-23T17:06:07.293000Z,,,2025-01-23T20:44:22.990007Z,,,1631,CONSENT_REVOKED,CONSENT_REVOKED,CONSENT_REVOKED,CONSENT_REVOKED,CONSENT_REVOKED,CONSENT_REVOKED,CONSENT_REVOKED,CONSENT_REVOKED,CONSENT_REVOKED
679276e6551c72af7a858210,6750d7e8d906171342f10c2b,RETURNED,Not Applicable,2025-01-23T17:05:42.171000Z,,,2025-01-23T20:44:23.016862Z,,,175,CONSENT_REVOKED,CONSENT_REVOKED,CONSENT_REVOKED,CONSENT_REVOKED,CONSENT_REVOKED,CONSENT_REVOKED,CONSENT_REVOKED,CONSENT_REVOKED,CONSENT_REVOKED
679276f60d38bd165f115728,673b9546320df37633fc08f1,RETURNED,Not Applicable,2025-01-23T17:06:07.536000Z,,,2025-01-23T20:44:23.017281Z,,,204,CONSENT_REVOKED,CONSENT_REVOKED,CONSENT_REVOKED,CONSENT_REVOKED,CONSENT_REVOKED,CONSENT_REVOKED,CONSENT_REVOKED,CONSENT_REVOKED,CONSENT_REVOKED
6792770c6a51a0ad268dfd17,5d3221b8eb6cfa0001950113,RETURNED,Not Applicable,2025-01-23T17:06:20.188000Z,,,2025-01-23T20:44:23.026380Z,,,2060,CONSENT_REVOKED,CONSENT_REVOKED,CONSENT_REVOKED,CONSENT_REVOKED,CONSENT_REVOKED,CONSENT_REVOKED,CONSENT_REVOKED,CONSENT_REVOKED,CONSENT_REVOKED
67927745daffc1bea1af43c0,6413577c3565b8c76d846034,APPROVED,Not Applicable,2025-01-23T17:07:23.299000Z,2025-01-23T17:16:33.100000Z,2025-01-23T17:50:17.521000Z,2025-01-23T17:16:45.598996Z,550.0,75b53a55e8,2966,31,Male,White,United States,United States,United States,English,No,Full-Time
679277465af6fca0b5ef3ac2,676946156aa9f52a7b20afda,RETURNED,Not Applicable,2025-01-23T17:13:46.702000Z,,,2025-01-23T20:44:23.025224Z,,,123,CONSENT_REVOKED,CONSENT_REVOKED,CONSENT_REVOKED,CONSENT_REVOKED,CONSENT_REVOKED,CONSENT_REVOKED,CONSENT_REVOKED,CONSENT_REVOKED,CONSENT_REVOKED
67927747dda91d70f3a49875,678bb5fd43810c4857312420,APPROVED,Not Applicable,2025-01-23T17:07:19.241000Z,2025-01-23T17:25:40.376000Z,2025-01-23T17:50:17.885000Z,2025-01-23T17:26:16.947700Z,1102.0,75b53a55e8,21,35,Female,Black,Ghana,United States,United States,English,No,Unemployed (and job seeking)
6792777ff11c1a85cb13f59d,6675f3ac3a5d0633257190c4,RETURNED,Not Applicable,2025-01-23T17:09:28.686000Z,,,2025-01-23T20:44:23.025364Z,,,622,CONSENT_REVOKED,CONSENT_REVOKED,CONSENT_REVOKED,CONSENT_REVOKED,CONSENT_REVOKED,CONSENT_REVOKED,CONSENT_REVOKED,CONSENT_REVOKED,CONSENT_REVOKED
679277828d8c5575a39c4034,67913f39964c64df0dd9ffbf,RETURNED,Not Applicable,2025-01-23T17:08:57.702000Z,,,2025-01-23T20:44:23.042492Z,,,7,CONSENT_REVOKED,CONSENT_REVOKED,CONSENT_REVOKED,CONSENT_REVOKED,CONSENT_REVOKED,CONSENT_REVOKED,CONSENT_REVOKED,CONSENT_REVOKED,CONSENT_REVOKED
679277af37899d050487d074,677ae65331aabbf95a6cf744,RETURNED,Not Applicable,2025-01-23T17:09:09.182000Z,,,2025-01-23T20:44:23.021815Z,,,11,CONSENT_REVOKED,CONSENT_REVOKED,CONSENT_REVOKED,CONSENT_REVOKED,CONSENT_REVOKED,CONSENT_REVOKED,CONSENT_REVOKED,CONSENT_REVOKED,CONSENT_REVOKED
679277b1fec93168a20b0f5c,677bb204f96b36ed7ed1be84,RETURNED,Not Applicable,2025-01-23T17:11:04.716000Z,,,2025-01-23T20:44:23.025554Z,,,10,CONSENT_REVOKED,CONSENT_REVOKED,CONSENT_REVOKED,CONSENT_REVOKED,CONSENT_REVOKED,CONSENT_REVOKED,CONSENT_REVOKED,CONSENT_REVOKED,CONSENT_REVOKED
67927815560250f99fc9072c,6780e7a510a95f9bd1101313,RETURNED,Not Applicable,2025-01-23T17:10:51.880000Z,,,2025-01-23T20:44:23.021409Z,,,47,CONSENT_REVOKED,CONSENT_REVOKED,CONSENT_REVOKED,CONSENT_REVOKED,CONSENT_REVOKED,CONSENT_REVOKED,CONSENT_REVOKED,CONSENT_REVOKED,CONSENT_REVOKED
6792787850bfafa9a81dca45,679245d319bb92a574cbcbc0,RETURNED,Not Applicable,2025-01-23T17:12:33.663000Z,,,2025-01-23T20:44:23.040529Z,,,8,CONSENT_REVOKED,CONSENT_REVOKED,CONSENT_REVOKED,CONSENT_REVOKED,CONSENT_REVOKED,CONSENT_REVOKED,CONSENT_REVOKED,CONSENT_REVOKED,CONSENT_REVOKED
6792789f505a2d10525d7803,65ed5c04d3445a64eb3c3aff,APPROVED,Not Applicable,2025-01-23T17:13:07.696000Z,2025-01-23T17:19:48.804000Z,2025-01-23T17:50:18.271000Z,2025-01-23T17:20:10.373237Z,402.0,75b53a55e8,1217,42,Female,White,United States,United States,United States,English,No,Full-Time
679278d7ac372c318ce1cccb,677c0dcf289d25e795dd6f65,APPROVED,Not Applicable,2025-01-23T17:14:06.155000Z,2025-01-23T17:34:12.228000Z,2025-01-23T17:50:18.627000Z,2025-01-23T17:34:13.083865Z,1207.0,75b53a55e8.,27,23,Male,Black,Ghana,United States,United States,English,Yes,Part-Time
679278dfbe64f110c0768451,67915937d7a4bc044f9cc7e2,APPROVED,Not Applicable,2025-01-23T17:14:07.809000Z,2025-01-23T17:37:58.585000Z,2025-01-23T17:50:19.104000Z,2025-01-23T17:39:17.613856Z,1431.0,75b53a55e8,10,20,Male,White,Kenya,United States,United States,English,DATA_EXPIRED,DATA_EXPIRED
679278f13effed800760a7a8,678eaeb46c46dc2b97321ff9,RETURNED,Not Applicable,2025-01-23T17:14:37.784000Z,,,2025-01-23T20:44:23.028541Z,,,21,CONSENT_REVOKED,CONSENT_REVOKED,CONSENT_REVOKED,CONSENT_REVOKED,CONSENT_REVOKED,CONSENT_REVOKED,CONSENT_REVOKED,CONSENT_REVOKED,CONSENT_REVOKED
6792791060f5f51ecefb861e,663a8b6eababda7c864ed2ce,APPROVED,Not Applicable,2025-01-23T17:15:17.849000Z,2025-01-23T17:23:20.784000Z,2025-01-23T17:50:19.798000Z,2025-01-23T17:23:21.534658Z,483.0,75b53a55e8,337,27,Male,White,United States,United States,United States,English,No,Part-Time
6792793b864a7de14c8afe66,63e5b536fe14fec39a9a9361,RETURNED,Not Applicable,2025-01-23T17:16:00.524000Z,,,2025-01-23T20:44:23.029437Z,,,26,CONSENT_REVOKED,CONSENT_REVOKED,CONSENT_REVOKED,CONSENT_REVOKED,CONSENT_REVOKED,CONSENT_REVOKED,CONSENT_REVOKED,CONSENT_REVOKED,CONSENT_REVOKED
679279f486d2bbf7e445a9f6,5914b7b50a4b9d0001add64f,RETURNED,Not Applicable,2025-01-23T17:19:51.159000Z,,,2025-01-23T20:44:23.031889Z,,,4277,CONSENT_REVOKED,CONSENT_REVOKED,CONSENT_REVOKED,CONSENT_REVOKED,CONSENT_REVOKED,CONSENT_REVOKED,CONSENT_REVOKED,CONSENT_REVOKED,CONSENT_REVOKED
67927a036bb1265145bf0483,668d5aa05bd0c7fe4046fc48,RETURNED,Not Applicable,2025-01-23T17:19:09.237000Z,,,2025-01-23T20:44:23.049839Z,,,757,CONSENT_REVOKED,CONSENT_REVOKED,CONSENT_REVOKED,CONSENT_REVOKED,CONSENT_REVOKED,CONSENT_REVOKED,CONSENT_REVOKED,CONSENT_REVOKED,CONSENT_REVOKED
67927a327f38ca4539b7ef7f,678930179a6cb8db489ee82d,RETURNED,Not Applicable,2025-01-23T17:20:02.894000Z,,,2025-01-23T20:44:23.040731Z,,,25,CONSENT_REVOKED,CONSENT_REVOKED,CONSENT_REVOKED,CONSENT_REVOKED,CONSENT_REVOKED,CONSENT_REVOKED,CONSENT_REVOKED,CONSENT_REVOKED,CONSENT_REVOKED
67927a8fe0261e2c3639e491,6104332d73da970d3d795929,APPROVED,Not Applicable,2025-01-23T17:21:26.806000Z,2025-01-23T17:31:46.883000Z,2025-01-23T17:50:20.209000Z,2025-01-23T17:31:48.240639Z,621.0,75b53a55e8,187,25,Female,White,United States,United States,United States,English,No,Due to start a new job within the next month
67927ad32624ccec3252277d,5d49f28a3fefca00193319ac,RETURNED,Not Applicable,2025-01-23T17:22:27.150000Z,,,2025-01-23T20:44:23.070504Z,,,2948,CONSENT_REVOKED,CONSENT_REVOKED,CONSENT_REVOKED,CONSENT_REVOKED,CONSENT_REVOKED,CONSENT_REVOKED,CONSENT_REVOKED,CONSENT_REVOKED,CONSENT_REVOKED
67927adecf70496f435dc95f,5dd9f0e719eecb97dfab7b48,APPROVED,Not Applicable,2025-01-23T17:24:49.185000Z,2025-01-23T17:37:35.171000Z,2025-01-23T17:50:20.579000Z,2025-01-23T17:38:26.972531Z,766.0,75b53a55e8,9650,49,Male,White,United States,United States,United States,English,No,Other
67927b2627a2fa7ffda1c58a,668b12d157b06d1b200ba405,APPROVED,Not Applicable,2025-01-23T17:24:01.889000Z,2025-01-23T17:37:09.759000Z,2025-01-23T17:50:20.996000Z,2025-01-23T17:37:28.881463Z,788.0,75b53a55e8,632,22,Male,White,United States,United States,United States,English,Yes,DATA_EXPIRED
67927d927741d8be8506e834,679132978cc757ace902b1d1,APPROVED,Not Applicable,2025-01-23T17:34:24.556000Z,2025-01-23T17:45:03.905000Z,2025-01-23T17:50:21.440000Z,2025-01-23T17:45:04.839764Z,640.0,75b53a55e8,9,44,Female,White,United States,United States,United States,English,DATA_EXPIRED,DATA_EXPIRED
67927df204e6637a6a4feee1,62740cf8e39eba1055ef571b,RETURNED,Not Applicable,2025-01-23T17:38:24.296000Z,2025-01-23T17:58:58.979000Z,,2025-01-23T20:44:23.061794Z,,NOCODE,6560,CONSENT_REVOKED,CONSENT_REVOKED,CONSENT_REVOKED,CONSENT_REVOKED,CONSENT_REVOKED,CONSENT_REVOKED,CONSENT_REVOKED,CONSENT_REVOKED,CONSENT_REVOKED
6792806dc65051016b90279f,659573bd2bd155b39e35f676,RETURNED,Not Applicable,2025-01-23T17:46:38.566000Z,,,2025-01-23T20:44:23.050293Z,,,481,CONSENT_REVOKED,CONSENT_REVOKED,CONSENT_REVOKED,CONSENT_REVOKED,CONSENT_REVOKED,CONSENT_REVOKED,CONSENT_REVOKED,CONSENT_REVOKED,CONSENT_REVOKED
6792818a2c78769afeb95b8f,62879b859698ba45e6afa90f,APPROVED,Not Applicable,2025-01-23T17:51:34.066000Z,2025-01-23T18:03:07.466000Z,2025-01-23T19:58:06.968000Z,2025-01-23T18:03:31.772908Z,694.0,75b53a55e8,4404,70,Male,White,United States,United States,United States,English,No,Full-Time
679282393317c1529c70c79a,67920d6199e8443f0386a4da,APPROVED,Not Applicable,2025-01-23T17:54:10.718000Z,2025-01-23T18:16:25.160000Z,2025-01-23T19:58:05.301000Z,2025-01-23T18:17:26.009783Z,1335.0,75b53a55e8,11,28,Female,Black,Kenya,United States,United States,English,DATA_EXPIRED,DATA_EXPIRED
6792a01c595ec02a5ec7ad0d,6116cd3769f67b5fa5897cb6,RETURNED,Not Applicable,2025-01-23T20:04:09.593000Z,,,2025-01-23T20:44:23.068046Z,,,947,CONSENT_REVOKED,CONSENT_REVOKED,CONSENT_REVOKED,CONSENT_REVOKED,CONSENT_REVOKED,CONSENT_REVOKED,CONSENT_REVOKED,CONSENT_REVOKED,CONSENT_REVOKED
6792a0d400cd15522c3c66a8,664ad2b692b9f17e3c51ea2d,APPROVED,Not Applicable,2025-01-23T20:04:48.574000Z,2025-01-23T20:17:02.282000Z,2025-01-23T20:42:12.590000Z,2025-01-23T20:17:03.808101Z,734.0,75b53a55e8,375,31,Male,Mixed,United States,United States,United States,English,No,Full-Time
6792a0d5d2b416af67af4734,67898f3fb69b6f1b21b192a3,APPROVED,Not Applicable,2025-01-23T20:04:52.100000Z,2025-01-23T20:15:21.428000Z,2025-01-23T20:42:13.347000Z,2025-01-23T20:15:23.268994Z,630.0,75b53a55e8,52,43,Female,White,United States,United States,United States,English,No,"Not in paid work (e.g. homemaker', 'retired or disabled)"
6792b162525ba5a78de1d589,6787da9eb47b477401892df7,APPROVED,Not Applicable,2025-01-23T21:15:25.151000Z,2025-01-23T21:25:16.218000Z,2025-01-24T14:10:48.321000Z,2025-01-23T21:25:16.955466Z,592.0,75b53a55e8,53,53,Male,White,United States,United States,United States,English,No,Full-Time
6792b183120d36c91f3539e6,674219b922bf096aa19e0132,REJECTED,Not Applicable,2025-01-23T21:15:53.867000Z,2025-01-23T21:18:56.480000Z,2025-01-24T14:10:39.600000Z,2025-01-24T14:11:26.208638Z,183.0,NOCODE,237,CONSENT_REVOKED,CONSENT_REVOKED,CONSENT_REVOKED,CONSENT_REVOKED,CONSENT_REVOKED,CONSENT_REVOKED,CONSENT_REVOKED,CONSENT_REVOKED,CONSENT_REVOKED
6792b1987d4c374911be2947,678e30f565e087b0a564d47a,RETURNED,Not Applicable,2025-01-23T21:16:17.034000Z,,,2025-01-24T14:11:26.211808Z,,,17,CONSENT_REVOKED,CONSENT_REVOKED,CONSENT_REVOKED,CONSENT_REVOKED,CONSENT_REVOKED,CONSENT_REVOKED,CONSENT_REVOKED,CONSENT_REVOKED,CONSENT_REVOKED
6792b1aafaa65e05359c44e3,6776c194b854dffde38de27d,APPROVED,Not Applicable,2025-01-23T21:16:31.758000Z,2025-01-23T21:33:15.110000Z,2025-01-24T14:10:50.197000Z,2025-01-23T21:33:15.969288Z,1004.0,75b53a55e8,78,35,Female,White,United States,United States,United States,English,No,Full-Time
6792b1ce10d04a850be70a03,670c78f317fe7503a340c2a9,APPROVED,Not Applicable,2025-01-23T21:17:09.016000Z,2025-01-23T21:25:37.542000Z,2025-01-24T14:11:12.467000Z,2025-01-23T21:25:40.385089Z,509.0,75b53a55e8,419,46,Female,White,United States,United States,United States,English,No,Unemployed (and job seeking)
6792b322e45f50f7e8eefb7c,673f839b6163d3a2fca89bef,RETURNED,Not Applicable,2025-01-23T21:22:54.636000Z,,,2025-01-24T14:11:26.212644Z,,,127,CONSENT_REVOKED,CONSENT_REVOKED,CONSENT_REVOKED,CONSENT_REVOKED,CONSENT_REVOKED,CONSENT_REVOKED,CONSENT_REVOKED,CONSENT_REVOKED,CONSENT_REVOKED
6792b38b193da6e023ef0a1e,67797f48d0bb05ef7438ca3a,APPROVED,Not Applicable,2025-01-23T21:24:47.285000Z,2025-01-23T21:41:26.718000Z,2025-01-24T14:11:14.508000Z,2025-01-23T21:41:27.551259Z,1000.0,75b53a55e8,42,33,Male,Black,Kenya,United States,United States,Swahili,No,Full-Time
6793a11d80860e37124582ba,6748625708b156c492f774f0,RETURNED,Not Applicable,2025-01-24T14:29:00.067000Z,,,2025-02-06T17:51:43.555500Z,,,123,CONSENT_REVOKED,CONSENT_REVOKED,CONSENT_REVOKED,CONSENT_REVOKED,CONSENT_REVOKED,CONSENT_REVOKED,CONSENT_REVOKED,CONSENT_REVOKED,CONSENT_REVOKED
6793a4f1f505d478fb489dfc,670170d009f9a820a5d1e654,APPROVED,Not Applicable,2025-01-24T14:34:49.117000Z,2025-01-24T14:53:50.671000Z,2025-02-06T17:50:57.552000Z,2025-01-24T14:55:46.346129Z,1142.0,75b53a55e8,371,53,Female,White,United States,United States,United States,English,No,Full-Time
67a4f9fe7f2c8fad0b1538d3,673b92069c1c719dab99f59a,APPROVED,Not Applicable,2025-02-06T18:05:59.642000Z,2025-02-06T18:19:01.560000Z,2025-02-06T18:33:20.790000Z,2025-02-06T18:19:02.756559Z,782.0,75b53a55e8,85,54,Male,White,United States,United States,United States,English,No,Unemployed (and job seeking)
