Submission id,Participant id,Status,Custom study tncs accepted at,Started at,Completed at,Reviewed at,Archived at,Time taken,Completion code,Total approvals,Age,Sex,Ethnicity simplified,Country of birth,Country of residence,Nationality,Language,Student status,Employment status
669fcc17b56eb5b488347468,669fc3e92172f8c37b23a3d1,APPROVED,Not Applicable,2024-07-23T15:28:35.970000Z,2024-07-23T15:41:51.439000Z,2024-07-23T18:27:05.348000Z,2024-07-23T15:41:52.436009Z,796.0,75b53a55e8,1,23,Male,White,United States,United States,United States,English,DATA_EXPIRED,DATA_EXPIRED
669fcc5c7b911a4f812aab54,657b4e41573c24460b17ef03,RETURNED,Not Applicable,2024-07-23T15:29:39.170000Z,,,2024-09-06T15:36:30.982513Z,,,269,CONSENT_REVOKED,CONSENT_REVOKED,CONSENT_REVOKED,CONSENT_REVOKED,CONSENT_REVOKED,CONSENT_REVOKED,CONSENT_REVOKED,CONSENT_REVOKED,CONSENT_REVOKED
669fcd13288973dd63a4a93d,669967353c78e4d6f48100a9,RETURNED,Not Applicable,2024-07-23T15:32:44.589000Z,,,2024-09-06T15:36:30.982701Z,,,80,CONSENT_REVOKED,CONSENT_REVOKED,CONSENT_REVOKED,CONSENT_REVOKED,CONSENT_REVOKED,CONSENT_REVOKED,CONSENT_REVOKED,CONSENT_REVOKED,CONSENT_REVOKED
669fcd6a0346ae960fb43368,62e174454a461d00781acfe1,APPROVED,Not Applicable,2024-07-23T15:34:10.431000Z,2024-07-23T15:43:27.688000Z,2024-07-23T18:27:05.931000Z,2024-07-23T15:43:28.629978Z,558.0,75b53a55e8,829,25,Female,Other,Mexico,United States,United States,Spanish,No,Full-Time
669fce51832da007c93f08a7,6673beb472e3c2b594f05d39,APPROVED,Not Applicable,2024-07-23T15:37:59.629000Z,2024-07-23T15:51:42.395000Z,2024-07-23T18:27:06.469000Z,2024-07-23T15:52:52.425830Z,823.0,75b53a55e8,37,40,Female,Black,United States,United States,United States,English,DATA_EXPIRED,DATA_EXPIRED
669fce9c6c49fcdbe3a98829,578d6aa570c76a000124464b,RETURNED,Not Applicable,2024-07-23T15:39:14.727000Z,,,2024-09-06T15:36:30.985588Z,,,457,CONSENT_REVOKED,CONSENT_REVOKED,CONSENT_REVOKED,CONSENT_REVOKED,CONSENT_REVOKED,CONSENT_REVOKED,CONSENT_REVOKED,CONSENT_REVOKED,CONSENT_REVOKED
669fcec20e834642e33c2a0b,666b956a6565b9d8f63b3bc0,APPROVED,Not Applicable,2024-07-23T15:39:48.606000Z,2024-07-23T15:47:05.092000Z,2024-07-23T18:27:06.789000Z,2024-07-23T15:49:30.623764Z,437.0,75b53a55e8,41,29,Female,White,United States,United States,United States,English,No,DATA_EXPIRED
669fcec8f97ed55ebfb90737,61054654ed131f301b14d4d3,RETURNED,Not Applicable,2024-07-23T15:40:03.372000Z,,,2024-09-06T15:36:30.987638Z,,,274,CONSENT_REVOKED,CONSENT_REVOKED,CONSENT_REVOKED,CONSENT_REVOKED,CONSENT_REVOKED,CONSENT_REVOKED,CONSENT_REVOKED,CONSENT_REVOKED,CONSENT_REVOKED
669fced5e9fb573a9a872a1f,66477595b14a10803eee0b6d,APPROVED,Not Applicable,2024-07-23T15:40:12.545000Z,2024-07-23T15:56:38.768000Z,2024-07-23T18:27:07.207000Z,2024-07-23T15:56:39.520359Z,987.0,75b53a55e8,65,57,Male,White,United States,United States,United States,English,No,Other
669fcf1095fb3356964a48db,669f013390dd7372dfeda5ef,APPROVED,Not Applicable,2024-07-23T15:41:07.924000Z,2024-07-23T15:48:49.696000Z,2024-07-23T18:27:07.633000Z,2024-07-23T15:51:08.625511Z,462.0,75b53a55e8,3,52,Female,White,United States,United States,United States,English,No,DATA_EXPIRED
669fcf173127225945831745,6266bb112b25f2d6a4ebef7e,RETURNED,Not Applicable,2024-07-23T15:41:15.793000Z,,,2024-09-06T15:36:30.992064Z,,,2584,CONSENT_REVOKED,CONSENT_REVOKED,CONSENT_REVOKED,CONSENT_REVOKED,CONSENT_REVOKED,CONSENT_REVOKED,CONSENT_REVOKED,CONSENT_REVOKED,CONSENT_REVOKED
669fcf5b0346e71fc84d7119,667325bd031c493cca232ec8,APPROVED,Not Applicable,2024-07-23T15:42:27.409000Z,2024-07-23T16:02:58.655000Z,2024-07-23T18:27:08.094000Z,2024-07-23T16:03:51.269584Z,1232.0,75b53a55e8,11,20,Female,Mixed,United States,United States,United States,English,Yes,Unemployed (and job seeking)
669fcf5d8ea306d13fc76169,6687f601f314d21ec463f3da,APPROVED,Not Applicable,2024-07-23T15:42:31.661000Z,2024-07-23T15:55:18.974000Z,2024-07-23T18:27:08.668000Z,2024-07-23T15:55:19.456126Z,768.0,75b53a55e8,6,43,Male,White,United States,United States,United States,English,No,Full-Time
669fcf77cd7e5fc9a050813e,668557d1e320c60c7699a908,RETURNED,Not Applicable,2024-07-23T15:42:55.523000Z,,,2024-09-06T15:36:30.993255Z,,,52,CONSENT_REVOKED,CONSENT_REVOKED,CONSENT_REVOKED,CONSENT_REVOKED,CONSENT_REVOKED,CONSENT_REVOKED,CONSENT_REVOKED,CONSENT_REVOKED,CONSENT_REVOKED
669fcf7da9676348edd93df5,66327883ca4a6f78c437185a,APPROVED,Not Applicable,2024-07-23T15:43:00.437000Z,2024-07-23T15:53:08.002000Z,2024-07-23T18:27:09.003000Z,2024-07-23T15:53:08.814934Z,608.0,75b53a55e8,362,46,Female,White,United States,United States,United States,English,No,Other
669fcfe96deec989e25583c5,6113ea9a2debdc8e6135d7af,APPROVED,Not Applicable,2024-07-23T15:44:46.018000Z,2024-07-23T16:01:51.357000Z,2024-07-23T18:27:09.489000Z,2024-07-23T16:02:47.317612Z,1026.0,75b53a55e8,60,20,Male,White,United States,United States,United States,English,Yes,Due to start a new job within the next month
669fcff57a31209a5e18b17c,6643a9772a87fbee29d25327,APPROVED,Not Applicable,2024-07-23T15:44:59.810000Z,2024-07-23T15:56:20.301000Z,2024-07-23T18:27:09.757000Z,2024-07-23T15:56:20.875258Z,681.0,75b53a55e8,52,31,Female,White,United States,United States,United States,English,No,Full-Time
669fd005aeea0a5a5923a719,61019bc7cffccb7dc8d612b2,APPROVED,Not Applicable,2024-07-23T15:45:14.649000Z,2024-07-23T15:53:01.129000Z,2024-07-23T18:27:10.115000Z,2024-07-23T15:53:06.007423Z,467.0,75b53a55e8,1170,36,Female,White,United States,United States,United States,English,No,Full-Time
669fd043b2349357b181349f,665887366ffbd0dff9885595,RETURNED,Not Applicable,2024-07-23T15:46:19.555000Z,,,2024-09-06T15:36:30.994140Z,,,162,CONSENT_REVOKED,CONSENT_REVOKED,CONSENT_REVOKED,CONSENT_REVOKED,CONSENT_REVOKED,CONSENT_REVOKED,CONSENT_REVOKED,CONSENT_REVOKED,CONSENT_REVOKED
669fd04dcc038f746929a91b,6685b01598b08e9eaf9721b0,APPROVED,Not Applicable,2024-07-23T15:46:24.617000Z,2024-07-23T15:54:06.655000Z,2024-07-23T18:27:10.382000Z,2024-07-23T15:54:07.187225Z,463.0,75b53a55e8,37,34,Male,White,United States,United States,United States,English,No,Full-Time
669fd07bf437d0e5ac8e0a28,661dd6db02b4ca49657c8cd4,APPROVED,Not Applicable,2024-07-23T15:47:11.540000Z,2024-07-23T15:54:25.461000Z,2024-07-23T18:27:11.142000Z,2024-07-23T15:54:26.609838Z,434.0,75b53a55e8,69,36,Male,White,United States,United States,United States,English,Yes,DATA_EXPIRED
669fd07db05d6fab61250e9f,669b9ea43cdb3e5333a32092,APPROVED,Not Applicable,2024-07-23T15:47:28.615000Z,2024-07-23T16:07:54.153000Z,2024-07-23T18:27:11.716000Z,2024-07-23T16:07:54.682546Z,1226.0,75b53a55e8,2,21,Female,Black,Ghana,United States,United States,English,DATA_EXPIRED,DATA_EXPIRED
669fd08b99462548b317ed3c,60cffac73993c4347f897f1a,APPROVED,Not Applicable,2024-07-23T15:51:02.681000Z,2024-07-23T15:59:56.778000Z,2024-07-23T18:27:12.161000Z,2024-07-23T16:01:38.631325Z,535.0,75b53a55e8,1497,39,Male,White,United States,United States,United States,Spanish,No,DATA_EXPIRED
669fd09c24847e885b7af84b,6648bb202df5a337b816e22a,RETURNED,Not Applicable,2024-07-23T15:47:48.626000Z,,,2024-09-06T15:36:31.000574Z,,,195,CONSENT_REVOKED,CONSENT_REVOKED,CONSENT_REVOKED,CONSENT_REVOKED,CONSENT_REVOKED,CONSENT_REVOKED,CONSENT_REVOKED,CONSENT_REVOKED,CONSENT_REVOKED
669fd0a2a1989145665ffc84,667ac1c9a75fab5e28f9614f,APPROVED,Not Applicable,2024-07-23T15:47:51.059000Z,2024-07-23T16:01:00.336000Z,2024-07-23T18:27:12.521000Z,2024-07-23T16:02:29.420195Z,790.0,75b53a55e8.,7,60,Female,White,United States,United States,United States,English,DATA_EXPIRED,DATA_EXPIRED
669fd0a47f79df6e9c7c2bc4,63672f2f4815449a135bbcba,APPROVED,Not Applicable,2024-07-23T15:47:56.768000Z,2024-07-23T15:59:25.791000Z,2024-07-23T18:27:12.937000Z,2024-07-23T16:00:50.833278Z,690.0,75b53a55e8,1056,21,Male,White,DATA_EXPIRED,United States,United States,English,DATA_EXPIRED,DATA_EXPIRED
669fd0a73efbe7d0342972cb,6622885332b49f72a1e421fe,RETURNED,Not Applicable,2024-07-23T15:47:58.763000Z,,,2024-09-06T15:36:30.999029Z,,,628,CONSENT_REVOKED,CONSENT_REVOKED,CONSENT_REVOKED,CONSENT_REVOKED,CONSENT_REVOKED,CONSENT_REVOKED,CONSENT_REVOKED,CONSENT_REVOKED,CONSENT_REVOKED
669fd0b1cb4886260d9244fb,664aad09e6649d6d3e4cc8a6,APPROVED,Not Applicable,2024-07-23T15:48:08.519000Z,2024-07-23T15:57:56.894000Z,2024-07-23T18:27:13.358000Z,2024-07-23T15:57:57.505887Z,589.0,75b53a55e8,25,30,Male,White,United States,United States,United States,English,No,Full-Time
669fd0b876ede0e213a3cd69,6687eaf66ce57dd958cab997,TIMED-OUT,Not Applicable,2024-07-23T15:48:28.937000Z,,,2024-09-06T15:36:31.002834Z,3887283.0,,97,28,Male,Black,United States,United States,United States,English,Yes,Full-Time
669fd0bec5688aa0b73820ed,667b2667dd1211486c56657c,APPROVED,Not Applicable,2024-07-23T15:48:22.138000Z,2024-07-23T15:57:24.096000Z,2024-07-23T18:27:13.851000Z,2024-07-23T15:57:24.592786Z,542.0,75b53a55e8,137,28,Female,Asian,United States,United States,United States,English,Yes,Part-Time
669fd0d2e42ec231ced8a4dc,667452a884ddbe4ec009e968,APPROVED,Not Applicable,2024-07-23T15:48:38.986000Z,2024-07-23T15:54:24.887000Z,2024-07-23T18:27:14.330000Z,2024-07-23T15:54:25.418637Z,346.0,75b53a55e8,55,23,Female,White,United States,United States,United States,English,Yes,Other
669fd0d66ae0d82748547df7,6680f16d3715207545543017,RETURNED,Not Applicable,2024-07-23T15:48:49.880000Z,,,2024-09-06T15:36:31.004159Z,,,165,CONSENT_REVOKED,CONSENT_REVOKED,CONSENT_REVOKED,CONSENT_REVOKED,CONSENT_REVOKED,CONSENT_REVOKED,CONSENT_REVOKED,CONSENT_REVOKED,CONSENT_REVOKED
669fd0eaa0cd1fb35a0d9a1c,5de97f11f2ee840afd950ac1,RETURNED,Not Applicable,2024-07-23T15:49:04.463000Z,,,2024-09-06T15:36:31.006915Z,,,333,CONSENT_REVOKED,CONSENT_REVOKED,CONSENT_REVOKED,CONSENT_REVOKED,CONSENT_REVOKED,CONSENT_REVOKED,CONSENT_REVOKED,CONSENT_REVOKED,CONSENT_REVOKED
669fd12100c97c9b7b10e939,63e646333cb69048119b58c5,RETURNED,Not Applicable,2024-07-23T15:50:27.391000Z,,,2024-09-06T15:36:31.007916Z,,,459,CONSENT_REVOKED,CONSENT_REVOKED,CONSENT_REVOKED,CONSENT_REVOKED,CONSENT_REVOKED,CONSENT_REVOKED,CONSENT_REVOKED,CONSENT_REVOKED,CONSENT_REVOKED
669fd13e8904a7763bb6abb6,630f9d70f86ca1ee77a5b8dd,RETURNED,Not Applicable,2024-07-23T15:52:46.131000Z,,,2024-09-06T15:36:31.010562Z,,,948,CONSENT_REVOKED,CONSENT_REVOKED,CONSENT_REVOKED,CONSENT_REVOKED,CONSENT_REVOKED,CONSENT_REVOKED,CONSENT_REVOKED,CONSENT_REVOKED,CONSENT_REVOKED
669fd16acd79d73f02cbaf0f,669ac5f6d03c1be10fb60fc4,RETURNED,Not Applicable,2024-07-23T15:51:15.398000Z,,,2024-09-06T15:36:31.011087Z,,,67,CONSENT_REVOKED,CONSENT_REVOKED,CONSENT_REVOKED,CONSENT_REVOKED,CONSENT_REVOKED,CONSENT_REVOKED,CONSENT_REVOKED,CONSENT_REVOKED,CONSENT_REVOKED
669fd16e8f4209d1de9a98b8,65009eacfd6f8c6bb8a3c4cc,APPROVED,Not Applicable,2024-07-23T15:51:15.033000Z,2024-07-23T15:57:05.778000Z,2024-07-23T18:27:14.692000Z,2024-07-23T15:57:06.756773Z,351.0,75b53a55e8,272,22,Male,White,United States,United States,United States,English,No,DATA_EXPIRED
669fd186dfc777279bb65d7d,65bbd6c6bc3559a97b37253d,APPROVED,Not Applicable,2024-07-23T15:51:39.463000Z,2024-07-23T16:04:30.737000Z,2024-07-23T18:27:14.948000Z,2024-07-23T16:04:52.732204Z,772.0,75b53a55e8,357,46,Male,White,United States,United States,United States,English,No,Part-Time
669fd1b788e1f2f1e9c08e8a,66955028c2a7a97ef859775b,APPROVED,Not Applicable,2024-07-23T15:52:46.722000Z,2024-07-23T15:58:58.270000Z,2024-07-23T18:27:15.358000Z,2024-07-23T15:59:36.503419Z,372.0,75b53a55e8,0,31,Male,White,United States,United States,United States,English,DATA_EXPIRED,DATA_EXPIRED
669fd1c99dae4a44737c2d55,65eebcbac2d4a21581a76052,APPROVED,Not Applicable,2024-07-23T15:52:46.493000Z,2024-07-23T15:58:19.014000Z,2024-07-23T18:27:15.630000Z,2024-07-23T15:58:22.200363Z,333.0,75b53a55e8,132,18,Female,White,United States,United States,United States,English,Yes,Unemployed (and job seeking)
669fd1cf258c3f58554d2f8f,5725139865abf6001203adbe,RETURNED,Not Applicable,2024-07-23T15:52:52.625000Z,,,2024-09-06T15:36:31.014095Z,,,252,CONSENT_REVOKED,CONSENT_REVOKED,CONSENT_REVOKED,CONSENT_REVOKED,CONSENT_REVOKED,CONSENT_REVOKED,CONSENT_REVOKED,CONSENT_REVOKED,CONSENT_REVOKED
669fd1d2b4da9bb3b2526d94,6697ee46a3a53f6e099b9f0e,APPROVED,Not Applicable,2024-07-23T15:52:58.043000Z,2024-07-23T16:04:26.178000Z,2024-07-23T18:27:15.901000Z,2024-07-23T16:04:51.686739Z,689.0,75b53a55e8,13,20,Female,Mixed,Ghana,United States,United States,English,DATA_EXPIRED,DATA_EXPIRED
669fd201b56eb5b4883475ef,59f0d7c316ecc200016ffcb6,RETURNED,Not Applicable,2024-07-23T15:53:41.158000Z,,,2024-09-06T15:36:31.014851Z,,,844,CONSENT_REVOKED,CONSENT_REVOKED,CONSENT_REVOKED,CONSENT_REVOKED,CONSENT_REVOKED,CONSENT_REVOKED,CONSENT_REVOKED,CONSENT_REVOKED,CONSENT_REVOKED
669fd212d126ac77d9a4aaa8,6642892b08d9144fc7391308,RETURNED,Not Applicable,2024-07-23T15:54:10.615000Z,,,2024-09-06T15:36:31.022512Z,,,60,CONSENT_REVOKED,CONSENT_REVOKED,CONSENT_REVOKED,CONSENT_REVOKED,CONSENT_REVOKED,CONSENT_REVOKED,CONSENT_REVOKED,CONSENT_REVOKED,CONSENT_REVOKED
669fd239717b92ea9cf1f89c,66371533b174144b00be8e58,APPROVED,Not Applicable,2024-07-23T15:54:44.717000Z,2024-07-23T16:05:15.705000Z,2024-07-23T18:27:16.179000Z,2024-07-23T16:05:17.069851Z,631.0,75b53a55e8,220,44,Female,White,United States,United States,United States,English,No,Part-Time
669fd250bd7b655b372d7d42,641e62a8191451d08e6c08f7,RETURNED,Not Applicable,2024-07-23T16:04:56.590000Z,,,2024-09-06T15:36:31.025974Z,,,1102,CONSENT_REVOKED,CONSENT_REVOKED,CONSENT_REVOKED,CONSENT_REVOKED,CONSENT_REVOKED,CONSENT_REVOKED,CONSENT_REVOKED,CONSENT_REVOKED,CONSENT_REVOKED
669fd2595f1611a93117edc2,669be65b7f0c1a71305969d1,RETURNED,Not Applicable,2024-07-23T15:55:14.650000Z,,,2024-09-06T15:36:31.026818Z,,,257,CONSENT_REVOKED,CONSENT_REVOKED,CONSENT_REVOKED,CONSENT_REVOKED,CONSENT_REVOKED,CONSENT_REVOKED,CONSENT_REVOKED,CONSENT_REVOKED,CONSENT_REVOKED
669fd27167e189049528059e,5dd31871c5faa232d3c20365,APPROVED,Not Applicable,2024-07-23T15:55:33.334000Z,2024-07-23T16:04:32.637000Z,2024-07-23T18:27:16.430000Z,2024-07-23T16:04:53.242611Z,540.0,75b53a55e8,2031,41,Male,Other,United States,United States,United States,English,DATA_EXPIRED,DATA_EXPIRED
669fd273bcff4aaf344d2f4a,6659faf2f7bbb47f4645a99a,APPROVED,Not Applicable,2024-07-23T15:55:49.810000Z,2024-07-23T16:02:31.368000Z,2024-07-23T18:27:16.755000Z,2024-07-23T16:02:54.165067Z,402.0,75b53a55e8,266,24,Male,White,United States,United States,United States,English,No,Unemployed (and job seeking)
669fd285bed4673fdb61128a,667db5ff4ef4ed2a73acd556,APPROVED,Not Applicable,2024-07-23T15:55:55.875000Z,2024-07-23T16:02:34.510000Z,2024-07-23T18:27:17.020000Z,2024-07-23T16:02:55.152225Z,399.0,75b53a55e8,106,36,Male,White,United States,United States,United States,English,No,Part-Time
669fd28ad283e23e8845dfaa,6147ea1a656b3abd1064486d,RETURNED,Not Applicable,2024-07-23T15:56:00.930000Z,,,2024-09-06T15:36:31.028619Z,,,527,CONSENT_REVOKED,CONSENT_REVOKED,CONSENT_REVOKED,CONSENT_REVOKED,CONSENT_REVOKED,CONSENT_REVOKED,CONSENT_REVOKED,CONSENT_REVOKED,CONSENT_REVOKED
669fd29d26dcc53b67fd74df,660d8557766df655d04e0f75,APPROVED,Not Applicable,2024-07-23T15:56:19.844000Z,2024-07-23T16:02:18.097000Z,2024-07-23T18:27:17.340000Z,2024-07-23T16:02:51.386563Z,359.0,75b53a55e8,471,28,Female,White,United States,United States,United States,English,No,Full-Time
669fd2aecc038f746929a9ae,60771d9212cc298408c03c96,RETURNED,Not Applicable,2024-07-23T15:56:37.295000Z,,,2024-09-06T15:36:31.032946Z,,,678,CONSENT_REVOKED,CONSENT_REVOKED,CONSENT_REVOKED,CONSENT_REVOKED,CONSENT_REVOKED,CONSENT_REVOKED,CONSENT_REVOKED,CONSENT_REVOKED,CONSENT_REVOKED
669fd2d3fe1468052589aeea,5f2993920dddf60b87611e5c,APPROVED,Not Applicable,2024-07-23T15:57:14.043000Z,2024-07-23T16:02:56.499000Z,2024-07-23T18:27:17.598000Z,2024-07-23T16:03:47.040094Z,343.0,75b53a55e8,5395,28,Female,White,United States,United States,United States,English,No,Full-Time
669fd2da69daa3775ed26743,66869df832834596378edf95,RETURNED,Not Applicable,2024-07-23T15:57:25.232000Z,,,2024-09-06T15:36:31.035440Z,,,299,CONSENT_REVOKED,CONSENT_REVOKED,CONSENT_REVOKED,CONSENT_REVOKED,CONSENT_REVOKED,CONSENT_REVOKED,CONSENT_REVOKED,CONSENT_REVOKED,CONSENT_REVOKED
669fd2ebe06feceb733f0a58,665f3af33864489421cd15ae,APPROVED,Not Applicable,2024-07-23T15:57:37.256000Z,2024-07-23T16:02:47.635000Z,2024-07-23T18:27:17.896000Z,2024-07-23T16:03:01.572980Z,311.0,75b53a55e8,105,33,Female,Black,United States,United States,United States,English,No,DATA_EXPIRED
669fd2f1c8f8db0e7210e9d0,648dd5ff84a1dfe40201f286,APPROVED,Not Applicable,2024-07-23T15:57:43.508000Z,2024-07-23T16:09:54.076000Z,2024-07-23T18:27:18.171000Z,2024-07-23T16:09:54.832720Z,731.0,75b53a55e8,1289,66,Female,White,United States,United States,United States,English,DATA_EXPIRED,DATA_EXPIRED
669fd2f6492e371e92e1f8aa,66464eb719b741dd6dcdc7ed,APPROVED,Not Applicable,2024-07-23T15:57:47.480000Z,2024-07-23T16:07:52.173000Z,2024-07-23T18:27:18.465000Z,2024-07-23T16:07:53.641874Z,605.0,75b53a55e8,292,32,Male,Black,United States,United States,United States,English,No,Full-Time
669fd2fb87b966cf4d1b3e65,66587384275868bb1023092b,RETURNED,Not Applicable,2024-07-23T15:58:45.903000Z,,,2024-09-06T15:36:31.035761Z,,,116,CONSENT_REVOKED,CONSENT_REVOKED,CONSENT_REVOKED,CONSENT_REVOKED,CONSENT_REVOKED,CONSENT_REVOKED,CONSENT_REVOKED,CONSENT_REVOKED,CONSENT_REVOKED
669fd3140346e71fc84d71ee,65b665beb71112daa56760b7,RETURNED,Not Applicable,2024-07-23T15:58:20.364000Z,,,2024-09-06T15:36:31.038508Z,,,247,CONSENT_REVOKED,CONSENT_REVOKED,CONSENT_REVOKED,CONSENT_REVOKED,CONSENT_REVOKED,CONSENT_REVOKED,CONSENT_REVOKED,CONSENT_REVOKED,CONSENT_REVOKED
669fd31cf97ed55ebfb90868,6598a38fd35e69cc2a022bb8,APPROVED,Not Applicable,2024-07-23T15:58:26.745000Z,2024-07-23T16:10:09.206000Z,2024-07-23T18:27:18.732000Z,2024-07-23T16:10:09.789733Z,703.0,75b53a55e8,284,34,Female,White,United States,United States,United States,English,No,Other
669fd32768e62979bbf6fbd4,5f17821d53d8590009cfc951,APPROVED,Not Applicable,2024-07-23T15:58:34.726000Z,2024-07-23T16:05:17.934000Z,2024-07-23T18:27:19.257000Z,2024-07-23T16:05:18.582602Z,404.0,75b53a55e8,7142,36,Male,White,United States,United States,United States,English,DATA_EXPIRED,DATA_EXPIRED
669fd343403772716aff1b2e,668ac2114bd6ee74ae22e09b,RETURNED,Not Applicable,2024-07-23T15:59:04.208000Z,,,2024-09-06T15:36:31.040937Z,,,204,CONSENT_REVOKED,CONSENT_REVOKED,CONSENT_REVOKED,CONSENT_REVOKED,CONSENT_REVOKED,CONSENT_REVOKED,CONSENT_REVOKED,CONSENT_REVOKED,CONSENT_REVOKED
669fd34806504b89873c2a81,6658b26a8285db4a5d44b992,APPROVED,Not Applicable,2024-07-23T15:59:12.653000Z,2024-07-23T16:04:33.039000Z,2024-07-23T18:27:19.713000Z,2024-07-23T16:04:53.523056Z,321.0,75b53a55e8,293,26,Male,White,United States,United States,United States,English,No,Full-Time
669fd34b940a17f64dda20b1,668f6772531a38e36e48299f,RETURNED,Not Applicable,2024-07-23T15:59:14.253000Z,,,2024-09-06T15:36:31.042937Z,,,249,CONSENT_REVOKED,CONSENT_REVOKED,CONSENT_REVOKED,CONSENT_REVOKED,CONSENT_REVOKED,CONSENT_REVOKED,CONSENT_REVOKED,CONSENT_REVOKED,CONSENT_REVOKED
669fd351e17e311f38250fa8,6679d946100f72c1edc57dcb,RETURNED,Not Applicable,2024-07-23T15:59:19.630000Z,,,2024-09-06T15:36:31.047050Z,,,126,CONSENT_REVOKED,CONSENT_REVOKED,CONSENT_REVOKED,CONSENT_REVOKED,CONSENT_REVOKED,CONSENT_REVOKED,CONSENT_REVOKED,CONSENT_REVOKED,CONSENT_REVOKED
669fd35dfa925f33d57415f3,665b6677f76e8e04ef294078,APPROVED,Not Applicable,2024-07-23T15:59:33.197000Z,2024-07-23T16:07:31.616000Z,2024-07-23T18:27:20.057000Z,2024-07-23T16:07:32.403271Z,479.0,75b53a55e8,6,36,Female,White,United States,United States,United States,English,DATA_EXPIRED,DATA_EXPIRED
669fd364b63d1195c5153e4e,668741fa31fac68797236ac1,RETURNED,Not Applicable,2024-07-23T15:59:37.733000Z,,,2024-09-06T15:36:31.048959Z,,,60,CONSENT_REVOKED,CONSENT_REVOKED,CONSENT_REVOKED,CONSENT_REVOKED,CONSENT_REVOKED,CONSENT_REVOKED,CONSENT_REVOKED,CONSENT_REVOKED,CONSENT_REVOKED
669fd378bd4fd22714741689,666dd639fdfecec190d95b86,APPROVED,Not Applicable,2024-07-23T15:59:56.372000Z,2024-07-23T16:08:28.551000Z,2024-07-23T18:27:20.465000Z,2024-07-23T16:08:29.214013Z,513.0,75b53a55e8,73,34,Male,Other,United States,United States,United States,English,No,Unemployed (and job seeking)
669fd390138216ab1359dc7a,5bbafad7736db000016d8600,APPROVED,Not Applicable,2024-07-23T16:00:27.980000Z,2024-07-23T16:06:46.515000Z,2024-07-23T18:27:20.883000Z,2024-07-23T16:06:47.143340Z,379.0,75b53a55e8,2466,29,Female,Mixed,United States,United States,United States,English,Yes,Full-Time
669fd3aa2e66d48e4023d7eb,5f10d0c38a2aab13cb5f315a,APPROVED,Not Applicable,2024-07-23T16:01:10.067000Z,2024-07-23T16:07:59.586000Z,2024-07-23T18:27:21.362000Z,2024-07-23T16:08:00.255399Z,410.0,75b53a55e8,2780,32,Male,White,United States,United States,United States,English,No,Full-Time
669fd3b7288973dd63a4ab20,6630e3c433f462f96b23fe98,APPROVED,Not Applicable,2024-07-23T16:01:00.298000Z,2024-07-23T16:13:42.539000Z,2024-07-23T18:27:21.711000Z,2024-07-23T16:13:43.273134Z,763.0,75b53a55e8,251,38,Male,Other,United States,United States,United States,English,No,Part-Time
669fd3bcb14f6cbe62b35197,663213c61e9f3c2ee29e1c83,RETURNED,Not Applicable,2024-07-23T16:01:17.205000Z,,,2024-09-06T15:36:31.052782Z,,,276,CONSENT_REVOKED,CONSENT_REVOKED,CONSENT_REVOKED,CONSENT_REVOKED,CONSENT_REVOKED,CONSENT_REVOKED,CONSENT_REVOKED,CONSENT_REVOKED,CONSENT_REVOKED
669fd3cd1960d3f0b4547da1,669d578548399233666dbb3f,APPROVED,Not Applicable,2024-07-23T16:01:24.890000Z,2024-07-23T16:12:29.688000Z,2024-07-23T18:27:22.121000Z,2024-07-23T16:12:30.139728Z,665.0,75b53a55e8,12,46,Female,Black,United States,United States,United States,English,No,Full-Time
669fd3e38d34675632d8437b,66403c574b928e5094b3c299,RETURNED,Not Applicable,2024-07-23T16:01:45.197000Z,,,2024-09-06T15:36:31.052487Z,,,167,CONSENT_REVOKED,CONSENT_REVOKED,CONSENT_REVOKED,CONSENT_REVOKED,CONSENT_REVOKED,CONSENT_REVOKED,CONSENT_REVOKED,CONSENT_REVOKED,CONSENT_REVOKED
669fd3e3ce9d895b7bf6fd1f,5ea97765ee2dcf07450501a9,APPROVED,Not Applicable,2024-07-23T16:01:45.050000Z,2024-07-23T16:06:59.226000Z,2024-07-23T18:27:22.604000Z,2024-07-23T16:06:59.851831Z,315.0,75b53a55e8,1202,28,Female,Asian,United States,United States,United States,English,DATA_EXPIRED,DATA_EXPIRED
669fd3e47a2d8ac7f33bb711,610995bd91de0e899effd73d,APPROVED,Not Applicable,2024-07-23T16:01:44.422000Z,2024-07-23T16:14:21.845000Z,2024-07-23T18:27:23.088000Z,2024-07-23T16:14:23.405957Z,758.0,75b53a55e8,446,27,Female,White,United States,United States,United States,English,No,Full-Time
669fd3eb5147a821c88a2d81,664a5928238bf8db28ebe361,RETURNED,Not Applicable,2024-07-23T16:01:59.959000Z,,,2024-09-06T15:36:31.055972Z,,,373,CONSENT_REVOKED,CONSENT_REVOKED,CONSENT_REVOKED,CONSENT_REVOKED,CONSENT_REVOKED,CONSENT_REVOKED,CONSENT_REVOKED,CONSENT_REVOKED,CONSENT_REVOKED
669fd3ef61f34b71ec0273eb,5db741cc04b632000a9a9800,RETURNED,Not Applicable,2024-07-23T16:02:05.223000Z,,,2024-09-06T15:36:31.055618Z,,,6915,CONSENT_REVOKED,CONSENT_REVOKED,CONSENT_REVOKED,CONSENT_REVOKED,CONSENT_REVOKED,CONSENT_REVOKED,CONSENT_REVOKED,CONSENT_REVOKED,CONSENT_REVOKED
669fd3fd61f34b71ec0273ee,6656113a58489db2608ccfbd,APPROVED,Not Applicable,2024-07-23T16:02:10.147000Z,2024-07-23T16:09:56.498000Z,2024-07-23T18:27:23.378000Z,2024-07-23T16:09:57.061546Z,467.0,75b53a55e8,313,40,Female,Black,United States,United States,United States,English,No,Full-Time
669fd4013efbe7d0342973cf,669ed868dcdb63e0d6d82ab1,RETURNED,Not Applicable,2024-07-23T16:02:17.272000Z,,,2024-09-06T15:36:31.057926Z,,,69,CONSENT_REVOKED,CONSENT_REVOKED,CONSENT_REVOKED,CONSENT_REVOKED,CONSENT_REVOKED,CONSENT_REVOKED,CONSENT_REVOKED,CONSENT_REVOKED,CONSENT_REVOKED
669fd403cd14618243f1f98d,62827483ae4c6af3f0af9bce,APPROVED,Not Applicable,2024-07-23T16:02:21.174000Z,2024-07-23T16:09:35.842000Z,2024-07-23T18:27:23.638000Z,2024-07-23T16:09:36.412193Z,435.0,75b53a55e8,3950,26,Male,White,United States,United States,United States,English,No,Part-Time
669fd40c8b9e8f67e8c2a29c,669078cd358b97c55faa9a91,APPROVED,Not Applicable,2024-07-23T16:02:23.775000Z,2024-07-23T16:14:13.472000Z,2024-07-23T18:27:24.231000Z,2024-07-23T16:14:14.490310Z,710.0,75b53a55e8,31,62,Male,White,United States,United States,United States,English,No,Other
669fd420bed4673fdb6112ea,664bb7ea935dfc3e692fdc5e,APPROVED,Not Applicable,2024-07-23T16:02:44.838000Z,2024-07-23T16:11:15.532000Z,2024-07-23T18:27:24.587000Z,2024-07-23T16:11:16.152079Z,511.0,75b53a55e8,189,34,Female,White,United States,United States,United States,English,No,Other
669fd422aeea0a5a5923a864,5b9ed139cbabef00011756d3,APPROVED,Not Applicable,2024-07-23T16:03:28.170000Z,2024-07-23T16:23:14.229000Z,2024-07-23T18:27:25.484000Z,2024-07-23T16:23:15.215037Z,1187.0,75b53a55e8,3726,30,Female,Mixed,United States,United States,United States,English,DATA_EXPIRED,DATA_EXPIRED
669fd425e42ec231ced8a5d7,60b54dde7e4ce8de0f1f24be,RETURNED,Not Applicable,2024-07-23T16:02:55.152000Z,,,2024-09-06T15:36:31.059843Z,,,1484,CONSENT_REVOKED,CONSENT_REVOKED,CONSENT_REVOKED,CONSENT_REVOKED,CONSENT_REVOKED,CONSENT_REVOKED,CONSENT_REVOKED,CONSENT_REVOKED,CONSENT_REVOKED
669fd426c9abf8fbccc258ce,5f25c13cc7c8ea1ac7a0f863,TIMED-OUT,Not Applicable,2024-07-23T16:02:52.644000Z,,,2024-09-06T15:36:31.061313Z,3886419.0,,3642,23,Male,Asian,United States,United States,United States,English,DATA_EXPIRED,Full-Time
669fd42c42136d3b65cebc8a,61002f68e09e8e49791150b7,APPROVED,Not Applicable,2024-07-23T16:02:59.313000Z,2024-07-23T16:12:21.823000Z,2024-07-23T18:27:25.998000Z,2024-07-23T16:12:22.439899Z,563.0,75b53a55e8,242,32,Female,White,United States,United States,United States,English,DATA_EXPIRED,Full-Time
669fd42c57b47d88feb6abe1,65a2eae2b530fad7d6ded313,RETURNED,Not Applicable,2024-07-23T16:03:12.400000Z,,,2024-09-06T15:36:31.064760Z,,,831,CONSENT_REVOKED,CONSENT_REVOKED,CONSENT_REVOKED,CONSENT_REVOKED,CONSENT_REVOKED,CONSENT_REVOKED,CONSENT_REVOKED,CONSENT_REVOKED,CONSENT_REVOKED
669fd43699ba49d506153eb6,66312107682958309ff7e0a1,APPROVED,Not Applicable,2024-07-23T16:04:08.552000Z,2024-07-23T16:29:52.355000Z,2024-07-23T18:27:26.428000Z,2024-07-23T16:31:35.143974Z,1544.0,75b53a55e8,285,51,Male,Mixed,United States,United States,United States,English,No,DATA_EXPIRED
669fd43ad283e23e8845e018,6645ed3edd1e2b9dfae36658,RETURNED,Not Applicable,2024-07-23T16:03:14.034000Z,,,2024-09-06T15:36:31.066597Z,,,61,CONSENT_REVOKED,CONSENT_REVOKED,CONSENT_REVOKED,CONSENT_REVOKED,CONSENT_REVOKED,CONSENT_REVOKED,CONSENT_REVOKED,CONSENT_REVOKED,CONSENT_REVOKED
669fd441df9f65a0bac259e2,63ebedb0fcbe5b0f37873920,APPROVED,Not Applicable,2024-07-23T16:03:17.791000Z,2024-07-23T16:14:43.024000Z,2024-07-23T18:27:26.776000Z,2024-07-23T16:14:44.091026Z,686.0,75b53a55e8,344,28,Male,White,United States,United States,United States,English,Yes,DATA_EXPIRED
669fd448015681ee3d435056,6085bf84bb0ce00524154c60,RETURNED,Not Applicable,2024-07-23T16:03:24.300000Z,,,2024-09-06T15:36:31.068288Z,,,5848,CONSENT_REVOKED,CONSENT_REVOKED,CONSENT_REVOKED,CONSENT_REVOKED,CONSENT_REVOKED,CONSENT_REVOKED,CONSENT_REVOKED,CONSENT_REVOKED,CONSENT_REVOKED
669fd44a717b92ea9cf1f921,5c8f924dbd496e0012a84583,APPROVED,Not Applicable,2024-07-23T16:03:27.897000Z,2024-07-23T16:16:02.520000Z,2024-07-23T18:27:27.137000Z,2024-07-23T16:17:58.165462Z,755.0,75b53a55e8,1649,44,Female,Black,United States,United States,United States,English,DATA_EXPIRED,DATA_EXPIRED
669fd4578a68f94d1fc601fc,66856b78a8480b1aab4d0438,APPROVED,Not Applicable,2024-07-23T16:03:42.865000Z,2024-07-23T16:16:45.398000Z,2024-07-23T18:27:27.460000Z,2024-07-23T16:18:16.674618Z,783.0,75b53a55e8,2,48,Female,Black,United States,United States,United States,English,No,Part-Time
669fd45926dcc53b67fd7552,66102925f6ced33232bd71e6,APPROVED,Not Applicable,2024-07-23T16:03:46.624000Z,2024-07-23T16:10:44.067000Z,2024-07-23T18:27:27.797000Z,2024-07-23T16:10:44.606622Z,418.0,75b53a55e8,346,32,Female,White,United States,United States,United States,English,No,"Not in paid work (e.g. homemaker', 'retired or disabled)"
669fd460df863de054067b5f,66633c447eb35a5629ac6154,TIMED-OUT,Not Applicable,2024-07-23T16:03:51.317000Z,,,2024-09-06T15:36:31.067888Z,3886360.0,,238,38,Female,White,United States,United States,United States,English,No,Part-Time
669fd475cd946967e93d4684,6604543713f81bf1906dd444,APPROVED,Not Applicable,2024-07-23T16:04:11.824000Z,2024-07-23T16:16:02.120000Z,2024-07-23T18:27:28.143000Z,2024-07-23T16:17:57.420106Z,711.0,75b53a55e8,793,51,Male,Mixed,United States,United States,United States,English,No,Part-Time
669fd476a1ce85419bab0651,565c931eba63db00051cd52d,APPROVED,Not Applicable,2024-07-23T16:04:11.485000Z,2024-07-23T16:12:22.290000Z,2024-07-23T18:27:28.505000Z,2024-07-23T16:12:22.888969Z,491.0,75b53a55e8,3913,31,Male,White,United States,United States,United States,English,No,Full-Time
669fd4797350fa08783821a4,65442edcaffa046c7b854882,RETURNED,Not Applicable,2024-07-23T16:04:16.452000Z,,,2024-09-06T15:36:31.070609Z,,,1080,CONSENT_REVOKED,CONSENT_REVOKED,CONSENT_REVOKED,CONSENT_REVOKED,CONSENT_REVOKED,CONSENT_REVOKED,CONSENT_REVOKED,CONSENT_REVOKED,CONSENT_REVOKED
669fd47ccc038f746929aa17,62795175ca262157d4c321c2,APPROVED,Not Applicable,2024-07-23T16:04:19.201000Z,2024-07-23T16:35:22.703000Z,2024-07-23T18:27:28.961000Z,2024-07-23T16:35:23.458983Z,1864.0,75b53a55e8,983,58,Female,White,United States,United States,United States,English,DATA_EXPIRED,DATA_EXPIRED
669fd48067e1890495280633,5f558a5eb6604495cc52268d,APPROVED,Not Applicable,2024-07-23T16:04:26.277000Z,2024-07-23T16:12:19.103000Z,2024-07-23T18:27:29.339000Z,2024-07-23T16:12:21.269201Z,473.0,75b53a55e8,973,25,Male,Mixed,Jamaica,United States,United States,English,DATA_EXPIRED,DATA_EXPIRED
669fd4880c72cd40b909ebc3,6671eca6d06784748b51ba5f,RETURNED,Not Applicable,2024-07-23T16:14:24.447000Z,,,2024-09-06T15:36:31.072919Z,,,233,CONSENT_REVOKED,CONSENT_REVOKED,CONSENT_REVOKED,CONSENT_REVOKED,CONSENT_REVOKED,CONSENT_REVOKED,CONSENT_REVOKED,CONSENT_REVOKED,CONSENT_REVOKED
669fd48a015681ee3d435072,5d07e633020a21000135cd86,APPROVED,Not Applicable,2024-07-23T16:04:39.563000Z,2024-07-23T16:17:10.780000Z,2024-07-23T18:27:29.777000Z,2024-07-23T16:18:27.071132Z,752.0,75b53a55e8,745,54,Male,White,United States,United States,United States,English,No,DATA_EXPIRED
669fd48ba1ce85419bab065b,6692a13d307be77b81178cf9,APPROVED,Not Applicable,2024-07-23T16:04:32.142000Z,2024-07-23T16:12:25.009000Z,2024-07-23T18:27:30.194000Z,2024-07-23T16:12:25.690756Z,473.0,75b53a55e8,0,18,Female,Black,United States,United States,United States,English,DATA_EXPIRED,DATA_EXPIRED
669fd48e260b740be8d843e8,667019ad441b277a43fe9f0e,RETURNED,Not Applicable,2024-07-23T16:08:47.651000Z,,,2024-09-06T15:36:31.076016Z,,,184,CONSENT_REVOKED,CONSENT_REVOKED,CONSENT_REVOKED,CONSENT_REVOKED,CONSENT_REVOKED,CONSENT_REVOKED,CONSENT_REVOKED,CONSENT_REVOKED,CONSENT_REVOKED
669fd492aca73af7ca6f2f53,668e698c994169e1f9d57341,RETURNED,Not Applicable,2024-07-23T16:04:45.342000Z,,,2024-09-06T15:36:31.077766Z,,,77,CONSENT_REVOKED,CONSENT_REVOKED,CONSENT_REVOKED,CONSENT_REVOKED,CONSENT_REVOKED,CONSENT_REVOKED,CONSENT_REVOKED,CONSENT_REVOKED,CONSENT_REVOKED
669fd49b1ad284586be1f91a,62f444dbc1f1ab4e11658aa6,APPROVED,Not Applicable,2024-07-23T16:05:13.430000Z,2024-07-23T16:18:00.237000Z,2024-07-23T18:27:30.527000Z,2024-07-23T16:18:40.815099Z,767.0,75b53a55e8,365,24,Male,White,United States,United States,United States,English,No,Full-Time
669fd4b3db882671c4d8fa29,60d76140337e60ae26f7fce9,APPROVED,Not Applicable,2024-07-23T16:05:11.476000Z,2024-07-23T16:13:36.953000Z,2024-07-23T18:27:30.798000Z,2024-07-23T16:13:39.600615Z,506.0,75b53a55e8,3031,44,Male,White,United States,United States,United States,English,No,"Not in paid work (e.g. homemaker', 'retired or disabled)"
669fd4b7504ecaff433f0219,6679a99164443a71e82d4afe,APPROVED,Not Applicable,2024-07-23T16:05:24.028000Z,2024-07-23T16:18:31.324000Z,2024-07-23T18:27:31.338000Z,2024-07-23T16:18:50.909501Z,788.0,75b53a55e8,37,39,Female,White,United States,United States,United States,English,No,"Not in paid work (e.g. homemaker', 'retired or disabled)"
669fd4c4bd4fd227147416f9,62fea0509e7df658ed2554d2,RETURNED,Not Applicable,2024-07-23T16:05:32.985000Z,,,2024-09-06T15:36:31.078079Z,,,2005,CONSENT_REVOKED,CONSENT_REVOKED,CONSENT_REVOKED,CONSENT_REVOKED,CONSENT_REVOKED,CONSENT_REVOKED,CONSENT_REVOKED,CONSENT_REVOKED,CONSENT_REVOKED
669fd4c9c93e1098912d7dfe,60d099f849987e86824eedcd,APPROVED,Not Applicable,2024-07-23T16:05:36.615000Z,2024-07-23T16:14:20.247000Z,2024-07-23T18:27:31.725000Z,2024-07-23T16:14:20.883036Z,524.0,75b53a55e8,4828,33,Female,White,United States,United States,United States,English,DATA_EXPIRED,Full-Time
669fd4cbc9abf8fbccc258e3,6164d593d3783a588b11017b,APPROVED,Not Applicable,2024-07-23T16:05:36.290000Z,2024-07-23T16:11:33.528000Z,2024-07-23T18:27:32.323000Z,2024-07-23T17:12:15.907956Z,358.0,75b53a55e8,2364,26,Female,White,United States,United States,United States,English,No,Part-Time
669fd4e057b47d88feb6ac22,5d7ff4aa50fda7001a863736,APPROVED,Not Applicable,2024-07-23T16:05:56.989000Z,2024-07-23T16:15:09.595000Z,2024-07-23T18:27:32.735000Z,2024-07-23T16:17:33.083727Z,553.0,75b53a55e8,4269,25,Female,Black,United States,United States,United States,English,No,Full-Time
669fd4e0bfbb37dab02f7baa,668ad871a1139f6fd4158d04,RETURNED,Not Applicable,2024-07-23T16:05:58.779000Z,,,2024-09-06T15:36:31.081645Z,,,160,CONSENT_REVOKED,CONSENT_REVOKED,CONSENT_REVOKED,CONSENT_REVOKED,CONSENT_REVOKED,CONSENT_REVOKED,CONSENT_REVOKED,CONSENT_REVOKED,CONSENT_REVOKED
669fd4e1e0fa221332d8a6c4,665dad37740a458b78ae5c71,APPROVED,Not Applicable,2024-07-23T16:05:56.953000Z,2024-07-23T16:11:18.188000Z,2024-07-23T18:27:33.254000Z,2024-07-23T17:11:48.104614Z,322.0,75b53a55e8,85,22,Male,White,United States,United States,United States,Spanish,Yes,Unemployed (and job seeking)
669fd4e336498a8d8f8a2de8,667970ff933dde3024f31279,APPROVED,Not Applicable,2024-07-23T16:06:00.059000Z,2024-07-23T16:18:30.537000Z,2024-07-23T18:27:33.619000Z,2024-07-23T16:18:50.903064Z,751.0,75b53a55e8,19,22,Male,Asian,United States,United States,United States,English,No,Full-Time
669fd4f53d71f0da64642709,669bd9b51ec16852f3e766f9,APPROVED,Not Applicable,2024-07-23T16:06:19.881000Z,2024-07-23T16:11:41.687000Z,2024-07-23T18:27:33.957000Z,2024-07-23T16:11:42.780418Z,322.0,75b53a55e8,17,36,Male,White,United States,United States,United States,English,No,DATA_EXPIRED
669fd4fdb2349357b18135e3,606492360e422d12dc63000e,APPROVED,Not Applicable,2024-07-23T16:06:28.986000Z,2024-07-23T16:10:55.612000Z,2024-07-23T18:27:34.304000Z,2024-07-23T16:10:56.087042Z,267.0,75b53a55e8,1812,27,Male,White,United States,United States,United States,English,No,Full-Time
669fd4fed126ac77d9a4ab65,5cb60da9b79eec00134043bc,RETURNED,Not Applicable,2024-07-23T16:06:30.117000Z,,,2024-09-06T15:36:31.083155Z,,,1449,CONSENT_REVOKED,CONSENT_REVOKED,CONSENT_REVOKED,CONSENT_REVOKED,CONSENT_REVOKED,CONSENT_REVOKED,CONSENT_REVOKED,CONSENT_REVOKED,CONSENT_REVOKED
669fd4ff312722594583189a,665729b9f125502a2dd13027,APPROVED,Not Applicable,2024-07-23T16:06:27.772000Z,2024-07-23T16:18:23.031000Z,2024-07-23T18:27:34.644000Z,2024-07-23T16:18:49.651255Z,716.0,75b53a55e8,134,35,Male,Black,United States,United States,United States,English,No,Full-Time
669fd503829eeb7c53dd6750,6644fbd51e355486bf0540e3,APPROVED,Not Applicable,2024-07-23T16:06:31.402000Z,2024-07-23T16:20:39.638000Z,2024-07-23T18:27:34.960000Z,2024-07-23T16:20:45.875223Z,849.0,75b53a55e8,213,34,Female,Other,United States,United States,United States,English,No,Part-Time
669fd50419708fec2a36c78c,57c4f62865da940001f6b7e4,RETURNED,Not Applicable,2024-07-23T16:06:37.401000Z,,,2024-09-06T15:36:31.086144Z,,,2009,CONSENT_REVOKED,CONSENT_REVOKED,CONSENT_REVOKED,CONSENT_REVOKED,CONSENT_REVOKED,CONSENT_REVOKED,CONSENT_REVOKED,CONSENT_REVOKED,CONSENT_REVOKED
669fd5069c28aa655a65d4fd,5ce9c6df6b2b3d001a94b24f,RETURNED,Not Applicable,2024-07-23T16:06:36.710000Z,,,2024-09-06T15:36:31.088507Z,,,8849,CONSENT_REVOKED,CONSENT_REVOKED,CONSENT_REVOKED,CONSENT_REVOKED,CONSENT_REVOKED,CONSENT_REVOKED,CONSENT_REVOKED,CONSENT_REVOKED,CONSENT_REVOKED
669fd50d95fb3356964a4a6c,5f4962321798ec4bf94a655f,APPROVED,Not Applicable,2024-07-23T16:06:41.949000Z,2024-07-23T16:10:45.786000Z,2024-07-23T18:27:35.350000Z,2024-07-23T16:10:46.357187Z,244.0,75b53a55e8,1254,38,Male,White,United States,United States,United States,English,DATA_EXPIRED,Full-Time
669fd51014e7453621dbfcd0,66719d038ef3447d40f8e286,REJECTED,Not Applicable,2024-07-23T16:06:46.560000Z,2024-07-23T16:07:18.900000Z,2024-07-23T18:34:56.291000Z,2024-09-06T15:36:31.089777Z,33.0,NOCODE,180,CONSENT_REVOKED,CONSENT_REVOKED,CONSENT_REVOKED,CONSENT_REVOKED,CONSENT_REVOKED,CONSENT_REVOKED,CONSENT_REVOKED,CONSENT_REVOKED,CONSENT_REVOKED
669fd51ae17e311f38251020,6646645497d3d383be6edbe2,RETURNED,Not Applicable,2024-07-23T16:06:59.751000Z,,,2024-09-06T15:36:31.091241Z,,,232,CONSENT_REVOKED,CONSENT_REVOKED,CONSENT_REVOKED,CONSENT_REVOKED,CONSENT_REVOKED,CONSENT_REVOKED,CONSENT_REVOKED,CONSENT_REVOKED,CONSENT_REVOKED
669fd52287b966cf4d1b3eea,6679af725f681821b6bc1328,APPROVED,Not Applicable,2024-07-23T16:07:04.195000Z,2024-07-23T16:11:50.724000Z,2024-07-23T18:27:35.690000Z,2024-07-23T16:11:51.469788Z,287.0,75b53a55e8,97,31,Male,White,United States,United States,United States,English,Yes,DATA_EXPIRED
669fd5293d71f0da64642718,664a1e27aa7498601ce276a9,RETURNED,Not Applicable,2024-07-23T16:07:10.977000Z,,,2024-09-06T15:36:31.094269Z,,,239,CONSENT_REVOKED,CONSENT_REVOKED,CONSENT_REVOKED,CONSENT_REVOKED,CONSENT_REVOKED,CONSENT_REVOKED,CONSENT_REVOKED,CONSENT_REVOKED,CONSENT_REVOKED
669fd531399dd87594f7a953,65c7998283fde07a38b830af,APPROVED,Not Applicable,2024-07-23T16:07:19.877000Z,2024-07-23T16:15:02.360000Z,2024-07-23T18:27:36.035000Z,2024-07-23T16:17:28.937405Z,463.0,75b53a55e8,103,45,Female,Black,United States,United States,United States,English,No,Full-Time
669fd533ff36611a3918b20d,660457811031756e85deff18,RETURNED,Not Applicable,2024-07-23T16:07:25.184000Z,,,2024-09-06T15:36:31.095258Z,,,604,CONSENT_REVOKED,CONSENT_REVOKED,CONSENT_REVOKED,CONSENT_REVOKED,CONSENT_REVOKED,CONSENT_REVOKED,CONSENT_REVOKED,CONSENT_REVOKED,CONSENT_REVOKED
669fd5377f79df6e9c7c2cec,66460c4209bfe9f5f86de4a4,RETURNED,Not Applicable,2024-07-23T16:07:25.851000Z,,,2024-09-06T15:36:31.097459Z,,,181,CONSENT_REVOKED,CONSENT_REVOKED,CONSENT_REVOKED,CONSENT_REVOKED,CONSENT_REVOKED,CONSENT_REVOKED,CONSENT_REVOKED,CONSENT_REVOKED,CONSENT_REVOKED
669fd5390ed677a748ad05f5,6612802157c4cf86466e86ca,RETURNED,Not Applicable,2024-07-23T16:07:30.789000Z,,,2024-09-06T15:36:31.101864Z,,,370,CONSENT_REVOKED,CONSENT_REVOKED,CONSENT_REVOKED,CONSENT_REVOKED,CONSENT_REVOKED,CONSENT_REVOKED,CONSENT_REVOKED,CONSENT_REVOKED,CONSENT_REVOKED
669fd53b4c249ccdee3d9700,65e641a04885e4e8fe7545b8,RETURNED,Not Applicable,2024-07-23T16:07:26.318000Z,,,2024-09-06T15:36:31.105556Z,,,281,CONSENT_REVOKED,CONSENT_REVOKED,CONSENT_REVOKED,CONSENT_REVOKED,CONSENT_REVOKED,CONSENT_REVOKED,CONSENT_REVOKED,CONSENT_REVOKED,CONSENT_REVOKED
669fd53c023cc3653d3bb8db,6643c8a1a6dc21b9444c01d0,APPROVED,Not Applicable,2024-07-23T16:08:07.963000Z,2024-07-23T16:17:58.558000Z,2024-07-23T18:27:36.343000Z,2024-07-23T16:18:40.464585Z,591.0,75b53a55e8,112,24,Female,White,DATA_EXPIRED,United States,United States,English,No,DATA_EXPIRED
669fd53eeabedbb9d7c35ab7,668744ce829876a6a5756380,RETURNED,Not Applicable,2024-07-23T16:07:35.040000Z,,,2024-09-06T15:36:31.122536Z,,,198,CONSENT_REVOKED,CONSENT_REVOKED,CONSENT_REVOKED,CONSENT_REVOKED,CONSENT_REVOKED,CONSENT_REVOKED,CONSENT_REVOKED,CONSENT_REVOKED,CONSENT_REVOKED
669fd5433840a5a536c2a29c,5b9d15d5acc87200010db9d4,APPROVED,Not Applicable,2024-07-23T16:07:37.396000Z,2024-07-23T16:22:20.246000Z,2024-07-23T18:27:36.677000Z,2024-07-23T16:22:20.809996Z,883.0,75b53a55e8,510,39,Male,White,United States,United States,United States,English,No,Unemployed (and job seeking)
669fd54961fe2c4bb0aabeba,58060d08b869700001d70b8c,APPROVED,Not Applicable,2024-07-23T16:07:43.700000Z,2024-07-23T16:16:14.658000Z,2024-07-23T18:27:37.565000Z,2024-07-23T16:18:02.271895Z,511.0,75b53a55e8,1077,35,Male,Black,United States,United States,United States,English,No,Full-Time
669fd549f437d0e5ac8e0b94,669be7701ec16852f3e76aa7,RETURNED,Not Applicable,2024-07-23T16:07:40.969000Z,,,2024-09-06T15:36:31.131622Z,,,34,CONSENT_REVOKED,CONSENT_REVOKED,CONSENT_REVOKED,CONSENT_REVOKED,CONSENT_REVOKED,CONSENT_REVOKED,CONSENT_REVOKED,CONSENT_REVOKED,CONSENT_REVOKED
669fd54aad71b9d516526ec0,6638f0c162f4591c1954be75,RETURNED,Not Applicable,2024-07-23T16:07:45.374000Z,,,2024-09-06T15:36:31.137920Z,,,368,CONSENT_REVOKED,CONSENT_REVOKED,CONSENT_REVOKED,CONSENT_REVOKED,CONSENT_REVOKED,CONSENT_REVOKED,CONSENT_REVOKED,CONSENT_REVOKED,CONSENT_REVOKED
669fd5508c5207acd6009192,6543ae61df4c68a0e486942f,APPROVED,Not Applicable,2024-07-23T16:07:48.506000Z,2024-07-23T16:20:19.921000Z,2024-07-23T18:27:37.951000Z,2024-07-23T16:20:21.524318Z,752.0,75b53a55e8,1328,43,Female,White,United States,United States,United States,English,No,"Not in paid work (e.g. homemaker', 'retired or disabled)"
669fd551ebe269b280a790e6,60e5868307d715a4d1445116,RETURNED,Not Applicable,2024-07-23T16:08:14.075000Z,,,2024-09-06T15:36:31.141645Z,,,4553,CONSENT_REVOKED,CONSENT_REVOKED,CONSENT_REVOKED,CONSENT_REVOKED,CONSENT_REVOKED,CONSENT_REVOKED,CONSENT_REVOKED,CONSENT_REVOKED,CONSENT_REVOKED
669fd55295fb3356964a4a7b,669a2e048206ffd9b54a9d16,APPROVED,Not Applicable,2024-07-23T16:08:31.975000Z,2024-07-23T16:20:01.885000Z,2024-07-23T18:27:38.286000Z,2024-07-23T16:20:02.750219Z,690.0,75b53a55e8,0,54,Male,Black,United States,United States,United States,English,DATA_EXPIRED,DATA_EXPIRED
669fd554258c3f58554d3071,5c6ac9e5d9c5be000174497f,APPROVED,Not Applicable,2024-07-23T16:07:53.110000Z,2024-07-23T16:16:14.172000Z,2024-07-23T18:27:38.613000Z,2024-07-23T16:18:01.930458Z,502.0,75b53a55e8,2095,30,Female,White,United States,United States,United States,English,No,Full-Time
669fd55625d0dab74f872bd6,6584546672ce27c8cfe00c80,APPROVED,Not Applicable,2024-07-23T16:08:07.490000Z,2024-07-23T16:21:19.054000Z,2024-07-23T18:27:38.912000Z,2024-07-23T16:21:26.352460Z,792.0,75b53a55e8,448,54,Male,White,United States,United States,United States,English,No,Full-Time
669fd56cc9abf8fbccc2590a,669584f482fd54349473cb27,TIMED-OUT,Not Applicable,2024-07-23T16:08:12.848000Z,,,2024-09-06T15:36:31.152826Z,3886099.0,,71,60,Male,Mixed,United States,United States,United States,English,DATA_EXPIRED,DATA_EXPIRED
669fd581b4da9bb3b2526ea6,56f41241dc03a8000b98ace1,APPROVED,Not Applicable,2024-07-23T16:08:39.764000Z,2024-07-23T16:15:46.371000Z,2024-07-23T18:27:39.162000Z,2024-07-23T16:17:49.562329Z,427.0,75b53a55e8,531,30,Male,White,United States,United States,United States,English,Yes,Full-Time
669fd5857bf7789f6a027351,65cf6dbbe3b7c1159d0364e9,APPROVED,Not Applicable,2024-07-23T16:08:44.963000Z,2024-07-23T16:16:44.839000Z,2024-07-23T18:27:39.416000Z,2024-07-23T16:18:15.890793Z,480.0,75b53a55e8,621,39,Female,Asian,Indonesia,United States,United States,Vietnamese,No,Full-Time
669fd587258c3f58554d3080,569cf4709e8363000c3010db,APPROVED,Not Applicable,2024-07-23T16:08:43.554000Z,2024-07-23T16:15:12.703000Z,2024-07-23T18:27:39.701000Z,2024-07-23T16:17:35.781935Z,390.0,75b53a55e8,732,56,Female,DATA_EXPIRED,United States,United States,United States,English,DATA_EXPIRED,DATA_EXPIRED
669fd58db3bbd41b82a3ce7c,5af09ff00eca060001b1379c,APPROVED,Not Applicable,2024-07-23T16:08:54.527000Z,2024-07-23T16:24:09.475000Z,2024-07-23T18:27:39.944000Z,2024-07-23T16:24:10.093156Z,915.0,75b53a55e8,3299,53,Female,Black,United States,United States,United States,English,No,Part-Time
669fd58e69daa3775ed267f9,66777e5cadf7eb9ad774992a,RETURNED,Not Applicable,2024-07-23T16:08:57.895000Z,,,2024-09-06T15:36:31.157901Z,,,232,CONSENT_REVOKED,CONSENT_REVOKED,CONSENT_REVOKED,CONSENT_REVOKED,CONSENT_REVOKED,CONSENT_REVOKED,CONSENT_REVOKED,CONSENT_REVOKED,CONSENT_REVOKED
669fd593a15c1025afd267f0,66323feeeb5d1806048c38bd,APPROVED,Not Applicable,2024-07-23T16:08:55.406000Z,2024-07-23T16:19:34.354000Z,2024-07-23T18:27:40.197000Z,2024-07-23T16:19:34.841305Z,639.0,75b53a55e8,102,34,Male,White,United States,United States,United States,English,Yes,Full-Time
669fd595226fef443bc76318,6668d7ff559dace4f87a2271,RETURNED,Not Applicable,2024-07-23T16:09:09.348000Z,,,2024-09-06T15:36:31.174202Z,,,91,CONSENT_REVOKED,CONSENT_REVOKED,CONSENT_REVOKED,CONSENT_REVOKED,CONSENT_REVOKED,CONSENT_REVOKED,CONSENT_REVOKED,CONSENT_REVOKED,CONSENT_REVOKED
669fd5977b911a4f812aadfc,663e55eb0dead5d035f3b76e,APPROVED,Not Applicable,2024-07-23T16:08:59.180000Z,2024-07-23T16:16:29.556000Z,2024-07-23T18:27:40.441000Z,2024-07-23T16:18:10.291615Z,451.0,75b53a55e8,326,33,Male,Black,United States,United States,United States,English,No,Unemployed (and job seeking)
669fd59cf7598bfa08ae7395,65fc3c710af9bcc0a91cf790,RETURNED,Not Applicable,2024-07-23T16:09:11.020000Z,,,2024-09-06T15:36:31.177415Z,,,199,CONSENT_REVOKED,CONSENT_REVOKED,CONSENT_REVOKED,CONSENT_REVOKED,CONSENT_REVOKED,CONSENT_REVOKED,CONSENT_REVOKED,CONSENT_REVOKED,CONSENT_REVOKED
669fd5a107aab373eb19bebf,65cbbc191dca4c00d532d743,RETURNED,Not Applicable,2024-07-23T16:09:10.539000Z,,,2024-09-06T15:36:31.185434Z,,,223,CONSENT_REVOKED,CONSENT_REVOKED,CONSENT_REVOKED,CONSENT_REVOKED,CONSENT_REVOKED,CONSENT_REVOKED,CONSENT_REVOKED,CONSENT_REVOKED,CONSENT_REVOKED
669fd5a695fb3356964a4a90,6632a45ac854ff55d9eb87e4,APPROVED,Not Applicable,2024-07-23T16:09:15.171000Z,2024-07-23T16:20:04.915000Z,2024-07-23T18:27:40.697000Z,2024-07-23T16:20:06.014824Z,650.0,75b53a55e8,318,27,Male,Other,Mexico,United States,United States,Spanish,No,DATA_EXPIRED
669fd5aa8d3a35f8bddd0874,669c1889f403ab8f0a72242e,APPROVED,Not Applicable,2024-07-23T16:09:26.478000Z,2024-07-23T16:17:04.880000Z,2024-07-23T18:27:40.959000Z,2024-07-23T16:18:25.612608Z,459.0,75b53a55e8,4,28,Male,White,United States,United States,United States,English,Yes,Unemployed (and job seeking)
669fd5ad5a49668ea43d46d7,667db8476ed0a49a24579e01,APPROVED,Not Applicable,2024-07-23T16:09:22.533000Z,2024-07-23T16:14:51.362000Z,2024-07-23T18:27:41.267000Z,2024-07-23T16:17:23.204888Z,329.0,75b53a55e8,4,23,Male,Asian,China,United States,United States,Chinese,No,DATA_EXPIRED
669fd5c0f5ac8316d6e50eb7,669aabd2f2956d8f40491ae1,APPROVED,Not Applicable,2024-07-23T16:09:41.992000Z,2024-07-23T16:17:10.776000Z,2024-07-23T18:27:41.637000Z,2024-07-23T16:18:27.623879Z,449.0,75b53a55e8,16,32,Male,White,United States,United States,United States,English,No,Full-Time
669fd5c1b63d1195c5153ef6,666621943b08e2a34f9b9a2a,RETURNED,Not Applicable,2024-07-23T16:19:37.289000Z,,,2026-01-19T20:43:09.637337Z,,,94,CONSENT_REVOKED,CONSENT_REVOKED,CONSENT_REVOKED,CONSENT_REVOKED,CONSENT_REVOKED,CONSENT_REVOKED,CONSENT_REVOKED,CONSENT_REVOKED,CONSENT_REVOKED
669fd5c46eff3fe4b74b045d,66764564e2a22ef3f3e9bc6c,APPROVED,Not Applicable,2024-07-23T16:09:54.385000Z,2024-07-23T16:14:41.822000Z,2024-07-23T18:27:42.032000Z,2024-07-23T16:14:43.613267Z,288.0,75b53a55e8,8,18,Male,White,United States,United States,United States,English,Yes,Unemployed (and job seeking)
669fd5c5d87249f3205d0914,669fb527862c157e4d374b95,APPROVED,Not Applicable,2024-07-23T16:09:47.170000Z,2024-07-23T16:17:09.797000Z,2024-07-23T18:27:42.404000Z,2024-07-23T16:18:26.792824Z,443.0,75b53a55e8,1,19,Male,Other,United States,United States,United States,English,Yes,DATA_EXPIRED
669fd5ca6a2c3b8cedbeb866,63ea638af87a9caaff49ffa7,APPROVED,Not Applicable,2024-07-23T16:09:55.339000Z,2024-07-23T16:33:29.128000Z,2024-07-23T18:27:42.870000Z,2024-07-23T16:33:29.920825Z,1414.0,75b53a55e8,479,26,Male,Black,United States,United States,United States,English,No,Unemployed (and job seeking)
669fd5ce5147a821c88a2e07,60fecaac6ada4383c646974c,RETURNED,Not Applicable,2024-07-23T16:09:59.793000Z,,,2024-09-06T15:36:31.197782Z,,,4302,CONSENT_REVOKED,CONSENT_REVOKED,CONSENT_REVOKED,CONSENT_REVOKED,CONSENT_REVOKED,CONSENT_REVOKED,CONSENT_REVOKED,CONSENT_REVOKED,CONSENT_REVOKED
669fd5cf90306c01b56a47ff,666715bac3615cdd79c6288f,APPROVED,Not Applicable,2024-07-23T16:09:58.635000Z,2024-07-23T16:15:12.648000Z,2024-07-23T18:27:43.211000Z,2024-07-23T16:17:36.098611Z,315.0,75b53a55e8,104,20,Male,White,United States,United States,United States,English,Yes,Unemployed (and job seeking)
669fd5ddf86d0ae8406a4852,666f5cd9703de8fb31acd664,RETURNED,Not Applicable,2024-07-23T16:12:51.713000Z,,,2024-09-06T15:36:31.199951Z,,,72,CONSENT_REVOKED,CONSENT_REVOKED,CONSENT_REVOKED,CONSENT_REVOKED,CONSENT_REVOKED,CONSENT_REVOKED,CONSENT_REVOKED,CONSENT_REVOKED,CONSENT_REVOKED
669fd5f026dcc53b67fd75f4,66651ec2f540ce3f2b04edc5,APPROVED,Not Applicable,2024-07-23T16:19:54.917000Z,2024-07-23T16:27:00.659000Z,2024-07-23T18:27:43.546000Z,2024-07-23T16:30:00.356352Z,426.0,75b53a55e8,148,30,Female,Other,United States,United States,United States,Spanish,No,Full-Time
669fd5f3bb32f9aea9cebcfc,668413919a74e2d4d90ce80f,APPROVED,Not Applicable,2024-07-23T16:10:41.123000Z,2024-07-23T16:21:28.353000Z,2024-07-23T18:27:43.897000Z,2024-07-23T16:21:31.831960Z,648.0,75b53a55e8,6,55,Female,White,United States,United States,United States,English,DATA_EXPIRED,DATA_EXPIRED
669fd5f43f65c954709cf5be,5969496f06679c00014b818e,RETURNED,Not Applicable,2024-07-23T16:10:33.178000Z,,,2024-09-06T15:36:31.204733Z,,,3651,CONSENT_REVOKED,CONSENT_REVOKED,CONSENT_REVOKED,CONSENT_REVOKED,CONSENT_REVOKED,CONSENT_REVOKED,CONSENT_REVOKED,CONSENT_REVOKED,CONSENT_REVOKED
669fd5f5707a8c9d5b23d837,6686e72b762ad26de146f4db,RETURNED,Not Applicable,2024-07-23T16:10:40.650000Z,,,2024-09-06T15:36:31.206652Z,,,190,CONSENT_REVOKED,CONSENT_REVOKED,CONSENT_REVOKED,CONSENT_REVOKED,CONSENT_REVOKED,CONSENT_REVOKED,CONSENT_REVOKED,CONSENT_REVOKED,CONSENT_REVOKED
669fd5f5df863de054067bc5,6548199515cf83ca69f406d0,APPROVED,Not Applicable,2024-07-23T16:10:34.302000Z,2024-07-23T16:15:54.125000Z,2024-07-23T18:27:44.381000Z,2024-07-23T16:17:52.745676Z,320.0,75b53a55e8,119,25,Female,Asian,United States,United States,United States,Chinese,No,Full-Time
669fd5fbf7598bfa08ae73b9,5c40e28ffe87360001a5677e,APPROVED,Not Applicable,2024-07-23T16:10:41.283000Z,2024-07-23T16:20:13.022000Z,2024-07-23T18:27:44.695000Z,2024-07-23T16:20:13.639575Z,572.0,75b53a55e8,1283,30,Female,Black,United States,United States,United States,English,No,Full-Time
669fd5fec28d74dc52de9752,662be2f65ab992be656650b7,RETURNED,Not Applicable,2024-07-23T16:10:48.810000Z,,,2024-09-06T15:36:31.208312Z,,,539,CONSENT_REVOKED,CONSENT_REVOKED,CONSENT_REVOKED,CONSENT_REVOKED,CONSENT_REVOKED,CONSENT_REVOKED,CONSENT_REVOKED,CONSENT_REVOKED,CONSENT_REVOKED
669fd6076cf3ab695820385c,663275876de1bd5e86d04517,APPROVED,Not Applicable,2024-07-23T16:11:03.349000Z,2024-07-23T16:24:11.799000Z,2024-07-23T18:27:45.026000Z,2024-07-23T16:24:12.440770Z,789.0,75b53a55e8,143,48,Male,White,United States,United States,United States,English,No,Full-Time
669fd60842ea316ab689aeba,60ff57e5154dbec052c4fba2,RETURNED,Not Applicable,2024-07-23T16:10:57.868000Z,,,2024-09-06T15:36:31.212705Z,,,490,CONSENT_REVOKED,CONSENT_REVOKED,CONSENT_REVOKED,CONSENT_REVOKED,CONSENT_REVOKED,CONSENT_REVOKED,CONSENT_REVOKED,CONSENT_REVOKED,CONSENT_REVOKED
669fd60942136d3b65cebcff,611343cebd1f50c6a0eaaf8c,APPROVED,Not Applicable,2024-07-23T16:10:54.784000Z,2024-07-23T16:18:02.176000Z,2024-07-23T18:27:45.500000Z,2024-07-23T16:18:41.829576Z,428.0,75b53a55e8,386,38,Male,DATA_EXPIRED,United States,United States,United States,English,No,Full-Time
669fd6126d5acea50129ab11,65b13af178f481ab07aa2ed0,APPROVED,Not Applicable,2024-07-23T16:11:07.636000Z,2024-07-23T16:26:25.224000Z,2024-07-23T18:27:45.921000Z,2024-07-23T16:29:08.314026Z,918.0,75b53a55e8,603,41,Female,Black,United States,United States,United States,English,No,Unemployed (and job seeking)
669fd612df9f65a0bac25a8a,6665e60f1e2f8d963f8c393c,APPROVED,Not Applicable,2024-07-23T16:11:04.218000Z,2024-07-23T16:25:09.052000Z,2024-07-23T18:27:46.405000Z,2024-07-23T16:25:09.916020Z,845.0,75b53a55e8,138,64,Male,White,United States,United States,United States,English,No,Other
669fd61578efeab43ede96f2,65786a6b1b6fc0068d00f593,RETURNED,Not Applicable,2024-07-23T16:11:12.571000Z,,,2024-09-06T15:36:31.213221Z,,,798,CONSENT_REVOKED,CONSENT_REVOKED,CONSENT_REVOKED,CONSENT_REVOKED,CONSENT_REVOKED,CONSENT_REVOKED,CONSENT_REVOKED,CONSENT_REVOKED,CONSENT_REVOKED
669fd6162a9c2b8db6297466,668e9dc336d88c22d32f77a4,RETURNED,Not Applicable,2024-07-23T16:11:16.591000Z,,,2024-09-06T15:36:31.217476Z,,,321,CONSENT_REVOKED,CONSENT_REVOKED,CONSENT_REVOKED,CONSENT_REVOKED,CONSENT_REVOKED,CONSENT_REVOKED,CONSENT_REVOKED,CONSENT_REVOKED,CONSENT_REVOKED
669fd617138216ab1359dd37,5d8186b89d5990001958d771,RETURNED,Not Applicable,2024-07-23T16:11:08.886000Z,,,2024-09-06T15:36:31.218166Z,,,809,CONSENT_REVOKED,CONSENT_REVOKED,CONSENT_REVOKED,CONSENT_REVOKED,CONSENT_REVOKED,CONSENT_REVOKED,CONSENT_REVOKED,CONSENT_REVOKED,CONSENT_REVOKED
669fd61997b08085c070b676,664b4ffde3550176ef06a5cb,APPROVED,Not Applicable,2024-07-23T16:11:37.964000Z,2024-07-23T16:31:51.107000Z,2024-07-23T18:27:46.782000Z,2024-07-23T16:31:55.871656Z,1214.0,75b53a55e8,137,45,Male,Black,Nigeria,United States,United States,English,No,DATA_EXPIRED
669fd61c2d1a367095f3fb70,667e6da95ae0a25f225ae6e6,RETURNED,Not Applicable,2024-07-23T16:11:26.001000Z,,,2024-09-06T15:36:31.222851Z,,,309,CONSENT_REVOKED,CONSENT_REVOKED,CONSENT_REVOKED,CONSENT_REVOKED,CONSENT_REVOKED,CONSENT_REVOKED,CONSENT_REVOKED,CONSENT_REVOKED,CONSENT_REVOKED
669fd6299deb28f1428e3795,6670805ba058ae6fc47f4f7b,RETURNED,Not Applicable,2024-07-23T16:11:28.756000Z,,,2024-09-06T15:36:31.229590Z,,,388,CONSENT_REVOKED,CONSENT_REVOKED,CONSENT_REVOKED,CONSENT_REVOKED,CONSENT_REVOKED,CONSENT_REVOKED,CONSENT_REVOKED,CONSENT_REVOKED,CONSENT_REVOKED
669fd62fd29a348556c60309,669e5bb83f3bfe7d401ed12d,RETURNED,Not Applicable,2024-07-23T16:11:40.546000Z,,,2024-09-06T15:36:31.234704Z,,,70,CONSENT_REVOKED,CONSENT_REVOKED,CONSENT_REVOKED,CONSENT_REVOKED,CONSENT_REVOKED,CONSENT_REVOKED,CONSENT_REVOKED,CONSENT_REVOKED,CONSENT_REVOKED
669fd6301ad284586be1f96b,6668a1f66b9117cd39576144,APPROVED,Not Applicable,2024-07-23T16:11:37.698000Z,2024-07-23T16:28:58.503000Z,2024-07-23T18:27:47.695000Z,2024-07-23T16:31:25.626036Z,1041.0,75b53a55e8,33,74,Male,White,United States,United States,United States,English,No,"Not in paid work (e.g. homemaker', 'retired or disabled)"
669fd6379cfa7de4b9c57007,663a6156433866816e758329,REJECTED,Not Applicable,2024-07-23T16:11:41.737000Z,2024-07-23T16:19:06.044000Z,2024-08-12T20:49:31.416000Z,2024-09-06T15:36:31.244248Z,445.0,NOCODE,195,CONSENT_REVOKED,CONSENT_REVOKED,CONSENT_REVOKED,CONSENT_REVOKED,CONSENT_REVOKED,CONSENT_REVOKED,CONSENT_REVOKED,CONSENT_REVOKED,CONSENT_REVOKED
669fd63be06feceb733f0b6f,662efcced27b553fda0582e0,RETURNED,Not Applicable,2024-07-23T16:11:55.063000Z,,,2024-09-06T15:36:31.251302Z,,,119,CONSENT_REVOKED,CONSENT_REVOKED,CONSENT_REVOKED,CONSENT_REVOKED,CONSENT_REVOKED,CONSENT_REVOKED,CONSENT_REVOKED,CONSENT_REVOKED,CONSENT_REVOKED
669fd63f7a31209a5e18b386,570d891d42a1db000fc65b4d,APPROVED,Not Applicable,2024-07-23T16:11:49.760000Z,2024-07-23T16:21:24.970000Z,2024-07-23T18:27:48.071000Z,2024-07-23T16:21:29.372048Z,576.0,75b53a55e8,7573,47,Female,White,United States,United States,United States,English,No,Part-Time
669fd6417a2d8ac7f33bb7a8,610abfb0eb7add4ed3226a44,APPROVED,Not Applicable,2024-07-23T16:11:47.916000Z,2024-07-23T16:17:14.226000Z,2024-07-23T18:27:48.454000Z,2024-07-23T16:18:26.733720Z,327.0,75b53a55e8,630,26,Female,White,United States,United States,Italy,English,Yes,Part-Time
669fd647504ecaff433f0264,5ae725a73b85e70001176e9c,APPROVED,Not Applicable,2024-07-23T16:12:07.960000Z,2024-07-23T16:26:10.301000Z,2024-07-23T18:27:48.873000Z,2024-07-23T16:28:55.044337Z,843.0,75b53a55e8,1505,80,Male,White,United States,United States,United States,English,DATA_EXPIRED,DATA_EXPIRED
669fd648d2a42b94b8612b38,663a5bfb7f34ea8d2588d98a,RETURNED,Not Applicable,2024-07-23T16:12:02.111000Z,,,2024-09-06T15:36:31.257115Z,,,290,CONSENT_REVOKED,CONSENT_REVOKED,CONSENT_REVOKED,CONSENT_REVOKED,CONSENT_REVOKED,CONSENT_REVOKED,CONSENT_REVOKED,CONSENT_REVOKED,CONSENT_REVOKED
669fd64ce17e311f38251081,6668f1d1c9ce01b278a58253,APPROVED,Not Applicable,2024-07-23T16:12:02.238000Z,2024-07-23T16:21:00.517000Z,2024-07-23T18:27:49.213000Z,2024-07-23T16:21:07.557206Z,539.0,75b53a55e8,47,45,Female,White,United States,United States,United States,English,No,Full-Time
669fd650015681ee3d4350fa,616a4cb2ea6a2b174c83baca,RETURNED,Not Applicable,2024-07-23T16:12:09.365000Z,,,2024-09-06T15:36:31.273524Z,,,480,CONSENT_REVOKED,CONSENT_REVOKED,CONSENT_REVOKED,CONSENT_REVOKED,CONSENT_REVOKED,CONSENT_REVOKED,CONSENT_REVOKED,CONSENT_REVOKED,CONSENT_REVOKED
669fd653db882671c4d8faa4,63d40d346609b5cd9433adb7,APPROVED,Not Applicable,2024-07-23T16:12:07.628000Z,2024-07-23T16:17:53.266000Z,2024-07-23T18:27:49.643000Z,2024-07-23T16:18:39.746089Z,346.0,75b53a55e8,2319,34,Female,White,United States,United States,United States,English,DATA_EXPIRED,Part-Time
669fd6550c72cd40b909ec4c,660dc7b81d25dc6c88bad7d0,RETURNED,Not Applicable,2024-07-23T16:12:17.302000Z,,,2024-09-06T15:36:31.274382Z,,,253,CONSENT_REVOKED,CONSENT_REVOKED,CONSENT_REVOKED,CONSENT_REVOKED,CONSENT_REVOKED,CONSENT_REVOKED,CONSENT_REVOKED,CONSENT_REVOKED,CONSENT_REVOKED
669fd657b63d1195c5153f33,647e135b2a7569c2f18cc9df,APPROVED,Not Applicable,2024-07-23T16:12:12.722000Z,2024-07-23T16:19:20.549000Z,2024-07-23T18:27:50.022000Z,2024-07-23T16:19:21.112351Z,428.0,75b53a55e8,656,34,Male,Mixed,United States,United States,United States,English,DATA_EXPIRED,Full-Time
669fd658e2ff8bf9f7947b00,5c3d504ede04ad0001d8be54,APPROVED,Not Applicable,2024-07-23T16:12:25.290000Z,2024-07-23T16:22:09.370000Z,2024-07-23T18:27:50.375000Z,2024-07-23T16:22:10.081480Z,585.0,75b53a55e8,2104,41,Female,White,United States,United States,United States,English,No,Full-Time
669fd6596af374700937d6f9,665ac6e82f2eeb813cb7b6d1,RETURNED,Not Applicable,2024-07-23T16:12:24.307000Z,,,2024-09-06T15:36:31.277813Z,,,124,CONSENT_REVOKED,CONSENT_REVOKED,CONSENT_REVOKED,CONSENT_REVOKED,CONSENT_REVOKED,CONSENT_REVOKED,CONSENT_REVOKED,CONSENT_REVOKED,CONSENT_REVOKED
669fd65a61fe2c4bb0aabf2b,663fcdfa0a379f42f4c7397e,APPROVED,Not Applicable,2024-07-23T16:12:17.279000Z,2024-07-23T16:23:25.194000Z,2024-07-23T18:27:50.799000Z,2024-07-23T16:23:26.311501Z,668.0,75b53a55e8,389,51,Female,White,United States,United States,United States,English,No,"Not in paid work (e.g. homemaker', 'retired or disabled)"
669fd65ac4553cc54ce2ba5b,58635484a73baa00010db537,APPROVED,Not Applicable,2024-07-23T16:12:14.974000Z,2024-07-23T16:24:22.023000Z,2024-07-23T18:27:51.189000Z,2024-07-23T16:24:22.657658Z,728.0,75b53a55e8,3035,38,Female,White,United States,United States,United States,English,No,Full-Time
669fd65b6d5acea50129ab26,66840b7edfe1e9cbc1acce9a,APPROVED,Not Applicable,2024-07-23T16:12:18.368000Z,2024-07-23T16:30:45.741000Z,2024-07-23T18:27:51.602000Z,2024-07-23T16:31:44.299487Z,1108.0,75b53a55e8,51,36,Female,White,United States,United States,United States,English,No,"Not in paid work (e.g. homemaker', 'retired or disabled)"
669fd65ceaa0419ad845196a,6647af4ed8f61a601c3a0c87,REJECTED,Not Applicable,2024-07-23T16:12:17.672000Z,2024-07-23T16:26:07.398000Z,2024-08-12T20:49:45.729000Z,2024-09-06T15:36:31.285234Z,830.0,NOCODE,48,CONSENT_REVOKED,CONSENT_REVOKED,CONSENT_REVOKED,CONSENT_REVOKED,CONSENT_REVOKED,CONSENT_REVOKED,CONSENT_REVOKED,CONSENT_REVOKED,CONSENT_REVOKED
669fd660ad7dc1d1e4924697,5deb6855cbd64d2752b691a5,APPROVED,Not Applicable,2024-07-23T16:12:22.828000Z,2024-07-23T16:20:11.356000Z,2024-07-23T18:27:51.956000Z,2024-07-23T16:20:12.436610Z,469.0,75b53a55e8,488,29,Female,White,United States,United States,United States,English,DATA_EXPIRED,DATA_EXPIRED
669fd663c54862a927f3f17c,667dd338a1a60ce7bc3400b6,APPROVED,Not Applicable,2024-07-23T16:12:26.596000Z,2024-07-23T16:22:05.173000Z,2024-07-23T18:27:52.245000Z,2024-07-23T16:22:06.140930Z,579.0,75b53a55e8.,110,29,Female,Mixed,United States,United States,United States,English,No,Full-Time
669fd66442ea316ab689aed5,663f5fb67d8156c7438142bb,APPROVED,Not Applicable,2024-07-23T16:12:27.979000Z,2024-07-23T16:36:43.941000Z,2024-07-23T18:27:52.520000Z,2024-07-23T16:36:44.673563Z,1456.0,75b5a55e8,190,24,Male,Black,Ghana,United States,United States,English,Yes,Full-Time
669fd665a9c8ed595037d885,667cd93f186bb46d9ef8d746,RETURNED,Not Applicable,2024-07-23T16:12:29.737000Z,,,2024-09-06T15:36:31.287181Z,,,168,CONSENT_REVOKED,CONSENT_REVOKED,CONSENT_REVOKED,CONSENT_REVOKED,CONSENT_REVOKED,CONSENT_REVOKED,CONSENT_REVOKED,CONSENT_REVOKED,CONSENT_REVOKED
669fd665cc3b47268c642752,669d7ce01322c7f64ccaa9a6,APPROVED,Not Applicable,2024-07-23T16:12:31.660000Z,2024-07-23T16:26:31.824000Z,2024-07-23T18:27:52.782000Z,2024-07-23T16:29:16.682438Z,841.0,75b53a55e8.,2,43,Male,Black,United States,United States,United States,English,No,Full-Time
669fd6666cf3ab6958203874,5fd85ea88b7f1919bf0e5546,APPROVED,Not Applicable,2024-07-23T16:12:28.869000Z,2024-07-23T16:20:57.749000Z,2024-07-23T18:27:53.401000Z,2024-07-23T16:21:05.659891Z,509.0,75b53a55e8,436,25,Male,White,United States,United States,United States,English,Yes,Part-Time
669fd666f7598bfa08ae73d0,63bcf141136313265f65eec9,RETURNED,Not Applicable,2024-07-23T16:12:31.619000Z,,,2024-09-06T15:36:31.289084Z,,,1958,CONSENT_REVOKED,CONSENT_REVOKED,CONSENT_REVOKED,CONSENT_REVOKED,CONSENT_REVOKED,CONSENT_REVOKED,CONSENT_REVOKED,CONSENT_REVOKED,CONSENT_REVOKED
669fd6681ad284586be1f982,5a2fd74c3eff6600016f21ee,APPROVED,Not Applicable,2024-07-23T16:12:30.565000Z,2024-07-23T16:19:50.807000Z,2024-07-23T18:27:53.770000Z,2024-07-23T16:19:51.410382Z,441.0,75b53a55e8,4033,55,Male,Asian,United States,United States,United States,English,No,Full-Time
669fd668c536ffd7d1e2b8a0,62b5ea86c27a56a257dffc82,APPROVED,Not Applicable,2024-07-23T16:12:31.114000Z,2024-07-23T16:24:50.315000Z,2024-07-23T18:27:54.132000Z,2024-07-23T16:24:50.958750Z,740.0,75b53a55e8,4218,53,Male,White,United States,United States,United States,English,No,DATA_EXPIRED
669fd669fa925f33d57416e2,6683dd1e404b34a34fa3a517,RETURNED,Not Applicable,2024-07-23T16:12:36.686000Z,,,2024-09-06T15:36:31.298070Z,,,112,CONSENT_REVOKED,CONSENT_REVOKED,CONSENT_REVOKED,CONSENT_REVOKED,CONSENT_REVOKED,CONSENT_REVOKED,CONSENT_REVOKED,CONSENT_REVOKED,CONSENT_REVOKED
669fd66b7d7fe89a2e526e2b,658574304634f5056c49285c,RETURNED,Not Applicable,2024-07-23T16:22:27.198000Z,,,2024-09-06T15:36:31.299650Z,,,1267,CONSENT_REVOKED,CONSENT_REVOKED,CONSENT_REVOKED,CONSENT_REVOKED,CONSENT_REVOKED,CONSENT_REVOKED,CONSENT_REVOKED,CONSENT_REVOKED,CONSENT_REVOKED
669fd66cc28d74dc52de9771,5d548912e1c7130018e019dc,RETURNED,Not Applicable,2024-07-23T16:23:01.836000Z,,,2024-09-06T15:36:31.301260Z,,,7780,CONSENT_REVOKED,CONSENT_REVOKED,CONSENT_REVOKED,CONSENT_REVOKED,CONSENT_REVOKED,CONSENT_REVOKED,CONSENT_REVOKED,CONSENT_REVOKED,CONSENT_REVOKED
669fd66ce52043d41a4d7460,5d43acdf20b237000130ffd3,APPROVED,Not Applicable,2024-07-23T16:12:33.810000Z,2024-07-23T16:20:38.106000Z,2024-07-23T18:27:54.555000Z,2024-07-23T16:20:43.888653Z,485.0,75b53a55e8,844,46,Female,White,United States,United States,United States,English,No,Full-Time
669fd66dd9d73596b9a3954e,5eebdeac9b71f13bf1e8a61c,APPROVED,Not Applicable,2024-07-23T16:12:35.420000Z,2024-07-23T16:27:06.104000Z,2024-07-23T18:27:54.966000Z,2024-07-23T16:30:14.181162Z,871.0,75b53a55e8,1410,26,Female,Asian,United States,United States,United States,English,No,Full-Time
669fd66e9deb28f1428e37b1,6679fb6603da537e38da45cf,APPROVED,Not Applicable,2024-07-23T16:12:37.248000Z,2024-07-23T16:26:54.555000Z,2024-07-23T18:27:55.312000Z,2024-07-23T16:29:51.615656Z,858.0,75b53a55e8,142,56,Female,White,United States,United States,United States,English,No,Part-Time
669fd66fdfc777279bb65f16,65e1e4d597d4ce849347371c,RETURNED,Not Applicable,2024-07-23T16:12:39.155000Z,,,2024-09-06T15:36:31.303032Z,,,182,CONSENT_REVOKED,CONSENT_REVOKED,CONSENT_REVOKED,CONSENT_REVOKED,CONSENT_REVOKED,CONSENT_REVOKED,CONSENT_REVOKED,CONSENT_REVOKED,CONSENT_REVOKED
669fd6718c5207acd60091dd,63d485aaf47a463859d6c9c0,APPROVED,Not Applicable,2024-07-23T16:12:39.343000Z,2024-07-23T16:27:11.964000Z,2024-07-23T18:27:55.686000Z,2024-07-23T16:30:24.875137Z,873.0,75b53a55e8,498,57,Female,White,United States,United States,United States,English,No,Part-Time
669fd674e9fb573a9a872c15,5f47e6376aa63923f3804e3b,APPROVED,Not Applicable,2024-07-23T16:12:41.545000Z,2024-07-23T16:21:06.029000Z,2024-07-23T18:27:56.053000Z,2024-07-23T16:21:11.714163Z,505.0,75b53a55e8,3938,45,Male,White,United States,United States,United States,English,No,Full-Time
669fd675debcfd1daa55de4f,5ea47bda5b1a9807ed89eb76,RETURNED,Not Applicable,2024-07-23T16:12:45.423000Z,,,2024-09-06T15:36:31.310728Z,,,6666,CONSENT_REVOKED,CONSENT_REVOKED,CONSENT_REVOKED,CONSENT_REVOKED,CONSENT_REVOKED,CONSENT_REVOKED,CONSENT_REVOKED,CONSENT_REVOKED,CONSENT_REVOKED
669fd676bd4fd22714741770,664646cee62ee6e6f666d0a5,RETURNED,Not Applicable,2024-07-23T16:12:47.709000Z,,,2024-09-06T15:36:31.316665Z,,,49,CONSENT_REVOKED,CONSENT_REVOKED,CONSENT_REVOKED,CONSENT_REVOKED,CONSENT_REVOKED,CONSENT_REVOKED,CONSENT_REVOKED,CONSENT_REVOKED,CONSENT_REVOKED
669fd6772e66d48e4023d8b2,669b16c67f0c1a71305941ad,APPROVED,Not Applicable,2024-07-23T16:12:45.874000Z,2024-07-23T16:28:42.440000Z,2024-07-23T18:27:56.372000Z,2024-07-23T16:31:21.092933Z,957.0,75b53a55e8,3,52,Female,Other,United States,United States,United States,English,No,DATA_EXPIRED
669fd6796b64d7dd0729f084,64db7a4850be99df7d90917f,APPROVED,Not Applicable,2024-07-23T16:12:52.805000Z,2024-07-23T16:22:09.063000Z,2024-07-23T18:27:56.629000Z,2024-07-23T16:22:10.046615Z,557.0,75b53a55e8,303,46,Female,Black,United States,United States,United States,English,No,Full-Time
669fd67a68e62979bbf6fcaa,5cc3f0f9fdb33500018c5eeb,RETURNED,Not Applicable,2024-07-23T16:12:47.982000Z,,,2024-09-06T15:36:31.318935Z,,,4559,CONSENT_REVOKED,CONSENT_REVOKED,CONSENT_REVOKED,CONSENT_REVOKED,CONSENT_REVOKED,CONSENT_REVOKED,CONSENT_REVOKED,CONSENT_REVOKED,CONSENT_REVOKED
669fd67a97b08085c070b69f,58578946c41fd90001434680,APPROVED,Not Applicable,2024-07-23T16:12:47.459000Z,2024-07-23T16:25:41.303000Z,2024-07-23T18:27:56.891000Z,2024-07-23T16:25:42.125179Z,774.0,75b53a55e8,4446,69,Male,White,United States,United States,United States,English,No,"Not in paid work (e.g. homemaker', 'retired or disabled)"
669fd67b7f79df6e9c7c2d43,667b404275272d0ba17d54b0,APPROVED,Not Applicable,2024-07-23T16:12:50.744000Z,2024-07-23T16:21:33.275000Z,2024-07-23T18:27:57.465000Z,2024-07-23T16:21:33.966414Z,523.0,75b53a55e8,101,31,Male,White,United States,United States,United States,English,No,Full-Time
669fd67e63ececdab3e50e8a,60e7044ddc2523fab6cbc0cd,APPROVED,Not Applicable,2024-07-23T16:12:55.749000Z,2024-07-23T16:23:28.979000Z,2024-07-23T18:27:57.841000Z,2024-07-23T16:23:31.637710Z,634.0,75b53a55e8,3549,31,Female,White,United States,United States,United States,English,No,Part-Time
669fd67f7902bd7570528423,6648a42105946eb5408e05d4,APPROVED,Not Applicable,2024-07-23T16:13:05.353000Z,2024-07-23T16:22:53.583000Z,2024-07-23T18:27:58.211000Z,2024-07-23T16:22:54.780841Z,589.0,75b53a55e8,453,33,Male,White,United States,United States,United States,English,No,Unemployed (and job seeking)
669fd67f8d3a35f8bddd08b5,662e5d88c1b7af9c33c75b6a,APPROVED,Not Applicable,2024-07-23T16:14:00.167000Z,2024-07-23T16:30:16.188000Z,2024-07-23T18:27:58.616000Z,2024-07-23T16:31:40.284606Z,977.0,75b53a55e8,158,25,Female,Black,United States,United States,United States,English,No,Part-Time
669fd680612f19db5c52846c,6638f721ac4b7a399d3d9229,APPROVED,Not Applicable,2024-07-23T16:12:53.913000Z,2024-07-23T16:31:08.155000Z,2024-07-23T18:27:59.102000Z,2024-07-23T16:31:47.058128Z,1095.0,75b53a55e8,266,57,Female,White,United States,United States,United States,English,No,Unemployed (and job seeking)
669fd681bcff4aaf344d3067,664b8db39157014062bc96d1,APPROVED,Not Applicable,2024-07-23T16:12:59.337000Z,2024-07-23T16:29:39.240000Z,2024-07-23T18:27:59.498000Z,2024-07-23T16:31:33.077358Z,1000.0,75b53a55e8,12,36,Male,White,Mexico,United States,United States,English,No,Full-Time
669fd68361fe2c4bb0aabf36,5f9b701704aa55229049cee0,RETURNED,Not Applicable,2024-07-23T16:12:56.404000Z,,,2024-09-06T15:36:31.323632Z,,,4512,CONSENT_REVOKED,CONSENT_REVOKED,CONSENT_REVOKED,CONSENT_REVOKED,CONSENT_REVOKED,CONSENT_REVOKED,CONSENT_REVOKED,CONSENT_REVOKED,CONSENT_REVOKED
669fd683aab7d519a2b90983,66680861c7b68569cc363d6b,APPROVED,Not Applicable,2024-07-23T16:12:51.835000Z,2024-07-23T16:30:35.741000Z,2024-07-23T18:27:59.875000Z,2024-07-23T16:31:42.800713Z,1064.0,75b53a55e8,200,27,Female,Mixed,Ghana,United States,United States,English,DATA_EXPIRED,DATA_EXPIRED
669fd684bf1a70e1075ffe01,63f7df76fda679592c5132bf,APPROVED,Not Applicable,2024-07-23T16:12:58.072000Z,2024-07-23T16:19:41.305000Z,2024-07-23T18:28:00.249000Z,2024-07-23T16:19:41.801941Z,404.0,75b53a55e8,2952,40,Female,White,United States,United States,United States,English,DATA_EXPIRED,DATA_EXPIRED
669fd686e4a91f5e63ead348,5dba53eec07b5f093edebdd2,APPROVED,Not Applicable,2024-07-23T16:13:01.970000Z,2024-07-23T16:23:05.230000Z,2024-07-23T18:28:01.286000Z,2024-07-23T16:23:06.715939Z,604.0,75b53a55e8,2890,52,Female,White,Cuba,United States,United States,Spanish,No,Full-Time
669fd6887a31209a5e18b3a3,63ce4a983479277bba4987c5,TIMED-OUT,Not Applicable,2024-07-23T16:15:06.310000Z,,,2024-09-06T15:36:31.324454Z,3885686.0,,2369,49,Female,White,United States,United States,United States,English,DATA_EXPIRED,DATA_EXPIRED
669fd6888a68f94d1fc602aa,6626aca000aab07fdd4147c0,APPROVED,Not Applicable,2024-07-23T16:13:01.998000Z,2024-07-23T16:32:54.329000Z,2024-07-23T18:28:01.661000Z,2024-07-23T16:32:55.340440Z,1193.0,75b53a55e8.,344,42,Female,White,United States,United States,United States,English,No,Part-Time
669fd689022ff88b39c08fce,63d13e2a6dd3ec4a5f6bff7b,APPROVED,Not Applicable,2024-07-23T16:13:47.421000Z,2024-07-23T16:19:30.652000Z,2024-07-23T18:28:02.025000Z,2024-07-23T16:19:31.366331Z,344.0,75b53a55e8,1600,33,Male,White,United States,United States,United States,English,No,Full-Time
669fd68a399dd87594f7a9b9,5e8fb6ba9b5ff02b5150ab10,APPROVED,Not Applicable,2024-07-23T16:14:05.237000Z,2024-07-23T16:21:18.648000Z,2024-07-23T18:28:02.393000Z,2024-07-23T16:21:25.602219Z,434.0,75b53a55e8,3589,27,Male,White,United States,United States,United States,English,No,Full-Time
669fd68b226fef443bc7636c,65ff59969a305a37420d8eba,APPROVED,Not Applicable,2024-07-23T16:13:08.214000Z,2024-07-23T16:34:19.907000Z,2024-07-23T18:28:02.745000Z,2024-07-23T16:34:20.462178Z,1272.0,75b53a55e8,352,47,Male,White,United States,United States,United States,English,No,Full-Time
669fd68c6d5acea50129ab3a,65f00615cafbc1008642ff08,APPROVED,Not Applicable,2024-07-23T16:13:07.899000Z,2024-07-23T16:28:12.643000Z,2024-07-23T18:28:03.289000Z,2024-07-23T16:31:15.894926Z,905.0,75b53a55e8,226,36,Male,White,United States,United States,United States,English,No,Unemployed (and job seeking)
669fd68c88e1f2f1e9c08f8d,5fc6df58f380620a09116434,APPROVED,Not Applicable,2024-07-23T16:14:23.905000Z,2024-07-23T16:23:07.272000Z,2024-07-23T18:28:03.560000Z,2024-07-23T16:23:08.639089Z,524.0,75b53a55e8,3371,24,Female,White,United States,United States,United States,English,Yes,Other
669fd68dc4553cc54ce2ba7b,5c64c326c2629c000143bf6f,RETURNED,Not Applicable,2024-07-23T16:24:00.057000Z,,,2024-09-06T15:36:31.329304Z,,,1307,CONSENT_REVOKED,CONSENT_REVOKED,CONSENT_REVOKED,CONSENT_REVOKED,CONSENT_REVOKED,CONSENT_REVOKED,CONSENT_REVOKED,CONSENT_REVOKED,CONSENT_REVOKED
669fd68f251c73a3f318839e,65fd9a961a58039e9c9e7b2c,RETURNED,Not Applicable,2024-07-23T16:14:40.911000Z,,,2024-09-06T15:36:31.330552Z,,,548,CONSENT_REVOKED,CONSENT_REVOKED,CONSENT_REVOKED,CONSENT_REVOKED,CONSENT_REVOKED,CONSENT_REVOKED,CONSENT_REVOKED,CONSENT_REVOKED,CONSENT_REVOKED
669fd68fc9abf8fbccc25950,614e32cf6eacf837eb9d5c48,APPROVED,Not Applicable,2024-07-23T16:14:10.057000Z,2024-07-23T16:27:41.926000Z,2024-07-23T18:28:04.083000Z,2024-07-23T16:30:56.045642Z,812.0,75b53a55e8,1584,81,Male,White,United States,United States,United States,English,DATA_EXPIRED,DATA_EXPIRED
669fd690492e371e92e1f9a6,6689465fc8d3a43fd880a840,APPROVED,Not Applicable,2024-07-23T16:13:10.568000Z,2024-07-23T16:25:39.793000Z,2024-07-23T18:28:04.549000Z,2024-07-23T16:25:40.403147Z,750.0,75b53a55e8,129,53,Male,White,United States,United States,Ireland,English,No,Full-Time
669fd69078efeab43ede9722,662d15c45fc2c1ca89b362bf,APPROVED,Not Applicable,2024-07-23T16:14:47.708000Z,2024-07-23T16:27:50.257000Z,2024-07-23T18:28:04.930000Z,2024-07-23T16:31:03.372466Z,783.0,75b53a55e8,68,40,Male,Black,United States,United States,United States,English,DATA_EXPIRED,DATA_EXPIRED
669fd6912d1a367095f3fb97,666e57a593be89c7850addc2,RETURNED,Not Applicable,2024-07-23T16:13:14.675000Z,,,2024-09-06T15:36:31.334229Z,,,303,CONSENT_REVOKED,CONSENT_REVOKED,CONSENT_REVOKED,CONSENT_REVOKED,CONSENT_REVOKED,CONSENT_REVOKED,CONSENT_REVOKED,CONSENT_REVOKED,CONSENT_REVOKED
669fd6925a0061faa55d0b55,63ea5b695d3f16b10c21a530,APPROVED,Not Applicable,2024-07-23T16:13:12.427000Z,2024-07-23T16:20:34.215000Z,2024-07-23T18:28:05.367000Z,2024-07-23T16:20:36.959926Z,442.0,75b53a55e8,2355,46,Male,White,United Kingdom,United States,United States,English,No,Full-Time
669fd69307aab373eb19befe,65fc6ca12b8b3852fbea77f1,RETURNED,Not Applicable,2024-07-23T16:13:42.487000Z,,,2024-09-06T15:36:31.337172Z,,,554,CONSENT_REVOKED,CONSENT_REVOKED,CONSENT_REVOKED,CONSENT_REVOKED,CONSENT_REVOKED,CONSENT_REVOKED,CONSENT_REVOKED,CONSENT_REVOKED,CONSENT_REVOKED
669fd693251c73a3f31883a1,6435590899a3b56206f5a506,APPROVED,Not Applicable,2024-07-23T16:13:11.060000Z,2024-07-23T16:20:07.654000Z,2024-07-23T18:28:05.776000Z,2024-07-23T16:20:08.256472Z,417.0,75b53a55e8,827,27,Female,White,United States,United States,United States,English,DATA_EXPIRED,Unemployed (and job seeking)
669fd69363125ca1edad06de,6647b9d85e49c207ba28f76f,APPROVED,Not Applicable,2024-07-23T16:16:05.821000Z,2024-07-23T16:35:05.718000Z,2024-07-23T18:28:06.141000Z,2024-07-23T16:35:06.577436Z,1140.0,75b53a55e8,196,31,Female,Black,United States,United States,United States,English,No,Other
669fd6953efbe7d034297464,5f4a187b40b01f589fe766eb,APPROVED,Not Applicable,2024-07-23T16:14:27.830000Z,2024-07-23T16:25:13.137000Z,2024-07-23T18:28:06.531000Z,2024-07-23T16:25:13.621992Z,646.0,75b53a55e8,3010,35,Female,White,United States,United States,United States,English,No,Full-Time
669fd696880a6257b5067c19,5fcc80cfc3b2aeae86015072,APPROVED,Not Applicable,2024-07-23T16:13:48.169000Z,2024-07-23T16:20:49.865000Z,2024-07-23T18:28:06.916000Z,2024-07-23T16:20:58.811026Z,422.0,75b53a55e8,729,27,Male,White,United States,United States,United States,English,Yes,Part-Time
669fd69ba2297cbaff612bc8,664d011eb38e6b289076e64c,APPROVED,Not Applicable,2024-07-23T16:13:34.874000Z,2024-07-23T16:39:02.254000Z,2024-07-23T18:28:07.381000Z,2024-07-23T16:40:05.245432Z,1528.0,75b53a55e8,54,33,Male,Black,United States,United States,United States,English,Yes,Full-Time
669fd69bc93e1098912d7e6a,5680253fc5767f00121cc5e2,APPROVED,Not Applicable,2024-07-23T16:13:19.826000Z,2024-07-23T16:19:55.400000Z,2024-07-23T18:28:07.763000Z,2024-07-23T16:19:56.057537Z,396.0,75b53a55e8,2382,48,Male,White,United States,United States,United States,English,DATA_EXPIRED,DATA_EXPIRED
669fd69c258c3f58554d30cc,669a9550634bd2faf6fec13e,APPROVED,Not Applicable,2024-07-23T16:13:32.362000Z,2024-07-23T16:46:39.556000Z,2024-07-23T18:28:08.098000Z,2024-07-23T16:46:40.209450Z,1988.0,75b53a55e8,17,31,Male,Asian,United States,United States,United States,Chinese,No,Full-Time
669fd69d5dcda3c1bf9cf52a,62ffff87542a225243a6e6a6,APPROVED,Not Applicable,2024-07-23T16:13:31.500000Z,2024-07-23T16:22:03.760000Z,2024-07-23T18:28:08.404000Z,2024-07-23T17:23:42.692504Z,513.0,75b53a55e8,366,23,Male,White,United States,United States,United States,English,Yes,DATA_EXPIRED
669fd6a09fe516d7b6f3ef2f,60fe20c9f8933cf0d7349657,APPROVED,Not Applicable,2024-07-23T16:13:24.557000Z,2024-07-23T16:20:44.241000Z,2024-07-23T18:28:08.782000Z,2024-07-23T16:20:51.149870Z,440.0,75b53a55e8,295,21,Female,Asian,Korea,United States,United States,English,No,Unemployed (and job seeking)
669fd6a1d9d73596b9a3955e,60fc5a8eb17e706908c6ae0c,APPROVED,Not Applicable,2024-07-23T16:13:45.972000Z,2024-07-23T16:20:33.125000Z,2024-07-23T18:28:09.149000Z,2024-07-23T16:20:35.360687Z,408.0,75b53a55e8,1097,49,Male,White,United States,United States,United States,English,No,Full-Time
669fd6a388e1f2f1e9c08f95,663a63f21d5a0fd9b63dc4be,APPROVED,Not Applicable,2024-07-23T16:13:31.231000Z,2024-07-23T16:18:30.333000Z,2024-07-23T18:28:09.488000Z,2024-07-23T16:18:50.849787Z,300.0,75b53a55e8,20,28,Female,White,United States,United States,United States,English,No,Full-Time
669fd6a4debcfd1daa55de58,63ea5b93d1c6d38e1f57dcfa,APPROVED,Not Applicable,2024-07-23T16:13:28.298000Z,2024-07-23T16:18:08.468000Z,2024-07-23T18:28:09.936000Z,2024-07-23T16:18:43.167633Z,281.0,75b53a55e8,2373,39,Male,White,United States,United States,United States,English,No,Full-Time
669fd6a9952602252020392f,6679f356360a6d2bf199f071,APPROVED,Not Applicable,2024-07-23T16:13:33.813000Z,2024-07-23T16:25:57.452000Z,2024-07-23T18:28:10.303000Z,2024-07-23T16:26:03.565515Z,744.0,75b53a55e8,128,38,Female,White,United States,United States,United States,English,No,Full-Time
669fd6ae260b740be8d84490,65c15a5b2e5146577fd1bb8c,APPROVED,Not Applicable,2024-07-23T16:13:44.947000Z,2024-07-23T16:40:24.362000Z,2024-07-23T18:28:10.680000Z,2024-07-23T16:40:45.973150Z,1600.0,75b53a55e8,1026,40,Female,Black,United States,United States,United States,English,No,"Not in paid work (e.g. homemaker', 'retired or disabled)"
669fd6ae76ede0e213a3cf39,6685c283c7d2e84750290782,APPROVED,Not Applicable,2024-07-23T16:13:42.996000Z,2024-07-23T16:20:37.133000Z,2024-07-23T18:28:11.049000Z,2024-07-23T16:20:42.782474Z,415.0,75b53a55e8,4,36,Male,White,United States,United States,United States,English,No,DATA_EXPIRED
669fd6af5dcda3c1bf9cf530,666c4370a15f9740d843651a,APPROVED,Not Applicable,2024-07-23T16:13:58.487000Z,2024-07-23T16:22:19.187000Z,2024-07-23T18:28:11.410000Z,2024-07-23T16:22:20.076050Z,501.0,75b53a55e8,37,23,Female,White,United States,United States,United States,English,No,DATA_EXPIRED
669fd6b302b5bda8d42aac12,657742cc51d99969013bc37f,APPROVED,Not Applicable,2024-07-23T16:15:08.946000Z,2024-07-23T16:33:30.682000Z,2024-07-23T18:28:11.817000Z,2024-07-23T16:33:31.239911Z,1102.0,75b53a55e8,343,34,Male,White,United States,United States,United States,English,DATA_EXPIRED,DATA_EXPIRED
669fd6b72e66d48e4023d8cb,560379c9e372c00011bd4a90,APPROVED,Not Applicable,2024-07-23T16:14:04.117000Z,2024-07-23T16:52:14.373000Z,2024-07-23T18:28:12.185000Z,2024-07-23T16:52:14.945987Z,2291.0,75b53a55e8,3446,53,Male,DATA_EXPIRED,United States,United States,United States,English,DATA_EXPIRED,Full-Time
669fd6b7f5ac8316d6e50ef6,65c3bb5789289b0a4bbb0c37,APPROVED,Not Applicable,2024-07-23T16:13:47.788000Z,2024-07-23T16:24:24.382000Z,2024-07-23T18:28:12.487000Z,2024-07-23T16:24:25.001327Z,637.0,75b53a55e8,83,53,Male,White,United States,United States,United States,English,No,Full-Time
669fd6b8e4a91f5e63ead353,5bba20fd9672860001e260b6,APPROVED,Not Applicable,2024-07-23T16:13:52.408000Z,2024-07-23T16:23:07.806000Z,2024-07-23T18:28:12.853000Z,2024-07-23T16:23:09.602193Z,556.0,75b53a55e8,2471,44,Male,White,United States,United States,United States,English,DATA_EXPIRED,Full-Time
669fd6b98e344dcc6170b6b1,65de8bb036d20b18c5637a14,RETURNED,Not Applicable,2024-07-23T16:13:55.207000Z,,,2024-09-06T15:36:31.368268Z,,,1017,CONSENT_REVOKED,CONSENT_REVOKED,CONSENT_REVOKED,CONSENT_REVOKED,CONSENT_REVOKED,CONSENT_REVOKED,CONSENT_REVOKED,CONSENT_REVOKED,CONSENT_REVOKED
669fd6bfc2390829deaabffe,5928b05e590f0b000126edb8,APPROVED,Not Applicable,2024-07-23T16:13:56.903000Z,2024-07-23T16:21:45.678000Z,2024-07-23T18:28:13.126000Z,2024-07-23T16:21:46.802665Z,469.0,75b53a55e8,6771,26,Male,Asian,United States,United States,United States,English,No,"Not in paid work (e.g. homemaker', 'retired or disabled)"
669fd6c0702fd5d143fd0b4d,5fff70ac22e2ad0995d0d45b,APPROVED,Not Applicable,2024-07-23T16:14:02.715000Z,2024-07-23T16:19:39.673000Z,2024-07-23T18:28:13.382000Z,2024-07-23T16:19:40.200843Z,337.0,75b53a55e8,901,32,Male,White,United States,United States,United States,English,DATA_EXPIRED,Part-Time
669fd6c2c2390829deaac000,65dcae13078980e2525fcca0,APPROVED,Not Applicable,2024-07-23T16:13:59.617000Z,2024-07-23T16:29:02.911000Z,2024-07-23T18:28:13.930000Z,2024-07-23T16:31:26.861768Z,904.0,75b53a55e8,394,56,Female,White,United States,United States,United States,English,No,Full-Time
669fd6c5403772716aff1bcd,5be10ec03e09dc00010e8ccc,RETURNED,Not Applicable,2024-07-23T16:14:22.014000Z,,,2024-09-06T15:36:31.369413Z,,,4567,CONSENT_REVOKED,CONSENT_REVOKED,CONSENT_REVOKED,CONSENT_REVOKED,CONSENT_REVOKED,CONSENT_REVOKED,CONSENT_REVOKED,CONSENT_REVOKED,CONSENT_REVOKED
669fd6c627836cec4abeb8d5,669ed03f13f57e07092e1877,RETURNED,Not Applicable,2024-07-23T16:14:40.240000Z,,,2024-09-06T15:36:31.371442Z,,,246,CONSENT_REVOKED,CONSENT_REVOKED,CONSENT_REVOKED,CONSENT_REVOKED,CONSENT_REVOKED,CONSENT_REVOKED,CONSENT_REVOKED,CONSENT_REVOKED,CONSENT_REVOKED
669fd6c7f1878f1e90c42fbd,6682aba44a98ca0f0bc97f3c,RETURNED,Not Applicable,2024-07-23T16:15:30.674000Z,,,2024-09-06T15:36:31.373669Z,,,107,CONSENT_REVOKED,CONSENT_REVOKED,CONSENT_REVOKED,CONSENT_REVOKED,CONSENT_REVOKED,CONSENT_REVOKED,CONSENT_REVOKED,CONSENT_REVOKED,CONSENT_REVOKED
669fd6ce8f4209d1de9a9a41,5591b811fdf99b62fdfd6aa9,APPROVED,Not Applicable,2024-07-23T16:14:14.962000Z,2024-07-23T16:21:47.465000Z,2024-07-23T18:28:14.313000Z,2024-07-23T16:21:48.004163Z,453.0,75b53a55e8,666,29,Male,White,United States,United States,United States,English,No,Full-Time
669fd6cf63125ca1edad06eb,666c1e8e6a09bd990bb6c5e6,RETURNED,Not Applicable,2024-07-23T16:14:21.100000Z,,,2024-09-06T15:36:31.375462Z,,,282,CONSENT_REVOKED,CONSENT_REVOKED,CONSENT_REVOKED,CONSENT_REVOKED,CONSENT_REVOKED,CONSENT_REVOKED,CONSENT_REVOKED,CONSENT_REVOKED,CONSENT_REVOKED
669fd6cfe06feceb733f0b8d,6691a5c500af8a7d634133f7,RETURNED,Not Applicable,2024-07-23T16:14:12.476000Z,,,2024-09-06T15:36:31.377289Z,,,271,CONSENT_REVOKED,CONSENT_REVOKED,CONSENT_REVOKED,CONSENT_REVOKED,CONSENT_REVOKED,CONSENT_REVOKED,CONSENT_REVOKED,CONSENT_REVOKED,CONSENT_REVOKED
669fd6d0e2ff8bf9f7947b25,5fa315662ca5b25d05ae8236,APPROVED,Not Applicable,2024-07-23T16:14:13.359000Z,2024-07-23T16:20:52.508000Z,2024-07-23T18:28:14.674000Z,2024-07-23T16:21:00.591219Z,400.0,75b53a55e8,1289,52,Female,White,United States,United States,United States,English,No,DATA_EXPIRED
669fd6d1e17e311f382510ad,57749a1f760c1f0001ca7679,APPROVED,Not Applicable,2024-07-23T16:14:16.905000Z,2024-07-23T16:22:06.991000Z,2024-07-23T18:28:15.090000Z,2024-07-23T16:22:07.493386Z,471.0,75b53a55e8,832,42,Male,White,United States,United States,United States,English,No,Part-Time
669fd6d44965f64ce5dd09b8,6696f2d42d25a7d04545ccf7,APPROVED,Not Applicable,2024-07-23T16:14:28.956000Z,2024-07-23T16:32:04.709000Z,2024-07-23T18:28:15.511000Z,2024-07-23T16:32:05.394356Z,1056.0,75b53a55e8,18,52,Female,Black,Somalia,United States,United States,English,DATA_EXPIRED,DATA_EXPIRED
669fd6d50346ae960fb435c1,669182858aba6fb03faa14f2,APPROVED,Not Applicable,2024-07-23T16:14:20.864000Z,2024-07-23T16:24:39.258000Z,2024-07-23T18:28:16.480000Z,2024-07-23T16:24:39.771864Z,619.0,75b53a55e8,120,19,Male,White,United States,United States,United States,English,Yes,Unemployed (and job seeking)
669fd6d899ba49d506153f56,669939183b5d44ffc688ea13,APPROVED,Not Applicable,2024-07-23T16:14:21.087000Z,2024-07-23T16:22:55.154000Z,2024-07-23T18:28:16.876000Z,2024-07-23T16:22:58.236504Z,515.0,75b53a55e8,21,37,Female,White,United States,United States,United States,English,No,Full-Time
669fd6d8aca73af7ca6f2ffa,61081cfdf67e87efda015132,APPROVED,Not Applicable,2024-07-23T16:14:22.084000Z,2024-07-23T16:26:59.087000Z,2024-07-23T18:28:17.225000Z,2024-07-23T16:29:57.731057Z,758.0,75b53a55e8,133,21,Female,White,United States,United States,United States,English,Yes,Part-Time
669fd6dcdb882671c4d8fac7,5c85fe8e36f2450001c86df8,RETURNED,Not Applicable,2024-07-23T16:14:28.337000Z,,,2024-09-06T15:36:31.379578Z,,,2514,CONSENT_REVOKED,CONSENT_REVOKED,CONSENT_REVOKED,CONSENT_REVOKED,CONSENT_REVOKED,CONSENT_REVOKED,CONSENT_REVOKED,CONSENT_REVOKED,CONSENT_REVOKED
669fd6dcfa797c2f11831966,580670eceee5dc00017584c6,APPROVED,Not Applicable,2024-07-23T16:14:28.768000Z,2024-07-23T16:25:56.885000Z,2024-07-23T18:28:17.635000Z,2024-07-23T16:26:03.021092Z,689.0,75b53a55e8,2420,35,Male,White,United States,United States,United States,English,No,Full-Time
669fd6dd8ea306d13fc76326,666203105e0c216230d31016,RETURNED,Not Applicable,2024-07-23T16:14:29.932000Z,,,2024-09-06T15:36:31.381329Z,,,225,CONSENT_REVOKED,CONSENT_REVOKED,CONSENT_REVOKED,CONSENT_REVOKED,CONSENT_REVOKED,CONSENT_REVOKED,CONSENT_REVOKED,CONSENT_REVOKED,CONSENT_REVOKED
669fd6ddb2349357b1813674,663a73c05e670e0f32b6ae4f,APPROVED,Not Applicable,2024-07-23T16:15:30.709000Z,2024-07-23T16:25:42.613000Z,2024-07-23T18:28:18.160000Z,2024-07-23T16:25:43.279628Z,612.0,75b53a55e8,357,30,Female,White,United States,United States,United States,English,No,DATA_EXPIRED
669fd6def1878f1e90c42fc6,6695b2d8fb297c4bda5a54c4,APPROVED,Not Applicable,2024-07-23T16:16:39.406000Z,2024-07-23T16:32:00.660000Z,2024-07-23T18:28:18.534000Z,2024-07-23T16:32:01.503236Z,922.0,75b53a55e8,20,36,Female,Mixed,United States,United States,United States,English,No,Full-Time
669fd6e1e50ae655aec430ae,629f8c4ffc22b04ff283f59e,APPROVED,Not Applicable,2024-07-23T16:14:33.261000Z,2024-07-23T16:20:10.381000Z,2024-07-23T18:28:18.782000Z,2024-07-23T16:20:11.116407Z,338.0,75b53a55e8,739,22,Female,Asian,United States,United States,United States,English,Yes,DATA_EXPIRED
669fd6e206b48b637757cdbd,5f402da30ce123154d1f3f84,RETURNED,Not Applicable,2024-07-23T16:14:40.277000Z,,,2024-09-06T15:36:31.383835Z,,,6256,CONSENT_REVOKED,CONSENT_REVOKED,CONSENT_REVOKED,CONSENT_REVOKED,CONSENT_REVOKED,CONSENT_REVOKED,CONSENT_REVOKED,CONSENT_REVOKED,CONSENT_REVOKED
669fd6e38b9e8f67e8c2a35d,5f5fc987dcef1807d9924a9d,RETURNED,Not Applicable,2024-07-23T16:14:34.252000Z,,,2024-09-06T15:36:31.385749Z,,,319,CONSENT_REVOKED,CONSENT_REVOKED,CONSENT_REVOKED,CONSENT_REVOKED,CONSENT_REVOKED,CONSENT_REVOKED,CONSENT_REVOKED,CONSENT_REVOKED,CONSENT_REVOKED
669fd6e4260b740be8d844a1,5cd8a78e0f0de600018e782f,RETURNED,Not Applicable,2024-07-23T16:19:37.744000Z,,,2024-09-06T15:36:31.387882Z,,,4426,CONSENT_REVOKED,CONSENT_REVOKED,CONSENT_REVOKED,CONSENT_REVOKED,CONSENT_REVOKED,CONSENT_REVOKED,CONSENT_REVOKED,CONSENT_REVOKED,CONSENT_REVOKED
669fd6e6b56e4bc56e347809,63a5d44a2536f3e1cfb42541,APPROVED,Not Applicable,2024-07-23T16:14:38.718000Z,2024-07-23T16:28:49.167000Z,2024-07-23T18:28:19.041000Z,2024-07-23T16:31:23.145592Z,851.0,75b53a55e8,1024,56,Female,White,United States,United States,United States,English,No,Full-Time
669fd6e81dea9cd3b03d9803,6634e030d19afecb4e333021,RETURNED,Not Applicable,2024-07-23T16:14:44.811000Z,,,2024-09-06T15:36:31.392096Z,,,162,CONSENT_REVOKED,CONSENT_REVOKED,CONSENT_REVOKED,CONSENT_REVOKED,CONSENT_REVOKED,CONSENT_REVOKED,CONSENT_REVOKED,CONSENT_REVOKED,CONSENT_REVOKED
669fd6e902b5bda8d42aac1f,5d47976c4f91710001d9fc91,RETURNED,Not Applicable,2024-07-23T16:14:38.939000Z,,,2024-09-06T15:36:31.391881Z,,,1922,CONSENT_REVOKED,CONSENT_REVOKED,CONSENT_REVOKED,CONSENT_REVOKED,CONSENT_REVOKED,CONSENT_REVOKED,CONSENT_REVOKED,CONSENT_REVOKED,CONSENT_REVOKED
669fd6e914e7453621dbfd5c,6689766eecff1db0309b32ed,RETURNED,Not Applicable,2024-07-23T16:14:44.788000Z,,,2024-09-06T15:36:31.395618Z,,,184,CONSENT_REVOKED,CONSENT_REVOKED,CONSENT_REVOKED,CONSENT_REVOKED,CONSENT_REVOKED,CONSENT_REVOKED,CONSENT_REVOKED,CONSENT_REVOKED,CONSENT_REVOKED
669fd6ea3d71f0da6464279c,5ec802e542730c299fbbafef,APPROVED,Not Applicable,2024-07-23T16:14:41.381000Z,2024-07-23T16:23:09.436000Z,2024-07-23T18:28:19.310000Z,2024-07-23T16:23:11.445082Z,509.0,75b53a55e8,474,44,Male,Asian,United States,United States,United States,English,No,DATA_EXPIRED
669fd6eb832da007c93f0a85,669259e887445fbea14ceac1,APPROVED,Not Applicable,2024-07-23T16:14:41.312000Z,2024-07-23T16:22:16.731000Z,2024-07-23T18:28:19.577000Z,2024-07-23T16:22:17.300857Z,456.0,75b53a55e8,48,30,Female,White,United States,United States,United States,English,No,Full-Time
669fd6ecd9d73596b9a39571,5fecd134b890b19cd8336b78,RETURNED,Not Applicable,2024-07-23T16:14:41.989000Z,,,2024-09-06T15:36:31.397323Z,,,1989,CONSENT_REVOKED,CONSENT_REVOKED,CONSENT_REVOKED,CONSENT_REVOKED,CONSENT_REVOKED,CONSENT_REVOKED,CONSENT_REVOKED,CONSENT_REVOKED,CONSENT_REVOKED
669fd6ecf2e83d7d06f39ff5,666b15b5d7612ba25e342362,RETURNED,Not Applicable,2024-07-23T16:14:44.982000Z,,,2024-09-06T15:36:31.398508Z,,,143,CONSENT_REVOKED,CONSENT_REVOKED,CONSENT_REVOKED,CONSENT_REVOKED,CONSENT_REVOKED,CONSENT_REVOKED,CONSENT_REVOKED,CONSENT_REVOKED,CONSENT_REVOKED
669fd6f0306e173930558561,65cba761b3d48a22dfc65d2f,RETURNED,Not Applicable,2024-07-23T16:14:46.902000Z,,,2024-09-06T15:36:31.402848Z,,,469,CONSENT_REVOKED,CONSENT_REVOKED,CONSENT_REVOKED,CONSENT_REVOKED,CONSENT_REVOKED,CONSENT_REVOKED,CONSENT_REVOKED,CONSENT_REVOKED,CONSENT_REVOKED
669fd6f07f79df6e9c7c2d63,57439a4354636a000d78639a,RETURNED,Not Applicable,2024-07-23T16:15:50.289000Z,,,2024-09-06T15:36:31.415382Z,,,3403,CONSENT_REVOKED,CONSENT_REVOKED,CONSENT_REVOKED,CONSENT_REVOKED,CONSENT_REVOKED,CONSENT_REVOKED,CONSENT_REVOKED,CONSENT_REVOKED,CONSENT_REVOKED
669fd6f183064a07ab0ab821,62a79d20c999c4ff16d44cd7,RETURNED,Not Applicable,2024-07-23T16:14:46.894000Z,,,2024-09-06T15:36:31.415805Z,,,1770,CONSENT_REVOKED,CONSENT_REVOKED,CONSENT_REVOKED,CONSENT_REVOKED,CONSENT_REVOKED,CONSENT_REVOKED,CONSENT_REVOKED,CONSENT_REVOKED,CONSENT_REVOKED
669fd6f3dfc777279bb65f49,5c7070519f9392000150023c,RETURNED,Not Applicable,2024-07-23T16:14:59.821000Z,,,2024-09-06T15:36:31.417068Z,,,2339,CONSENT_REVOKED,CONSENT_REVOKED,CONSENT_REVOKED,CONSENT_REVOKED,CONSENT_REVOKED,CONSENT_REVOKED,CONSENT_REVOKED,CONSENT_REVOKED,CONSENT_REVOKED
669fd6f478efeab43ede973e,657e3ff4df3541eb1ec0eb11,APPROVED,Not Applicable,2024-07-23T16:14:52.658000Z,2024-07-23T16:21:30.449000Z,2024-07-23T18:28:19.818000Z,2024-07-23T16:21:32.568061Z,398.0,75b53a55e8,860,26,Female,Asian,United States,United States,United States,English,DATA_EXPIRED,Full-Time
669fd6f663ececdab3e50e9f,628fa9e1afc3de7797cb6e2f,APPROVED,Not Applicable,2024-07-23T16:17:04.330000Z,2024-07-23T16:25:29.285000Z,2024-07-23T18:28:20.063000Z,2024-07-23T16:25:31.337950Z,505.0,75b53a55e8,1851,26,Male,Black,United States,United States,United States,English,Yes,Full-Time
669fd6f72e66d48e4023d8da,657a0b90f74df15ba94f1d5a,RETURNED,Not Applicable,2024-07-23T16:14:58.700000Z,,,2024-09-06T15:36:31.420492Z,,,148,CONSENT_REVOKED,CONSENT_REVOKED,CONSENT_REVOKED,CONSENT_REVOKED,CONSENT_REVOKED,CONSENT_REVOKED,CONSENT_REVOKED,CONSENT_REVOKED,CONSENT_REVOKED
669fd6f7688c6e068e4a4ad4,614e180e8241d5976dcf192a,APPROVED,Not Applicable,2024-07-23T16:14:54.765000Z,2024-07-23T16:28:02.852000Z,2024-07-23T18:28:20.320000Z,2024-07-23T16:31:13.999031Z,789.0,75b53a55e8,1336,42,Male,White,United States,United States,United States,English,No,Full-Time
669fd6fae499437f27a8bd46,5c3d07a85a994b0001c10bb2,APPROVED,Not Applicable,2024-07-23T16:18:10.864000Z,2024-07-23T16:40:06.603000Z,2024-07-23T18:28:20.573000Z,2024-07-23T16:40:37.081903Z,1316.0,75b53a55e8,6473,29,Male,DATA_EXPIRED,United States,United States,United States,English,DATA_EXPIRED,DATA_EXPIRED
669fd6fbbd4fd22714741797,660477a5378aa5627f9b7cf0,APPROVED,Not Applicable,2024-07-23T16:15:01.036000Z,2024-07-23T16:37:52.645000Z,2024-07-23T18:28:20.844000Z,2024-07-23T16:39:45.450587Z,1372.0,75b53a55e8,132,52,Female,Mixed,United States,United States,United States,English,No,Full-Time
669fd6fdb14f6cbe62b3525a,5f4c4b277200c9868db9d43f,RETURNED,Not Applicable,2024-07-23T16:14:59.983000Z,,,2024-09-06T15:36:31.423005Z,,,7440,CONSENT_REVOKED,CONSENT_REVOKED,CONSENT_REVOKED,CONSENT_REVOKED,CONSENT_REVOKED,CONSENT_REVOKED,CONSENT_REVOKED,CONSENT_REVOKED,CONSENT_REVOKED
669fd6febf2d14185c4518b5,5654175604212700054a12b1,APPROVED,Not Applicable,2024-07-23T16:14:57.639000Z,2024-07-23T16:20:47.319000Z,2024-07-23T18:28:21.094000Z,2024-07-23T16:20:55.019709Z,350.0,75b53a55e8,3105,33,Male,Asian,Korea,United States,United States,English,DATA_EXPIRED,DATA_EXPIRED
669fd6ff63125ca1edad06f5,612bfe71a97242127201bc3b,RETURNED,Not Applicable,2024-07-23T16:15:05.133000Z,,,2024-09-06T15:36:31.424010Z,,,3972,CONSENT_REVOKED,CONSENT_REVOKED,CONSENT_REVOKED,CONSENT_REVOKED,CONSENT_REVOKED,CONSENT_REVOKED,CONSENT_REVOKED,CONSENT_REVOKED,CONSENT_REVOKED
669fd6ff6deec989e2558581,5ee1be444c9d75206ce5aa92,APPROVED,Not Applicable,2024-07-23T16:17:16.395000Z,2024-07-23T16:35:32.995000Z,2024-07-23T18:28:21.339000Z,2024-07-23T16:35:34.112024Z,1097.0,75b53a55e8,4514,27,Male,Asian,United States,United States,United States,English,No,Full-Time
669fd7019deb28f1428e37da,65c10c2abe42175a96e3ef2f,RETURNED,Not Applicable,2024-07-23T16:15:04.594000Z,,,2024-09-06T15:36:31.426270Z,,,559,CONSENT_REVOKED,CONSENT_REVOKED,CONSENT_REVOKED,CONSENT_REVOKED,CONSENT_REVOKED,CONSENT_REVOKED,CONSENT_REVOKED,CONSENT_REVOKED,CONSENT_REVOKED
669fd701f437d0e5ac8e0c18,5aa2dcf36219a30001f57b7e,APPROVED,Not Applicable,2024-07-23T16:15:12.561000Z,2024-07-23T16:20:50.223000Z,2024-07-23T18:28:21.582000Z,2024-07-23T16:20:59.112253Z,338.0,75b53a55e8,107,45,Male,DATA_EXPIRED,United States,United States,United States,English,No,DATA_EXPIRED
669fd703244b8f558109ec29,632259eb84f23e6068fcf518,APPROVED,Not Applicable,2024-07-23T16:17:17.550000Z,2024-07-23T16:37:47.448000Z,2024-07-23T18:28:21.835000Z,2024-07-23T16:39:45.321293Z,1230.0,75b53a55e8,2250,43,Male,White,United States,United States,United States,English,No,Part-Time
669fd703d29a348556c60338,650a6d03acf66d20e752b42c,APPROVED,Not Applicable,2024-07-23T16:15:06.233000Z,2024-07-23T16:26:31.551000Z,2024-07-23T18:28:22.085000Z,2024-07-23T16:29:17.183257Z,686.0,75b53a55e8,1124,32,Female,Asian,United States,United States,United States,English,No,Full-Time
669fd7040346ae960fb435ce,5b686c87263ecb0001342e8c,APPROVED,Not Applicable,2024-07-23T16:15:16.581000Z,2024-07-23T16:30:38.433000Z,2024-07-23T18:12:23.697000Z,2024-07-23T16:31:43.311122Z,922.0,75b53a55e8,130,51,Male,White,United States,United States,United States,English,No,Full-Time
669fd706e50ae655aec430b5,5f54204e8d88ed78a36872ac,APPROVED,Not Applicable,2024-07-23T16:15:29.080000Z,2024-07-23T16:31:41.590000Z,2024-07-23T18:12:24.136000Z,2024-07-23T16:31:53.611755Z,973.0,75b53a55e8,34,27,Female,DATA_EXPIRED,United States,United States,United States,English,Yes,Full-Time
669fd70842ea316ab689af0d,60d0d91b77fec0f50db191ab,RETURNED,Not Applicable,2024-07-23T16:15:09.839000Z,,,2024-09-06T15:36:31.430877Z,,,344,CONSENT_REVOKED,CONSENT_REVOKED,CONSENT_REVOKED,CONSENT_REVOKED,CONSENT_REVOKED,CONSENT_REVOKED,CONSENT_REVOKED,CONSENT_REVOKED,CONSENT_REVOKED
669fd70967e18904952806e2,669e4ee0a69fe47fb4012705,RETURNED,Not Applicable,2024-07-23T16:15:11.783000Z,,,2024-09-06T15:36:31.431025Z,,,86,CONSENT_REVOKED,CONSENT_REVOKED,CONSENT_REVOKED,CONSENT_REVOKED,CONSENT_REVOKED,CONSENT_REVOKED,CONSENT_REVOKED,CONSENT_REVOKED,CONSENT_REVOKED
669fd70ab05d6fab61251024,66451d1d092bf208cdd3fea8,APPROVED,Not Applicable,2024-07-23T16:16:18.727000Z,2024-07-23T16:27:30.847000Z,2024-07-23T18:12:24.438000Z,2024-07-23T16:30:44.546127Z,673.0,75b53a55e8,262,30,Female,White,United States,United States,United States,English,No,Due to start a new job within the next month
669fd70bb14f6cbe62b3525e,668177aa968cf0bcc1f07cd9,APPROVED,Not Applicable,2024-07-23T16:15:14.054000Z,2024-07-23T16:29:47.693000Z,2024-07-23T18:12:25.017000Z,2024-07-23T16:31:34.365840Z,874.0,75b53a55e8,79,21,Male,Mixed,DATA_EXPIRED,United States,United States,English,No,Part-Time
669fd70ebcff4aaf344d3091,6316212c1109a3b1bac89fe6,APPROVED,Not Applicable,2024-07-23T16:15:49.912000Z,2024-07-23T16:29:01.570000Z,2024-07-23T18:12:25.246000Z,2024-07-23T16:31:26.519141Z,792.0,75b53a55e8,4015,30,Female,Black,United States,United States,United States,English,No,Full-Time
669fd7106af374700937d726,6681660f62b96a4cce9c01ac,RETURNED,Not Applicable,2024-07-23T16:15:17.585000Z,,,2024-09-06T15:36:31.431198Z,,,98,CONSENT_REVOKED,CONSENT_REVOKED,CONSENT_REVOKED,CONSENT_REVOKED,CONSENT_REVOKED,CONSENT_REVOKED,CONSENT_REVOKED,CONSENT_REVOKED,CONSENT_REVOKED
669fd711f97ed55ebfb9094e,667af53c8cb86ccaa1306c3d,APPROVED,Not Applicable,2024-07-23T16:15:22.762000Z,2024-07-23T16:29:49.189000Z,2024-07-23T18:12:25.490000Z,2024-07-23T16:31:34.708575Z,867.0,75b53a55e8,66,40,Male,Black,United States,United States,United States,English,DATA_EXPIRED,Part-Time
669fd7150346ae960fb435d6,663a6f4d0355165d94d53045,RETURNED,Not Applicable,2024-07-23T16:15:24.460000Z,,,2024-09-06T15:36:31.433488Z,,,249,CONSENT_REVOKED,CONSENT_REVOKED,CONSENT_REVOKED,CONSENT_REVOKED,CONSENT_REVOKED,CONSENT_REVOKED,CONSENT_REVOKED,CONSENT_REVOKED,CONSENT_REVOKED
669fd717148d792209d8fa28,668d3c9b5a1fdcb0d80c3d2f,APPROVED,Not Applicable,2024-07-23T16:16:14.404000Z,2024-07-23T16:47:02.169000Z,2024-07-23T18:12:25.731000Z,2024-07-23T16:47:02.767926Z,1848.0,75b53a55e8,59,42,Male,Black,Nigeria,United States,United States,English,No,Full-Time
669fd71819708fec2a36c802,669bddf3fa201bb4229c0f54,RETURNED,Not Applicable,2024-07-23T16:15:30.235000Z,,,2024-09-06T15:36:31.435768Z,,,187,CONSENT_REVOKED,CONSENT_REVOKED,CONSENT_REVOKED,CONSENT_REVOKED,CONSENT_REVOKED,CONSENT_REVOKED,CONSENT_REVOKED,CONSENT_REVOKED,CONSENT_REVOKED
669fd7193f1d7f55e7526dc5,60f4e3ab507bbb123f866e88,APPROVED,Not Applicable,2024-07-23T16:17:10.855000Z,2024-07-23T16:26:22.084000Z,2024-07-23T18:12:26.010000Z,2024-07-23T16:29:04.637440Z,552.0,75b53a55e8,6209,26,Female,Black,United States,United States,United States,English,DATA_EXPIRED,DATA_EXPIRED
669fd71a1dea9cd3b03d9822,5cfc7489e289a80016b6e29f,APPROVED,Not Applicable,2024-07-23T16:15:28.499000Z,2024-07-23T16:22:20.900000Z,2024-07-23T18:12:26.294000Z,2024-07-23T16:22:21.522887Z,413.0,75b53a55e8,1629,29,Male,White,United States,United States,United States,English,No,Full-Time
669fd71b48850bba80f39fa8,6683fb33cc602af8407e62e9,APPROVED,Not Applicable,2024-07-23T16:15:26.893000Z,2024-07-23T16:33:32.020000Z,2024-07-23T18:12:26.574000Z,2024-07-23T16:33:32.471497Z,1086.0,75b53a55e8,62,27,Female,Black,United States,United States,United States,English,No,Full-Time
669fd71d7a2d8ac7f33bb7e0,669e78d63f1075011f53bfd3,RETURNED,Not Applicable,2024-07-23T16:15:32.588000Z,,,2024-09-06T15:36:31.437250Z,,,196,CONSENT_REVOKED,CONSENT_REVOKED,CONSENT_REVOKED,CONSENT_REVOKED,CONSENT_REVOKED,CONSENT_REVOKED,CONSENT_REVOKED,CONSENT_REVOKED,CONSENT_REVOKED
669fd71fe52043d41a4d749a,630663a1dc842dde6b18b557,APPROVED,Not Applicable,2024-07-23T16:15:31.356000Z,2024-07-23T16:27:38.100000Z,2024-07-23T18:12:26.900000Z,2024-07-23T16:30:52.071633Z,727.0,75b53a55e8,4901,47,Female,White,United States,United States,United States,English,DATA_EXPIRED,DATA_EXPIRED
669fd721616e170e5f00929e,6172cf92f2ea6613f717abb6,APPROVED,Not Applicable,2024-07-23T16:15:34.780000Z,2024-07-23T16:32:32.720000Z,2024-07-23T18:12:27.240000Z,2024-07-23T16:32:33.245367Z,1018.0,75b53a55e8,2839,29,Male,White,United States,United States,United States,English,DATA_EXPIRED,DATA_EXPIRED
669fd722b14f6cbe62b35264,667979a1889b88b651b0f7be,APPROVED,Not Applicable,2024-07-23T16:15:39.837000Z,2024-07-23T16:22:43.472000Z,2024-07-23T18:12:27.551000Z,2024-07-23T16:22:46.286645Z,424.0,75b53a55e8,107,29,Male,Mixed,United States,United States,United States,English,No,Full-Time
669fd7248f4209d1de9a9a51,5d9a9edff65bb8001bcc6a10,RETURNED,Not Applicable,2024-07-23T16:26:00.089000Z,,,2024-09-06T15:36:31.442428Z,,,259,CONSENT_REVOKED,CONSENT_REVOKED,CONSENT_REVOKED,CONSENT_REVOKED,CONSENT_REVOKED,CONSENT_REVOKED,CONSENT_REVOKED,CONSENT_REVOKED,CONSENT_REVOKED
669fd7254ebb309ed602bf97,65c10df5506dc57432300ee0,RETURNED,Not Applicable,2024-07-23T16:15:41.570000Z,,,2024-09-06T15:36:31.443238Z,,,1319,CONSENT_REVOKED,CONSENT_REVOKED,CONSENT_REVOKED,CONSENT_REVOKED,CONSENT_REVOKED,CONSENT_REVOKED,CONSENT_REVOKED,CONSENT_REVOKED,CONSENT_REVOKED
669fd7278d3a35f8bddd08e3,5865ecf6a7f6480001ed9791,RETURNED,Not Applicable,2024-07-23T16:15:44.705000Z,,,2024-09-06T15:36:31.443501Z,,,3747,CONSENT_REVOKED,CONSENT_REVOKED,CONSENT_REVOKED,CONSENT_REVOKED,CONSENT_REVOKED,CONSENT_REVOKED,CONSENT_REVOKED,CONSENT_REVOKED,CONSENT_REVOKED
669fd72c07aab373eb19bf23,5e531b2205acdb33c0f5f24c,APPROVED,Not Applicable,2024-07-23T16:15:40.740000Z,2024-07-23T16:23:27.844000Z,2024-07-23T18:12:27.834000Z,2024-07-23T16:23:30.244271Z,468.0,75b53a55e8,6326,45,Male,White,United States,United States,United States,English,DATA_EXPIRED,DATA_EXPIRED
669fd72cea26383fbe6f2feb,5b711175c555dd0001c4a9dd,APPROVED,Not Applicable,2024-07-23T16:15:47.533000Z,2024-07-23T16:25:44.556000Z,2024-07-23T18:12:28.123000Z,2024-07-23T16:25:45.266051Z,598.0,75b53a55e8,119,32,Female,White,United States,United States,United States,English,No,Part-Time
669fd72e3f1d7f55e7526dcc,5d2f46f4c30834001aeb5abc,APPROVED,Not Applicable,2024-07-23T16:15:48.850000Z,2024-07-23T16:22:56.526000Z,2024-07-23T18:12:28.428000Z,2024-07-23T16:22:58.735584Z,428.0,75b53a55e8,1751,40,Male,White,United States,United States,United States,English,DATA_EXPIRED,DATA_EXPIRED
669fd72fa1989145665ffe01,664e2f295b9ae491acbdf931,APPROVED,Not Applicable,2024-07-23T16:17:53.826000Z,2024-07-23T16:38:55.652000Z,2024-07-23T18:12:28.705000Z,2024-07-23T16:40:03.774115Z,1262.0,75b53a55e8,78,29,Female,White,United States,United States,United States,English,No,Full-Time
669fd730aca73af7ca6f3004,668c2384c2285a0b0ce0afed,RETURNED,Not Applicable,2024-07-23T16:16:02.052000Z,,,2024-09-06T15:36:31.446295Z,,,139,CONSENT_REVOKED,CONSENT_REVOKED,CONSENT_REVOKED,CONSENT_REVOKED,CONSENT_REVOKED,CONSENT_REVOKED,CONSENT_REVOKED,CONSENT_REVOKED,CONSENT_REVOKED
669fd731aca73af7ca6f3006,66295df406b3d064a6da8991,APPROVED,Not Applicable,2024-07-23T16:15:59.648000Z,2024-07-23T16:28:44.237000Z,2024-07-23T18:12:29.001000Z,2024-07-23T16:31:22.029782Z,765.0,75b53a55e8,448,50,Female,White,United States,United States,United States,English,No,Part-Time
669fd735f1878f1e90c42fd6,5ed40ddff615650a50f1cbb2,APPROVED,Not Applicable,2024-07-23T16:16:00.481000Z,2024-07-23T16:26:41.579000Z,2024-07-23T18:12:29.496000Z,2024-07-23T16:29:30.723172Z,642.0,75b53a55e8,1358,34,Male,White,United States,United States,United States,English,No,Unemployed (and job seeking)
669fd7363f400b212729efc1,5ec1c41a1f98090e8c119332,APPROVED,Not Applicable,2024-07-23T16:15:56.058000Z,2024-07-23T16:23:47.188000Z,2024-07-23T18:12:29.769000Z,2024-07-23T16:23:47.826982Z,472.0,75b53a55e8,4907,36,Male,White,United States,United States,United States,English,DATA_EXPIRED,Full-Time
669fd7372172f8c37b23a951,662be2908eae053580d4351b,RETURNED,Not Applicable,2024-07-23T16:16:00.174000Z,,,2024-09-06T15:36:31.449573Z,,,385,CONSENT_REVOKED,CONSENT_REVOKED,CONSENT_REVOKED,CONSENT_REVOKED,CONSENT_REVOKED,CONSENT_REVOKED,CONSENT_REVOKED,CONSENT_REVOKED,CONSENT_REVOKED
669fd738ad7dc1d1e49246cb,6696dbd53836af48f1810445,RETURNED,Not Applicable,2024-07-23T16:15:56.760000Z,,,2024-09-06T15:36:31.452692Z,,,126,CONSENT_REVOKED,CONSENT_REVOKED,CONSENT_REVOKED,CONSENT_REVOKED,CONSENT_REVOKED,CONSENT_REVOKED,CONSENT_REVOKED,CONSENT_REVOKED,CONSENT_REVOKED
669fd738e9fb573a9a872c3c,665fb825d1d2c73b73d9d7ad,RETURNED,Not Applicable,2024-07-23T16:16:02.449000Z,,,2024-09-06T15:36:31.454491Z,,,379,CONSENT_REVOKED,CONSENT_REVOKED,CONSENT_REVOKED,CONSENT_REVOKED,CONSENT_REVOKED,CONSENT_REVOKED,CONSENT_REVOKED,CONSENT_REVOKED,CONSENT_REVOKED
669fd7398904a7763bb6ad3a,657081681a9a7ef8f0eecf2e,APPROVED,Not Applicable,2024-07-23T16:16:42.265000Z,2024-07-23T16:23:47.845000Z,2024-07-23T18:12:30.137000Z,2024-07-23T16:23:48.446136Z,426.0,75b53a55e8,359,30,Female,White,United States,United States,United States,English,No,DATA_EXPIRED
669fd7398cfdc8b7975eeb6a,652c26666ff7f0bc98b61be8,APPROVED,Not Applicable,2024-07-23T16:15:59.337000Z,2024-07-23T16:22:02.989000Z,2024-07-23T18:12:30.503000Z,2024-07-23T16:22:03.447669Z,364.0,75b53a55e8,443,20,Male,Asian,United States,United States,United States,English,DATA_EXPIRED,DATA_EXPIRED
669fd73c6b4a32392bdbfd1a,6685b4254c3959aba771cecd,APPROVED,Not Applicable,2024-07-23T16:16:04.623000Z,2024-07-23T16:26:13.765000Z,2024-07-23T18:12:30.858000Z,2024-07-23T16:28:57.513862Z,610.0,75b53a55e8,31,24,Male,White,United States,United States,United States,English,No,Part-Time
669fd73e6d5acea50129ab73,62e0326dbbda328df3ceade2,APPROVED,Not Applicable,2024-07-23T16:16:54.037000Z,2024-07-23T16:25:51.372000Z,2024-07-23T18:12:31.171000Z,2024-07-23T16:25:55.889500Z,538.0,75b53a55e8,5247,46,Female,White,United States,United States,United States,English,DATA_EXPIRED,DATA_EXPIRED
669fd7408904a7763bb6ad3f,667832fa43dea20a0ac42d36,RETURNED,Not Applicable,2024-07-23T16:16:08.861000Z,,,2024-09-06T15:36:31.454315Z,,,94,CONSENT_REVOKED,CONSENT_REVOKED,CONSENT_REVOKED,CONSENT_REVOKED,CONSENT_REVOKED,CONSENT_REVOKED,CONSENT_REVOKED,CONSENT_REVOKED,CONSENT_REVOKED
669fd744015681ee3d43513f,667ac12f6759bcc67b83d7b8,RETURNED,Not Applicable,2024-07-23T16:16:13.035000Z,,,2024-09-06T15:36:31.458851Z,,,499,CONSENT_REVOKED,CONSENT_REVOKED,CONSENT_REVOKED,CONSENT_REVOKED,CONSENT_REVOKED,CONSENT_REVOKED,CONSENT_REVOKED,CONSENT_REVOKED,CONSENT_REVOKED
669fd745a1ce85419bab0711,660ff2d1e37b10d9887ee12a,APPROVED,Not Applicable,2024-07-23T16:16:22.775000Z,2024-07-23T16:35:38.290000Z,2024-07-23T18:12:31.416000Z,2024-07-23T16:35:39.029300Z,1156.0,75b53a55e8,740,48,Female,Black,Kenya,United States,United States,English,No,Part-Time
669fd745df863de054067c35,5f2c4bf4e4f3080e6a469fcc,RETURNED,Not Applicable,2024-07-23T16:16:12.732000Z,,,2024-09-06T15:36:31.461706Z,,,6050,CONSENT_REVOKED,CONSENT_REVOKED,CONSENT_REVOKED,CONSENT_REVOKED,CONSENT_REVOKED,CONSENT_REVOKED,CONSENT_REVOKED,CONSENT_REVOKED,CONSENT_REVOKED
669fd7460e30b2f840b65eea,66983154dda79c68256254ed,RETURNED,Not Applicable,2024-07-23T16:16:15.238000Z,2024-07-23T16:17:53.103000Z,,2024-09-06T15:36:31.464629Z,,NOCODE,30,CONSENT_REVOKED,CONSENT_REVOKED,CONSENT_REVOKED,CONSENT_REVOKED,CONSENT_REVOKED,CONSENT_REVOKED,CONSENT_REVOKED,CONSENT_REVOKED,CONSENT_REVOKED
669fd747fe1468052589b03d,662a4e22949ca6084a2e5368,APPROVED,Not Applicable,2024-07-23T16:16:45.471000Z,2024-07-23T16:25:17.948000Z,2024-07-23T18:12:32.203000Z,2024-07-23T16:25:18.803972Z,513.0,75b53a55e8,371,38,Female,White,United States,United States,United States,English,No,Full-Time
669fd748ba11ce2bc6ae72fb,5617203c5c62cf0005822f0c,APPROVED,Not Applicable,2024-07-23T16:17:08.773000Z,2024-07-23T16:29:36.650000Z,2024-07-23T18:12:32.795000Z,2024-07-23T16:31:32.976586Z,748.0,75b53a55e8,1876,31,Male,White,United States,United States,United States,English,No,Unemployed (and job seeking)
669fd7494965f64ce5dd09d6,65d674932b74e9b7383efaff,APPROVED,Not Applicable,2024-07-23T16:16:20.378000Z,2024-07-23T16:31:34.280000Z,2024-07-23T18:12:33.139000Z,2024-07-23T16:31:52.135795Z,914.0,75b53a55e8,11,52,Female,Mixed,United States,United States,United States,English,DATA_EXPIRED,DATA_EXPIRED
669fd7497a8b12e031189b2c,6643f17539ecba69e962f723,APPROVED,Not Applicable,2024-07-23T16:16:17.504000Z,2024-07-23T16:25:03.028000Z,2024-07-23T18:12:33.556000Z,2024-07-23T16:25:03.476258Z,526.0,75b53a55e8,123,19,Female,White,United States,United States,United States,English,Yes,Unemployed (and job seeking)
669fd74a8d34675632d84458,614fda467c71f6058a119be5,APPROVED,Not Applicable,2024-07-23T16:16:19.228000Z,2024-07-23T16:29:05.593000Z,2024-07-23T18:12:33.903000Z,2024-07-23T16:31:28.009075Z,767.0,75b53a55e8,1257,34,Female,White,United States,United States,United States,English,No,Unemployed (and job seeking)
669fd74aca926682d059dd1d,6634f79f9dc7092ff0170534,RETURNED,Not Applicable,2024-07-23T16:16:16.223000Z,,,2024-09-06T15:36:31.468236Z,,,593,CONSENT_REVOKED,CONSENT_REVOKED,CONSENT_REVOKED,CONSENT_REVOKED,CONSENT_REVOKED,CONSENT_REVOKED,CONSENT_REVOKED,CONSENT_REVOKED,CONSENT_REVOKED
669fd74b6cf3ab69582038aa,5904dd5b352dd30001fb5e43,APPROVED,Not Applicable,2024-07-23T16:16:26.702000Z,2024-07-23T16:32:54.130000Z,2024-07-23T18:12:34.227000Z,2024-07-23T16:32:54.973496Z,988.0,75b53a55e8,679,57,Female,Mixed,Germany,United States,United States,English,No,Other
669fd74c8e344dcc6170b6c8,668e931cc3f6aa7cb47a08a5,RETURNED,Not Applicable,2024-07-23T16:16:27.408000Z,,,2024-09-06T15:36:31.470341Z,,,85,CONSENT_REVOKED,CONSENT_REVOKED,CONSENT_REVOKED,CONSENT_REVOKED,CONSENT_REVOKED,CONSENT_REVOKED,CONSENT_REVOKED,CONSENT_REVOKED,CONSENT_REVOKED
669fd74d504ecaff433f02ac,628c2e1e3916aa699ba41227,APPROVED,Not Applicable,2024-07-23T16:16:23.856000Z,2024-07-23T16:27:58.538000Z,2024-07-23T18:12:34.471000Z,2024-07-23T16:31:11.619928Z,695.0,75b53a55e8,956,58,Male,White,United States,United States,United States,English,DATA_EXPIRED,Unemployed (and job seeking)
669fd74e707a8c9d5b23d8a4,60fdb24d0114fd0809dba6b8,RETURNED,Not Applicable,2024-07-23T16:16:32.645000Z,,,2024-09-06T15:36:31.472162Z,,,201,CONSENT_REVOKED,CONSENT_REVOKED,CONSENT_REVOKED,CONSENT_REVOKED,CONSENT_REVOKED,CONSENT_REVOKED,CONSENT_REVOKED,CONSENT_REVOKED,CONSENT_REVOKED
669fd74f022ff88b39c08ff9,5ef6c997bddec33cfaed40c7,APPROVED,Not Applicable,2024-07-23T16:16:23.734000Z,2024-07-23T16:25:14.582000Z,2024-07-23T18:12:34.739000Z,2024-07-23T16:25:15.230743Z,531.0,75b53a55e8,3288,45,Male,White,United States,United States,United States,English,No,Full-Time
669fd750022ff88b39c08ffd,5ae3223938df950001455e66,APPROVED,Not Applicable,2024-07-23T16:16:30.836000Z,2024-07-23T16:24:56.192000Z,2024-07-23T18:12:35.019000Z,2024-07-23T16:24:56.804484Z,506.0,75b53a55e8,1807,46,Male,Mixed,United Kingdom,United States,United States,English,No,Part-Time
669fd7505f1611a93117ef0e,663f461a0cb36d13ed2c1d56,RETURNED,Not Applicable,2024-07-23T16:16:24.855000Z,,,2024-09-06T15:36:31.474427Z,,,435,CONSENT_REVOKED,CONSENT_REVOKED,CONSENT_REVOKED,CONSENT_REVOKED,CONSENT_REVOKED,CONSENT_REVOKED,CONSENT_REVOKED,CONSENT_REVOKED,CONSENT_REVOKED
669fd7513ec43e802c435077,5f32aab12a9f82000854c3ea,APPROVED,Not Applicable,2024-07-23T16:16:33.898000Z,2024-07-23T16:24:05.463000Z,2024-07-23T18:12:35.239000Z,2024-07-23T16:24:06.045564Z,452.0,75b53a55e8,4482,47,Male,Asian,United States,United States,United States,English,No,"Not in paid work (e.g. homemaker', 'retired or disabled)"
669fd7530f557892aba3953c,642700bf265ab07308a02420,RETURNED,Not Applicable,2024-07-23T16:16:28.494000Z,,,2024-09-06T15:36:31.474605Z,,,1878,CONSENT_REVOKED,CONSENT_REVOKED,CONSENT_REVOKED,CONSENT_REVOKED,CONSENT_REVOKED,CONSENT_REVOKED,CONSENT_REVOKED,CONSENT_REVOKED,CONSENT_REVOKED
669fd753d87249f3205d0968,56a6b9235ad8d9000c9707f4,APPROVED,Not Applicable,2024-07-23T16:16:24.965000Z,2024-07-23T16:29:43.838000Z,2024-07-23T18:12:35.456000Z,2024-07-23T16:31:33.507331Z,799.0,75b53a55e8,374,31,Female,White,United States,United States,United States,English,No,Part-Time
669fd7547f6ae6e20ca98e0d,61087ae0233749ee73d4c095,APPROVED,Not Applicable,2024-07-23T16:16:30.660000Z,2024-07-23T16:22:17.752000Z,2024-07-23T18:12:35.672000Z,2024-07-23T16:22:18.221834Z,348.0,75b53a55e8,3027,32,Female,White,United States,United States,United States,English,No,Full-Time
669fd7548ea306d13fc7633e,59107216127b0b00011fabea,APPROVED,Not Applicable,2024-07-23T16:16:20.226000Z,2024-07-23T16:21:45.477000Z,2024-07-23T18:12:35.938000Z,2024-07-23T16:21:46.091478Z,326.0,75b53a55e8,3218,34,Female,Asian,United States,United States,United States,English,No,Full-Time
669fd755bf1a70e1075ffe38,5ae7ea3b77a799000116b43d,APPROVED,Not Applicable,2024-07-23T16:16:27.573000Z,2024-07-23T16:33:21.932000Z,2024-07-23T18:12:36.231000Z,2024-07-23T16:33:24.333869Z,1015.0,75b53a55e8,3209,52,Female,Asian,United States,United States,United States,English,No,Unemployed (and job seeking)
669fd75690306c01b56a486b,668f8aa84dfef576fd0c3df3,APPROVED,Not Applicable,2024-07-23T16:16:33.303000Z,2024-07-23T16:28:12.476000Z,2024-07-23T18:12:36.454000Z,2024-07-23T16:31:16.186384Z,700.0,75b53a55e8,73,27,Male,White,United States,United States,United States,English,No,Full-Time
669fd7576ae0d82748547f9e,663e36ac904985495d25393f,APPROVED,Not Applicable,2024-07-23T16:16:28.287000Z,2024-07-23T16:29:38.405000Z,2024-07-23T18:12:36.736000Z,2024-07-23T16:31:33.395238Z,791.0,75b53a55e8,399,31,Male,Mixed,United States,United States,United States,English,No,Unemployed (and job seeking)
669fd759fe1468052589b044,5e1371f92b12bd9a96c2d902,APPROVED,Not Applicable,2024-07-23T16:16:34.909000Z,2024-07-23T16:24:14.785000Z,2024-07-23T18:12:37.337000Z,2024-07-23T16:24:15.312297Z,460.0,75b53a55e8,5218,43,Female,White,United States,United States,United States,English,No,Full-Time
669fd75a83064a07ab0ab83f,652a95032d8a42975cc32c58,APPROVED,Not Applicable,2024-07-23T16:16:37.035000Z,2024-07-23T16:27:55.716000Z,2024-07-23T18:12:37.667000Z,2024-07-23T16:31:08.742197Z,679.0,75b53a55e8,338,38,Male,Other,United States,United States,United States,English,DATA_EXPIRED,DATA_EXPIRED
669fd75b8cfdc8b7975eeb73,602bff07a6fada440d3c4f6b,APPROVED,Not Applicable,2024-07-23T16:16:33.573000Z,2024-07-23T16:24:39.040000Z,2024-07-23T18:12:37.963000Z,2024-07-23T16:24:39.595373Z,486.0,75b53a55e8,2720,51,Male,White,United States,United States,United States,English,DATA_EXPIRED,Due to start a new job within the next month
669fd75c5f1611a93117ef15,667049bb18f7356dd831a056,RETURNED,Not Applicable,2024-07-23T16:16:57.441000Z,,,2024-09-06T15:36:31.478931Z,,,166,CONSENT_REVOKED,CONSENT_REVOKED,CONSENT_REVOKED,CONSENT_REVOKED,CONSENT_REVOKED,CONSENT_REVOKED,CONSENT_REVOKED,CONSENT_REVOKED,CONSENT_REVOKED
669fd75d9deb28f1428e37f1,665a2cdd103e514a43e3d5fc,RETURNED,Not Applicable,2024-07-23T16:16:34.948000Z,,,2024-09-06T15:36:31.478678Z,,,511,CONSENT_REVOKED,CONSENT_REVOKED,CONSENT_REVOKED,CONSENT_REVOKED,CONSENT_REVOKED,CONSENT_REVOKED,CONSENT_REVOKED,CONSENT_REVOKED,CONSENT_REVOKED
669fd7627d17476702a1dae8,5e47b99163d3cc2705dc6c2e,APPROVED,Not Applicable,2024-07-23T16:16:52.137000Z,2024-07-23T16:29:35.196000Z,2024-07-23T18:12:38.222000Z,2024-07-23T16:31:32.602276Z,764.0,75b53a55e8,723,34,Female,White,United States,United States,United States,English,No,"Not in paid work (e.g. homemaker', 'retired or disabled)"
669fd7697b911a4f812aae8c,662d062cabd2888789acb82b,RETURNED,Not Applicable,2024-07-23T16:16:45.523000Z,,,2024-09-06T15:36:31.481390Z,,,179,CONSENT_REVOKED,CONSENT_REVOKED,CONSENT_REVOKED,CONSENT_REVOKED,CONSENT_REVOKED,CONSENT_REVOKED,CONSENT_REVOKED,CONSENT_REVOKED,CONSENT_REVOKED
669fd76a1dea9cd3b03d9839,667c758c5dfc4b24fcfa9e0e,APPROVED,Not Applicable,2024-07-23T16:16:46.970000Z,2024-07-23T16:26:07.133000Z,2024-07-23T18:12:38.569000Z,2024-07-23T16:28:51.159446Z,561.0,75b53a55e8,139,34,Male,White,United States,United States,United States,English,Yes,Part-Time
669fd76ae36bd7b7187d6310,5607080ed7def20012b733c3,APPROVED,Not Applicable,2024-07-23T16:16:46.736000Z,2024-07-23T16:37:26.755000Z,2024-07-23T18:12:38.819000Z,2024-07-23T16:39:37.887114Z,1241.0,75b53a55e8,2802,29,Female,White,United States,United States,United States,English,DATA_EXPIRED,DATA_EXPIRED
669fd76b0ef42ea36fead366,5f80d940f312e9173060e9b8,RETURNED,Not Applicable,2024-07-23T16:16:51.111000Z,,,2024-09-06T15:36:31.485265Z,,,273,CONSENT_REVOKED,CONSENT_REVOKED,CONSENT_REVOKED,CONSENT_REVOKED,CONSENT_REVOKED,CONSENT_REVOKED,CONSENT_REVOKED,CONSENT_REVOKED,CONSENT_REVOKED
669fd76b8ee95b49fab351fe,5f121091e95fdc03b5e897d0,RETURNED,Not Applicable,2024-07-23T16:26:43.134000Z,,,2024-09-06T15:36:31.488228Z,,,2683,CONSENT_REVOKED,CONSENT_REVOKED,CONSENT_REVOKED,CONSENT_REVOKED,CONSENT_REVOKED,CONSENT_REVOKED,CONSENT_REVOKED,CONSENT_REVOKED,CONSENT_REVOKED
669fd76cc9abf8fbccc2598d,659472b9e845ca58f03c18e9,RETURNED,Not Applicable,2024-07-23T16:27:00.068000Z,,,2024-09-06T15:36:31.490940Z,,,854,CONSENT_REVOKED,CONSENT_REVOKED,CONSENT_REVOKED,CONSENT_REVOKED,CONSENT_REVOKED,CONSENT_REVOKED,CONSENT_REVOKED,CONSENT_REVOKED,CONSENT_REVOKED
669fd76ddebcfd1daa55de8f,5f455ed3326727130e7d4a49,RETURNED,Not Applicable,2024-07-23T16:25:43.823000Z,,,2024-09-06T15:36:31.491682Z,,,1734,CONSENT_REVOKED,CONSENT_REVOKED,CONSENT_REVOKED,CONSENT_REVOKED,CONSENT_REVOKED,CONSENT_REVOKED,CONSENT_REVOKED,CONSENT_REVOKED,CONSENT_REVOKED
669fd76f0e30b2f840b65ef5,66310d794d43dc8a0745b5cb,APPROVED,Not Applicable,2024-07-23T16:16:53.937000Z,2024-07-23T16:30:08.197000Z,2024-07-23T18:12:39.116000Z,2024-07-23T16:31:39.195816Z,795.0,75b53a55e8,65,43,Male,Black,United States,United States,United States,English,No,Full-Time
669fd7732e66d48e4023d8ef,5e83adf76ea9870c99d4b086,APPROVED,Not Applicable,2024-07-23T16:17:18.894000Z,2024-07-23T16:27:52.534000Z,2024-07-23T18:12:39.379000Z,2024-07-23T16:31:07.757646Z,634.0,75b53a55e8,6878,31,Female,Black,United States,United States,United States,English,No,Full-Time
669fd774a9c8ed595037d8cb,594859c6bee3110001b1b092,APPROVED,Not Applicable,2024-07-23T16:18:24.751000Z,2024-07-23T16:33:55.351000Z,2024-07-23T18:12:39.655000Z,2024-07-23T17:34:36.534459Z,931.0,75b53a55e8,4052,33,Female,Black,United States,United States,United States,English,No,DATA_EXPIRED
669fd7758c8b168648dd696a,5a6032228e625900017657f4,RETURNED,Not Applicable,2024-07-23T16:17:05.077000Z,,,2024-09-06T15:36:31.493779Z,,,4908,CONSENT_REVOKED,CONSENT_REVOKED,CONSENT_REVOKED,CONSENT_REVOKED,CONSENT_REVOKED,CONSENT_REVOKED,CONSENT_REVOKED,CONSENT_REVOKED,CONSENT_REVOKED
669fd775d29a348556c6034b,600b21eaa7a22214843aff36,RETURNED,Not Applicable,2024-07-23T16:17:02.741000Z,,,2024-09-06T15:36:31.497889Z,,,1423,CONSENT_REVOKED,CONSENT_REVOKED,CONSENT_REVOKED,CONSENT_REVOKED,CONSENT_REVOKED,CONSENT_REVOKED,CONSENT_REVOKED,CONSENT_REVOKED,CONSENT_REVOKED
669fd778309eb0806ffd74db,6693e20f88accc7168210d22,APPROVED,Not Applicable,2024-07-23T16:17:04.096000Z,2024-07-23T16:27:05.643000Z,2024-07-23T18:12:39.961000Z,2024-07-23T16:30:13.920215Z,602.0,75b53a55e8,1,37,Male,White,United States,United States,United States,English,DATA_EXPIRED,DATA_EXPIRED
669fd779288973dd63a4ac34,66397ad24036e6a540a10423,APPROVED,Not Applicable,2024-07-23T16:17:05.108000Z,2024-07-23T16:26:59.959000Z,2024-07-23T18:12:40.183000Z,2024-07-23T16:29:57.945385Z,595.0,75b53a55e8,369,37,Female,White,United States,United States,United States,English,No,"Not in paid work (e.g. homemaker', 'retired or disabled)"
669fd77afa797c2f1183198e,668f6d3d0883afad7a2fbb4f,RETURNED,Not Applicable,2024-07-23T16:17:09.586000Z,,,2024-09-06T15:36:31.500263Z,,,282,CONSENT_REVOKED,CONSENT_REVOKED,CONSENT_REVOKED,CONSENT_REVOKED,CONSENT_REVOKED,CONSENT_REVOKED,CONSENT_REVOKED,CONSENT_REVOKED,CONSENT_REVOKED
669fd77be499437f27a8bd67,6682a3860d01cd91ebd35d11,APPROVED,Not Applicable,2024-07-23T16:17:10.190000Z,2024-07-23T16:23:16.294000Z,2024-07-23T18:12:40.434000Z,2024-07-23T16:23:17.375920Z,367.0,75b53a55e8,109,28,Female,Asian,United States,United States,United States,Vietnamese,Yes,Full-Time
669fd77daeea0a5a5923a964,665781b4dffb1469040cd06c,RETURNED,Not Applicable,2024-07-23T16:17:14.411000Z,,,2024-09-06T15:36:31.501706Z,,,419,CONSENT_REVOKED,CONSENT_REVOKED,CONSENT_REVOKED,CONSENT_REVOKED,CONSENT_REVOKED,CONSENT_REVOKED,CONSENT_REVOKED,CONSENT_REVOKED,CONSENT_REVOKED
669fd77fb05d6fab61251047,6692de3d28a72d1606ce3331,RETURNED,Not Applicable,2024-07-23T16:17:27.904000Z,,,2024-09-06T15:36:31.509044Z,,,361,CONSENT_REVOKED,CONSENT_REVOKED,CONSENT_REVOKED,CONSENT_REVOKED,CONSENT_REVOKED,CONSENT_REVOKED,CONSENT_REVOKED,CONSENT_REVOKED,CONSENT_REVOKED
669fd78299462548b317ef0b,61bb3a4f40db417c1a138ff4,APPROVED,Not Applicable,2024-07-23T16:17:27.483000Z,2024-07-23T16:26:27.124000Z,2024-07-23T18:12:40.825000Z,2024-07-23T16:29:09.984140Z,540.0,75b53a55e8,5847,24,Female,Asian,United States,United States,United States,English,No,Unemployed (and job seeking)
669fd782c4553cc54ce2bab7,6501f77e5bcc4d818d0021c9,APPROVED,Not Applicable,2024-07-23T16:17:24.815000Z,2024-07-23T16:40:22.268000Z,2024-07-23T18:12:41.283000Z,2024-07-23T16:40:44.814575Z,1378.0,75b53a55e8,632,28,Male,Black,United States,United States,United States,English,No,Full-Time
669fd783fa22d83e3419bf52,5588d532fdf99b304ee567b9,APPROVED,Not Applicable,2024-07-23T16:17:35.146000Z,2024-07-23T16:37:15.885000Z,2024-07-23T18:12:41.671000Z,2024-07-23T16:39:33.499077Z,1181.0,75b53a55e8,1535,36,Male,White,United States,United States,United States,English,DATA_EXPIRED,Part-Time
669fd788403772716aff1bfd,6666ce245418b25b3570725f,RETURNED,Not Applicable,2024-07-23T16:17:19.874000Z,,,2024-09-06T15:36:31.510346Z,,,221,CONSENT_REVOKED,CONSENT_REVOKED,CONSENT_REVOKED,CONSENT_REVOKED,CONSENT_REVOKED,CONSENT_REVOKED,CONSENT_REVOKED,CONSENT_REVOKED,CONSENT_REVOKED
669fd78b3f65c954709cf635,66748d21df607e201f1b692e,RETURNED,Not Applicable,2024-07-23T16:17:22.431000Z,,,2024-09-06T15:36:31.512027Z,,,250,CONSENT_REVOKED,CONSENT_REVOKED,CONSENT_REVOKED,CONSENT_REVOKED,CONSENT_REVOKED,CONSENT_REVOKED,CONSENT_REVOKED,CONSENT_REVOKED,CONSENT_REVOKED
669fd78c688c6e068e4a4b00,63e63f77c742a91baf498dd0,RETURNED,Not Applicable,2024-07-23T16:17:24.264000Z,,,2024-09-06T15:36:31.514764Z,,,3856,CONSENT_REVOKED,CONSENT_REVOKED,CONSENT_REVOKED,CONSENT_REVOKED,CONSENT_REVOKED,CONSENT_REVOKED,CONSENT_REVOKED,CONSENT_REVOKED,CONSENT_REVOKED
669fd78f832da007c93f0ab3,669d50eaf660ea8da5501448,APPROVED,Not Applicable,2024-07-23T16:17:30.919000Z,2024-07-23T16:31:37.009000Z,2024-07-23T18:12:42Z,2024-07-23T16:31:52.861678Z,847.0,75b53a55e8,24,22,Female,Mixed,Ghana,United States,United States,English,No,DATA_EXPIRED
669fd791bf1a70e1075ffe4e,66994659da8a0fb0c8c463d7,RETURNED,Not Applicable,2024-07-23T16:17:28.629000Z,,,2024-09-06T15:36:31.518140Z,,,28,CONSENT_REVOKED,CONSENT_REVOKED,CONSENT_REVOKED,CONSENT_REVOKED,CONSENT_REVOKED,CONSENT_REVOKED,CONSENT_REVOKED,CONSENT_REVOKED,CONSENT_REVOKED
669fd7938e344dcc6170b6dc,57e7bb4e73e67300012b8e2a,RETURNED,Not Applicable,2024-07-23T16:27:23.625000Z,,,2024-09-06T15:36:31.520631Z,,,4723,CONSENT_REVOKED,CONSENT_REVOKED,CONSENT_REVOKED,CONSENT_REVOKED,CONSENT_REVOKED,CONSENT_REVOKED,CONSENT_REVOKED,CONSENT_REVOKED,CONSENT_REVOKED
669fd793ebe269b280a7919e,6524305322b1779f67502b35,APPROVED,Not Applicable,2024-07-23T16:17:32.555000Z,2024-07-23T16:29:28.265000Z,2024-07-23T18:12:42.379000Z,2024-07-23T16:31:32.289327Z,716.0,75b53a55e8,103,69,Male,White,United States,United States,United States,English,Yes,DATA_EXPIRED
669fd794015681ee3d435159,650b89ef1f21a126eae5cde7,RETURNED,Not Applicable,2024-07-23T16:28:00.073000Z,,,2024-09-06T15:36:31.524235Z,,,1422,CONSENT_REVOKED,CONSENT_REVOKED,CONSENT_REVOKED,CONSENT_REVOKED,CONSENT_REVOKED,CONSENT_REVOKED,CONSENT_REVOKED,CONSENT_REVOKED,CONSENT_REVOKED
669fd7958006ccdebc947b09,5e500ab1ec45d305b6b82d9f,APPROVED,Not Applicable,2024-07-23T16:17:45.667000Z,2024-07-23T16:28:39.686000Z,2024-07-23T18:12:42.695000Z,2024-07-23T16:31:20.525329Z,655.0,75b53a55e8,1394,34,Female,White,United States,United States,United States,English,No,DATA_EXPIRED
669fd79646762728280ab7c3,668bf43d364922a38a908913,RETURNED,Not Applicable,2024-07-23T16:17:36.541000Z,,,2024-09-06T15:36:31.525022Z,,,322,CONSENT_REVOKED,CONSENT_REVOKED,CONSENT_REVOKED,CONSENT_REVOKED,CONSENT_REVOKED,CONSENT_REVOKED,CONSENT_REVOKED,CONSENT_REVOKED,CONSENT_REVOKED
669fd797e499437f27a8bd6d,66816163567ed4edc86c94d1,RETURNED,Not Applicable,2024-07-23T16:17:48.980000Z,,,2024-09-06T15:36:31.525662Z,,,268,CONSENT_REVOKED,CONSENT_REVOKED,CONSENT_REVOKED,CONSENT_REVOKED,CONSENT_REVOKED,CONSENT_REVOKED,CONSENT_REVOKED,CONSENT_REVOKED,CONSENT_REVOKED
669fd79835f2a76f23657b2d,60a2a07ce40bc46a1987457c,RETURNED,Not Applicable,2024-07-23T16:17:33.070000Z,,,2024-09-06T15:36:31.527211Z,,,580,CONSENT_REVOKED,CONSENT_REVOKED,CONSENT_REVOKED,CONSENT_REVOKED,CONSENT_REVOKED,CONSENT_REVOKED,CONSENT_REVOKED,CONSENT_REVOKED,CONSENT_REVOKED
669fd79836498a8d8f8a2e8f,5de90d6405263f000a4ed586,APPROVED,Not Applicable,2024-07-23T16:17:33.017000Z,2024-07-23T16:24:00.152000Z,2024-07-23T18:12:43.179000Z,2024-07-23T16:24:00.764279Z,388.0,75b53a55e8,1668,40,Male,White,United States,United States,United States,English,No,Full-Time
669fd799319bf1163a189c51,66956f87ac30d268482405fb,APPROVED,Not Applicable,2024-07-23T16:17:36.509000Z,2024-07-23T16:34:09.209000Z,2024-07-23T18:12:43.622000Z,2024-07-23T16:34:09.903388Z,993.0,75b53a55e8,24,47,Male,Black,United States,United States,United States,English,DATA_EXPIRED,DATA_EXPIRED
669fd799e36bd7b7187d6320,64b3ebc9ad6778799f835dcb,RETURNED,Not Applicable,2024-07-23T16:17:37.909000Z,,,2024-09-06T15:36:31.531758Z,,,1609,CONSENT_REVOKED,CONSENT_REVOKED,CONSENT_REVOKED,CONSENT_REVOKED,CONSENT_REVOKED,CONSENT_REVOKED,CONSENT_REVOKED,CONSENT_REVOKED,CONSENT_REVOKED
669fd79a5147a821c88a2e71,5c92aa671ce0cd00128c6c86,RETURNED,Not Applicable,2024-07-23T16:27:30.388000Z,,,2024-09-06T15:36:31.530840Z,,,2280,CONSENT_REVOKED,CONSENT_REVOKED,CONSENT_REVOKED,CONSENT_REVOKED,CONSENT_REVOKED,CONSENT_REVOKED,CONSENT_REVOKED,CONSENT_REVOKED,CONSENT_REVOKED
669fd79de17e311f38251104,6667dbd94495604d50930c5d,TIMED-OUT,Not Applicable,2024-07-23T16:17:39.342000Z,,,2024-09-06T15:36:31.534110Z,3885533.0,,136,33,Male,White,United States,United States,United States,English,No,Full-Time
669fd79e26dcc53b67fd767b,570c12b272a70300085136c9,APPROVED,Not Applicable,2024-07-23T16:17:49.204000Z,2024-07-23T16:22:45.408000Z,2024-07-23T18:12:43.860000Z,2024-07-23T16:22:47.711547Z,297.0,75b53a55e8,255,34,Female,White,United States,United States,United States,English,Yes,Full-Time
669fd79fbfbb37dab02f7c66,65c77b00ea091a0562445f2b,APPROVED,Not Applicable,2024-07-23T16:17:41.610000Z,2024-07-23T16:26:06.100000Z,2024-07-23T18:12:44.129000Z,2024-07-23T16:28:48.933219Z,505.0,75b53a55e8,34,30,Female,Black,United States,United States,United States,English,No,DATA_EXPIRED
669fd79ffcd9de6eacb43721,664b4b44516c0710ce8bd812,RETURNED,Not Applicable,2024-07-23T16:18:21.487000Z,,,2024-09-06T15:36:31.535787Z,,,163,CONSENT_REVOKED,CONSENT_REVOKED,CONSENT_REVOKED,CONSENT_REVOKED,CONSENT_REVOKED,CONSENT_REVOKED,CONSENT_REVOKED,CONSENT_REVOKED,CONSENT_REVOKED
669fd7a03f400b212729efe3,664642b5b2cc8a7aef9981c2,RETURNED,Not Applicable,2024-07-23T16:28:00.073000Z,,,2024-09-06T15:36:31.536585Z,,,112,CONSENT_REVOKED,CONSENT_REVOKED,CONSENT_REVOKED,CONSENT_REVOKED,CONSENT_REVOKED,CONSENT_REVOKED,CONSENT_REVOKED,CONSENT_REVOKED,CONSENT_REVOKED
669fd7a1023cc3653d3bb977,5e8d4e09cb3dc612a24b3ffc,APPROVED,Not Applicable,2024-07-23T16:17:42.304000Z,2024-07-23T16:26:10.478000Z,2024-07-23T18:12:44.401000Z,2024-07-23T16:28:55.109693Z,509.0,75b53a55e8,377,26,Female,Other,United States,United States,United States,English,No,Unemployed (and job seeking)
669fd7a2244b8f558109ec4a,612d587bc23c0628e8037a82,APPROVED,Not Applicable,2024-07-23T16:17:43.757000Z,2024-07-23T16:25:43.906000Z,2024-07-23T18:12:44.666000Z,2024-07-23T16:25:44.857306Z,481.0,75b53a55e8.,446,23,Male,White,United States,United States,United States,English,No,Full-Time
669fd7a261f34b71ec0274ea,6679d525dd7e71db217e8d35,APPROVED,Not Applicable,2024-07-23T16:17:42.606000Z,2024-07-23T16:29:39.062000Z,2024-07-23T18:12:44.922000Z,2024-07-23T16:31:33.027326Z,717.0,75b53a55e8.,65,34,Female,White,United States,United States,United States,English,No,Full-Time
669fd7a3226fef443bc763b7,669bfb3a5a45ffee55acedf5,RETURNED,Not Applicable,2024-07-23T16:17:46.122000Z,,,2024-09-06T15:36:31.539712Z,,,130,CONSENT_REVOKED,CONSENT_REVOKED,CONSENT_REVOKED,CONSENT_REVOKED,CONSENT_REVOKED,CONSENT_REVOKED,CONSENT_REVOKED,CONSENT_REVOKED,CONSENT_REVOKED
669fd7a44e19c675603b65c9,6310f7cc10a0cd8f6156091f,APPROVED,Not Applicable,2024-07-23T16:17:45.530000Z,2024-07-23T16:32:12.779000Z,2024-07-23T18:12:45.144000Z,2024-07-23T16:32:13.556536Z,868.0,75b53a55e8,4500,52,Male,White,United States,United States,United States,English,DATA_EXPIRED,Full-Time
669fd7a4df9f65a0bac25b16,605fe9680cac2ea943d411ec,RETURNED,Not Applicable,2024-07-23T16:17:48.535000Z,,,2024-09-06T15:36:31.542277Z,,,1943,CONSENT_REVOKED,CONSENT_REVOKED,CONSENT_REVOKED,CONSENT_REVOKED,CONSENT_REVOKED,CONSENT_REVOKED,CONSENT_REVOKED,CONSENT_REVOKED,CONSENT_REVOKED
669fd7a58f4209d1de9a9a7a,665cabbd648ad534485c819d,APPROVED,Not Applicable,2024-07-23T16:17:55.832000Z,2024-07-23T16:33:02.006000Z,2024-07-23T18:12:45.393000Z,2024-07-23T16:33:02.923657Z,907.0,75b53a55e8,100,33,Prefer not to say,Mixed,United States,United States,United States,English,No,Full-Time
669fd7a6cc666baaac50827a,558a035bfdf99b2d75651378,RETURNED,Not Applicable,2024-07-23T16:18:05.577000Z,,,2024-09-06T15:36:31.543771Z,,,1599,CONSENT_REVOKED,CONSENT_REVOKED,CONSENT_REVOKED,CONSENT_REVOKED,CONSENT_REVOKED,CONSENT_REVOKED,CONSENT_REVOKED,CONSENT_REVOKED,CONSENT_REVOKED
669fd7a7b56e4bc56e34783a,659418d3eaee26bfa4ea8d46,RETURNED,Not Applicable,2024-07-23T16:17:49.649000Z,,,2024-09-06T15:36:31.547313Z,,,1189,CONSENT_REVOKED,CONSENT_REVOKED,CONSENT_REVOKED,CONSENT_REVOKED,CONSENT_REVOKED,CONSENT_REVOKED,CONSENT_REVOKED,CONSENT_REVOKED,CONSENT_REVOKED
669fd7a7e9fb573a9a872c56,669d7166f5b54b43345f470a,APPROVED,Not Applicable,2024-07-23T16:17:54.756000Z,2024-07-23T16:27:02.405000Z,2024-07-23T18:12:45.859000Z,2024-07-23T16:30:02.376640Z,548.0,75b53a55e8,24,28,Male,White,United States,United States,United States,English,No,Part-Time
669fd7af403772716aff1c0a,66190827a12b7445ccc6fc87,APPROVED,Not Applicable,2024-07-23T16:18:49.120000Z,2024-07-23T16:34:28.811000Z,2024-07-23T18:12:46.141000Z,2024-07-23T16:34:29.382183Z,940.0,75b53a55e8,103,40,Male,Black,Nigeria,United States,United States,English,Yes,Full-Time
669fd7bf41ca727f94188454,62e151e072a7512b2a596883,APPROVED,Not Applicable,2024-07-23T16:18:13.598000Z,2024-07-23T16:32:54.399000Z,2024-07-23T18:12:46.473000Z,2024-07-23T16:32:54.968183Z,881.0,75b53a55e8,3487,43,Female,Black,United States,United States,United States,English,No,Full-Time
669fd7c582013e27255eebd6,558cdd7efdf99b0f1cc5f4c1,APPROVED,Not Applicable,2024-07-23T16:19:01.337000Z,2024-07-23T16:25:40.509000Z,2024-07-23T18:12:46.851000Z,2024-07-23T16:25:41.022790Z,400.0,75b53a55e8,6003,31,Female,DATA_EXPIRED,United States,United States,United States,English,DATA_EXPIRED,DATA_EXPIRED
669fd7c88c8b168648dd6979,5e97acf7bafec427549db251,APPROVED,Not Applicable,2024-07-23T16:18:23.987000Z,2024-07-23T16:40:55.470000Z,2024-07-23T18:12:47.235000Z,2024-07-23T16:40:56.604453Z,1352.0,75b53a55e8,58,37,Male,White,United States,United States,United States,English,No,Unemployed (and job seeking)
669fd7c90e30b2f840b65f09,6529648ca1ade4b6c9e876f4,APPROVED,Not Applicable,2024-07-23T16:18:31.019000Z,2024-07-23T16:28:15.147000Z,2024-07-23T18:12:47.615000Z,2024-07-23T16:31:15.891206Z,585.0,75b53a55e8,1715,54,Female,Mixed,United States,United States,United States,English,No,Part-Time
669fd7c9bf1a70e1075ffe63,5fbe98e0e2bc9703bfd640d7,RETURNED,Not Applicable,2024-07-23T16:18:24.950000Z,,,2024-09-06T15:36:31.548323Z,,,2844,CONSENT_REVOKED,CONSENT_REVOKED,CONSENT_REVOKED,CONSENT_REVOKED,CONSENT_REVOKED,CONSENT_REVOKED,CONSENT_REVOKED,CONSENT_REVOKED,CONSENT_REVOKED
669fd7cd023cc3653d3bb981,653bdfd30e0f1ce72623a6b6,APPROVED,Not Applicable,2024-07-23T16:18:29.563000Z,2024-07-23T16:25:48.187000Z,2024-07-23T18:12:47.938000Z,2024-07-23T16:25:51.244048Z,439.0,75b53a55e8,668,24,Female,Other,United States,United States,United States,English,No,Full-Time
669fd7ce90306c01b56a4888,6610769467395bd32d8596c2,APPROVED,Not Applicable,2024-07-23T16:18:32.094000Z,2024-07-23T16:46:34.694000Z,2024-07-23T18:12:48.320000Z,2026-01-19T20:43:09.637824Z,1683.0,75b53a55e8,402,DATA_EXPIRED,DATA_EXPIRED,DATA_EXPIRED,DATA_EXPIRED,DATA_EXPIRED,DATA_EXPIRED,DATA_EXPIRED,DATA_EXPIRED,DATA_EXPIRED
669fd7d57d17476702a1db13,668ebaf9398b153c583798f2,APPROVED,Not Applicable,2024-07-23T16:18:33.857000Z,2024-07-23T16:26:47.795000Z,2024-07-23T18:12:48.758000Z,2024-07-23T16:29:39.150576Z,494.0,75b53a55e8,19,22,Male,White,United States,United States,United States,English,No,Unemployed (and job seeking)
669fd7eaf5ac8316d6e50f45,62e097c92160176b0b9c2619,RETURNED,Not Applicable,2024-07-23T16:19:00.889000Z,,,2024-09-06T15:36:31.549729Z,,,4326,CONSENT_REVOKED,CONSENT_REVOKED,CONSENT_REVOKED,CONSENT_REVOKED,CONSENT_REVOKED,CONSENT_REVOKED,CONSENT_REVOKED,CONSENT_REVOKED,CONSENT_REVOKED
669fd7efaab7d519a2b90a0b,66927feeb5bedd35aee3cc5f,APPROVED,Not Applicable,2024-07-23T16:19:00.564000Z,2024-07-23T16:29:24.488000Z,2024-07-23T18:12:49.085000Z,2024-07-23T16:31:31.549692Z,624.0,75b53a55e8,79,28,Female,White,United States,United States,United States,English,Yes,DATA_EXPIRED
669fd7f98d34675632d844a4,6312c4daeb7e0f890b0b6a7f,APPROVED,Not Applicable,2024-07-23T16:19:10.862000Z,2024-07-23T16:23:52.765000Z,2024-07-23T18:12:49.489000Z,2024-07-23T16:23:53.351101Z,282.0,75b53a55e8,1648,28,Male,White,United States,United States,United States,English,Yes,Full-Time
669fd810b877ffb7641b3efb,66417f61aaa1d435bca01069,RETURNED,Not Applicable,2024-07-23T16:19:35.679000Z,,,2024-09-06T15:36:31.553593Z,,,543,CONSENT_REVOKED,CONSENT_REVOKED,CONSENT_REVOKED,CONSENT_REVOKED,CONSENT_REVOKED,CONSENT_REVOKED,CONSENT_REVOKED,CONSENT_REVOKED,CONSENT_REVOKED
669fd822aab7d519a2b90a1e,6647baabae8df6fc49d49c36,APPROVED,Not Applicable,2024-07-23T16:19:54.817000Z,2024-07-23T16:38:46.265000Z,2024-07-23T18:12:49.860000Z,2024-07-23T16:40:01.639949Z,1132.0,75b53a55e8,29,26,Male,Other,United States,United States,United States,English,Yes,Full-Time
669fd8244e19c675603b65f5,669455b254a30a2bf5b1b918,APPROVED,Not Applicable,2024-07-23T16:19:55.933000Z,2024-07-23T16:35:48.584000Z,2024-07-23T18:12:50.202000Z,2024-07-23T16:35:49.211690Z,953.0,75b53a55e8,35,46,Male,White,United States,United States,United States,English,No,Full-Time
669fd8245a0061faa55d0bc4,667496d3be0ca23c6baf9803,APPROVED,Not Applicable,2024-07-23T16:19:55.169000Z,2024-07-23T16:31:32.884000Z,2024-07-23T18:12:50.516000Z,2024-07-23T16:31:52.025508Z,698.0,75b53a55e8,58,28,Male,Other,United States,United States,United States,English,Yes,Full-Time
669fd8267902bd75705284b5,668ffad9184feaf52fffa612,APPROVED,Not Applicable,2024-07-23T16:19:50.759000Z,2024-07-23T16:28:30.556000Z,2024-07-23T18:12:51.472000Z,2024-07-23T16:31:19.279874Z,520.0,75b53a55e8,82,27,Male,White,United States,United States,United States,English,Yes,Full-Time
669fd8313f65c954709cf66d,665b4cd9c2b06ef1aee8f4c9,RETURNED,Not Applicable,2024-07-23T16:20:52.653000Z,,,2024-09-06T15:36:31.554138Z,,,235,CONSENT_REVOKED,CONSENT_REVOKED,CONSENT_REVOKED,CONSENT_REVOKED,CONSENT_REVOKED,CONSENT_REVOKED,CONSENT_REVOKED,CONSENT_REVOKED,CONSENT_REVOKED
669fd838319bf1163a189c77,6698041123ee95043a6e60fb,RETURNED,Not Applicable,2024-07-23T16:20:18.439000Z,,,2024-09-06T15:36:31.556390Z,,,145,CONSENT_REVOKED,CONSENT_REVOKED,CONSENT_REVOKED,CONSENT_REVOKED,CONSENT_REVOKED,CONSENT_REVOKED,CONSENT_REVOKED,CONSENT_REVOKED,CONSENT_REVOKED
669fd8656cf3ab69582038f8,60a6f069396cebb99ad0c6a7,APPROVED,Not Applicable,2024-07-23T16:21:02.966000Z,2024-07-23T16:33:53.211000Z,2024-07-23T18:12:51.937000Z,2024-07-23T16:33:53.966597Z,771.0,75b53a55e8,3699,67,Male,White,United States,United States,United States,English,DATA_EXPIRED,DATA_EXPIRED
669fd8663f400b212729f014,669a55ab0576aa2f633e5d79,APPROVED,Not Applicable,2024-07-23T16:20:54.701000Z,2024-07-23T16:42:51.571000Z,2024-07-23T18:12:52.284000Z,2024-07-23T16:42:52.515932Z,1317.0,75b53a55e8,15,26,Male,White,United States,United States,United States,English,DATA_EXPIRED,DATA_EXPIRED
669fd86995fb3356964a4b6d,668f18516826b7151ab685b3,RETURNED,Not Applicable,2024-07-23T16:21:13.429000Z,,,2024-09-06T15:36:31.558716Z,,,319,CONSENT_REVOKED,CONSENT_REVOKED,CONSENT_REVOKED,CONSENT_REVOKED,CONSENT_REVOKED,CONSENT_REVOKED,CONSENT_REVOKED,CONSENT_REVOKED,CONSENT_REVOKED
669fd87e82013e27255eec0d,666e9a369d162df415d8ad89,RETURNED,Not Applicable,2024-07-23T16:22:00.091000Z,,,2024-09-06T15:36:31.560665Z,,,178,CONSENT_REVOKED,CONSENT_REVOKED,CONSENT_REVOKED,CONSENT_REVOKED,CONSENT_REVOKED,CONSENT_REVOKED,CONSENT_REVOKED,CONSENT_REVOKED,CONSENT_REVOKED
669fd8842a9c2b8db629750a,656374c13999ef1271a18b02,RETURNED,Not Applicable,2024-07-23T16:21:34.701000Z,,,2024-09-06T15:36:31.562783Z,,,844,CONSENT_REVOKED,CONSENT_REVOKED,CONSENT_REVOKED,CONSENT_REVOKED,CONSENT_REVOKED,CONSENT_REVOKED,CONSENT_REVOKED,CONSENT_REVOKED,CONSENT_REVOKED
669fd8891eed1dc47c0d9aa0,5fb69cacddba6408f81a9564,APPROVED,Not Applicable,2024-07-23T16:21:34.999000Z,2024-07-23T16:44:54.902000Z,2024-07-23T18:12:52.804000Z,2024-07-23T16:44:55.475471Z,1400.0,75b53a55e8,3490,40,Male,White,United States,United States,United States,English,DATA_EXPIRED,DATA_EXPIRED
669fd8c3c54862a927f3f21a,60ba9b1108f554e36941c2b4,RETURNED,Not Applicable,2024-07-23T16:22:35.441000Z,,,2024-09-06T15:36:31.562561Z,,,5449,CONSENT_REVOKED,CONSENT_REVOKED,CONSENT_REVOKED,CONSENT_REVOKED,CONSENT_REVOKED,CONSENT_REVOKED,CONSENT_REVOKED,CONSENT_REVOKED,CONSENT_REVOKED
669fd8e7258c3f58554d3172,66761366ef6f2c01681b6512,APPROVED,Not Applicable,2024-07-23T16:23:12.661000Z,2024-07-23T16:31:31.261000Z,2024-07-23T18:12:53.254000Z,2024-07-23T16:31:51.204210Z,499.0,75b53a55e8,1,34,Male,Black,United States,United States,United States,English,No,Full-Time
669fd8f0226fef443bc76416,6294cced417fa0a733ba14a4,APPROVED,Not Applicable,2024-07-23T16:23:46.739000Z,2024-07-23T16:33:41.366000Z,2024-07-23T18:12:53.574000Z,2024-07-23T16:33:42.065398Z,595.0,75b53a55e8,1740,37,Male,Other,"Venezuela, Bolivarian Republic of",United States,United States,English,DATA_EXPIRED,DATA_EXPIRED
669fd90161fe2c4bb0aac024,665e0d4039fbf0b54bab1900,RETURNED,Not Applicable,2024-07-23T16:23:50.992000Z,,,2024-09-06T15:36:31.565632Z,,,61,CONSENT_REVOKED,CONSENT_REVOKED,CONSENT_REVOKED,CONSENT_REVOKED,CONSENT_REVOKED,CONSENT_REVOKED,CONSENT_REVOKED,CONSENT_REVOKED,CONSENT_REVOKED
669fd90dfa925f33d5741790,662c292a1796a8709941e1b7,RETURNED,Not Applicable,2024-07-23T16:23:51.907000Z,,,2024-09-06T15:36:31.567901Z,,,338,CONSENT_REVOKED,CONSENT_REVOKED,CONSENT_REVOKED,CONSENT_REVOKED,CONSENT_REVOKED,CONSENT_REVOKED,CONSENT_REVOKED,CONSENT_REVOKED,CONSENT_REVOKED
669fd92b14e7453621dbfe1b,5ee1236e7f235110ac6c4ff4,APPROVED,Not Applicable,2024-07-23T16:24:17.669000Z,2024-07-23T16:28:38.058000Z,2024-07-23T18:12:53.823000Z,2024-07-23T16:31:20.043564Z,261.0,75b53a55e8,1286,25,Female,Black,United States,United States,United States,English,No,Full-Time
669fd92c492e371e92e1fa65,5db4a409d27e05000f0eaa00,RETURNED,Not Applicable,2024-07-23T16:24:16.214000Z,,,2024-09-06T15:36:31.569787Z,,,8445,CONSENT_REVOKED,CONSENT_REVOKED,CONSENT_REVOKED,CONSENT_REVOKED,CONSENT_REVOKED,CONSENT_REVOKED,CONSENT_REVOKED,CONSENT_REVOKED,CONSENT_REVOKED
669fd92e4f5d3d4c4736c880,63d7e469c2a30fc463e06b5d,APPROVED,Not Applicable,2024-07-23T16:24:18.779000Z,2024-07-23T16:32:32.036000Z,2024-07-23T18:12:54.117000Z,2024-07-23T16:32:32.606707Z,494.0,75b53a55e8,1479,41,Male,White,United States,United States,United States,English,No,DATA_EXPIRED
669fd9304965f64ce5dd0a50,583f12f545073d0001fac52d,APPROVED,Not Applicable,2024-07-23T16:24:16.465000Z,2024-07-23T17:00:57.956000Z,2024-07-23T18:12:54.434000Z,2024-07-23T17:00:58.621522Z,2202.0,75b53a55e8,6655,39,Male,White,United States,United States,United States,English,DATA_EXPIRED,DATA_EXPIRED
669fd9409aea228179adc47d,6676098194c5426a29d80ff3,RETURNED,Not Applicable,2024-07-23T16:24:38.736000Z,,,2024-09-06T15:36:31.573725Z,,,327,CONSENT_REVOKED,CONSENT_REVOKED,CONSENT_REVOKED,CONSENT_REVOKED,CONSENT_REVOKED,CONSENT_REVOKED,CONSENT_REVOKED,CONSENT_REVOKED,CONSENT_REVOKED
669fd9482172f8c37b23aa09,668eb8b9fe895616056adf08,RETURNED,Not Applicable,2024-07-23T16:24:48.872000Z,,,2024-09-06T15:36:31.574048Z,,,172,CONSENT_REVOKED,CONSENT_REVOKED,CONSENT_REVOKED,CONSENT_REVOKED,CONSENT_REVOKED,CONSENT_REVOKED,CONSENT_REVOKED,CONSENT_REVOKED,CONSENT_REVOKED
669fd94ee52043d41a4d7546,667f461c88eda330239ba0f0,REJECTED,Not Applicable,2024-07-23T16:24:53.841000Z,2024-07-23T16:25:22.357000Z,2024-07-23T18:09:43.310000Z,2024-09-06T15:36:31.576756Z,29.0,C1BNXIV2,65,CONSENT_REVOKED,CONSENT_REVOKED,CONSENT_REVOKED,CONSENT_REVOKED,CONSENT_REVOKED,CONSENT_REVOKED,CONSENT_REVOKED,CONSENT_REVOKED,CONSENT_REVOKED
669fd977700d52abfc8e38f3,6650c9d075174757b10e9147,APPROVED,Not Applicable,2024-07-23T16:25:43.844000Z,2024-07-23T16:37:13.211000Z,2024-07-23T18:12:54.797000Z,2024-07-23T16:39:32.306026Z,690.0,75b53a55e8,135,30,Male,White,United States,United States,United States,English,No,Full-Time
669fd97e1eed1dc47c0d9afa,6630da3c3cfcc026ec681c29,RETURNED,Not Applicable,2024-07-23T16:25:46.704000Z,,,2024-09-06T15:36:31.576843Z,,,645,CONSENT_REVOKED,CONSENT_REVOKED,CONSENT_REVOKED,CONSENT_REVOKED,CONSENT_REVOKED,CONSENT_REVOKED,CONSENT_REVOKED,CONSENT_REVOKED,CONSENT_REVOKED
669fd984700d52abfc8e38fa,66985059ff08abc91b78325b,APPROVED,Not Applicable,2024-07-23T16:25:51.332000Z,2024-07-23T16:41:17.603000Z,2024-07-23T18:12:55.096000Z,2024-07-23T16:41:18.216608Z,927.0,75b53a55e8,39,41,Female,White,United States,United States,United States,English,No,DATA_EXPIRED
669fd98482013e27255eec43,663901436e048887ef58465f,RETURNED,Not Applicable,2024-07-23T16:32:32.468000Z,,,2024-09-06T15:36:31.579761Z,,,102,CONSENT_REVOKED,CONSENT_REVOKED,CONSENT_REVOKED,CONSENT_REVOKED,CONSENT_REVOKED,CONSENT_REVOKED,CONSENT_REVOKED,CONSENT_REVOKED,CONSENT_REVOKED
669fd99ef1878f1e90c43081,668ff93de16a7a35612cbba1,RETURNED,Not Applicable,2024-07-23T16:26:14.456000Z,,,2024-09-06T15:36:31.582550Z,,,82,CONSENT_REVOKED,CONSENT_REVOKED,CONSENT_REVOKED,CONSENT_REVOKED,CONSENT_REVOKED,CONSENT_REVOKED,CONSENT_REVOKED,CONSENT_REVOKED,CONSENT_REVOKED
669fd9a14ebb309ed602c03a,6630ef9a3427943c8f3e57ae,APPROVED,Not Applicable,2024-07-23T16:26:30.080000Z,2024-07-23T16:39:18.779000Z,2024-07-23T18:12:55.402000Z,2024-07-23T16:40:07.815737Z,769.0,75b53a55e8,290,37,Female,Black,United States,United States,United States,English,No,Full-Time
669fd9dc6deec989e255865a,6542923cf0793b2a3dc55d69,APPROVED,Not Applicable,2024-07-23T16:27:13.927000Z,2024-07-23T16:42:39.572000Z,2024-07-23T18:12:55.720000Z,2024-07-23T16:42:40.137897Z,926.0,75b53a55e8,255,40,Female,Mixed,Chile,United States,United States,Spanish,Yes,Unemployed (and job seeking)
669fd9def7598bfa08ae7508,669e921e8ea57c64dc1d5ec8,APPROVED,Not Applicable,2024-07-23T16:27:17.923000Z,2024-07-23T16:40:55.701000Z,2024-07-23T18:12:56.089000Z,2024-07-23T16:40:56.290337Z,818.0,75b53a55e8,18,21,Male,White,United States,United States,United States,English,Yes,Part-Time
669fd9e263ececdab3e50f95,65c25616ceca154497ce3efc,APPROVED,Not Applicable,2024-07-23T16:27:14.013000Z,2024-07-23T16:41:46.113000Z,2024-07-23T18:12:56.356000Z,2024-07-23T16:41:46.761929Z,873.0,75b53a55e8,266,30,Female,Black,United States,United States,United States,English,No,DATA_EXPIRED
669fd9eff3e7bfdfd7cbb1f9,65cd682fe1bae130ba2a97bb,APPROVED,Not Applicable,2024-07-23T16:27:35.400000Z,2024-07-23T16:32:54.212000Z,2024-07-23T18:12:56.726000Z,2024-07-23T16:32:54.848816Z,319.0,75b53a55e8,207,24,Female,Asian,United States,United States,United States,English,Yes,Part-Time
669fda14fe1468052589b10c,64136adc3a40777bfe518cc0,APPROVED,Not Applicable,2024-07-23T16:28:09.460000Z,2024-07-23T16:34:24.050000Z,2024-07-23T18:12:57.079000Z,2024-07-23T16:34:24.766302Z,375.0,75b53a55e8,2115,24,Male,White,United States,United States,United States,English,DATA_EXPIRED,Full-Time
669fda194c249ccdee3d9835,63dab0380b8791f9560fd329,APPROVED,Not Applicable,2024-07-23T16:31:36.745000Z,2024-07-23T16:36:57.834000Z,2024-07-23T18:12:57.438000Z,2024-07-23T16:39:26.065597Z,322.0,75b53a55e8,2823,36,Male,White,United States,United States,United States,English,No,Full-Time
669fdac899ba49d50615404e,5bf311373a5bf00001401f64,RETURNED,Not Applicable,2024-07-23T16:31:09.608000Z,,,2024-09-06T15:36:31.585412Z,,,4961,CONSENT_REVOKED,CONSENT_REVOKED,CONSENT_REVOKED,CONSENT_REVOKED,CONSENT_REVOKED,CONSENT_REVOKED,CONSENT_REVOKED,CONSENT_REVOKED,CONSENT_REVOKED
669fdb2cb354b22a76a8bf8c,65c2303c5f6554adf62d8ac5,APPROVED,Not Applicable,2024-07-23T16:32:49.100000Z,2024-07-23T16:41:11.442000Z,2024-07-23T18:12:57.931000Z,2024-07-23T16:41:12.098104Z,503.0,75b53a55e8,575,28,Female,Black,United States,United States,United States,English,No,Full-Time
669fdb9efa797c2f11831ab0,667b26f7b6e931e3c428b9ec,APPROVED,Not Applicable,2024-07-23T16:34:38.255000Z,2024-07-23T16:42:32.426000Z,2024-07-23T18:12:58.706000Z,2024-07-23T16:42:33.067276Z,475.0,75b53a55e8,170,29,Female,Other,United States,United States,United States,English,Yes,DATA_EXPIRED
669fdc35e36bd7b7187d644d,66609a6117a04f587dc32f1a,APPROVED,Not Applicable,2024-07-23T16:37:26.565000Z,2024-07-23T16:53:16.844000Z,2024-07-23T18:12:59.238000Z,2024-07-23T16:53:19.529908Z,951.0,75b53a55e8,58,25,Female,White,United States,United States,United States,English,No,DATA_EXPIRED
669fdc3f8d3a35f8bddd0a75,664a60503cd44ff529185b6e,APPROVED,Not Applicable,2024-07-23T16:37:44.626000Z,2024-07-23T16:49:12.280000Z,2024-07-23T18:12:59.687000Z,2024-07-23T16:51:01.836554Z,688.0,75b53a55e8,356,29,Female,White,United States,United States,United States,English,Yes,DATA_EXPIRED
669fde23cc666baaac508446,61489a7c8f9dfcc9f78b7c36,RETURNED,Not Applicable,2024-07-23T16:45:33.120000Z,,,2024-09-06T15:36:31.586284Z,,,529,CONSENT_REVOKED,CONSENT_REVOKED,CONSENT_REVOKED,CONSENT_REVOKED,CONSENT_REVOKED,CONSENT_REVOKED,CONSENT_REVOKED,CONSENT_REVOKED,CONSENT_REVOKED
669fde4a7bf7789f6a0275e7,64f1f404809fb79511978ea5,APPROVED,Not Applicable,2024-07-23T16:46:06.260000Z,2024-07-23T16:51:50.651000Z,2024-07-23T18:13:00.261000Z,2024-07-23T16:51:52.273028Z,345.0,75b53a55e8,2574,36,Male,White,United States,United States,United States,English,Yes,Full-Time
669fde4b0346e71fc84d750d,6657501de9a93ec1dae74cac,RETURNED,Not Applicable,2024-07-23T16:48:22.941000Z,,,2024-09-06T15:36:31.588426Z,,,425,CONSENT_REVOKED,CONSENT_REVOKED,CONSENT_REVOKED,CONSENT_REVOKED,CONSENT_REVOKED,CONSENT_REVOKED,CONSENT_REVOKED,CONSENT_REVOKED,CONSENT_REVOKED
669fde5ba9676348edd941d2,642cf6a45ed69a008646853f,RETURNED,Not Applicable,2024-07-23T16:46:28.023000Z,,,2024-09-06T15:36:31.589628Z,,,3298,CONSENT_REVOKED,CONSENT_REVOKED,CONSENT_REVOKED,CONSENT_REVOKED,CONSENT_REVOKED,CONSENT_REVOKED,CONSENT_REVOKED,CONSENT_REVOKED,CONSENT_REVOKED
669fdf03397bcd9f9c7d64b6,63ebaa1bd6a7be6e03b404a0,APPROVED,Not Applicable,2024-07-23T16:49:15.327000Z,2024-07-23T16:55:48.346000Z,2024-07-23T18:13:00.848000Z,2024-07-23T16:55:49.328445Z,394.0,75b53a55e8,366,24,Female,Black,United States,United States,United States,English,DATA_EXPIRED,DATA_EXPIRED
669fdf4da9c8ed595037db29,660e26b875ba51338b7c7042,APPROVED,Not Applicable,2024-07-23T16:50:30.108000Z,2024-07-23T17:01:29.156000Z,2024-07-23T18:13:01.436000Z,2024-07-23T17:01:30.041610Z,660.0,75b53a55e8,476,41,Male,White,United States,United States,United States,English,No,DATA_EXPIRED
669fe0d94b637246b814ab0a,63b9d3abc3ddc61c8c08fd84,APPROVED,Not Applicable,2024-07-23T16:57:09.841000Z,2024-07-23T17:08:50.563000Z,2024-07-23T18:13:01.913000Z,2024-07-23T17:08:51.131878Z,701.0,75b53a55e8,3999,50,Female,White,United States,United States,United States,English,DATA_EXPIRED,DATA_EXPIRED
669fe1a3e4fa656c9ac95a4f,669430b1fc492a0498196492,APPROVED,Not Applicable,2024-07-23T17:00:25.235000Z,2024-07-23T17:49:31.207000Z,2024-07-23T18:13:02.529000Z,2024-07-23T17:53:37.396011Z,2946.0,75b53a55e8,46,28,Female,White,United States,United States,United States,English,No,Full-Time
669fe1a45d28fea189059fc4,666196dbc4d36f40bb5b1b5f,RETURNED,Not Applicable,2024-07-23T17:00:34.465000Z,,,2024-09-06T15:36:31.592260Z,,,473,CONSENT_REVOKED,CONSENT_REVOKED,CONSENT_REVOKED,CONSENT_REVOKED,CONSENT_REVOKED,CONSENT_REVOKED,CONSENT_REVOKED,CONSENT_REVOKED,CONSENT_REVOKED
669fe1f3268ddfe216c95a80,6666f1d3aa16345b24c7bef0,RETURNED,Not Applicable,2024-07-23T17:02:10.176000Z,,,2024-09-06T15:36:31.593678Z,,,318,CONSENT_REVOKED,CONSENT_REVOKED,CONSENT_REVOKED,CONSENT_REVOKED,CONSENT_REVOKED,CONSENT_REVOKED,CONSENT_REVOKED,CONSENT_REVOKED,CONSENT_REVOKED
669fe25987923c727f6314e8,6693d8fcba8aad739d413aa3,RETURNED,Not Applicable,2024-07-23T17:03:32.181000Z,,,2024-09-06T15:36:31.601403Z,,,223,CONSENT_REVOKED,CONSENT_REVOKED,CONSENT_REVOKED,CONSENT_REVOKED,CONSENT_REVOKED,CONSENT_REVOKED,CONSENT_REVOKED,CONSENT_REVOKED,CONSENT_REVOKED
669fe295f848438a7d2525f6,647ffbcfcf8adc8070bc2291,APPROVED,Not Applicable,2024-07-23T17:04:29Z,2024-07-23T17:16:29.714000Z,2024-07-23T18:13:02.893000Z,2024-07-23T17:18:02.217038Z,721.0,75b53a55e8,3138,62,Female,White,United States,United States,United States,English,DATA_EXPIRED,DATA_EXPIRED
669fe298d861d06ed7a1fe80,62e19208352cd518d7b2f085,APPROVED,Not Applicable,2024-07-23T17:04:24.086000Z,2024-07-23T17:14:51.350000Z,2024-07-23T18:13:03.260000Z,2024-07-23T17:17:37.072630Z,628.0,75b53a55e8,2015,35,Male,White,United States,United States,United States,English,No,Full-Time
669fe4ef61c0193ad77b7c5b,65ee8cf661281c8eccd37fd0,RETURNED,Not Applicable,2024-07-23T17:14:46.779000Z,,,2024-09-06T15:36:31.605229Z,,,1175,CONSENT_REVOKED,CONSENT_REVOKED,CONSENT_REVOKED,CONSENT_REVOKED,CONSENT_REVOKED,CONSENT_REVOKED,CONSENT_REVOKED,CONSENT_REVOKED,CONSENT_REVOKED
669fe4f09a9d7ad9dc399daa,657714a06a2a97c6ecf29156,APPROVED,Not Applicable,2024-07-23T17:14:24.666000Z,2024-07-23T17:52:01.609000Z,2024-07-23T18:13:03.498000Z,2024-07-23T17:54:05.642329Z,2257.0,75b53a55e8,857,39,Male,Black,Ghana,United States,United States,English,DATA_EXPIRED,DATA_EXPIRED
669fe4f1dbb54b386107e161,5a42c80ddaea400001ac24e0,APPROVED,Not Applicable,2024-07-23T17:15:24.441000Z,2024-07-23T17:36:01.031000Z,2024-07-23T18:13:03.788000Z,2024-07-23T17:36:01.691341Z,1237.0,75b53a55e8,17,47,Female,DATA_EXPIRED,United States,United States,United States,English,No,"Not in paid work (e.g. homemaker', 'retired or disabled)"
669fe5667e64388e8ebafc02,662abbbd221aa09150316f82,APPROVED,Not Applicable,2024-07-23T17:16:35.041000Z,2024-07-23T17:41:26.107000Z,2024-07-23T18:13:04.129000Z,2024-07-23T17:41:47.351607Z,1492.0,75b53a55e8,174,50,Female,White,United States,United States,United States,English,No,Unemployed (and job seeking)
669fe6c7670876b548e99bb9,663193f4e88fc3a7917655de,APPROVED,Not Applicable,2024-07-23T17:22:21.757000Z,2024-07-23T17:39:17.788000Z,2024-07-23T18:13:04.446000Z,2024-07-23T17:39:40.248325Z,1017.0,75b53a55e8.,221,55,Female,Black,United States,United States,United States,English,No,Full-Time
669ff27708b1f8c09620c937,6674d30517df8226293b1491,APPROVED,Not Applicable,2024-07-23T18:12:11.926000Z,2024-07-23T18:30:43.397000Z,2024-07-23T18:34:12.142000Z,2024-07-23T18:30:46.587531Z,1112.0,75b53a55e8,150,24,Female,Asian,United States,United States,United States,English,Yes,Part-Time
669ff7e451b3022bbb9ef7c0,5de27ced22383629b807cc70,APPROVED,Not Applicable,2024-07-23T18:35:21.336000Z,2024-07-23T18:43:55.795000Z,2024-07-23T19:45:59.543000Z,2024-07-23T18:43:56.682618Z,515.0,75b53a55e8,2259,31,Male,White,United States,United States,United States,English,No,Full-Time
66aa718f5c583d0d49533aac,62b5e4c15384ba7ca013ab55,APPROVED,Not Applicable,2024-07-31T17:17:08.979000Z,2024-07-31T17:32:11.010000Z,2024-08-01T18:04:08.435000Z,2024-07-31T17:32:59.099363Z,903.0,75b53a55e8,636,38,Male,Black,United States,United States,United States,English,DATA_EXPIRED,DATA_EXPIRED
66ba7587344bb87081d8cd42,669a9e052cc32d5a552d2fe8,APPROVED,Not Applicable,2024-08-12T20:50:21.301000Z,2024-08-12T20:57:03.883000Z,2024-08-16T22:00:14.317000Z,2024-08-12T20:57:04.527087Z,403.0,75b53a55e8,37,34,Female,White,United States,United States,United States,English,No,Unemployed (and job seeking)
66ba75919c3d894b5389ef30,612712457b14443c1483e764,APPROVED,Not Applicable,2024-08-12T20:50:32.617000Z,2024-08-12T21:02:00.291000Z,2024-08-16T22:00:15.847000Z,2024-08-12T21:02:23.625030Z,688.0,75b53a55e8,1345,26,Female,White,United States,United States,United States,English,DATA_EXPIRED,DATA_EXPIRED
66d8a2d14c89e705314a2624,5fd6f37a0ffc7b67ce2a73a3,APPROVED,Not Applicable,2024-09-04T18:11:33.663000Z,2024-09-04T18:20:22.995000Z,2024-09-06T15:35:23.053000Z,2024-09-04T18:20:23.684005Z,530.0,75b53a55e8,450,23,Female,White,United States,United States,United States,English,DATA_EXPIRED,Part-Time
66d8a2e25afad61574fb76ba,665e0790251ba96fa62b621c,APPROVED,Not Applicable,2024-09-04T18:11:52.519000Z,2024-09-04T18:20:14.502000Z,2024-09-06T15:35:25.059000Z,2024-09-04T18:20:15.202771Z,502.0,75b53a55e8,174,19,Male,Asian,United States,United States,United States,English,No,Other
66d8a2f18cc534592b885e7a,66311d4b0fd064a82a3ac99c,APPROVED,Not Applicable,2024-09-04T18:12:08.811000Z,2024-09-04T18:25:19.983000Z,2024-09-06T15:35:26.217000Z,2024-09-04T18:26:52.746282Z,792.0,75b53a55e8,101,40,Female,Mixed,United States,United States,United States,English,No,Full-Time
66d8a2f7a5507cc5764806e7,559c3b0efdf99b32b6963e81,APPROVED,Not Applicable,2024-09-04T18:12:26.160000Z,2024-09-04T18:25:04.843000Z,2024-09-06T15:35:27.378000Z,2024-09-04T18:26:46.805605Z,759.0,75b53a55e8,462,34,Male,White,United States,United States,United States,English,No,DATA_EXPIRED
66d8a2f8571c13d124719876,662a9dd8618b4d313c4cf997,RETURNED,Not Applicable,2024-09-04T18:12:17.695000Z,,,2024-09-06T15:36:31.606385Z,,,21,CONSENT_REVOKED,CONSENT_REVOKED,CONSENT_REVOKED,CONSENT_REVOKED,CONSENT_REVOKED,CONSENT_REVOKED,CONSENT_REVOKED,CONSENT_REVOKED,CONSENT_REVOKED
66d8a2ff1001abba379dae4a,66d89b8745ef3c10a2625375,RETURNED,Not Applicable,2024-09-04T18:12:22.930000Z,,,2024-09-06T15:36:31.606927Z,,,1,CONSENT_REVOKED,CONSENT_REVOKED,CONSENT_REVOKED,CONSENT_REVOKED,CONSENT_REVOKED,CONSENT_REVOKED,CONSENT_REVOKED,CONSENT_REVOKED,CONSENT_REVOKED
66d8a301254789ceb10afdf2,5fc2b4754b629901e4d911bc,APPROVED,Not Applicable,2024-09-04T18:12:23.092000Z,2024-09-04T18:22:49.131000Z,2024-09-06T15:35:28.423000Z,2024-09-04T18:22:49.642817Z,627.0,75b53a55e8,203,25,Female,White,United States,United States,United States,English,Yes,Full-Time
66d8a305d1b84a2127dda6cb,65c4df7f2e9fe21c6eeac1e4,APPROVED,Not Applicable,2024-09-04T18:12:30.211000Z,2024-09-04T18:23:00.573000Z,2024-09-06T15:35:30.116000Z,2024-09-04T18:23:01.102992Z,631.0,75b53a55e8,386,57,Female,White,United States,United States,United States,English,DATA_EXPIRED,DATA_EXPIRED
66d8a30ec40048a10970be4c,65da7c7c8f8bac48599b274a,APPROVED,Not Applicable,2024-09-04T18:12:36.563000Z,2024-09-04T18:19:10.822000Z,2024-09-06T15:35:30.823000Z,2024-09-04T18:19:17.054220Z,395.0,75b53a55e8,502,36,Female,White,United States,United States,United States,English,No,"Not in paid work (e.g. homemaker', 'retired or disabled)"
66d8a312128e8bf0fed58403,5d4c78071b920f00198e8533,APPROVED,Not Applicable,2024-09-04T18:12:40.523000Z,2024-09-04T18:20:41.285000Z,2024-09-06T15:35:31.304000Z,2024-09-04T18:20:41.871867Z,481.0,75b53a55e8,2088,55,Female,White,United States,United States,United States,English,No,Part-Time
66d8a3129239509b682bad60,66ba1b5273949100f8de1c0e,APPROVED,Not Applicable,2024-09-04T18:12:45.347000Z,2024-09-04T18:26:29.473000Z,2024-09-06T15:35:32.016000Z,2024-09-04T18:27:26.245898Z,825.0,75b53a55e8,5,22,Male,White,Germany,United States,United States,English,Yes,DATA_EXPIRED
66d8a313a21a0dda017b14c0,6681c05c715c05de75f4ca0a,APPROVED,Not Applicable,2024-09-04T18:13:00.482000Z,2024-09-04T18:24:46.678000Z,2024-09-06T15:35:32.804000Z,2024-09-04T18:26:41.319353Z,707.0,75b53a55e8,392,52,Male,Black,United States,United States,United States,English,DATA_EXPIRED,Full-Time
66d8a316ac83eabbdaaa2245,66462d8b963be5d1ba4d2da0,RETURNED,Not Applicable,2024-09-04T18:12:55.118000Z,,,2024-09-06T15:36:31.609098Z,,,289,CONSENT_REVOKED,CONSENT_REVOKED,CONSENT_REVOKED,CONSENT_REVOKED,CONSENT_REVOKED,CONSENT_REVOKED,CONSENT_REVOKED,CONSENT_REVOKED,CONSENT_REVOKED
66d8a31794758f70964bd065,66323d93c9aaab81bace2676,APPROVED,Not Applicable,2024-09-04T18:12:43.223000Z,2024-09-04T18:18:14.267000Z,2024-09-06T15:35:33.303000Z,2024-09-04T18:19:06.937816Z,332.0,75b53a55e8,28,40,Male,Mixed,United States,United States,United States,English,No,DATA_EXPIRED
66d8a31c2c209b6a267dac43,6310a8e72d2a091bb08a0c97,APPROVED,Not Applicable,2024-09-04T18:12:49.863000Z,2024-09-04T18:26:36.178000Z,2024-09-06T15:35:34.019000Z,2024-09-04T18:27:32.182627Z,827.0,75b53a55e8,760,33,Female,Black,United States,United States,United States,English,No,Full-Time
66d8a31ee2c9184b4aeb3a55,62938ad3a68699aa5fa14ce3,APPROVED,Not Applicable,2024-09-04T18:12:51.714000Z,2024-09-04T18:21:42.386000Z,2024-09-06T15:35:34.488000Z,2024-09-04T18:21:43.243974Z,531.0,75b53a55e8,1192,39,Male,White,United States,United States,United States,English,No,Part-Time
66d8a31f5affffbd2c56d9ea,66560f9399a64ba214126618,RETURNED,Not Applicable,2024-09-04T18:13:02.591000Z,,,2024-09-06T15:36:31.611226Z,,,194,CONSENT_REVOKED,CONSENT_REVOKED,CONSENT_REVOKED,CONSENT_REVOKED,CONSENT_REVOKED,CONSENT_REVOKED,CONSENT_REVOKED,CONSENT_REVOKED,CONSENT_REVOKED
66d8a3256356f820f01e8dbb,65c39d04a16ec54c15ce277f,RETURNED,Not Applicable,2024-09-04T18:13:13.189000Z,,,2024-09-06T15:36:31.613415Z,,,34,CONSENT_REVOKED,CONSENT_REVOKED,CONSENT_REVOKED,CONSENT_REVOKED,CONSENT_REVOKED,CONSENT_REVOKED,CONSENT_REVOKED,CONSENT_REVOKED,CONSENT_REVOKED
66d8a3264f9846f89fabc78d,60ff40e05b58cfb5ed96498a,RETURNED,Not Applicable,2024-09-04T18:13:02.446000Z,,,2024-09-06T15:36:31.620963Z,,,259,CONSENT_REVOKED,CONSENT_REVOKED,CONSENT_REVOKED,CONSENT_REVOKED,CONSENT_REVOKED,CONSENT_REVOKED,CONSENT_REVOKED,CONSENT_REVOKED,CONSENT_REVOKED
66d8a32690619b2ac7f91ee7,659dfd474f0722a934e3f8d8,RETURNED,Not Applicable,2024-09-04T18:13:01.218000Z,,,2024-09-06T15:36:31.619852Z,,,1025,CONSENT_REVOKED,CONSENT_REVOKED,CONSENT_REVOKED,CONSENT_REVOKED,CONSENT_REVOKED,CONSENT_REVOKED,CONSENT_REVOKED,CONSENT_REVOKED,CONSENT_REVOKED
66d8a3291893612adaf5d86f,65eba4518da362a6dcc2c3a1,APPROVED,Not Applicable,2024-09-04T18:13:03.518000Z,2024-09-04T18:21:26.726000Z,2024-09-06T15:35:35.202000Z,2024-09-04T18:21:27.546246Z,504.0,75b53a55e8,259,26,Female,Asian,Korea,United States,United States,English,No,Unemployed (and job seeking)
66d8a32d7e6a19bf4765e2e1,5c73f7ce4bb68b001631558d,APPROVED,Not Applicable,2024-09-04T18:13:10.670000Z,2024-09-04T18:22:36.513000Z,2024-09-06T15:35:35.710000Z,2024-09-04T18:22:37.457229Z,566.0,75b53a55e8,1014,41,Female,White,United States,United States,United States,English,DATA_EXPIRED,DATA_EXPIRED
66d8a32ddce58af64d90d432,6413665e5dec6a98797ef5ab,APPROVED,Not Applicable,2024-09-04T18:13:04.754000Z,2024-09-04T18:18:07.814000Z,2024-09-06T15:35:37.416000Z,2024-09-04T18:19:05.303665Z,304.0,75b53a55e8,1433,20,Male,White,United States,United States,United States,English,No,Part-Time
66d8a336e057d7101b6d6fcd,66b019ad2cb47fe93bbf64bb,RETURNED,Not Applicable,2024-09-04T18:13:24.234000Z,,,2024-09-06T15:36:31.620513Z,,,61,CONSENT_REVOKED,CONSENT_REVOKED,CONSENT_REVOKED,CONSENT_REVOKED,CONSENT_REVOKED,CONSENT_REVOKED,CONSENT_REVOKED,CONSENT_REVOKED,CONSENT_REVOKED
66d8a338c40048a10970be56,5e3c368dc004f70177a1dfcc,RETURNED,Not Applicable,2024-09-04T18:13:21.344000Z,,,2024-09-06T15:36:31.623572Z,,,983,CONSENT_REVOKED,CONSENT_REVOKED,CONSENT_REVOKED,CONSENT_REVOKED,CONSENT_REVOKED,CONSENT_REVOKED,CONSENT_REVOKED,CONSENT_REVOKED,CONSENT_REVOKED
66d8a3391e530aae2ed8467a,66b39c7bd74c2c35bdfd297c,APPROVED,Not Applicable,2024-09-04T18:13:19.955000Z,2024-09-04T18:20:14.625000Z,2024-09-06T15:35:37.925000Z,2024-09-04T18:20:15.088238Z,415.0,75b53a55e8,1,20,Female,Asian,United States,United States,United States,English,DATA_EXPIRED,DATA_EXPIRED
66d8a34800dbc1916e44db87,55c0ca6cfdf99b2e8efc9f4b,RETURNED,Not Applicable,2024-09-04T18:13:33.355000Z,,,2024-09-06T15:36:31.626219Z,,,5691,CONSENT_REVOKED,CONSENT_REVOKED,CONSENT_REVOKED,CONSENT_REVOKED,CONSENT_REVOKED,CONSENT_REVOKED,CONSENT_REVOKED,CONSENT_REVOKED,CONSENT_REVOKED
66d8a34e3b5536206deb38c0,5dfa3b5ff3b9e0000a3e83b5,APPROVED,Not Applicable,2024-09-04T18:13:42.867000Z,2024-09-04T18:22:45.024000Z,2024-09-06T15:35:38.643000Z,2024-09-04T18:22:45.511467Z,543.0,75b53a55e8,268,30,Female,White,United States,United States,United States,English,No,Full-Time
66d8a3513fb193bb6567d882,66d896981c496fa3632f1d47,RETURNED,Not Applicable,2024-09-04T18:13:45.445000Z,,,2024-09-06T15:36:31.630503Z,,,25,CONSENT_REVOKED,CONSENT_REVOKED,CONSENT_REVOKED,CONSENT_REVOKED,CONSENT_REVOKED,CONSENT_REVOKED,CONSENT_REVOKED,CONSENT_REVOKED,CONSENT_REVOKED
66d8a35c2fe8908c38d4924b,65cbd60807ab63190925b75c,RETURNED,Not Applicable,2024-09-04T18:13:55.759000Z,,,2024-09-06T15:36:31.632557Z,,,606,CONSENT_REVOKED,CONSENT_REVOKED,CONSENT_REVOKED,CONSENT_REVOKED,CONSENT_REVOKED,CONSENT_REVOKED,CONSENT_REVOKED,CONSENT_REVOKED,CONSENT_REVOKED
66d8a35f680d0a3d36133947,66d86d4b9f361983b7c63438,APPROVED,Not Applicable,2024-09-04T18:14:00.416000Z,2024-09-04T18:20:48.363000Z,2024-09-06T15:35:39.125000Z,2024-09-04T18:20:49.003926Z,408.0,75b53a55e8,6,31,Male,White,United States,United States,United States,English,No,Full-Time
66d8a3609800ce439faad1e9,6100163bf3144321574a6255,TIMED-OUT,Not Applicable,2024-09-04T18:14:01.562000Z,,,2024-09-06T15:36:31.633729Z,163351.0,,159,21,Female,White,United States,United States,United States,English,Yes,DATA_EXPIRED
66d8a3620b63d6845ab4f6ba,668c12546ad7e715b79432bd,RETURNED,Not Applicable,2024-09-04T18:14:01.267000Z,,,2024-09-06T15:36:31.634709Z,,,26,CONSENT_REVOKED,CONSENT_REVOKED,CONSENT_REVOKED,CONSENT_REVOKED,CONSENT_REVOKED,CONSENT_REVOKED,CONSENT_REVOKED,CONSENT_REVOKED,CONSENT_REVOKED
66d8a37e45eeeed1d05035f9,5e349833001ff8468fda08c6,APPROVED,Not Applicable,2024-09-04T18:14:28.128000Z,2024-09-04T18:21:37.192000Z,2024-09-06T15:35:39.812000Z,2024-09-04T18:21:37.859582Z,430.0,75b53a55e8,2621,34,Male,White,United States,United States,United States,English,DATA_EXPIRED,DATA_EXPIRED
66d8a38b05223f1ed8653195,610025c910bcf84fd1155560,APPROVED,Not Applicable,2024-09-04T18:16:19.404000Z,2024-09-04T18:25:22.924000Z,2024-09-06T15:35:40.264000Z,2026-01-19T20:43:09.639841Z,544.0,75b53a55e8,282,DATA_EXPIRED,DATA_EXPIRED,DATA_EXPIRED,DATA_EXPIRED,DATA_EXPIRED,DATA_EXPIRED,DATA_EXPIRED,DATA_EXPIRED,DATA_EXPIRED
66d8a3928ec7ec41c2401283,610971868fe9338237d6b193,APPROVED,Not Applicable,2024-09-04T18:14:48.523000Z,2024-09-04T18:46:52.179000Z,2024-09-06T15:35:40.993000Z,2024-09-04T18:48:02.293793Z,1924.0,75b53a55e8,620,38,Female,Asian,United States,United States,Philippines,English,DATA_EXPIRED,DATA_EXPIRED
66d8a395454f24f0c1aba87c,663be848b443e77c7db32427,APPROVED,Not Applicable,2024-09-04T18:14:53.534000Z,2024-09-04T18:33:05.587000Z,2024-09-06T15:35:41.674000Z,2024-09-04T18:33:06.306877Z,1093.0,75b53a55e8,83,35,Female,Other,United States,United States,United States,Spanish,No,DATA_EXPIRED
66d8a397fe511928dc123789,662004840cf5731b955a2d0f,APPROVED,Not Applicable,2024-09-04T18:15:01.601000Z,2024-09-04T18:24:25.559000Z,2024-09-06T15:35:42.160000Z,2024-09-04T18:26:36.240082Z,564.0,75b53a55e8,524,37,Female,White,United States,United States,United States,English,No,Part-Time
66d8a398c5f4a47cac72d231,5f5c4b9c062e0f43a15ed050,APPROVED,Not Applicable,2024-09-04T18:15:00.949000Z,2024-09-04T18:25:50.202000Z,2024-09-06T15:35:42.938000Z,2024-09-04T18:27:04.108953Z,650.0,75b53a55e8,3389,34,Male,White,United States,United States,United States,English,DATA_EXPIRED,DATA_EXPIRED
66d8a39b269f85922656b60d,66d87f47973160be7e3f8e3b,APPROVED,Not Applicable,2024-09-04T18:15:04.187000Z,2024-09-04T18:35:14.147000Z,2024-09-06T15:35:44.522000Z,2024-09-04T18:36:55.688124Z,1210.0,75b53a55e8,0,64,Male,Black,United States,United States,United States,English,DATA_EXPIRED,DATA_EXPIRED
66d8a39b4eb741982f74b1ff,66579f3504f7a32c8a3ab008,APPROVED,Not Applicable,2024-09-04T18:14:56.356000Z,2024-09-04T18:22:29.174000Z,2024-09-06T15:35:45.098000Z,2024-09-04T18:22:29.765286Z,453.0,75b53a55e8,150,39,Female,White,United States,United States,United States,English,No,Full-Time
66d8a39c4953d0bfa1bf1fc4,66b27c4bc143d54ea4957527,RETURNED,Not Applicable,2024-09-04T18:15:21.935000Z,,,2024-09-06T15:36:31.638492Z,,,23,CONSENT_REVOKED,CONSENT_REVOKED,CONSENT_REVOKED,CONSENT_REVOKED,CONSENT_REVOKED,CONSENT_REVOKED,CONSENT_REVOKED,CONSENT_REVOKED,CONSENT_REVOKED
66d8a39d3005ac2de8968726,66294cab168fcf0983e95f42,APPROVED,Not Applicable,2024-09-04T18:15:01.847000Z,2024-09-04T18:31:37.596000Z,2024-09-06T15:35:45.565000Z,2024-09-04T18:31:38.427432Z,996.0,75b53a55e8,164,54,Female,White,United States,United States,United States,English,No,DATA_EXPIRED
66d8a39de78336f603549753,6097df29627983c44c5b9832,RETURNED,Not Applicable,2024-09-04T18:15:02.142000Z,,,2024-09-06T15:36:31.641654Z,,,694,CONSENT_REVOKED,CONSENT_REVOKED,CONSENT_REVOKED,CONSENT_REVOKED,CONSENT_REVOKED,CONSENT_REVOKED,CONSENT_REVOKED,CONSENT_REVOKED,CONSENT_REVOKED
66d8a3a25927ffdb06ba827a,66be5a0bac05afc9b93a37e2,APPROVED,Not Applicable,2024-09-04T18:15:07.210000Z,2024-09-04T18:40:28.932000Z,2024-09-06T15:35:46.343000Z,2024-09-04T18:40:29.568748Z,1522.0,75b53a55e8,3,40,Female,Black,United States,United States,United States,English,Yes,Part-Time
66d8a3a8e0f50fd64cbebc20,6293c7cef1af3c7badc3e25b,APPROVED,Not Applicable,2024-09-04T18:15:09.750000Z,2024-09-04T18:22:58.662000Z,2024-09-06T15:35:47.038000Z,2024-09-04T18:22:59.291529Z,469.0,75b53a55e8,1387,30,Male,White,United States,United States,United States,English,No,Unemployed (and job seeking)
66d8a3b00dba0fafaf4706e1,610064cd25c1c2ed6fa9b925,APPROVED,Not Applicable,2024-09-04T18:15:21.603000Z,2024-09-04T18:22:31.557000Z,2024-09-06T15:35:47.736000Z,2024-09-04T18:22:32.169938Z,430.0,75b53a55e8,2071,21,Female,White,United States,United States,United States,English,Yes,Full-Time
66d8a3b09225ea2860aa5067,614e35b2138b395a5410d87a,APPROVED,Not Applicable,2024-09-04T18:15:25.377000Z,2024-09-04T18:23:44.403000Z,2024-09-06T15:35:48.200000Z,2024-09-04T18:26:21.225329Z,500.0,75b53a55e8,4242,44,Male,White,United States,United States,United States,English,No,Full-Time
66d8a3b38a8c2014b1624d9e,6637fc287f16270ca8025b20,APPROVED,Not Applicable,2024-09-04T18:15:23.199000Z,2024-09-04T18:24:01.228000Z,2024-09-06T15:35:48.883000Z,2024-09-04T18:26:28.128139Z,519.0,75b53a55e8,331,30,Male,Asian,United States,United States,Korea,English,No,Unemployed (and job seeking)
66d8a3b442bf6beb7b744f50,638a8d01f30315f8cfe73670,RETURNED,Not Applicable,2024-09-04T18:15:24.483000Z,,,2024-09-06T15:36:31.643950Z,,,1289,CONSENT_REVOKED,CONSENT_REVOKED,CONSENT_REVOKED,CONSENT_REVOKED,CONSENT_REVOKED,CONSENT_REVOKED,CONSENT_REVOKED,CONSENT_REVOKED,CONSENT_REVOKED
66d8a3b8a8fbe174cb8506fe,6109a2dbe566411f860e302a,APPROVED,Not Applicable,2024-09-04T18:15:26.393000Z,2024-09-04T18:20:42.257000Z,2024-09-06T15:35:49.349000Z,2024-09-04T18:20:42.772673Z,316.0,75b53a55e8,257,28,Female,White,United States,United States,United States,English,No,Full-Time
66d8a3b9e329382ef454d618,5e2610aad15fdb000c054503,APPROVED,Not Applicable,2024-09-04T18:15:26.528000Z,2024-09-04T18:21:51.398000Z,2024-09-06T15:35:50.037000Z,2024-09-04T18:21:51.969332Z,385.0,75b53a55e8,5612,60,Male,White,United States,United States,United States,English,No,Full-Time
66d8a3dae0757462e3c0723e,5c5fc0136467ac0001b80940,APPROVED,Not Applicable,2024-09-04T18:16:01.367000Z,2024-09-04T18:22:21.587000Z,2024-09-06T15:35:50.517000Z,2024-09-04T18:22:22.343736Z,381.0,75b53a55e8,2760,57,Female,White,United States,United States,United States,English,No,Full-Time
66d8a3dc9c0d12411998db56,5efaffccf90911000c95a3cb,RETURNED,Not Applicable,2024-09-04T18:16:04.174000Z,,,2024-09-06T15:36:31.646201Z,,,1685,CONSENT_REVOKED,CONSENT_REVOKED,CONSENT_REVOKED,CONSENT_REVOKED,CONSENT_REVOKED,CONSENT_REVOKED,CONSENT_REVOKED,CONSENT_REVOKED,CONSENT_REVOKED
66d8a3ed33a3ba23b809c4d5,6402618738abc106f32f8928,APPROVED,Not Applicable,2024-09-04T18:16:25.634000Z,2024-09-04T18:30:00.400000Z,2024-09-06T15:35:51.144000Z,2024-09-04T18:31:06.352890Z,815.0,75b53a55e8,1300,50,Female,White,United States,United States,United States,English,No,"Not in paid work (e.g. homemaker', 'retired or disabled)"
66d8a3f15927ffdb06ba828d,5d3b42ce4b10440018e51736,APPROVED,Not Applicable,2024-09-04T18:16:26.804000Z,2024-09-04T18:27:24.408000Z,2024-09-06T15:35:52.756000Z,2024-09-04T18:27:55.970613Z,658.0,75b53a55e8,295,27,Male,White,United States,United States,United States,English,DATA_EXPIRED,DATA_EXPIRED
66d8a655e863659174f12a3a,5ea0b664c2b7320a4aef95af,APPROVED,Not Applicable,2024-09-04T18:26:34.172000Z,2024-09-04T18:33:27.909000Z,2024-09-06T15:35:53.036000Z,2024-09-04T18:33:28.393972Z,414.0,75b53a55e8,1695,32,Male,White,United States,United States,United States,English,DATA_EXPIRED,DATA_EXPIRED
66d8b1cceebb810755d4f116,65c12143b109e591c2192ade,APPROVED,Not Applicable,2024-09-04T19:15:36.543000Z,2024-09-04T19:28:57.183000Z,2024-09-06T15:35:53.377000Z,2024-09-04T19:31:27.605467Z,801.0,75b53a55e8,639,39,Female,Black,United States,United States,United States,English,No,Full-Time
671016270999bca5ba5302b6,5f0cc2ab16b21216d946574c,APPROVED,Not Applicable,2024-10-16T19:38:23.467000Z,2024-10-16T19:47:18.704000Z,2024-10-16T20:39:33.196000Z,2024-10-16T19:47:19.306009Z,536.0,75b53a55e8,562,44,Female,White,United States,United States,United States,English,No,Part-Time
6710162850faa590f80d9822,5f504fd2cc049d1cbf29c40d,RETURNED,Not Applicable,2024-10-16T19:38:24.661000Z,,,2024-10-16T21:36:47.153485Z,,,8948,CONSENT_REVOKED,CONSENT_REVOKED,CONSENT_REVOKED,CONSENT_REVOKED,CONSENT_REVOKED,CONSENT_REVOKED,CONSENT_REVOKED,CONSENT_REVOKED,CONSENT_REVOKED
6710162aa03ec15bb8ab5dfd,5fba9fdd33207faa35f61df3,APPROVED,Not Applicable,2024-10-16T19:38:22.237000Z,2024-10-16T19:52:24.097000Z,2024-10-16T20:39:33.551000Z,2024-10-16T19:52:25.358636Z,842.0,75b53a55e8,2749,44,Male,Mixed,United States,United States,United States,English,No,Full-Time
6710162bbead7de13255b989,5c7298d08f31e7000161338d,APPROVED,Not Applicable,2024-10-16T19:43:55.941000Z,2024-10-16T19:52:04.929000Z,2024-10-16T20:39:33.943000Z,2024-10-16T19:52:05.587825Z,489.0,75b53a55e8,822,49,Female,DATA_EXPIRED,United States,United States,United States,English,DATA_EXPIRED,DATA_EXPIRED
6710162dd468d50ea5417ebd,62e029ff528ea30b4508eaf5,APPROVED,Not Applicable,2024-10-16T19:46:32.529000Z,2024-10-16T20:10:19.041000Z,2024-10-16T20:39:34.335000Z,2024-10-16T20:10:23.919149Z,1427.0,75b53a55e8,2227,22,Female,White,United States,United States,United States,English,No,DATA_EXPIRED
6710162e6ccd166268672bf9,5e5410f5be932e06384a03ec,APPROVED,Not Applicable,2024-10-16T19:43:48.353000Z,2024-10-16T19:51:45.106000Z,2024-10-16T20:39:34.785000Z,2024-10-16T19:51:45.813529Z,477.0,75b53a55e8,4961,33,Male,Asian,United States,United States,United States,English,No,DATA_EXPIRED
6710162e86be1b89cba843b2,66aa97f1b6f7b6d542d37218,RETURNED,Not Applicable,2024-10-16T19:38:30.855000Z,,,2024-10-16T21:36:47.144821Z,,,397,CONSENT_REVOKED,CONSENT_REVOKED,CONSENT_REVOKED,CONSENT_REVOKED,CONSENT_REVOKED,CONSENT_REVOKED,CONSENT_REVOKED,CONSENT_REVOKED,CONSENT_REVOKED
671016524f462d34ab784e72,6637dcb5afc87b4b36c8f94f,APPROVED,Not Applicable,2024-10-16T19:40:45.799000Z,2024-10-16T19:53:38.319000Z,2024-10-16T20:39:35.234000Z,2024-10-16T19:53:39.145436Z,773.0,75b53a55e8,634,34,Female,White,United States,United States,United States,English,DATA_EXPIRED,DATA_EXPIRED
6710170d50faa590f80d9870,6604567de774a31fa7fcd288,APPROVED,Not Applicable,2024-10-16T19:42:21.678000Z,2024-10-16T19:56:49.237000Z,2024-10-16T20:39:35.671000Z,2024-10-16T19:58:11.153929Z,868.0,75b53a55e8,1044,53,Female,White,France,United States,United States,French,DATA_EXPIRED,DATA_EXPIRED
67115ea596e0c4c992a8b479,647fbfa8a2c006cbd09a7166,RETURNED,Not Applicable,2024-10-17T18:59:56.714000Z,,,2024-10-23T15:11:53.877563Z,,,3582,CONSENT_REVOKED,CONSENT_REVOKED,CONSENT_REVOKED,CONSENT_REVOKED,CONSENT_REVOKED,CONSENT_REVOKED,CONSENT_REVOKED,CONSENT_REVOKED,CONSENT_REVOKED
67115f6de3c518b3b2e6c766,66f4461fe6cf2a459a3e7180,RETURNED,Not Applicable,2024-10-17T19:03:22.807000Z,,,2024-10-23T15:11:53.777861Z,,,154,CONSENT_REVOKED,CONSENT_REVOKED,CONSENT_REVOKED,CONSENT_REVOKED,CONSENT_REVOKED,CONSENT_REVOKED,CONSENT_REVOKED,CONSENT_REVOKED,CONSENT_REVOKED
67115f8870c37aaf7ea5f373,66fb5dbbfffcf7fe83693721,APPROVED,Not Applicable,2024-10-17T19:03:49.308000Z,2024-10-17T19:33:02.560000Z,2024-10-22T17:47:36.888000Z,2024-10-17T19:34:50.159013Z,1754.0,75b53a55e8,20,27,Female,White,United States,United States,United States,English,DATA_EXPIRED,DATA_EXPIRED
6719143e6173d0f5e0807f88,667871d17d7fdf0358f82a28,RETURNED,Not Applicable,2024-10-23T15:20:43.918000Z,,,2024-10-28T15:16:17.220771Z,,,793,CONSENT_REVOKED,CONSENT_REVOKED,CONSENT_REVOKED,CONSENT_REVOKED,CONSENT_REVOKED,CONSENT_REVOKED,CONSENT_REVOKED,CONSENT_REVOKED,CONSENT_REVOKED
67191483e59d3d7d850871cd,5ed9c3054268815691ed0e2c,RETURNED,Not Applicable,2024-10-23T15:32:00.064000Z,,,2024-10-28T15:16:17.220777Z,,,836,CONSENT_REVOKED,CONSENT_REVOKED,CONSENT_REVOKED,CONSENT_REVOKED,CONSENT_REVOKED,CONSENT_REVOKED,CONSENT_REVOKED,CONSENT_REVOKED,CONSENT_REVOKED
671916f1797870d7a2418f67,66d8ada7113ad93831087b25,RETURNED,Not Applicable,2024-10-23T15:35:29.169000Z,,,2024-10-28T15:16:17.221729Z,,,268,CONSENT_REVOKED,CONSENT_REVOKED,CONSENT_REVOKED,CONSENT_REVOKED,CONSENT_REVOKED,CONSENT_REVOKED,CONSENT_REVOKED,CONSENT_REVOKED,CONSENT_REVOKED
67191c8fe9b8f7f441f3deb7,66f6e789e3459a85f05735bc,APPROVED,Not Applicable,2024-10-23T15:56:40.138000Z,2024-10-23T16:08:56.856000Z,2024-10-28T14:53:36.882000Z,2024-10-23T16:09:27.987578Z,737.0,75b53a55e8,187,37,Male,White,United States,United States,United States,English,No,Part-Time
