Submission id,Participant id,Status,Custom study tncs accepted at,Started at,Completed at,Reviewed at,Archived at,Time taken,Completion code,Total approvals,Age,Sex,Ethnicity simplified,Country of birth,Country of residence,Nationality,Language,Student status,Employment status
6761c7df4e755a645d3b0f64,676075b239ecd75c3dd24940,RETURNED,Not Applicable,2024-12-17T18:50:15.951000Z,,,2025-01-23T16:26:25.200561Z,,,157,CONSENT_REVOKED,CONSENT_REVOKED,CONSENT_REVOKED,CONSENT_REVOKED,CONSENT_REVOKED,CONSENT_REVOKED,CONSENT_REVOKED,CONSENT_REVOKED,CONSENT_REVOKED
6761c85e4b408c45d34e9057,674611c38c6513df088f057c,RETURNED,Not Applicable,2024-12-17T18:52:19.809000Z,,,2025-01-23T16:26:25.298947Z,,,110,CONSENT_REVOKED,CONSENT_REVOKED,CONSENT_REVOKED,CONSENT_REVOKED,CONSENT_REVOKED,CONSENT_REVOKED,CONSENT_REVOKED,CONSENT_REVOKED,CONSENT_REVOKED
6761c86501d9a53b17f32403,670d7c93f7e013eca9fb60e1,APPROVED,Not Applicable,2024-12-17T18:52:29.658000Z,2024-12-17T19:26:22.007000Z,2025-01-07T11:45:42.017000Z,2024-12-17T19:26:22.542106Z,2033.0,75b53a55e8,221,43,Female,White,United States,United States,United States,English,DATA_EXPIRED,Full-Time
6761c86a2d5d9ee185627df1,63179fe6d8b52834c9c8f5f7,APPROVED,Not Applicable,2024-12-17T18:52:35.848000Z,2024-12-17T19:11:52.633000Z,2025-01-07T11:45:42.369000Z,2024-12-17T19:11:59.367689Z,1157.0,75b53a55e8,2330,23,Male,White,United States,United States,United States,English,DATA_EXPIRED,DATA_EXPIRED
6761c86bd456632356d473fe,674630de2a080d75abfa64d0,APPROVED,Not Applicable,2024-12-17T18:52:33.582000Z,2024-12-17T19:04:23.767000Z,2025-01-07T11:45:42.713000Z,2024-12-17T19:04:24.504472Z,711.0,75b53a55e8,20,29,Female,White,United States,United States,United States,English,Yes,DATA_EXPIRED
6761c8e9332d8866784425be,65df2de609c7b2cf20308fe7,APPROVED,Not Applicable,2024-12-17T18:54:39.428000Z,2024-12-17T19:20:35.077000Z,2025-01-07T11:45:43.110000Z,2024-12-17T19:20:36.017858Z,1556.0,75b53a55e8,361,31,Female,Black,Ghana,United States,United States,English,Yes,Full-Time
6761c9751d97ca25059700a7,668c49184e744024596303e9,APPROVED,Not Applicable,2024-12-17T18:57:00.385000Z,2024-12-17T19:32:06.291000Z,2025-01-07T11:45:43.448000Z,2024-12-17T19:34:07.692324Z,2106.0,75b53a55e8,149,40,Male,White,United States,United States,United States,English,No,Full-Time
677eb7e76f404ecb80de83e1,67781725e6aed7d8f5c370e5,REJECTED,Not Applicable,2025-01-08T17:37:49.465000Z,2025-01-08T17:50:02.111000Z,2025-01-21T17:29:30.594000Z,2025-01-23T16:26:25.169998Z,733.0,NOCODE,46,CONSENT_REVOKED,CONSENT_REVOKED,CONSENT_REVOKED,CONSENT_REVOKED,CONSENT_REVOKED,CONSENT_REVOKED,CONSENT_REVOKED,CONSENT_REVOKED,CONSENT_REVOKED
677eb834fd2303a46870f435,65c017a404cde4687fdad22e,APPROVED,Not Applicable,2025-01-08T17:39:09.143000Z,2025-01-08T17:58:53.040000Z,2025-01-10T20:28:01.506000Z,2025-01-08T17:58:54.431123Z,1184.0,75b53a55e8,2254,67,Male,White,United States,United States,United States,English,No,"Not in paid work (e.g. homemaker', 'retired or disabled)"
677eb86c5a82422e6687e820,664502f636c5bc96a3e056cd,RETURNED,Not Applicable,2025-01-08T17:40:02.640000Z,,,2025-01-23T16:26:25.266479Z,,,513,CONSENT_REVOKED,CONSENT_REVOKED,CONSENT_REVOKED,CONSENT_REVOKED,CONSENT_REVOKED,CONSENT_REVOKED,CONSENT_REVOKED,CONSENT_REVOKED,CONSENT_REVOKED
677eb896aa468c0e4e1f4485,6772f1b9c7d8eee59166ece4,RETURNED,Not Applicable,2025-01-08T17:40:51.029000Z,,,2025-01-23T16:26:25.203842Z,,,70,CONSENT_REVOKED,CONSENT_REVOKED,CONSENT_REVOKED,CONSENT_REVOKED,CONSENT_REVOKED,CONSENT_REVOKED,CONSENT_REVOKED,CONSENT_REVOKED,CONSENT_REVOKED
677eb898bddda41006a3a2fa,67463322603295a69ddbfe9d,RETURNED,Not Applicable,2025-01-08T17:49:35.278000Z,,,2025-01-23T16:26:25.438184Z,,,98,CONSENT_REVOKED,CONSENT_REVOKED,CONSENT_REVOKED,CONSENT_REVOKED,CONSENT_REVOKED,CONSENT_REVOKED,CONSENT_REVOKED,CONSENT_REVOKED,CONSENT_REVOKED
677eb89c4dc3fdfce0334d48,5d63867550d0dd0017805976,APPROVED,Not Applicable,2025-01-08T17:40:44.209000Z,2025-01-08T18:00:56.705000Z,2025-01-10T20:28:01.878000Z,2025-01-08T18:00:59.106953Z,1213.0,75b53a55e8,7712,41,Male,White,United States,United States,United States,English,No,DATA_EXPIRED
677eb8b76f404ecb80de840d,600db78b56935a5dd8c759b3,RETURNED,Not Applicable,2025-01-08T17:41:17.216000Z,,,2025-01-23T16:26:25.294787Z,,,3353,CONSENT_REVOKED,CONSENT_REVOKED,CONSENT_REVOKED,CONSENT_REVOKED,CONSENT_REVOKED,CONSENT_REVOKED,CONSENT_REVOKED,CONSENT_REVOKED,CONSENT_REVOKED
677eb8bb8761c0d88cf8f84d,6720f4ced2a11d4e702566fa,RETURNED,Not Applicable,2025-01-08T17:41:20.839000Z,,,2025-01-23T16:26:25.381557Z,,,471,CONSENT_REVOKED,CONSENT_REVOKED,CONSENT_REVOKED,CONSENT_REVOKED,CONSENT_REVOKED,CONSENT_REVOKED,CONSENT_REVOKED,CONSENT_REVOKED,CONSENT_REVOKED
677eb8bfd5a598a914715d0b,676abe951deb9ff1c76eeecf,RETURNED,Not Applicable,2025-01-08T17:41:32.579000Z,,,2025-01-23T16:26:25.506215Z,,,39,CONSENT_REVOKED,CONSENT_REVOKED,CONSENT_REVOKED,CONSENT_REVOKED,CONSENT_REVOKED,CONSENT_REVOKED,CONSENT_REVOKED,CONSENT_REVOKED,CONSENT_REVOKED
677eb8e8b6c6fced6f715d71,66b0d717c6ac1da7b1aeaeee,APPROVED,Not Applicable,2025-01-08T17:42:07.714000Z,2025-01-08T18:11:34.996000Z,2025-01-10T20:28:02.546000Z,2025-01-08T18:11:35.599125Z,1768.0,75b53a55e8,526,29,Female,White,United States,United States,United States,English,DATA_EXPIRED,DATA_EXPIRED
677eb8ed6a3b2979059a3e7c,6752f562ce6c53d96c7602fa,RETURNED,Not Applicable,2025-01-08T17:44:51.094000Z,,,2025-01-23T16:26:25.395495Z,,,45,CONSENT_REVOKED,CONSENT_REVOKED,CONSENT_REVOKED,CONSENT_REVOKED,CONSENT_REVOKED,CONSENT_REVOKED,CONSENT_REVOKED,CONSENT_REVOKED,CONSENT_REVOKED
677eb8f255c9958353717289,6687a66faa865642f33dc043,APPROVED,Not Applicable,2025-01-08T17:42:29.196000Z,2025-01-08T17:58:54.931000Z,2025-01-10T20:28:02.775000Z,2025-01-08T17:58:56.176875Z,986.0,75b53a55e8,585,23,Female,Black,United States,United States,United States,English,No,Part-Time
677eb90f1a64230eba87c879,674dd29faa59f8f9a0edc329,RETURNED,Not Applicable,2025-01-08T17:42:55.819000Z,,,2025-01-23T16:26:25.408442Z,,,204,CONSENT_REVOKED,CONSENT_REVOKED,CONSENT_REVOKED,CONSENT_REVOKED,CONSENT_REVOKED,CONSENT_REVOKED,CONSENT_REVOKED,CONSENT_REVOKED,CONSENT_REVOKED
677eb91c8b1ad213fba553d7,677d77bf768aa94486756d99,APPROVED,Not Applicable,2025-01-08T17:43:11.941000Z,2025-01-08T17:55:18.706000Z,2025-01-10T20:28:03.018000Z,2025-01-08T17:55:19.423630Z,727.0,75b53a55e8,10,41,Female,White,United States,United States,United States,English,No,DATA_EXPIRED
677eb92302e9c6dffda30f75,5f7783016ee66e2d3333b7f8,APPROVED,Not Applicable,2025-01-08T17:43:03.596000Z,2025-01-08T17:56:12.348000Z,2025-01-10T20:28:03.236000Z,2025-01-08T17:56:15.491843Z,789.0,75b53a55e8,1541,35,Male,White,United States,United States,United States,English,No,Part-Time
677eb9264c8d21e435bab847,67793f4e82f7b564300a0efc,RETURNED,Not Applicable,2025-01-08T17:43:17.836000Z,,,2025-01-23T16:26:25.489795Z,,,39,CONSENT_REVOKED,CONSENT_REVOKED,CONSENT_REVOKED,CONSENT_REVOKED,CONSENT_REVOKED,CONSENT_REVOKED,CONSENT_REVOKED,CONSENT_REVOKED,CONSENT_REVOKED
677eb93b0b9005b7b3c2c5cf,663bdaa8efe54667f41a46ca,RETURNED,Not Applicable,2025-01-08T17:43:38.959000Z,,,2025-01-23T16:26:25.536966Z,,,1050,CONSENT_REVOKED,CONSENT_REVOKED,CONSENT_REVOKED,CONSENT_REVOKED,CONSENT_REVOKED,CONSENT_REVOKED,CONSENT_REVOKED,CONSENT_REVOKED,CONSENT_REVOKED
677eb93c6dc6b4f794e6a31e,676588fc1b7dab53b92eb251,RETURNED,Not Applicable,2025-01-08T17:43:24.472000Z,2025-01-08T17:51:38.289000Z,,2025-01-23T16:26:25.480708Z,,NOCODE,86,CONSENT_REVOKED,CONSENT_REVOKED,CONSENT_REVOKED,CONSENT_REVOKED,CONSENT_REVOKED,CONSENT_REVOKED,CONSENT_REVOKED,CONSENT_REVOKED,CONSENT_REVOKED
677eb9584e5b1a571a3ebae3,6643cde3471e61890ff943ae,RETURNED,Not Applicable,2025-01-08T17:44:00.288000Z,,,2025-01-23T16:26:25.534360Z,,,704,CONSENT_REVOKED,CONSENT_REVOKED,CONSENT_REVOKED,CONSENT_REVOKED,CONSENT_REVOKED,CONSENT_REVOKED,CONSENT_REVOKED,CONSENT_REVOKED,CONSENT_REVOKED
677eb96cf936d592dfd269ec,677ced943aa45e7ae2c3d18d,TIMED-OUT,Not Applicable,2025-01-08T17:44:28.308000Z,,,2025-01-23T16:26:25.521321Z,1291318.0,,6,24,Male,Black,Ghana,United States,United States,English,No,Full-Time
677eb96e85ba793b3435eedd,669d5e01896ecc94577272cf,APPROVED,Not Applicable,2025-01-08T17:44:21.535000Z,2025-01-08T18:08:00.249000Z,2025-01-10T20:28:03.452000Z,2025-01-08T18:08:22.706570Z,1419.0,75b53a55e8,742,43,Female,Black,United States,United States,United States,English,No,Full-Time
677eb971b8de28d53de0c3f6,6747c26c064107c17b4569ef,APPROVED,Not Applicable,2025-01-08T17:45:44.052000Z,2025-01-08T17:55:31.602000Z,2025-01-10T20:28:03.702000Z,2025-01-08T17:55:33.034063Z,588.0,75b53a55e8,13,25,Male,Black,Ghana,United States,United States,English,No,Full-Time
677eb9742bfbe455c44643a5,5ec62902bb44c16b842128f9,RETURNED,Not Applicable,2025-01-08T17:44:27.159000Z,,,2025-01-23T16:26:25.596315Z,,,7306,CONSENT_REVOKED,CONSENT_REVOKED,CONSENT_REVOKED,CONSENT_REVOKED,CONSENT_REVOKED,CONSENT_REVOKED,CONSENT_REVOKED,CONSENT_REVOKED,CONSENT_REVOKED
677eb9882754abccaef6617a,66d9edfb2b46f520118ea289,RETURNED,Not Applicable,2025-01-08T17:44:45.700000Z,,,2025-01-23T16:26:25.685878Z,,,334,CONSENT_REVOKED,CONSENT_REVOKED,CONSENT_REVOKED,CONSENT_REVOKED,CONSENT_REVOKED,CONSENT_REVOKED,CONSENT_REVOKED,CONSENT_REVOKED,CONSENT_REVOKED
677eb98b55c99583537172aa,673a20ec79be4e6f4fe9b357,RETURNED,Not Applicable,2025-01-08T17:45:04.726000Z,,,2025-01-23T16:26:25.724428Z,,,97,CONSENT_REVOKED,CONSENT_REVOKED,CONSENT_REVOKED,CONSENT_REVOKED,CONSENT_REVOKED,CONSENT_REVOKED,CONSENT_REVOKED,CONSENT_REVOKED,CONSENT_REVOKED
677eb98d88569e8ffcad5fd0,5f47f22f86d7cb25669dd9eb,APPROVED,Not Applicable,2025-01-08T17:44:50.545000Z,2025-01-08T17:58:45.688000Z,2025-01-10T20:28:03.962000Z,2025-01-08T17:58:48.907590Z,836.0,75b53a55e8,274,30,Female,White,United States,United States,United States,English,No,DATA_EXPIRED
677eb999cbe86ff8992a57ef,6775b462558dae7ca947ba12,RETURNED,Not Applicable,2025-01-08T17:45:10.777000Z,,,2025-01-23T16:26:25.547935Z,,,66,CONSENT_REVOKED,CONSENT_REVOKED,CONSENT_REVOKED,CONSENT_REVOKED,CONSENT_REVOKED,CONSENT_REVOKED,CONSENT_REVOKED,CONSENT_REVOKED,CONSENT_REVOKED
677eb99a1a64230eba87c89e,67619f40465fdf55ab1e8f93,RETURNED,Not Applicable,2025-01-08T17:44:58.438000Z,,,2025-01-23T16:26:25.658629Z,,,136,CONSENT_REVOKED,CONSENT_REVOKED,CONSENT_REVOKED,CONSENT_REVOKED,CONSENT_REVOKED,CONSENT_REVOKED,CONSENT_REVOKED,CONSENT_REVOKED,CONSENT_REVOKED
677eb9b9e16e6bc52ae8711c,66464711c6986686ce7a99ec,APPROVED,Not Applicable,2025-01-08T17:45:36.790000Z,2025-01-08T18:05:51.674000Z,2025-01-10T20:28:04.199000Z,2025-01-08T18:08:02.199063Z,1215.0,75b53a55e8,956,34,Female,White,United States,United States,United States,English,No,DATA_EXPIRED
677eb9be70a9fcb20dc55926,5de9d78ebe656d10e1a26af6,APPROVED,Not Applicable,2025-01-08T17:46:05.367000Z,2025-01-08T18:01:17.364000Z,2025-01-10T20:28:04.443000Z,2025-01-08T18:01:18.034275Z,912.0,75b53a55e8,2248,52,Female,White,United States,United States,United States,English,DATA_EXPIRED,DATA_EXPIRED
677eb9c1dffc85ff65ad47c9,672e843d2e4f62c31277fbcb,APPROVED,Not Applicable,2025-01-08T17:48:04.847000Z,2025-01-08T17:58:36.474000Z,2025-01-10T20:28:04.701000Z,2025-01-08T17:58:41.269379Z,632.0,75b53a55e8,183,19,Male,Mixed,United States,United States,United States,English,Yes,Unemployed (and job seeking)
677eb9d0d7ff332b9b8131b2,676ed20fc5d67b8d23095a61,RETURNED,Not Applicable,2025-01-08T17:45:59.247000Z,,,2025-01-23T16:26:25.688746Z,,,73,CONSENT_REVOKED,CONSENT_REVOKED,CONSENT_REVOKED,CONSENT_REVOKED,CONSENT_REVOKED,CONSENT_REVOKED,CONSENT_REVOKED,CONSENT_REVOKED,CONSENT_REVOKED
677eb9d464e4453daf5faed8,66a172f44449cd36fe74120a,APPROVED,Not Applicable,2025-01-08T17:49:22.628000Z,2025-01-08T18:03:07.181000Z,2025-01-10T20:28:04.922000Z,2025-01-08T18:03:08.015173Z,825.0,75b53a55e8,475,27,Male,White,United States,United States,Puerto Rico,English,No,Full-Time
677eb9d7406a3c534bf2dbea,673bd37f8c925b943e1b5007,APPROVED,Not Applicable,2025-01-08T17:46:05.014000Z,2025-01-08T17:54:29.245000Z,2025-01-10T20:28:05.388000Z,2025-01-08T17:54:29.851010Z,505.0,75b53a55e8,122,24,Female,Asian,United States,United States,United States,English,Yes,DATA_EXPIRED
677eb9eb9a2496f3a7f67846,5be8dab5d153f500019ab320,TIMED-OUT,Not Applicable,2025-01-08T17:47:47.770000Z,,,2025-01-23T16:26:25.704374Z,1291119.0,,8332,50,Male,White,United States,United States,United States,English,DATA_EXPIRED,DATA_EXPIRED
677eb9f4c4f2562df1904567,6776d38ef12bf468c401d35e,RETURNED,Not Applicable,2025-01-08T17:46:48.135000Z,,,2025-01-23T16:26:25.868126Z,,,60,CONSENT_REVOKED,CONSENT_REVOKED,CONSENT_REVOKED,CONSENT_REVOKED,CONSENT_REVOKED,CONSENT_REVOKED,CONSENT_REVOKED,CONSENT_REVOKED,CONSENT_REVOKED
677eb9f5a9a96fdc64142436,673bcba8bcf768ce9f5592b2,APPROVED,Not Applicable,2025-01-08T17:46:35.435000Z,2025-01-08T17:55:42.648000Z,2025-01-10T20:28:05.618000Z,2025-01-08T17:55:46.824412Z,548.0,75b53a55e8,219,20,Female,White,United States,United States,United States,English,Yes,Unemployed (and job seeking)
677eb9ffd4b4156299374039,6684b2669be52f65a6d6fe79,APPROVED,Not Applicable,2025-01-08T17:46:43.834000Z,2025-01-08T17:57:48.714000Z,2025-01-10T20:28:05.854000Z,2025-01-08T17:57:57.885465Z,665.0,75b53a55e8,9,38,Male,Asian,United States,United States,United States,English,No,Full-Time
677eba01cd77deb20f8cd9dd,6737b26e49c708c7e5c72d50,RETURNED,Not Applicable,2025-01-08T17:46:50.587000Z,,,2025-01-23T16:26:25.858986Z,,,51,CONSENT_REVOKED,CONSENT_REVOKED,CONSENT_REVOKED,CONSENT_REVOKED,CONSENT_REVOKED,CONSENT_REVOKED,CONSENT_REVOKED,CONSENT_REVOKED,CONSENT_REVOKED
677eba09b7349fea16c55896,57fc5ae8b80310000163ec1e,APPROVED,Not Applicable,2025-01-08T17:46:57.030000Z,2025-01-08T18:13:46.612000Z,2025-01-10T20:28:06.071000Z,2025-01-08T18:13:47.238313Z,1610.0,75b53a55e8,721,30,Female,White,United States,United States,United States,English,No,Unemployed (and job seeking)
677eba0b597d374b0ae8f678,677180f70e024d29940222d9,APPROVED,Not Applicable,2025-01-08T17:47:17.165000Z,2025-01-08T18:27:49.675000Z,2025-01-10T20:28:06.327000Z,2025-01-08T18:27:50.380271Z,2433.0,75b53a55e8,27,39,Female,White,United States,United States,United States,English,No,DATA_EXPIRED
677eba0bc61b06355172497c,673d0434aaaed8a6046ae655,RETURNED,Not Applicable,2025-01-08T17:47:05.809000Z,,,2025-01-23T16:26:25.733184Z,,,272,CONSENT_REVOKED,CONSENT_REVOKED,CONSENT_REVOKED,CONSENT_REVOKED,CONSENT_REVOKED,CONSENT_REVOKED,CONSENT_REVOKED,CONSENT_REVOKED,CONSENT_REVOKED
677eba0dc18b61dd65d7f3d9,55b2d3f2fdf99b525bc839aa,APPROVED,Not Applicable,2025-01-08T17:47:02.073000Z,2025-01-08T18:07:11.647000Z,2025-01-10T20:28:06.550000Z,2025-01-08T18:08:15.831270Z,1210.0,75b53a55e8,4745,37,Male,DATA_EXPIRED,United States,United States,United States,English,DATA_EXPIRED,DATA_EXPIRED
677eba0fd08c70b352d4a65c,671c1279b3833d369b3a5531,APPROVED,Not Applicable,2025-01-08T17:47:06.039000Z,2025-01-08T18:14:50.413000Z,2025-01-10T20:28:06.793000Z,2025-01-08T18:14:51.259149Z,1665.0,75b53a55e8,270,30,Male,Black,Ghana,United States,United States,English,DATA_EXPIRED,DATA_EXPIRED
677eba11f8b9e4157204b966,673e3eec9d1cbf46b36096b5,APPROVED,Not Applicable,2025-01-08T17:47:03.932000Z,2025-01-08T18:02:34.011000Z,2025-01-10T20:28:07.060000Z,2025-01-08T18:02:35.980427Z,931.0,75b53a55e8,117,72,Female,White,United States,United States,United States,English,No,DATA_EXPIRED
677eba12515bb4ee59549e30,6728f5ec00fdb965e4381703,RETURNED,Not Applicable,2025-01-08T17:47:03.270000Z,,,2025-01-23T16:26:25.771910Z,,,137,CONSENT_REVOKED,CONSENT_REVOKED,CONSENT_REVOKED,CONSENT_REVOKED,CONSENT_REVOKED,CONSENT_REVOKED,CONSENT_REVOKED,CONSENT_REVOKED,CONSENT_REVOKED
677eba13ec544007c31df174,671164a6c92b4c347039032b,APPROVED,Not Applicable,2025-01-08T17:47:30.324000Z,2025-01-08T18:03:37.512000Z,2025-01-10T20:28:07.322000Z,2025-01-08T18:03:38.139994Z,968.0,75b53a55e8.,127,26,Male,White,United States,United States,United States,English,No,Full-Time
677eba1464e4453daf5faeea,6554d544abc4fe9a127c9d02,RETURNED,Not Applicable,2025-01-08T17:47:05.037000Z,,,2025-01-23T16:26:25.845015Z,,,462,CONSENT_REVOKED,CONSENT_REVOKED,CONSENT_REVOKED,CONSENT_REVOKED,CONSENT_REVOKED,CONSENT_REVOKED,CONSENT_REVOKED,CONSENT_REVOKED,CONSENT_REVOKED
677eba14d7ff332b9b8131c7,671a8818f4fadd792b5a0b15,TIMED-OUT,Not Applicable,2025-01-08T17:47:50.822000Z,,,2025-01-23T16:26:25.823611Z,1291116.0,,304,22,Female,Mixed,Ghana,United States,United States,English,Yes,Part-Time
677eba150ea45dee457ab389,6759d21c1966d2edbdd5022c,RETURNED,Not Applicable,2025-01-08T17:47:11.956000Z,,,2025-01-23T16:26:25.991771Z,,,30,CONSENT_REVOKED,CONSENT_REVOKED,CONSENT_REVOKED,CONSENT_REVOKED,CONSENT_REVOKED,CONSENT_REVOKED,CONSENT_REVOKED,CONSENT_REVOKED,CONSENT_REVOKED
677eba16c007897b3d60e118,5bef41fa54277d000114d6ad,APPROVED,Not Applicable,2025-01-08T17:52:59.722000Z,2025-01-08T18:10:29.358000Z,2025-01-10T20:28:07.559000Z,2025-01-08T18:10:30.032267Z,1050.0,75b53a55e8,7170,28,Male,White,United States,United States,United States,English,Yes,DATA_EXPIRED
677eba178b1ad213fba55427,614f6bad672ef7cf5ecfd965,APPROVED,Not Applicable,2025-01-08T17:47:03.840000Z,2025-01-08T18:03:33.258000Z,2025-01-10T20:28:07.804000Z,2025-01-08T18:03:33.960561Z,990.0,75b53a55e8,8270,67,Male,White,United States,United States,United States,English,No,Full-Time
677eba17c51fc8db7919f87b,6732452df8b672cf9708cb26,RETURNED,Not Applicable,2025-01-08T17:47:23.947000Z,,,2025-01-23T16:26:26.039386Z,,,184,CONSENT_REVOKED,CONSENT_REVOKED,CONSENT_REVOKED,CONSENT_REVOKED,CONSENT_REVOKED,CONSENT_REVOKED,CONSENT_REVOKED,CONSENT_REVOKED,CONSENT_REVOKED
677eba18207f4228bbad4750,66996739e8362223081521f3,APPROVED,Not Applicable,2025-01-08T17:47:42.833000Z,2025-01-08T18:05:22.682000Z,2025-01-10T20:28:08.033000Z,2025-01-08T18:05:23.383932Z,1060.0,75b53a55e8,219,43,Female,White,United States,United States,United States,English,No,Part-Time
677eba184f666dd870c5866e,636900dbc65a1b361be8e82f,RETURNED,Not Applicable,2025-01-08T17:47:16.696000Z,,,2025-01-23T16:26:25.883441Z,,,3447,CONSENT_REVOKED,CONSENT_REVOKED,CONSENT_REVOKED,CONSENT_REVOKED,CONSENT_REVOKED,CONSENT_REVOKED,CONSENT_REVOKED,CONSENT_REVOKED,CONSENT_REVOKED
677eba196610afd861fade3f,67416ea64c88ac3fef7353c3,RETURNED,Not Applicable,2025-01-08T17:47:33.809000Z,,,2025-01-23T16:26:25.964321Z,,,157,CONSENT_REVOKED,CONSENT_REVOKED,CONSENT_REVOKED,CONSENT_REVOKED,CONSENT_REVOKED,CONSENT_REVOKED,CONSENT_REVOKED,CONSENT_REVOKED,CONSENT_REVOKED
677eba19f1f0b8fcacff22e0,675507a33742537647d5b7a7,RETURNED,Not Applicable,2025-01-08T17:47:12.412000Z,2025-01-08T17:48:06.396000Z,,2025-01-23T16:26:26.023707Z,,NOCODE,125,CONSENT_REVOKED,CONSENT_REVOKED,CONSENT_REVOKED,CONSENT_REVOKED,CONSENT_REVOKED,CONSENT_REVOKED,CONSENT_REVOKED,CONSENT_REVOKED,CONSENT_REVOKED
677eba1a73b714cfb0e8f511,66d4793fd32d7ec0d959a4bb,RETURNED,Not Applicable,2025-01-08T17:47:15.903000Z,2025-01-08T17:49:59.692000Z,,2025-01-23T16:26:26.058136Z,,NOCODE,220,CONSENT_REVOKED,CONSENT_REVOKED,CONSENT_REVOKED,CONSENT_REVOKED,CONSENT_REVOKED,CONSENT_REVOKED,CONSENT_REVOKED,CONSENT_REVOKED,CONSENT_REVOKED
677eba1ac18b61dd65d7f3e5,6638fd5d9f31598eea27f38b,APPROVED,Not Applicable,2025-01-08T17:47:26.055000Z,2025-01-08T18:07:53.888000Z,2025-01-10T20:28:08.302000Z,2025-01-08T18:08:21.657873Z,1228.0,75b53a55e8.,804,57,Female,Black,United States,United States,United States,English,No,Full-Time
677eba1bb8de28d53de0c422,5d6ef023cfe0a400198f911e,RETURNED,Not Applicable,2025-01-08T17:47:12.411000Z,,,2025-01-23T16:26:26.062513Z,,,4855,CONSENT_REVOKED,CONSENT_REVOKED,CONSENT_REVOKED,CONSENT_REVOKED,CONSENT_REVOKED,CONSENT_REVOKED,CONSENT_REVOKED,CONSENT_REVOKED,CONSENT_REVOKED
677eba1ca9a96fdc6414243e,615de5ffd3c522eef3c49556,RETURNED,Not Applicable,2025-01-08T17:47:17.621000Z,,,2025-01-23T16:26:26.057540Z,,,2500,CONSENT_REVOKED,CONSENT_REVOKED,CONSENT_REVOKED,CONSENT_REVOKED,CONSENT_REVOKED,CONSENT_REVOKED,CONSENT_REVOKED,CONSENT_REVOKED,CONSENT_REVOKED
677eba1cb7349fea16c5589a,6740364a56d709880e2ff08e,RETURNED,Not Applicable,2025-01-08T17:47:54.823000Z,,,2025-01-23T16:26:26.279022Z,,,44,CONSENT_REVOKED,CONSENT_REVOKED,CONSENT_REVOKED,CONSENT_REVOKED,CONSENT_REVOKED,CONSENT_REVOKED,CONSENT_REVOKED,CONSENT_REVOKED,CONSENT_REVOKED
677eba1d5f21307667da1dda,5dda993086c886a06ce9108d,RETURNED,Not Applicable,2025-01-08T17:47:15.254000Z,,,2025-01-23T16:26:26.083186Z,,,8779,CONSENT_REVOKED,CONSENT_REVOKED,CONSENT_REVOKED,CONSENT_REVOKED,CONSENT_REVOKED,CONSENT_REVOKED,CONSENT_REVOKED,CONSENT_REVOKED,CONSENT_REVOKED
677eba1d83b5371ebb4e8505,654e3fca4ff8d33df725feae,APPROVED,Not Applicable,2025-01-08T17:47:09.862000Z,2025-01-08T18:06:27.791000Z,2025-01-10T20:28:08.547000Z,2025-01-08T18:08:09.584428Z,1158.0,75b53a55e8,2226,54,Female,White,United States,United States,United States,English,No,Unemployed (and job seeking)
677eba1e8c3e289b439a3eec,66f7467f97441c15fa3eada6,RETURNED,Not Applicable,2025-01-08T17:47:22.924000Z,,,2025-01-23T16:26:26.220585Z,,,724,CONSENT_REVOKED,CONSENT_REVOKED,CONSENT_REVOKED,CONSENT_REVOKED,CONSENT_REVOKED,CONSENT_REVOKED,CONSENT_REVOKED,CONSENT_REVOKED,CONSENT_REVOKED
677eba1f0205c2f102334dec,6722b825ac3ff9bc6b55e74a,APPROVED,Not Applicable,2025-01-08T17:47:59.255000Z,2025-01-08T18:01:47.748000Z,2025-01-10T20:28:08.766000Z,2025-01-08T18:01:49.937724Z,829.0,75b53a55e8,450,39,Male,White,United States,United States,United States,English,No,Full-Time
677eba20d75908f85fe90d1c,663a5e3f2d13106895ded4c4,APPROVED,Not Applicable,2025-01-08T17:47:16.384000Z,2025-01-08T17:58:49.484000Z,2025-01-10T20:28:08.992000Z,2025-01-08T17:58:51.893033Z,694.0,75b53a55e8,255,25,Male,White,United States,United States,United States,English,Yes,Unemployed (and job seeking)
677eba20f1f0b8fcacff22e3,6711386a879b837f56e8b1c9,RETURNED,Not Applicable,2025-01-08T17:47:53.646000Z,,,2025-01-23T16:26:26.163490Z,,,139,CONSENT_REVOKED,CONSENT_REVOKED,CONSENT_REVOKED,CONSENT_REVOKED,CONSENT_REVOKED,CONSENT_REVOKED,CONSENT_REVOKED,CONSENT_REVOKED,CONSENT_REVOKED
677eba214dc3fdfce0334da3,676bafa345e995be4d788ee9,APPROVED,Not Applicable,2025-01-08T17:47:20.771000Z,2025-01-08T18:40:37.457000Z,2025-01-10T20:28:09.248000Z,2025-01-08T18:40:38.033921Z,3197.0,75b53a55e8,26,22,Male,Asian,United States,United States,United States,English,No,Full-Time
677eba2237a3e8cb4c339098,5bd49bcc25db7b0001794063,APPROVED,Not Applicable,2025-01-08T17:49:23.094000Z,2025-01-08T18:24:10.246000Z,2025-01-10T20:28:09.478000Z,2025-01-08T18:24:11.051722Z,2088.0,75b53a55e8,783,35,Female,White,United States,United States,United States,English,No,Part-Time
677eba2266371b89be994707,677998c8a12513f6bb2f6fa7,RETURNED,Not Applicable,2025-01-08T17:47:41.845000Z,,,2025-01-23T16:26:26.120930Z,,,86,CONSENT_REVOKED,CONSENT_REVOKED,CONSENT_REVOKED,CONSENT_REVOKED,CONSENT_REVOKED,CONSENT_REVOKED,CONSENT_REVOKED,CONSENT_REVOKED,CONSENT_REVOKED
677eba24b1868d8b7b21bc2e,66eeda2bc7d6e9b92b4a81c0,APPROVED,Not Applicable,2025-01-08T17:49:05.877000Z,2025-01-08T18:45:34.793000Z,2025-01-10T20:28:09.721000Z,2025-01-08T18:45:35.593944Z,3389.0,75b53a55e8,401,39,Female,Black,United States,United States,United States,English,No,DATA_EXPIRED
677eba256d99dc7d832a3306,65419321636d71344c9f51a8,APPROVED,Not Applicable,2025-01-08T17:47:29.116000Z,2025-01-08T18:15:32.230000Z,2025-01-10T20:28:09.964000Z,2025-01-08T18:15:33.978520Z,1684.0,75b53a55e8,1735,76,Female,White,United States,United States,United States,English,DATA_EXPIRED,DATA_EXPIRED
677eba257759e770f05d0885,67653bcb5d6922608e008f55,RETURNED,Not Applicable,2025-01-08T17:47:26.943000Z,,,2025-01-23T16:26:26.287375Z,,,108,CONSENT_REVOKED,CONSENT_REVOKED,CONSENT_REVOKED,CONSENT_REVOKED,CONSENT_REVOKED,CONSENT_REVOKED,CONSENT_REVOKED,CONSENT_REVOKED,CONSENT_REVOKED
677eba26c51fc8db7919f885,676e905ae7bb3a8381c6cd1c,RETURNED,Not Applicable,2025-01-08T17:47:25.915000Z,,,2025-01-23T16:26:26.271475Z,,,80,CONSENT_REVOKED,CONSENT_REVOKED,CONSENT_REVOKED,CONSENT_REVOKED,CONSENT_REVOKED,CONSENT_REVOKED,CONSENT_REVOKED,CONSENT_REVOKED,CONSENT_REVOKED
677eba26d2761ea9943d262d,5db48b4d14dab8000de45fdf,APPROVED,Not Applicable,2025-01-08T17:47:26.600000Z,2025-01-08T18:02:16.024000Z,2025-01-10T20:28:10.233000Z,2025-01-08T18:02:16.772864Z,890.0,75b53a55e8,7246,48,Female,White,United States,United States,United States,English,No,DATA_EXPIRED
677eba2855e4a6f92bb5f665,6766ecf63a849b0fabf9755c,RETURNED,Not Applicable,2025-01-08T17:47:37.292000Z,,,2025-01-23T16:26:26.229159Z,,,93,CONSENT_REVOKED,CONSENT_REVOKED,CONSENT_REVOKED,CONSENT_REVOKED,CONSENT_REVOKED,CONSENT_REVOKED,CONSENT_REVOKED,CONSENT_REVOKED,CONSENT_REVOKED
677eba2888569e8ffcad5fff,66c69d6b3afa83a1ba517abc,TIMED-OUT,Not Applicable,2025-01-08T17:47:28.532000Z,,,2025-01-23T16:26:26.399287Z,1291138.0,,598,22,Female,White,United States,United States,United States,English,Yes,Full-Time
677eba29369e2918471f4548,673c71b65b6566a5629af380,APPROVED,Not Applicable,2025-01-08T17:47:31.387000Z,2025-01-08T18:26:52.789000Z,2025-01-10T20:28:10.453000Z,2025-01-08T18:26:53.360757Z,2362.0,75b53a55e8,25,27,Female,Black,Nigeria,United States,United States,English,DATA_EXPIRED,Full-Time
677eba29b4d1f0e88d374016,65a2bc0d60b1e46f4e1d3cc8,RETURNED,Not Applicable,2025-01-08T17:47:28.315000Z,,,2025-01-23T16:26:26.301916Z,,,1926,CONSENT_REVOKED,CONSENT_REVOKED,CONSENT_REVOKED,CONSENT_REVOKED,CONSENT_REVOKED,CONSENT_REVOKED,CONSENT_REVOKED,CONSENT_REVOKED,CONSENT_REVOKED
677eba2aa436ac59cafc08dd,57b359fb869234000179f236,RETURNED,Not Applicable,2025-01-08T17:47:32.687000Z,,,2025-01-23T16:26:26.387481Z,,,1546,CONSENT_REVOKED,CONSENT_REVOKED,CONSENT_REVOKED,CONSENT_REVOKED,CONSENT_REVOKED,CONSENT_REVOKED,CONSENT_REVOKED,CONSENT_REVOKED,CONSENT_REVOKED
677eba2bd08c70b352d4a664,58a43e029a17120001d910d5,APPROVED,Not Applicable,2025-01-08T17:47:32.370000Z,2025-01-08T18:04:31.170000Z,2025-01-10T20:28:10.690000Z,2025-01-08T18:04:32.807897Z,1019.0,75b53a55e8,9894,41,Female,White,United States,United States,United States,English,No,Full-Time
677eba2bf55f63a2f082e3ba,571a79cc6a1c6300134b8e28,APPROVED,Not Applicable,2025-01-08T17:47:29.675000Z,2025-01-08T18:14:50.328000Z,2025-01-10T20:28:10.936000Z,2025-01-08T18:14:51.292709Z,1641.0,75b53a55e8,2557,44,Female,White,United States,United States,United States,English,No,Part-Time
677eba2cc24a4fd6bdc77e76,663a268321d58a2c9f9699b9,RETURNED,Not Applicable,2025-01-08T17:47:36.568000Z,,,2025-01-23T16:26:26.330267Z,,,379,CONSENT_REVOKED,CONSENT_REVOKED,CONSENT_REVOKED,CONSENT_REVOKED,CONSENT_REVOKED,CONSENT_REVOKED,CONSENT_REVOKED,CONSENT_REVOKED,CONSENT_REVOKED
677eba2cd4b7e54839a3a30a,675859a57d713c913e0da201,RETURNED,Not Applicable,2025-01-08T17:47:48.810000Z,,,2025-01-23T16:26:26.369921Z,,,128,CONSENT_REVOKED,CONSENT_REVOKED,CONSENT_REVOKED,CONSENT_REVOKED,CONSENT_REVOKED,CONSENT_REVOKED,CONSENT_REVOKED,CONSENT_REVOKED,CONSENT_REVOKED
677eba2dd08c70b352d4a667,6747f1fd35a6c1bcf50c5e9d,RETURNED,Not Applicable,2025-01-08T17:47:31.920000Z,,,2025-01-23T16:26:26.394653Z,,,159,CONSENT_REVOKED,CONSENT_REVOKED,CONSENT_REVOKED,CONSENT_REVOKED,CONSENT_REVOKED,CONSENT_REVOKED,CONSENT_REVOKED,CONSENT_REVOKED,CONSENT_REVOKED
677eba2e515bb4ee59549e35,659595b3c61f611de029a25b,TIMED-OUT,Not Applicable,2025-01-08T17:48:40.599000Z,,,2025-01-23T16:26:26.496813Z,1291066.0,,734,39,Male,Black,United States,United States,United States,English,DATA_EXPIRED,DATA_EXPIRED
677eba2f730802ef788d053d,673ed880255f15b49aa84974,RETURNED,Not Applicable,2025-01-08T17:47:56.565000Z,,,2025-01-23T16:26:26.554964Z,,,141,CONSENT_REVOKED,CONSENT_REVOKED,CONSENT_REVOKED,CONSENT_REVOKED,CONSENT_REVOKED,CONSENT_REVOKED,CONSENT_REVOKED,CONSENT_REVOKED,CONSENT_REVOKED
677eba2fce2a24e72ac77f14,66a57cbc015a7ecc6e1751c8,RETURNED,Not Applicable,2025-01-08T17:47:44.548000Z,,,2025-01-23T16:26:26.413997Z,,,870,CONSENT_REVOKED,CONSENT_REVOKED,CONSENT_REVOKED,CONSENT_REVOKED,CONSENT_REVOKED,CONSENT_REVOKED,CONSENT_REVOKED,CONSENT_REVOKED,CONSENT_REVOKED
677eba30174e825d441e1645,60c25b6289c6ae2b40bcf2cb,APPROVED,Not Applicable,2025-01-08T17:47:37.351000Z,2025-01-08T18:03:42.548000Z,2025-01-10T20:28:11.168000Z,2025-01-08T18:03:43.297615Z,966.0,75b53a55e8,4892,33,Male,White,United States,United States,United States,English,DATA_EXPIRED,DATA_EXPIRED
677eba320ae1a6024305e8db,674e4050d991bcc633b3fe2a,RETURNED,Not Applicable,2025-01-08T17:47:38.375000Z,,,2025-01-23T16:26:26.496711Z,,,214,CONSENT_REVOKED,CONSENT_REVOKED,CONSENT_REVOKED,CONSENT_REVOKED,CONSENT_REVOKED,CONSENT_REVOKED,CONSENT_REVOKED,CONSENT_REVOKED,CONSENT_REVOKED
677eba32696ee5f269248eed,67217c9b294edb50f005d264,RETURNED,Not Applicable,2025-01-08T17:47:36.146000Z,,,2025-01-23T16:26:26.603890Z,,,446,CONSENT_REVOKED,CONSENT_REVOKED,CONSENT_REVOKED,CONSENT_REVOKED,CONSENT_REVOKED,CONSENT_REVOKED,CONSENT_REVOKED,CONSENT_REVOKED,CONSENT_REVOKED
677eba32e9cf9acff938e93a,677673dfeff23e4b3371ad51,APPROVED,Not Applicable,2025-01-08T17:48:44.624000Z,2025-01-08T18:33:35.918000Z,2025-01-10T20:28:11.418000Z,2025-01-08T18:33:36.958342Z,2692.0,75b53a55e8.,11,24,Male,Black,Kenya,United States,United States,English,No,DATA_EXPIRED
677eba3390c712fe28811324,62ffb36147e8cb67b697e5dd,APPROVED,Not Applicable,2025-01-08T17:47:38.466000Z,2025-01-08T17:58:14.887000Z,2025-01-10T20:28:11.692000Z,2025-01-08T17:58:23.451755Z,637.0,75b53a55e8,945,36,Male,White,United States,United States,United States,English,No,Full-Time
677eba34b1eca5faba4473cd,677ac92e6a182ae3bba642a2,APPROVED,Not Applicable,2025-01-08T17:47:41.109000Z,2025-01-08T17:58:07.105000Z,2025-01-10T20:28:11.996000Z,2025-01-08T17:58:17.378573Z,626.0,75b53a55e8,2,35,Male,White,United States,United States,United States,English,No,DATA_EXPIRED
677eba34fd2303a46870f4ad,6766ecabd922fb10f9cfc5cb,RETURNED,Not Applicable,2025-01-08T17:47:39.965000Z,,,2025-01-23T16:26:26.542015Z,,,87,CONSENT_REVOKED,CONSENT_REVOKED,CONSENT_REVOKED,CONSENT_REVOKED,CONSENT_REVOKED,CONSENT_REVOKED,CONSENT_REVOKED,CONSENT_REVOKED,CONSENT_REVOKED
677eba351376a88a391637fb,6773e4989ca0db6f8b78c625,RETURNED,Not Applicable,2025-01-08T17:47:40.059000Z,,,2025-01-23T16:26:26.610847Z,,,43,CONSENT_REVOKED,CONSENT_REVOKED,CONSENT_REVOKED,CONSENT_REVOKED,CONSENT_REVOKED,CONSENT_REVOKED,CONSENT_REVOKED,CONSENT_REVOKED,CONSENT_REVOKED
677eba352754abccaef661bc,675b96957f7273896f7430dd,APPROVED,Not Applicable,2025-01-08T17:48:10.620000Z,2025-01-08T18:29:47.144000Z,2025-01-10T20:28:12.278000Z,2025-01-08T18:29:49.954815Z,2497.0,75b53a55e8.,46,20,Male,White,United States,United States,United States,English,No,DATA_EXPIRED
677eba36c4937c10768b23c3,675079cad638051b48188d58,APPROVED,Not Applicable,2025-01-08T17:47:44.388000Z,2025-01-08T18:09:33.910000Z,2025-01-10T20:28:12.543000Z,2025-01-08T18:09:34.551615Z,1310.0,75b53a55e8,71,25,Male,Black,Ghana,United States,United States,English,Yes,Full-Time
677eba3764e4453daf5faef1,6752f0dba94feda2ea36e50a,RETURNED,Not Applicable,2025-01-08T17:47:51.792000Z,,,2025-01-23T16:26:26.615462Z,,,157,CONSENT_REVOKED,CONSENT_REVOKED,CONSENT_REVOKED,CONSENT_REVOKED,CONSENT_REVOKED,CONSENT_REVOKED,CONSENT_REVOKED,CONSENT_REVOKED,CONSENT_REVOKED
677eba37d2761ea9943d2635,63fceba525d21052bc1ee390,APPROVED,Not Applicable,2025-01-08T17:47:43.723000Z,2025-01-08T18:21:36.428000Z,2025-01-10T20:28:12.834000Z,2025-01-08T18:21:37.604161Z,2033.0,75b53a55e8,1534,67,Male,White,United States,United States,United States,English,No,Full-Time
677eba388b9ea20ad9f8d1a2,67499fd6df72ce4275c7cc91,RETURNED,Not Applicable,2025-01-08T17:47:47.845000Z,,,2025-01-23T16:26:26.604808Z,,,208,CONSENT_REVOKED,CONSENT_REVOKED,CONSENT_REVOKED,CONSENT_REVOKED,CONSENT_REVOKED,CONSENT_REVOKED,CONSENT_REVOKED,CONSENT_REVOKED,CONSENT_REVOKED
677eba39b2c9cfbd4c2a5974,62964d27c2b2866faa677493,APPROVED,Not Applicable,2025-01-08T17:47:43.350000Z,2025-01-08T18:09:54.066000Z,2025-01-10T20:28:13.128000Z,2025-01-08T18:09:54.762244Z,1331.0,75b53a55e8,4964,35,Male,White,United States,United States,United States,English,No,Full-Time
677eba3a564cd73a5135780c,666b244bac74ea78dd24a8a2,APPROVED,Not Applicable,2025-01-08T17:47:43.937000Z,2025-01-08T18:08:42.844000Z,2025-01-10T20:28:13.391000Z,2025-01-08T18:08:43.482518Z,1259.0,75b53a55e8,354,35,Male,White,United States,United States,United States,English,No,Unemployed (and job seeking)
677eba3b2d79bdf5ca293dde,674c86e92f75d86f56c15200,RETURNED,Not Applicable,2025-01-08T17:47:49.741000Z,,,2025-01-23T16:26:26.654503Z,,,204,CONSENT_REVOKED,CONSENT_REVOKED,CONSENT_REVOKED,CONSENT_REVOKED,CONSENT_REVOKED,CONSENT_REVOKED,CONSENT_REVOKED,CONSENT_REVOKED,CONSENT_REVOKED
677eba3bb50ecb490160d10b,670d5f853b167cbdbae52e1f,RETURNED,Not Applicable,2025-01-08T17:48:14.382000Z,,,2025-01-23T16:26:26.721440Z,,,206,CONSENT_REVOKED,CONSENT_REVOKED,CONSENT_REVOKED,CONSENT_REVOKED,CONSENT_REVOKED,CONSENT_REVOKED,CONSENT_REVOKED,CONSENT_REVOKED,CONSENT_REVOKED
677eba3c32ee098ae7e624d2,6679e88eb948e8a4b08a39fb,RETURNED,Not Applicable,2025-01-08T17:47:40.278000Z,,,2025-01-23T16:26:26.751593Z,,,1172,CONSENT_REVOKED,CONSENT_REVOKED,CONSENT_REVOKED,CONSENT_REVOKED,CONSENT_REVOKED,CONSENT_REVOKED,CONSENT_REVOKED,CONSENT_REVOKED,CONSENT_REVOKED
677eba3c515bb4ee59549e39,676bfe34f11460e5e1bd38fa,RETURNED,Not Applicable,2025-01-08T17:47:50.317000Z,,,2025-01-23T16:26:26.735338Z,,,66,CONSENT_REVOKED,CONSENT_REVOKED,CONSENT_REVOKED,CONSENT_REVOKED,CONSENT_REVOKED,CONSENT_REVOKED,CONSENT_REVOKED,CONSENT_REVOKED,CONSENT_REVOKED
677eba3d64e4453daf5faef8,67448254dba312d85f3cac9a,RETURNED,Not Applicable,2025-01-08T17:50:36.217000Z,,,2025-01-23T16:26:26.847537Z,,,148,CONSENT_REVOKED,CONSENT_REVOKED,CONSENT_REVOKED,CONSENT_REVOKED,CONSENT_REVOKED,CONSENT_REVOKED,CONSENT_REVOKED,CONSENT_REVOKED,CONSENT_REVOKED
677eba3da4aa6bfb47660548,675a092fc270f178d2409320,RETURNED,Not Applicable,2025-01-08T17:48:42.848000Z,,,2025-01-23T16:26:26.806446Z,,,189,CONSENT_REVOKED,CONSENT_REVOKED,CONSENT_REVOKED,CONSENT_REVOKED,CONSENT_REVOKED,CONSENT_REVOKED,CONSENT_REVOKED,CONSENT_REVOKED,CONSENT_REVOKED
677eba3efcedd1885287c8ae,676b5cae2bdeb2fceba3e9cb,APPROVED,Not Applicable,2025-01-08T17:47:51.114000Z,2025-01-08T18:01:11.402000Z,2025-01-10T20:28:13.621000Z,2025-01-08T18:01:12.109078Z,801.0,75b53a55e8,32,19,Male,Asian,United States,United States,United States,English,Yes,Unemployed (and job seeking)
677eba3f98e7b9e38ea553cb,5910a5f8748d450001ba3a67,APPROVED,Not Applicable,2025-01-08T17:48:52.152000Z,2025-01-08T18:04:31.693000Z,2025-01-10T20:28:13.888000Z,2025-01-08T18:04:32.350768Z,940.0,75b53a55e8,1790,38,Male,White,United States,United States,United States,English,DATA_EXPIRED,DATA_EXPIRED
677eba3fc02dc1a6eb1920ef,6720dd52515e3ffa77155c31,APPROVED,Not Applicable,2025-01-08T17:47:50.940000Z,2025-01-08T18:00:51.194000Z,2025-01-10T20:28:14.156000Z,2025-01-08T18:00:51.793207Z,781.0,75b53a55e8,66,40,Female,White,United States,United States,United States,English,No,DATA_EXPIRED
677eba40e72f4ae743f6617f,67166196bff696380130cfbe,RETURNED,Not Applicable,2025-01-08T17:47:51.637000Z,,,2025-01-23T16:26:26.861256Z,,,113,CONSENT_REVOKED,CONSENT_REVOKED,CONSENT_REVOKED,CONSENT_REVOKED,CONSENT_REVOKED,CONSENT_REVOKED,CONSENT_REVOKED,CONSENT_REVOKED,CONSENT_REVOKED
677eba40f0a6d51871da1de9,676a9c22247b93300e0b51ee,RETURNED,Not Applicable,2025-01-08T17:47:50.266000Z,,,2025-01-23T16:26:26.878848Z,,,29,CONSENT_REVOKED,CONSENT_REVOKED,CONSENT_REVOKED,CONSENT_REVOKED,CONSENT_REVOKED,CONSENT_REVOKED,CONSENT_REVOKED,CONSENT_REVOKED,CONSENT_REVOKED
677eba4172ca3ae7495fb0c7,606721b3686a9cc96b3a93f2,APPROVED,Not Applicable,2025-01-08T17:47:52.764000Z,2025-01-08T18:12:39.257000Z,2025-01-10T20:28:14.397000Z,2025-01-08T18:12:41.391962Z,1487.0,75b53a55e8,993,38,Female,White,United States,United States,United States,English,DATA_EXPIRED,DATA_EXPIRED
677eba41e302c03e6bbaf580,66612b486d483260b302cb1d,RETURNED,Not Applicable,2025-01-08T17:47:52.230000Z,,,2025-01-23T16:26:26.904858Z,,,193,CONSENT_REVOKED,CONSENT_REVOKED,CONSENT_REVOKED,CONSENT_REVOKED,CONSENT_REVOKED,CONSENT_REVOKED,CONSENT_REVOKED,CONSENT_REVOKED,CONSENT_REVOKED
677eba42731346974926d5a3,677972cefd96cde4931fc29f,RETURNED,Not Applicable,2025-01-08T17:47:55.765000Z,,,2025-01-23T16:26:26.877113Z,,,88,CONSENT_REVOKED,CONSENT_REVOKED,CONSENT_REVOKED,CONSENT_REVOKED,CONSENT_REVOKED,CONSENT_REVOKED,CONSENT_REVOKED,CONSENT_REVOKED,CONSENT_REVOKED
677eba43369e2918471f454e,671aae5d07808a30565dcf22,RETURNED,Not Applicable,2025-01-08T17:48:04.650000Z,,,2025-01-23T16:26:26.968394Z,,,260,CONSENT_REVOKED,CONSENT_REVOKED,CONSENT_REVOKED,CONSENT_REVOKED,CONSENT_REVOKED,CONSENT_REVOKED,CONSENT_REVOKED,CONSENT_REVOKED,CONSENT_REVOKED
677eba43dee45f9af915c3c9,5f6e723379ef5f3be5d2fde1,APPROVED,Not Applicable,2025-01-08T17:48:04.478000Z,2025-01-08T18:02:18.253000Z,2025-01-10T20:28:14.638000Z,2025-01-08T18:02:19.091566Z,854.0,75b53a55e8,835,34,Male,White,Belarus,United States,United States,English,Yes,DATA_EXPIRED
677eba44387f24469138e987,5e03f8517f08edece67a3137,RETURNED,Not Applicable,2025-01-08T17:58:00.075000Z,,,2025-01-23T16:26:26.930221Z,,,2688,CONSENT_REVOKED,CONSENT_REVOKED,CONSENT_REVOKED,CONSENT_REVOKED,CONSENT_REVOKED,CONSENT_REVOKED,CONSENT_REVOKED,CONSENT_REVOKED,CONSENT_REVOKED
677eba44a7b1f3d3def7608b,670b51569bc4cb66e1a4bdca,RETURNED,Not Applicable,2025-01-08T17:47:58.002000Z,,,2025-01-23T16:26:26.985253Z,,,228,CONSENT_REVOKED,CONSENT_REVOKED,CONSENT_REVOKED,CONSENT_REVOKED,CONSENT_REVOKED,CONSENT_REVOKED,CONSENT_REVOKED,CONSENT_REVOKED,CONSENT_REVOKED
677eba4570a9fcb20dc55947,5dea7a7df87f5519e686ff7b,APPROVED,Not Applicable,2025-01-08T17:47:49.273000Z,2025-01-08T18:16:19.096000Z,2025-01-10T20:28:15.022000Z,2025-01-08T18:16:20.068140Z,1710.0,75b53a55e8,4835,38,Female,White,United States,United States,United States,English,No,DATA_EXPIRED
677eba45f936d592dfd26a31,5be20e08397d120001a02dfc,APPROVED,Not Applicable,2025-01-08T17:47:58.027000Z,2025-01-08T17:58:54.530000Z,2025-01-10T20:28:15.291000Z,2025-01-08T17:58:55.841460Z,657.0,75b53a55e8,220,31,Male,Other,United States,United States,United States,Spanish,DATA_EXPIRED,DATA_EXPIRED
677eba468981a470c4193826,6766ecdd6216fc3951622eb3,RETURNED,Not Applicable,2025-01-08T17:48:01.822000Z,,,2025-01-23T16:26:26.998320Z,,,74,CONSENT_REVOKED,CONSENT_REVOKED,CONSENT_REVOKED,CONSENT_REVOKED,CONSENT_REVOKED,CONSENT_REVOKED,CONSENT_REVOKED,CONSENT_REVOKED,CONSENT_REVOKED
677eba4837a3e8cb4c3390a1,6769e712d8f908f26f9158ca,APPROVED,Not Applicable,2025-01-08T17:47:57.737000Z,2025-01-08T18:18:14.954000Z,2025-01-10T20:28:15.549000Z,2025-01-08T18:18:15.658619Z,1818.0,75b53a55e8,40,27,Male,Black,Ghana,United States,United States,English,DATA_EXPIRED,DATA_EXPIRED
677eba49a436ac59cafc08e7,65fb580ab7fbb2d518ee8eaa,RETURNED,Not Applicable,2025-01-08T17:50:26.951000Z,,,2025-01-23T16:26:27.104015Z,,,1645,CONSENT_REVOKED,CONSENT_REVOKED,CONSENT_REVOKED,CONSENT_REVOKED,CONSENT_REVOKED,CONSENT_REVOKED,CONSENT_REVOKED,CONSENT_REVOKED,CONSENT_REVOKED
677eba4a16b1daa11570f403,672ebe9760739e626351fef7,RETURNED,Not Applicable,2025-01-08T17:53:22.614000Z,,,2025-01-23T16:26:28.136235Z,,,182,CONSENT_REVOKED,CONSENT_REVOKED,CONSENT_REVOKED,CONSENT_REVOKED,CONSENT_REVOKED,CONSENT_REVOKED,CONSENT_REVOKED,CONSENT_REVOKED,CONSENT_REVOKED
677eba4a8078c781b319387f,675af65545fe2b6197c01b63,APPROVED,Not Applicable,2025-01-08T17:52:00.126000Z,2025-01-08T18:25:24.157000Z,2025-01-10T20:28:15.842000Z,2025-01-08T18:25:24.800500Z,2005.0,75b53a55e8,103,26,Male,Black,Nigeria,United States,United States,English,Yes,DATA_EXPIRED
677eba4b2bfbe455c44643ea,673e38ab4837fc6d009de054,RETURNED,Not Applicable,2025-01-08T17:48:19.905000Z,,,2025-01-23T16:26:27.001142Z,,,226,CONSENT_REVOKED,CONSENT_REVOKED,CONSENT_REVOKED,CONSENT_REVOKED,CONSENT_REVOKED,CONSENT_REVOKED,CONSENT_REVOKED,CONSENT_REVOKED,CONSENT_REVOKED
677eba4bb8362a15598d0544,66b033e4f3498b16894e4c3f,APPROVED,Not Applicable,2025-01-08T17:48:06.638000Z,2025-01-08T18:48:41.519000Z,2025-01-10T20:28:16.465000Z,2025-01-08T18:49:01.775218Z,3635.0,75b53a55e8,715,42,Female,White,United States,United States,United States,English,Yes,Full-Time
677eba4cc61b063551724991,66e3151584ce7d01596d194a,APPROVED,Not Applicable,2025-01-08T17:48:29.208000Z,2025-01-08T18:12:33.717000Z,2025-01-10T20:28:16.696000Z,2025-01-08T18:12:34.550262Z,1445.0,75b53a55e8,377,34,Female,Black,United States,United States,United States,English,DATA_EXPIRED,Full-Time
677eba4e884654d4013d26dc,67497e622b1507cdc1c2aa49,APPROVED,Not Applicable,2025-01-08T17:48:09.899000Z,2025-01-08T18:01:24.609000Z,2025-01-10T20:28:16.932000Z,2025-01-08T18:01:25.315927Z,795.0,75b53a55e8,218,28,Male,White,United States,United States,United States,English,No,DATA_EXPIRED
677eba4e8ee829adff44736c,671b92f1fa2a4633ffec3e34,APPROVED,Not Applicable,2025-01-08T17:48:32.294000Z,2025-01-08T18:06:09.581000Z,2025-01-10T20:28:17.185000Z,2025-01-08T18:08:04.996148Z,1058.0,75b53a55e8,289,21,Male,Black,United States,United States,United States,English,DATA_EXPIRED,Full-Time
677eba4f884654d4013d26e2,66b50b6e9a8e8afdf8365262,APPROVED,Not Applicable,2025-01-08T17:48:06.522000Z,2025-01-08T18:17:05.027000Z,2025-01-10T20:28:17.467000Z,2025-01-08T18:17:06.224135Z,1739.0,75b53a55e8,550,38,Female,White,United States,United States,United States,English,No,Full-Time
677eba4fdffc85ff65ad47e5,65da4bbc13330ddc1255eaa8,APPROVED,Not Applicable,2025-01-08T17:48:07.564000Z,2025-01-08T18:03:11.585000Z,2025-01-10T20:28:17.696000Z,2025-01-08T18:03:12.840277Z,905.0,75b53a55e8,1144,25,Female,Mixed,United States,United States,United States,English,Yes,Unemployed (and job seeking)
677eba50c51fc8db7919f892,6723abbcf5fa50606de59d9e,APPROVED,Not Applicable,2025-01-08T17:48:30.001000Z,2025-01-08T18:12:10.345000Z,2025-01-10T20:28:17.934000Z,2025-01-08T18:12:11.166912Z,1421.0,75b53a55e8,165,22,Male,Black,Ghana,United States,United States,Twi,No,Full-Time
677eba50f6b67356aa35eb32,66c7afe345bcfdeba3506d7d,APPROVED,Not Applicable,2025-01-08T17:48:21.670000Z,2025-01-08T18:15:41.356000Z,2025-01-10T20:28:18.190000Z,2025-01-08T18:15:42.265006Z,1640.0,75b53a55e8,650,55,Female,White,United States,United States,United States,English,No,Unemployed (and job seeking)
677eba51f40d0df49b293ec2,651ed17c366df83eeabae9dd,RETURNED,Not Applicable,2025-01-08T17:48:09.357000Z,,,2025-01-23T16:26:27.089992Z,,,1983,CONSENT_REVOKED,CONSENT_REVOKED,CONSENT_REVOKED,CONSENT_REVOKED,CONSENT_REVOKED,CONSENT_REVOKED,CONSENT_REVOKED,CONSENT_REVOKED,CONSENT_REVOKED
677eba5255e4a6f92bb5f672,672a60b230a4fad91c19de81,RETURNED,Not Applicable,2025-01-08T17:48:24.235000Z,,,2025-01-23T16:26:27.085308Z,,,233,CONSENT_REVOKED,CONSENT_REVOKED,CONSENT_REVOKED,CONSENT_REVOKED,CONSENT_REVOKED,CONSENT_REVOKED,CONSENT_REVOKED,CONSENT_REVOKED,CONSENT_REVOKED
677eba52b6c6fced6f715dcb,56802e5fc5767f00121cc6a0,APPROVED,Not Applicable,2025-01-08T17:48:02.412000Z,2025-01-08T18:05:27.022000Z,2025-01-10T20:28:18.460000Z,2025-01-08T18:07:57.043723Z,1045.0,75b53a55e8,3305,67,Male,White,United States,United States,United States,English,No,Part-Time
677eba539a2496f3a7f67877,6759f12b3dfcce5b74b86bb5,RETURNED,Not Applicable,2025-01-08T17:48:12.273000Z,2025-01-08T18:04:46.322000Z,,2025-01-23T16:26:27.088653Z,,NOCODE,118,CONSENT_REVOKED,CONSENT_REVOKED,CONSENT_REVOKED,CONSENT_REVOKED,CONSENT_REVOKED,CONSENT_REVOKED,CONSENT_REVOKED,CONSENT_REVOKED,CONSENT_REVOKED
677eba53a12f30fc2db70850,672ceecd4b982fd2123fa32f,APPROVED,Not Applicable,2025-01-08T17:48:24.043000Z,2025-01-08T18:16:08.020000Z,2025-01-10T20:28:18.738000Z,2025-01-08T18:16:11.189389Z,1664.0,75b53a55e8,114,36,Male,DATA_EXPIRED,United States,United States,United States,English,DATA_EXPIRED,Unemployed (and job seeking)
677eba5467a8f92c6811d777,63d84be2c9a21026d442e728,APPROVED,Not Applicable,2025-01-08T17:48:04.587000Z,2025-01-08T17:59:09.882000Z,2025-01-10T20:28:18.973000Z,2025-01-08T17:59:11.036354Z,666.0,75b53a55e8,3254,30,Male,White,United States,United States,United States,Spanish,DATA_EXPIRED,DATA_EXPIRED
677eba554fb05739512f494f,5dc47ddd034b45342d3b2e3a,APPROVED,Not Applicable,2025-01-08T17:48:13.008000Z,2025-01-08T18:00:49.397000Z,2025-01-10T20:28:19.232000Z,2025-01-08T18:00:50.271131Z,757.0,75b53a55e8,7084,36,Male,DATA_EXPIRED,United States,United States,United States,English,DATA_EXPIRED,DATA_EXPIRED
677eba55a6ed2f197860e10f,676522eff825b7f3a8451e24,RETURNED,Not Applicable,2025-01-08T17:48:15.693000Z,,,2025-01-23T16:26:27.188926Z,,,88,CONSENT_REVOKED,CONSENT_REVOKED,CONSENT_REVOKED,CONSENT_REVOKED,CONSENT_REVOKED,CONSENT_REVOKED,CONSENT_REVOKED,CONSENT_REVOKED,CONSENT_REVOKED
677eba56174fa3b847006de3,63d148b2255821a940922c1a,APPROVED,Not Applicable,2025-01-08T17:48:46.239000Z,2025-01-08T18:39:04.910000Z,2025-01-10T20:28:19.498000Z,2025-01-08T18:39:07.419176Z,3019.0,75b53a55e8,4490,43,Male,White,United States,United States,United States,English,DATA_EXPIRED,DATA_EXPIRED
677eba5669b1a9fcfa549e2a,677b6152cafb250cfa64829c,RETURNED,Not Applicable,2025-01-08T17:48:13.164000Z,,,2025-01-23T16:26:27.239264Z,,,92,CONSENT_REVOKED,CONSENT_REVOKED,CONSENT_REVOKED,CONSENT_REVOKED,CONSENT_REVOKED,CONSENT_REVOKED,CONSENT_REVOKED,CONSENT_REVOKED,CONSENT_REVOKED
677eba5768563c6e007ceb19,676eb73af96a0d7856604762,RETURNED,Not Applicable,2025-01-08T17:48:25.710000Z,2025-01-08T17:52:53.332000Z,,2025-01-23T16:26:27.202148Z,,NOCODE,96,CONSENT_REVOKED,CONSENT_REVOKED,CONSENT_REVOKED,CONSENT_REVOKED,CONSENT_REVOKED,CONSENT_REVOKED,CONSENT_REVOKED,CONSENT_REVOKED,CONSENT_REVOKED
677eba57a7b09d9cc48b2433,6738537655a3f63a7dc74b19,APPROVED,Not Applicable,2025-01-08T17:48:41.963000Z,2025-01-08T18:24:32.219000Z,2025-01-10T20:28:19.756000Z,2025-01-08T18:24:33.238983Z,2151.0,75b53a55e8,61,27,Female,Black,Ghana,United States,United States,English,DATA_EXPIRED,DATA_EXPIRED
677eba5816b1daa11570f40c,67322550bd5dfa0cd2958366,APPROVED,Not Applicable,2025-01-08T17:48:19.213000Z,2025-01-08T17:59:21.516000Z,2025-01-10T20:28:20Z,2025-01-08T17:59:22.563148Z,663.0,75b53a55e8,342,43,Male,White,United States,United States,United States,English,No,Part-Time
677eba58fc50de49938b0f75,6344b4073207c88c1cf5b49f,APPROVED,Not Applicable,2025-01-08T17:48:14.850000Z,2025-01-08T18:00:22.264000Z,2025-01-10T20:28:20.265000Z,2025-01-08T18:00:22.991844Z,728.0,75b53a55e8,426,23,Male,Mixed,United States,United States,United States,English,Yes,Part-Time
677eba5929e1166620186a8b,67571825a80c1bc9ed8f01d8,APPROVED,Not Applicable,2025-01-08T17:48:30.432000Z,2025-01-08T18:25:12.895000Z,2025-01-10T20:28:20.485000Z,2025-01-08T18:25:14.386872Z,2203.0,75b53a55e8,62,27,Female,White,United States,United States,United States,English,DATA_EXPIRED,Full-Time
677eba59e024f5c5b6dd9eca,6304b7a752adde130e57bddf,APPROVED,Not Applicable,2025-01-08T17:48:25.119000Z,2025-01-08T18:51:08.832000Z,2025-01-10T20:28:20.708000Z,2025-01-08T18:51:09.754904Z,3764.0,75b53a55e8,4437,29,Female,White,United States,United States,United States,English,DATA_EXPIRED,DATA_EXPIRED
677eba5ac67cda2a278f6221,6772abacba09cfd30d949b4b,RETURNED,Not Applicable,2025-01-08T17:48:38.260000Z,,,2025-01-23T16:26:27.143082Z,,,45,CONSENT_REVOKED,CONSENT_REVOKED,CONSENT_REVOKED,CONSENT_REVOKED,CONSENT_REVOKED,CONSENT_REVOKED,CONSENT_REVOKED,CONSENT_REVOKED,CONSENT_REVOKED
677eba5be1cd86a7f9dc0775,673f6c92a931906b3b255300,APPROVED,Not Applicable,2025-01-08T17:50:04.980000Z,2025-01-08T18:06:11.715000Z,2025-01-10T20:28:20.963000Z,2025-01-08T18:08:05.295347Z,967.0,75b53a55e8,73,33,Female,Black,United States,United States,United States,English,DATA_EXPIRED,Full-Time
677eba5be9e611a4b80e33f5,671182e627376ae4714d3594,APPROVED,Not Applicable,2025-01-08T17:48:21.728000Z,2025-01-08T18:05:40.852000Z,2025-01-10T20:28:21.252000Z,2025-01-08T18:08:00.465182Z,1040.0,75b53a55e8,170,52,Female,White,United States,United States,United States,English,No,Part-Time
677eba5c24002db719c22586,5f5452df72345118f58d187b,APPROVED,Not Applicable,2025-01-08T17:48:18.513000Z,2025-01-08T18:08:23.270000Z,2025-01-10T20:28:21.508000Z,2025-01-08T18:08:29.693715Z,1205.0,75b53a55e8,8534,60,Male,White,United States,United States,United States,English,DATA_EXPIRED,DATA_EXPIRED
677eba5ced29ffe35a7a1d4e,579f1d3bc9abeb0001af52d8,APPROVED,Not Applicable,2025-01-08T17:48:12.098000Z,2025-01-08T18:10:25.557000Z,2025-01-10T20:28:21.752000Z,2025-01-08T18:10:26.252068Z,1334.0,75b53a55e8,5946,42,Male,Black,United States,United States,United States,English,No,DATA_EXPIRED
677eba5d4c8d21e435bab88d,6724ec0e8e7657376f678da2,RETURNED,Not Applicable,2025-01-08T17:48:41.451000Z,,,2025-01-23T16:26:27.172674Z,,,416,CONSENT_REVOKED,CONSENT_REVOKED,CONSENT_REVOKED,CONSENT_REVOKED,CONSENT_REVOKED,CONSENT_REVOKED,CONSENT_REVOKED,CONSENT_REVOKED,CONSENT_REVOKED
677eba5ddc47c876ef9bf92b,66fc915542b801f3398f5437,APPROVED,Not Applicable,2025-01-08T17:48:20.660000Z,2025-01-08T18:13:17.630000Z,2025-01-10T20:28:22.284000Z,2025-01-08T18:13:18.709254Z,1497.0,75b53a55e8,548,38,Male,DATA_EXPIRED,United States,United States,United States,English,Yes,DATA_EXPIRED
677eba5ea003e65f8d04b9cf,6730e13ba27b42d62350f113,APPROVED,Not Applicable,2025-01-08T17:48:14.096000Z,2025-01-08T18:36:20.820000Z,2025-01-10T20:28:22.519000Z,2025-01-08T18:36:44.349490Z,2887.0,75b53a55e8,145,21,Male,Black,Ghana,United States,United States,English,DATA_EXPIRED,DATA_EXPIRED
677eba5eedd29411568d235e,65f647c74af96460db093800,APPROVED,Not Applicable,2025-01-08T17:48:26.749000Z,2025-01-08T18:02:13.522000Z,2025-01-10T20:28:22.742000Z,2025-01-08T18:02:14.250702Z,827.0,75b53a55e8,570,18,Female,White,United States,United States,Ukraine,Russian,Yes,Unemployed (and job seeking)
677eba5f6cc3afe1ebe63a61,5ae59f8cc3c3ab00018f7185,APPROVED,Not Applicable,2025-01-08T17:48:15.657000Z,2025-01-08T18:44:01.460000Z,2025-01-10T20:28:22.961000Z,2025-01-08T18:44:02.204434Z,3346.0,75b53a55e8,5529,42,Female,White,United States,United States,United States,English,No,Full-Time
677eba60a0b5178b3f5191b5,6756c66b4b5a928b317ddea8,RETURNED,Not Applicable,2025-01-08T17:48:27.153000Z,,,2025-01-23T16:26:27.291995Z,,,112,CONSENT_REVOKED,CONSENT_REVOKED,CONSENT_REVOKED,CONSENT_REVOKED,CONSENT_REVOKED,CONSENT_REVOKED,CONSENT_REVOKED,CONSENT_REVOKED,CONSENT_REVOKED
677eba60d7dba0a1ded4a6b4,5cdb3e9caa4e2a00019a16bc,APPROVED,Not Applicable,2025-01-08T17:48:21.957000Z,2025-01-08T18:11:44.798000Z,2025-01-10T20:28:23.182000Z,2025-01-08T18:11:45.448955Z,1403.0,75b53a55e8,1550,52,Male,Black,United States,United States,United States,English,No,Unemployed (and job seeking)
677eba6160580fe50eff2341,677c1730a41f637bc7c52dfe,RETURNED,Not Applicable,2025-01-08T17:48:28.987000Z,,,2025-01-23T16:26:27.273510Z,,,59,CONSENT_REVOKED,CONSENT_REVOKED,CONSENT_REVOKED,CONSENT_REVOKED,CONSENT_REVOKED,CONSENT_REVOKED,CONSENT_REVOKED,CONSENT_REVOKED,CONSENT_REVOKED
677eba62f8b680478a745503,6746500b727d35f403ed7c88,APPROVED,Not Applicable,2025-01-08T17:49:09.855000Z,2025-01-08T18:10:11.758000Z,2025-01-10T20:28:23.420000Z,2025-01-08T18:10:12.585205Z,1262.0,75b53a55e8,137,21,Male,Black,Ghana,United States,United States,English,No,Full-Time
677eba63e9cf9acff938e946,63d7fb6ee49281f6c41d6630,RETURNED,Not Applicable,2025-01-08T17:48:33.870000Z,,,2025-01-23T16:26:27.312775Z,,,3583,CONSENT_REVOKED,CONSENT_REVOKED,CONSENT_REVOKED,CONSENT_REVOKED,CONSENT_REVOKED,CONSENT_REVOKED,CONSENT_REVOKED,CONSENT_REVOKED,CONSENT_REVOKED
677eba6472d2079a6c453603,662939d4dcb829c0cd170ac9,RETURNED,Not Applicable,2025-01-08T17:49:54.877000Z,,,2025-01-23T16:26:27.254133Z,,,724,CONSENT_REVOKED,CONSENT_REVOKED,CONSENT_REVOKED,CONSENT_REVOKED,CONSENT_REVOKED,CONSENT_REVOKED,CONSENT_REVOKED,CONSENT_REVOKED,CONSENT_REVOKED
677eba64c4937c10768b23cf,5e2d9faa72e2fa39058e5b4a,RETURNED,Not Applicable,2025-01-08T17:48:26.849000Z,,,2025-01-23T16:26:27.373212Z,,,1504,CONSENT_REVOKED,CONSENT_REVOKED,CONSENT_REVOKED,CONSENT_REVOKED,CONSENT_REVOKED,CONSENT_REVOKED,CONSENT_REVOKED,CONSENT_REVOKED,CONSENT_REVOKED
677eba6529d3de40e0813256,66ba4608bc582e7db54007e5,APPROVED,Not Applicable,2025-01-08T17:49:11.487000Z,2025-01-08T18:07:56.690000Z,2025-01-10T20:28:23.700000Z,2025-01-08T18:08:22.220553Z,1126.0,75b53a55e8,765,46,Male,Mixed,United States,United States,United States,English,No,DATA_EXPIRED
677eba65c97d3371bde5ff73,67498449710c8995809b3b7f,APPROVED,Not Applicable,2025-01-08T17:48:27.705000Z,2025-01-08T18:19:30.748000Z,2025-01-10T20:28:23.960000Z,2025-01-08T18:19:32.023749Z,1864.0,75b53a55e8,163,37,Male,DATA_EXPIRED,United States,United States,United States,English,Yes,Full-Time
677eba66291387df7fcf36d1,6718c2e69028ca2b56a87679,RETURNED,Not Applicable,2025-01-08T17:50:46.418000Z,,,2025-01-23T16:26:27.376129Z,,,289,CONSENT_REVOKED,CONSENT_REVOKED,CONSENT_REVOKED,CONSENT_REVOKED,CONSENT_REVOKED,CONSENT_REVOKED,CONSENT_REVOKED,CONSENT_REVOKED,CONSENT_REVOKED
677eba670de12a7032bd6345,675afde1aaae7956bf9959b9,APPROVED,Not Applicable,2025-01-08T17:48:42.720000Z,2025-01-08T18:19:36.421000Z,2025-01-10T20:28:24.236000Z,2025-01-08T18:19:37.233886Z,1854.0,75b53a55e8,13,27,Male,Black,Nigeria,United States,United States,English,No,DATA_EXPIRED
677eba67d338d7cd99dbbe8a,6754212bee2fa6f30842fb86,APPROVED,Not Applicable,2025-01-08T17:48:30.086000Z,2025-01-08T18:25:54.869000Z,2025-01-10T20:28:24.512000Z,2025-01-08T18:25:55.617939Z,2245.0,75b53a55e8,36,32,Female,White,United States,United States,United States,English,DATA_EXPIRED,Full-Time
677eba6812723c7e2b752d68,675d8f3381d678caba9ad892,RETURNED,Not Applicable,2025-01-08T17:49:11.091000Z,,,2025-01-23T16:26:27.327428Z,,,73,CONSENT_REVOKED,CONSENT_REVOKED,CONSENT_REVOKED,CONSENT_REVOKED,CONSENT_REVOKED,CONSENT_REVOKED,CONSENT_REVOKED,CONSENT_REVOKED,CONSENT_REVOKED
677eba68b8435cb617925788,6734824979b8375a13277c27,RETURNED,Not Applicable,2025-01-08T17:48:35.049000Z,,,2025-01-23T16:26:27.389928Z,,,120,CONSENT_REVOKED,CONSENT_REVOKED,CONSENT_REVOKED,CONSENT_REVOKED,CONSENT_REVOKED,CONSENT_REVOKED,CONSENT_REVOKED,CONSENT_REVOKED,CONSENT_REVOKED
677eba69209ea29d6a7a1d35,66293f085f53afede9219dc0,APPROVED,Not Applicable,2025-01-08T17:48:35.064000Z,2025-01-08T18:13:17.891000Z,2025-01-10T20:28:24.798000Z,2025-01-08T18:13:18.559439Z,1483.0,75b53a55e8,363,51,Female,White,United States,United States,United States,English,No,Due to start a new job within the next month
677eba6990c712fe28811337,6733ada909a43a06e1dbb3fc,RETURNED,Not Applicable,2025-01-08T17:51:53.974000Z,2025-01-08T17:55:12.488000Z,,2025-01-23T16:26:27.487250Z,,NOCODE,123,CONSENT_REVOKED,CONSENT_REVOKED,CONSENT_REVOKED,CONSENT_REVOKED,CONSENT_REVOKED,CONSENT_REVOKED,CONSENT_REVOKED,CONSENT_REVOKED,CONSENT_REVOKED
677eba6a2dc2f4651e293e58,66798cc98973f70b7de20460,RETURNED,Not Applicable,2025-01-08T17:48:38.208000Z,2025-01-08T17:49:26.600000Z,,2025-01-23T16:26:27.469157Z,,NOCODE,759,CONSENT_REVOKED,CONSENT_REVOKED,CONSENT_REVOKED,CONSENT_REVOKED,CONSENT_REVOKED,CONSENT_REVOKED,CONSENT_REVOKED,CONSENT_REVOKED,CONSENT_REVOKED
677eba6a8db12e847c4e0f66,674e29e7d551b64f1c9bcd41,RETURNED,Not Applicable,2025-01-08T17:49:22.494000Z,,,2025-01-23T16:26:27.495083Z,,,140,CONSENT_REVOKED,CONSENT_REVOKED,CONSENT_REVOKED,CONSENT_REVOKED,CONSENT_REVOKED,CONSENT_REVOKED,CONSENT_REVOKED,CONSENT_REVOKED,CONSENT_REVOKED
677eba6bb6c6fced6f715dd2,674753082bf6d9842729bc0c,RETURNED,Not Applicable,2025-01-08T17:49:37.480000Z,,,2025-01-23T16:26:27.661322Z,,,129,CONSENT_REVOKED,CONSENT_REVOKED,CONSENT_REVOKED,CONSENT_REVOKED,CONSENT_REVOKED,CONSENT_REVOKED,CONSENT_REVOKED,CONSENT_REVOKED,CONSENT_REVOKED
677eba6c2754abccaef661db,671fbeb385ac2bb1ccee3701,RETURNED,Not Applicable,2025-01-08T17:48:46.946000Z,,,2025-01-23T16:26:27.556925Z,,,316,CONSENT_REVOKED,CONSENT_REVOKED,CONSENT_REVOKED,CONSENT_REVOKED,CONSENT_REVOKED,CONSENT_REVOKED,CONSENT_REVOKED,CONSENT_REVOKED,CONSENT_REVOKED
677eba6c9a2496f3a7f67881,63e5b3e89a3823139cb9d35e,APPROVED,Not Applicable,2025-01-08T17:48:36.569000Z,2025-01-08T18:31:27.111000Z,2025-01-10T20:28:25.100000Z,2025-01-08T18:31:27.849101Z,2571.0,75b53a55e8,1239,34,Male,White,United States,United States,United States,English,DATA_EXPIRED,Full-Time
677eba6cfae85dad36248ec5,675efef80636ec90d906ecb4,APPROVED,Not Applicable,2025-01-08T17:49:20.263000Z,2025-01-08T18:13:47.868000Z,2025-01-10T20:28:25.388000Z,2025-01-08T18:13:48.716784Z,1468.0,75b53a55e8,33,32,Female,Black,Nigeria,United States,United States,English,DATA_EXPIRED,Part-Time
677eba6d5322280af28a012f,6772e2fbc5ce70ded19c10f8,APPROVED,Not Applicable,2025-01-08T17:48:39.703000Z,2025-01-08T18:01:02.579000Z,2025-01-10T20:28:25.684000Z,2025-01-08T18:01:03.364159Z,743.0,75b53a55e8,25,38,Female,Asian,Hong Kong,United States,United States,Cantonese,No,Full-Time
677eba6e20a43c649c724a1d,5adeb4e9f6b58c0001fa70aa,APPROVED,Not Applicable,2025-01-08T17:50:22.274000Z,2025-01-08T18:03:02.230000Z,2025-01-10T20:28:25.961000Z,2025-01-08T18:03:02.922466Z,760.0,75b53a55e8,3664,26,Male,Mixed,United States,United States,United States,English,No,"Not in paid work (e.g. homemaker', 'retired or disabled)"
677eba6e83b5371ebb4e8524,671e70010b8f04850445045f,APPROVED,Not Applicable,2025-01-08T17:48:36.394000Z,2025-01-08T18:10:24.495000Z,2025-01-10T20:28:26.322000Z,2025-01-08T18:10:25.139310Z,1309.0,75b53a55e8,345,29,Male,Asian,United States,United States,Vietnam,English,No,Full-Time
677eba6e91d12d351cc586b3,673654264718d592066edf7a,APPROVED,Not Applicable,2025-01-08T17:48:34.791000Z,2025-01-08T18:03:43.969000Z,2025-01-10T20:28:26.557000Z,2025-01-08T18:03:45.724083Z,910.0,75b53a55e8,309,34,Female,White,United States,United States,United States,English,No,DATA_EXPIRED
677eba6f79fbc18852f91c05,66f0bcad545ecf68df970a46,APPROVED,Not Applicable,2025-01-08T17:48:37.750000Z,2025-01-08T18:13:06.189000Z,2025-01-10T20:28:26.785000Z,2025-01-08T18:13:06.707532Z,1469.0,75b53a55e8,444,25,Male,Mixed,United States,United States,United States,English,Yes,"Not in paid work (e.g. homemaker', 'retired or disabled)"
677eba6fb8362a15598d054d,6660e87571cd35e3fdd8a0f9,APPROVED,Not Applicable,2025-01-08T17:48:37.632000Z,2025-01-08T18:09:26.143000Z,2025-01-10T20:28:27.030000Z,2025-01-08T18:09:27.059188Z,1249.0,75b53a55e8,927,38,Male,White,United States,United States,United States,English,DATA_EXPIRED,Full-Time
677eba708549d38c52186a55,5fd23ecda6599f06a53f4f62,RETURNED,Not Applicable,2025-01-08T17:48:39.472000Z,,,2025-01-23T16:26:27.520781Z,,,4809,CONSENT_REVOKED,CONSENT_REVOKED,CONSENT_REVOKED,CONSENT_REVOKED,CONSENT_REVOKED,CONSENT_REVOKED,CONSENT_REVOKED,CONSENT_REVOKED,CONSENT_REVOKED
677eba7164e7560bbab9f31a,6734fffd82184f7f01d4790b,APPROVED,Not Applicable,2025-01-08T17:51:14.740000Z,2025-01-08T18:20:30.125000Z,2025-01-10T20:28:27.243000Z,2025-01-08T18:20:30.883656Z,1756.0,75b53a55e8,84,31,DATA_EXPIRED,White,United States,United States,United States,English,DATA_EXPIRED,Full-Time
677eba72a7b09d9cc48b243b,5aece6cf7ed5460001574ddf,RETURNED,Not Applicable,2025-01-08T17:48:45.727000Z,,,2025-01-23T16:26:27.528442Z,,,437,CONSENT_REVOKED,CONSENT_REVOKED,CONSENT_REVOKED,CONSENT_REVOKED,CONSENT_REVOKED,CONSENT_REVOKED,CONSENT_REVOKED,CONSENT_REVOKED,CONSENT_REVOKED
677eba7329e1166620186a91,663d78724bf4501737f36653,APPROVED,Not Applicable,2025-01-08T17:50:53.643000Z,2025-01-08T18:06:14.426000Z,2025-01-10T20:28:27.734000Z,2025-01-08T18:08:05.944782Z,921.0,75b53a55e8,860,30,Male,White,United States,United States,United States,English,DATA_EXPIRED,DATA_EXPIRED
677eba748db12e847c4e0f69,66d6584b97d5a0cfa409a09b,RETURNED,Not Applicable,2025-01-08T17:48:42.790000Z,,,2025-01-23T16:26:27.637124Z,,,738,CONSENT_REVOKED,CONSENT_REVOKED,CONSENT_REVOKED,CONSENT_REVOKED,CONSENT_REVOKED,CONSENT_REVOKED,CONSENT_REVOKED,CONSENT_REVOKED,CONSENT_REVOKED
677eba75731346974926d5b0,676c155981a61c339076a749,APPROVED,Not Applicable,2025-01-08T17:48:45.933000Z,2025-01-08T18:18:04.900000Z,2025-01-10T20:28:28.420000Z,2025-01-08T18:18:05.648052Z,1759.0,75b53a55e8,28,51,Female,White,United States,United States,United States,English,No,"Not in paid work (e.g. homemaker', 'retired or disabled)"
677eba77284cce5c4f9782b6,615deda1b7f4112d93335556,APPROVED,Not Applicable,2025-01-08T17:48:55.197000Z,2025-01-08T18:01:20.270000Z,2025-01-10T20:28:28.726000Z,2025-01-08T18:01:21.047440Z,746.0,75b53a55e,2243,41,Male,White,United States,United States,United States,English,No,Full-Time
677eba77d4b7e54839a3a319,67532b6638ce40934860b23e,RETURNED,Not Applicable,2025-01-08T17:51:12.769000Z,,,2025-01-23T16:26:27.587207Z,,,126,CONSENT_REVOKED,CONSENT_REVOKED,CONSENT_REVOKED,CONSENT_REVOKED,CONSENT_REVOKED,CONSENT_REVOKED,CONSENT_REVOKED,CONSENT_REVOKED,CONSENT_REVOKED
677eba7878ff9172a0b03b2c,676160e3a54061cc82427f78,RETURNED,Not Applicable,2025-01-08T17:49:54.546000Z,,,2025-01-23T16:26:27.645604Z,,,61,CONSENT_REVOKED,CONSENT_REVOKED,CONSENT_REVOKED,CONSENT_REVOKED,CONSENT_REVOKED,CONSENT_REVOKED,CONSENT_REVOKED,CONSENT_REVOKED,CONSENT_REVOKED
677eba78ade4ec8f6860d088,67434241a8eedca11942c021,APPROVED,Not Applicable,2025-01-08T17:48:54.134000Z,2025-01-08T18:13:47.866000Z,2025-01-10T20:28:29Z,2025-01-08T18:13:48.760819Z,1494.0,75b53a55e8,209,34,Male,Black,Ghana,United States,United States,English,No,Full-Time
677eba792175c4f3c0752d99,64050cfd151bc9945fd3eac9,APPROVED,Not Applicable,2025-01-08T17:49:07.055000Z,2025-01-08T18:31:18.550000Z,2025-01-10T20:28:29.381000Z,2025-01-08T18:31:19.235019Z,2532.0,75b53a55e8,1160,62,Male,White,United States,United States,United States,English,DATA_EXPIRED,DATA_EXPIRED
677eba79d1240e868d08efdc,66828964434e3570607d323d,RETURNED,Not Applicable,2025-01-08T17:50:47.117000Z,2025-01-08T18:30:19.174000Z,,2025-01-23T16:26:27.680471Z,,NOCODE,578,CONSENT_REVOKED,CONSENT_REVOKED,CONSENT_REVOKED,CONSENT_REVOKED,CONSENT_REVOKED,CONSENT_REVOKED,CONSENT_REVOKED,CONSENT_REVOKED,CONSENT_REVOKED
677eba7a3be44003a19e6e6a,6758500ad5a23570e450e95b,APPROVED,Not Applicable,2025-01-08T17:48:57.448000Z,2025-01-08T18:22:33.495000Z,2025-01-10T20:28:29.853000Z,2025-01-08T18:22:34.164590Z,2017.0,75b53a55e8,110,23,Female,Black,Nigeria,United States,United States,English,Yes,Full-Time
677eba7b2d79bdf5ca293dec,6116f60ae8f48f7d1244e8d3,APPROVED,Not Applicable,2025-01-08T17:52:23.730000Z,2025-01-08T18:01:55.035000Z,2025-01-10T20:28:30.175000Z,2025-01-08T18:01:55.710183Z,572.0,75b53a55e8,1423,24,Female,White,United States,United States,United States,English,No,Part-Time
677eba7cd5a598a914715d67,6737c05c5f126498b48bdbb2,RETURNED,Not Applicable,2025-01-08T17:59:00.066000Z,,,2025-01-23T16:26:27.771444Z,,,12,CONSENT_REVOKED,CONSENT_REVOKED,CONSENT_REVOKED,CONSENT_REVOKED,CONSENT_REVOKED,CONSENT_REVOKED,CONSENT_REVOKED,CONSENT_REVOKED,CONSENT_REVOKED
677eba7d3e04fda87cf76061,6760c625470d7d2611fed0d6,RETURNED,Not Applicable,2025-01-08T17:48:54.146000Z,,,2025-01-23T16:26:27.734635Z,,,98,CONSENT_REVOKED,CONSENT_REVOKED,CONSENT_REVOKED,CONSENT_REVOKED,CONSENT_REVOKED,CONSENT_REVOKED,CONSENT_REVOKED,CONSENT_REVOKED,CONSENT_REVOKED
677eba7d64e4453daf5faf13,6737a08a9f1322d144ef479f,RETURNED,Not Applicable,2025-01-08T17:49:01.366000Z,2025-01-08T17:51:20.570000Z,,2025-01-23T16:26:27.773139Z,,NOCODE,163,CONSENT_REVOKED,CONSENT_REVOKED,CONSENT_REVOKED,CONSENT_REVOKED,CONSENT_REVOKED,CONSENT_REVOKED,CONSENT_REVOKED,CONSENT_REVOKED,CONSENT_REVOKED
677eba7df6b67356aa35eb3f,675ee34f35697ff08be9a162,RETURNED,Not Applicable,2025-01-08T17:52:36.236000Z,,,2025-01-23T16:26:27.729642Z,,,79,CONSENT_REVOKED,CONSENT_REVOKED,CONSENT_REVOKED,CONSENT_REVOKED,CONSENT_REVOKED,CONSENT_REVOKED,CONSENT_REVOKED,CONSENT_REVOKED,CONSENT_REVOKED
677eba7f4e5b1a571a3ebb37,673a4a4738521c3458ee43fb,RETURNED,Not Applicable,2025-01-08T17:49:28.707000Z,,,2025-01-23T16:26:27.791380Z,,,155,CONSENT_REVOKED,CONSENT_REVOKED,CONSENT_REVOKED,CONSENT_REVOKED,CONSENT_REVOKED,CONSENT_REVOKED,CONSENT_REVOKED,CONSENT_REVOKED,CONSENT_REVOKED
677eba80022adad9ac0375a8,63dd6586f468134edccd02a9,APPROVED,Not Applicable,2025-01-08T17:52:17.355000Z,2025-01-08T18:22:37.386000Z,2025-01-10T20:28:30.630000Z,2025-01-08T18:22:38.065657Z,1821.0,75b53a55e8,1991,48,Male,White,United States,United States,United States,English,DATA_EXPIRED,DATA_EXPIRED
677eba804c8d21e435bab898,675761cd0df8b09c8aa98bfe,RETURNED,Not Applicable,2025-01-08T17:50:46.284000Z,,,2025-01-23T16:26:27.830892Z,,,161,CONSENT_REVOKED,CONSENT_REVOKED,CONSENT_REVOKED,CONSENT_REVOKED,CONSENT_REVOKED,CONSENT_REVOKED,CONSENT_REVOKED,CONSENT_REVOKED,CONSENT_REVOKED
677eba812f9ca14ac7464655,6751af79ceedf8101060c977,RETURNED,Not Applicable,2025-01-08T17:49:01.543000Z,,,2025-01-23T16:26:27.792402Z,,,154,CONSENT_REVOKED,CONSENT_REVOKED,CONSENT_REVOKED,CONSENT_REVOKED,CONSENT_REVOKED,CONSENT_REVOKED,CONSENT_REVOKED,CONSENT_REVOKED,CONSENT_REVOKED
677eba81d8bed84ac3ff644c,67534778ff170cecc2303250,APPROVED,Not Applicable,2025-01-08T17:53:09.609000Z,2025-01-08T18:21:42.776000Z,2025-01-10T20:28:30.898000Z,2025-01-08T18:21:44.532002Z,1714.0,75b53a55e8,29,48,Male,White,United States,United States,United States,English,No,Full-Time
677eba8201e76b344312bd46,674ead72d07162944cb838c3,APPROVED,Not Applicable,2025-01-08T17:48:57.057000Z,2025-01-08T18:11:40.064000Z,2025-01-10T20:28:31.463000Z,2025-01-08T18:11:40.740208Z,1364.0,75b53a55e8,79,25,Female,Black,United States,United States,United States,English,DATA_EXPIRED,DATA_EXPIRED
677eba83fae85dad36248ecc,5bdf8d7eee652a0001f0999c,RETURNED,Not Applicable,2025-01-08T17:48:57.549000Z,,,2025-01-23T16:26:27.883659Z,,,607,CONSENT_REVOKED,CONSENT_REVOKED,CONSENT_REVOKED,CONSENT_REVOKED,CONSENT_REVOKED,CONSENT_REVOKED,CONSENT_REVOKED,CONSENT_REVOKED,CONSENT_REVOKED
677eba840de12a7032bd6350,6737fba7338fc96e45b00b48,RETURNED,Not Applicable,2025-01-08T17:49:07.904000Z,,,2025-01-23T16:26:27.888531Z,,,225,CONSENT_REVOKED,CONSENT_REVOKED,CONSENT_REVOKED,CONSENT_REVOKED,CONSENT_REVOKED,CONSENT_REVOKED,CONSENT_REVOKED,CONSENT_REVOKED,CONSENT_REVOKED
677eba8428e73c39f2949af8,675ef1382c41db4287d713d4,TIMED-OUT,Not Applicable,2025-01-08T17:52:20.042000Z,,,2025-01-23T16:26:27.884482Z,1290848.0,,82,50,Female,Black,Ghana,United States,United States,English,No,Full-Time
677eba8566371b89be99471f,66c97f1b193ea0a67362a6ee,APPROVED,Not Applicable,2025-01-08T17:49:31.500000Z,2025-01-08T18:08:40.861000Z,2025-01-10T20:28:31.781000Z,2025-01-08T18:08:41.725730Z,1150.0,75b53a55e8,632,38,Male,White,United States,United States,United States,English,No,DATA_EXPIRED
677eba858761c0d88cf8f8b2,672f52608c114b20732050f3,RETURNED,Not Applicable,2025-01-08T17:49:09.676000Z,,,2025-01-23T16:26:27.913927Z,,,384,CONSENT_REVOKED,CONSENT_REVOKED,CONSENT_REVOKED,CONSENT_REVOKED,CONSENT_REVOKED,CONSENT_REVOKED,CONSENT_REVOKED,CONSENT_REVOKED,CONSENT_REVOKED
677eba86174e825d441e165e,612e3a35cdff046df8021629,RETURNED,Not Applicable,2025-01-08T17:49:04.594000Z,,,2025-01-23T16:26:27.958188Z,,,248,CONSENT_REVOKED,CONSENT_REVOKED,CONSENT_REVOKED,CONSENT_REVOKED,CONSENT_REVOKED,CONSENT_REVOKED,CONSENT_REVOKED,CONSENT_REVOKED,CONSENT_REVOKED
677eba86e94319bbcc9e70cc,5e6fd3293c76d25a3ca8b384,APPROVED,Not Applicable,2025-01-08T17:49:16.597000Z,2025-01-08T18:28:48.422000Z,2025-01-10T20:28:32.124000Z,2025-01-08T18:28:48.973536Z,2372.0,75b53a55e8,6746,54,Male,White,United States,United States,United States,English,DATA_EXPIRED,DATA_EXPIRED
677eba872f9ca14ac7464658,668587758fca61955b45e1fe,APPROVED,Not Applicable,2025-01-08T17:56:12.123000Z,2025-01-08T18:12:36.090000Z,2025-01-10T20:28:32.398000Z,2025-01-08T18:12:36.760543Z,984.0,75b53a55e8,620,31,Female,White,United States,United States,France,English,DATA_EXPIRED,DATA_EXPIRED
677eba883be44003a19e6e6e,672ec31531b7504b78dcddde,RETURNED,Not Applicable,2025-01-08T17:53:10.364000Z,,,2025-01-23T16:26:28.028895Z,,,172,CONSENT_REVOKED,CONSENT_REVOKED,CONSENT_REVOKED,CONSENT_REVOKED,CONSENT_REVOKED,CONSENT_REVOKED,CONSENT_REVOKED,CONSENT_REVOKED,CONSENT_REVOKED
677eba88d9fe13bb3a29dd4f,6317ff092d6b47344b7d1ec5,APPROVED,Not Applicable,2025-01-08T17:49:58.992000Z,2025-01-08T18:00:12.889000Z,2025-01-10T20:28:32.670000Z,2025-01-08T18:00:13.762051Z,614.0,75b53a55e8,6582,37,Male,Mixed,Singapore,United States,United States,English,DATA_EXPIRED,Full-Time
677eba895a82422e6687e894,6643fed25c5bac6cc2c0d290,RETURNED,Not Applicable,2025-01-08T17:49:10.923000Z,,,2025-01-23T16:26:27.993207Z,,,934,CONSENT_REVOKED,CONSENT_REVOKED,CONSENT_REVOKED,CONSENT_REVOKED,CONSENT_REVOKED,CONSENT_REVOKED,CONSENT_REVOKED,CONSENT_REVOKED,CONSENT_REVOKED
677eba8a5a82422e6687e897,661c38568863541ccfbebd67,APPROVED,Not Applicable,2025-01-08T17:49:33.348000Z,2025-01-08T18:05:32.842000Z,2025-01-10T20:28:33.012000Z,2025-01-08T18:07:58.933206Z,960.0,75b53a55e8,1568,57,Female,White,United States,United States,United States,English,No,Full-Time
677eba8a9855deeb06b03adb,671ce6916e05ce2e00e2a80f,APPROVED,Not Applicable,2025-01-08T17:49:14.853000Z,2025-01-08T18:43:48.485000Z,2025-01-10T20:28:33.308000Z,2025-01-08T18:43:49.145691Z,3274.0,75b53a55e8,221,59,Female,White,United States,United States,United States,English,DATA_EXPIRED,Full-Time
677eba8baa8825bff28f3ea3,677a81c0d0c10059ffca71d6,RETURNED,Not Applicable,2025-01-08T17:49:08.627000Z,,,2025-01-23T16:26:28.014982Z,,,42,CONSENT_REVOKED,CONSENT_REVOKED,CONSENT_REVOKED,CONSENT_REVOKED,CONSENT_REVOKED,CONSENT_REVOKED,CONSENT_REVOKED,CONSENT_REVOKED,CONSENT_REVOKED
677eba8bd27fef47bde5ff4e,61088d721cb7aa319d941fcf,APPROVED,Not Applicable,2025-01-08T17:49:03.943000Z,2025-01-08T18:07:03.001000Z,2025-01-10T20:28:34.225000Z,2025-01-08T18:08:14.773904Z,1080.0,75b53a55e8,88,33,Female,White,United States,United States,United States,English,No,Part-Time
677eba8c3e04fda87cf76068,677a8b98493e91d6c723da8e,RETURNED,Not Applicable,2025-01-08T17:49:21.185000Z,,,2025-01-23T16:26:28.025217Z,,,50,CONSENT_REVOKED,CONSENT_REVOKED,CONSENT_REVOKED,CONSENT_REVOKED,CONSENT_REVOKED,CONSENT_REVOKED,CONSENT_REVOKED,CONSENT_REVOKED,CONSENT_REVOKED
677eba8cc619cd83a99a7893,673382e0792b2291c83d1533,RETURNED,Not Applicable,2025-01-08T17:49:09.592000Z,,,2025-01-23T16:26:28.112068Z,,,201,CONSENT_REVOKED,CONSENT_REVOKED,CONSENT_REVOKED,CONSENT_REVOKED,CONSENT_REVOKED,CONSENT_REVOKED,CONSENT_REVOKED,CONSENT_REVOKED,CONSENT_REVOKED
677eba8d2640e94bf5ba3a51,675d37a5f9317eae3e27f822,RETURNED,Not Applicable,2025-01-08T17:49:21.810000Z,,,2025-01-23T16:26:28.041699Z,,,40,CONSENT_REVOKED,CONSENT_REVOKED,CONSENT_REVOKED,CONSENT_REVOKED,CONSENT_REVOKED,CONSENT_REVOKED,CONSENT_REVOKED,CONSENT_REVOKED,CONSENT_REVOKED
677eba8fb1eca5faba4473e9,628f572a2d1304a34b9e1a37,RETURNED,Not Applicable,2025-01-08T17:50:10.717000Z,,,2025-01-23T16:26:28.099427Z,,,5454,CONSENT_REVOKED,CONSENT_REVOKED,CONSENT_REVOKED,CONSENT_REVOKED,CONSENT_REVOKED,CONSENT_REVOKED,CONSENT_REVOKED,CONSENT_REVOKED,CONSENT_REVOKED
677eba90018341724e785897,66463f90b87b9b50ac0ac77b,APPROVED,Not Applicable,2025-01-08T17:49:13.880000Z,2025-01-08T18:06:11.510000Z,2025-01-10T20:28:34.588000Z,2025-01-08T18:08:05.163651Z,1018.0,75b53a55e8,46,36,Male,White,United States,United States,United States,English,No,Unemployed (and job seeking)
677eba90b2c9cfbd4c2a5994,565c6791c121fe0012fc3caf,APPROVED,Not Applicable,2025-01-08T17:49:09.716000Z,2025-01-08T18:02:35.663000Z,2025-01-10T20:28:34.978000Z,2025-01-08T18:02:36.781699Z,806.0,75b53a55e8,5516,38,Female,White,United States,United States,United States,English,No,Full-Time
677eba9102e9c6dffda30ff4,5d4b1c73cfe6e90017ad8990,APPROVED,Not Applicable,2025-01-08T17:49:10.872000Z,2025-01-08T18:30:58.361000Z,2025-01-10T20:28:35.347000Z,2025-01-08T18:30:59.332806Z,2508.0,75b53a55e8,9058,29,Male,Black,Nigeria,United States,United States,French,No,Full-Time
677eba91892f75cc12baf667,5ea120ed66031912aea618ae,APPROVED,Not Applicable,2025-01-08T17:49:21.683000Z,2025-01-08T18:23:50.352000Z,2025-01-10T20:28:35.647000Z,2025-01-08T18:23:52.212230Z,2069.0,75b53a55e8,6509,50,Male,White,United States,United States,United States,English,No,Full-Time
677eba9285ba793b3435ef2a,673ff967ee6d447dbaed84d6,APPROVED,Not Applicable,2025-01-08T17:50:10.460000Z,2025-01-08T18:09:19.025000Z,2025-01-10T20:28:36.044000Z,2025-01-08T18:09:19.669576Z,1149.0,75b53a55e8,191,60,Female,White,United States,United States,United States,English,No,DATA_EXPIRED
677eba92dc47c876ef9bf93a,664aa32c6cf60f70afed78ea,APPROVED,Not Applicable,2025-01-08T17:52:01.440000Z,2025-01-08T18:11:19.800000Z,2025-01-10T20:28:36.321000Z,2025-01-08T18:11:20.725407Z,1159.0,75b53a55e8,887,49,Female,White,United States,United States,United States,English,DATA_EXPIRED,DATA_EXPIRED
677eba93f8b680478a74551e,5d6466d84e9aae0001598a5a,RETURNED,Not Applicable,2025-01-08T17:49:11.852000Z,,,2025-01-23T16:26:28.172672Z,,,5196,CONSENT_REVOKED,CONSENT_REVOKED,CONSENT_REVOKED,CONSENT_REVOKED,CONSENT_REVOKED,CONSENT_REVOKED,CONSENT_REVOKED,CONSENT_REVOKED,CONSENT_REVOKED
677eba942771fa74cb2efe8c,61230b14a3bcb65c585dfdaa,APPROVED,Not Applicable,2025-01-08T17:49:16.264000Z,2025-01-08T18:04:07.729000Z,2025-01-10T20:28:36.593000Z,2025-01-08T18:04:08.521389Z,892.0,75b53a55e8,5115,39,Female,White,United States,United States,United States,English,No,Full-Time
677eba9586dea423fa1df20d,67517fabc1797111de80982c,APPROVED,Not Applicable,2025-01-08T17:49:34.840000Z,2025-01-08T18:20:41.055000Z,2025-01-10T20:28:36.846000Z,2025-01-08T18:20:41.691819Z,1867.0,75b53a55e8,72,19,Female,Mixed,Ghana,United States,United States,English,DATA_EXPIRED,Full-Time
677eba961b28954d0ff4ef0d,670c0b9cda641a195b6ff96b,RETURNED,Not Applicable,2025-01-08T17:49:16.816000Z,,,2025-01-23T16:26:28.146692Z,,,300,CONSENT_REVOKED,CONSENT_REVOKED,CONSENT_REVOKED,CONSENT_REVOKED,CONSENT_REVOKED,CONSENT_REVOKED,CONSENT_REVOKED,CONSENT_REVOKED,CONSENT_REVOKED
677eba968e6434d03fdd9efe,6777174e8ffe333dd637b6fd,APPROVED,Not Applicable,2025-01-08T17:49:22.069000Z,2025-01-08T18:24:21.811000Z,2025-01-10T20:28:37.080000Z,2025-01-08T18:24:22.567339Z,2100.0,75b53a55e8,7,19,Male,Mixed,United States,United States,United States,English,Yes,Part-Time
677eba976d67046cca7d1396,59f77d39b47dfc0001b660ea,RETURNED,Not Applicable,2025-01-08T17:49:19.814000Z,,,2025-01-23T16:26:28.196744Z,,,3729,CONSENT_REVOKED,CONSENT_REVOKED,CONSENT_REVOKED,CONSENT_REVOKED,CONSENT_REVOKED,CONSENT_REVOKED,CONSENT_REVOKED,CONSENT_REVOKED,CONSENT_REVOKED
677eba978b9ea20ad9f8d1be,56f2b352ed0cf6000b911139,APPROVED,Not Applicable,2025-01-08T17:49:18.475000Z,2025-01-08T18:08:42.983000Z,2025-01-10T20:28:37.311000Z,2025-01-08T18:08:43.889115Z,1165.0,75b53a55e8,1510,35,Female,White,United States,United States,United States,English,No,Full-Time
677eba994c077581a6949add,672e89878bf0a5db7087c513,APPROVED,Not Applicable,2025-01-08T17:49:22.900000Z,2025-01-08T18:04:16.940000Z,2025-01-10T20:28:37.569000Z,2025-01-08T18:04:17.797951Z,895.0,75b53a55e8,81,36,Male,White,United States,United States,United States,English,Yes,Part-Time
677eba9a4c8d21e435bab89c,6760ef83183da31cca80e095,RETURNED,Not Applicable,2025-01-08T17:54:03.973000Z,,,2025-01-23T16:26:28.233080Z,,,19,CONSENT_REVOKED,CONSENT_REVOKED,CONSENT_REVOKED,CONSENT_REVOKED,CONSENT_REVOKED,CONSENT_REVOKED,CONSENT_REVOKED,CONSENT_REVOKED,CONSENT_REVOKED
677eba9aa7b1f3d3def760ad,6171bbd074b630c87f2ab0f3,RETURNED,Not Applicable,2025-01-08T17:49:22.223000Z,,,2025-01-23T16:26:28.232730Z,,,3284,CONSENT_REVOKED,CONSENT_REVOKED,CONSENT_REVOKED,CONSENT_REVOKED,CONSENT_REVOKED,CONSENT_REVOKED,CONSENT_REVOKED,CONSENT_REVOKED,CONSENT_REVOKED
677eba9c4c8d21e435bab89e,667dc21819f1e0f06520b7e0,TIMED-OUT,Not Applicable,2025-01-08T17:51:43.934000Z,,,2025-01-23T16:26:28.237242Z,1290885.0,,544,30,Male,Black,United States,United States,United States,English,No,Unemployed (and job seeking)
677eba9c5dbfe10dedaf991b,67791b94285a5b12c721ea8e,RETURNED,Not Applicable,2025-01-08T17:49:29.913000Z,,,2025-01-23T16:26:28.277019Z,,,74,CONSENT_REVOKED,CONSENT_REVOKED,CONSENT_REVOKED,CONSENT_REVOKED,CONSENT_REVOKED,CONSENT_REVOKED,CONSENT_REVOKED,CONSENT_REVOKED,CONSENT_REVOKED
677eba9da9a96fdc64142464,6655d3a94955966d55364fb0,APPROVED,Not Applicable,2025-01-08T17:49:24.200000Z,2025-01-08T18:09:49.312000Z,2025-01-10T20:28:37.849000Z,2025-01-08T18:09:49.953130Z,1226.0,75b53a55e8,152,31,Female,White,United States,United States,United States,English,No,"Not in paid work (e.g. homemaker', 'retired or disabled)"
677eba9daadb5d393cf8f846,675d3e6aa363f8ece5e412d0,RETURNED,Not Applicable,2025-01-08T17:50:21.053000Z,,,2025-01-23T16:26:28.336406Z,,,69,CONSENT_REVOKED,CONSENT_REVOKED,CONSENT_REVOKED,CONSENT_REVOKED,CONSENT_REVOKED,CONSENT_REVOKED,CONSENT_REVOKED,CONSENT_REVOKED,CONSENT_REVOKED
677eba9eb8435cb61792579a,675078f493ee3ae386c8bd58,APPROVED,Not Applicable,2025-01-08T17:49:23.358000Z,2025-01-08T18:00:48.692000Z,2025-01-10T20:28:38.245000Z,2025-01-08T18:00:49.249652Z,686.0,75b53a55e8,58,33,Male,Other,DATA_EXPIRED,United States,United States,English,No,DATA_EXPIRED
677eba9ec18b61dd65d7f40d,67532cc03ec3ded837ecc5ee,APPROVED,Not Applicable,2025-01-08T17:49:37.776000Z,2025-01-08T18:07:05.718000Z,2025-01-10T20:28:38.512000Z,2025-01-08T18:08:15.342995Z,1048.0,75b53a55e8,176,23,Male,White,United States,United States,United States,English,Yes,Full-Time
677eba9f3111f680ade6246d,6751d96bc9598354787e6f4c,RETURNED,Not Applicable,2025-01-08T17:49:32.033000Z,,,2025-01-23T16:26:28.318160Z,,,159,CONSENT_REVOKED,CONSENT_REVOKED,CONSENT_REVOKED,CONSENT_REVOKED,CONSENT_REVOKED,CONSENT_REVOKED,CONSENT_REVOKED,CONSENT_REVOKED,CONSENT_REVOKED
677ebaa037a3e8cb4c3390c9,630caf1e86e49cd599f4b53a,APPROVED,Not Applicable,2025-01-08T17:49:27.029000Z,2025-01-08T18:11:31.862000Z,2025-01-10T20:28:38.777000Z,2025-01-08T18:11:32.794783Z,1325.0,75b53a55e8,3399,39,Male,White,United States,United States,United States,English,No,DATA_EXPIRED
677ebaa0a7b09d9cc48b244a,55bce852fdf99b268358f83b,RETURNED,Not Applicable,2025-01-08T17:50:20.875000Z,,,2025-01-23T16:26:28.325513Z,,,4779,CONSENT_REVOKED,CONSENT_REVOKED,CONSENT_REVOKED,CONSENT_REVOKED,CONSENT_REVOKED,CONSENT_REVOKED,CONSENT_REVOKED,CONSENT_REVOKED,CONSENT_REVOKED
677ebaa1bb091e27806600ed,66465c850d9a3e177f2649fa,RETURNED,Not Applicable,2025-01-08T17:49:21.483000Z,,,2025-01-23T16:26:28.385600Z,,,689,CONSENT_REVOKED,CONSENT_REVOKED,CONSENT_REVOKED,CONSENT_REVOKED,CONSENT_REVOKED,CONSENT_REVOKED,CONSENT_REVOKED,CONSENT_REVOKED,CONSENT_REVOKED
677ebaa2387f24469138e99d,5e42f74f5b772a18434cabf7,RETURNED,Not Applicable,2025-01-08T17:53:20.389000Z,,,2025-01-23T16:26:28.416878Z,,,3290,CONSENT_REVOKED,CONSENT_REVOKED,CONSENT_REVOKED,CONSENT_REVOKED,CONSENT_REVOKED,CONSENT_REVOKED,CONSENT_REVOKED,CONSENT_REVOKED,CONSENT_REVOKED
677ebaa359743c13d882e365,664050854b928e5094b3c4e1,RETURNED,Not Applicable,2025-01-08T17:49:49.481000Z,,,2025-01-23T16:26:28.396126Z,,,619,CONSENT_REVOKED,CONSENT_REVOKED,CONSENT_REVOKED,CONSENT_REVOKED,CONSENT_REVOKED,CONSENT_REVOKED,CONSENT_REVOKED,CONSENT_REVOKED,CONSENT_REVOKED
677ebaa3a003e65f8d04b9e5,61021d1ed8573fa2e07871ec,APPROVED,Not Applicable,2025-01-08T17:49:28.905000Z,2025-01-08T18:00:31.187000Z,2025-01-10T20:28:39.025000Z,2025-01-08T18:00:32.056494Z,663.0,75b53a55e8,2280,34,Female,Asian,United States,United States,Korea,English,No,Full-Time
677ebaa4dc47c876ef9bf943,671fbfc9577e11a7776b713e,APPROVED,Not Applicable,2025-01-08T17:49:35.518000Z,2025-01-08T18:33:19.372000Z,2025-01-10T20:28:39.278000Z,2025-01-08T18:33:20.094844Z,2624.0,75b53a55e8,367,35,Male,White,United States,United States,United States,English,No,Full-Time
677ebaa557d856b0088a01de,5751f576a9de4b0006e557b9,APPROVED,Not Applicable,2025-01-08T17:49:57.868000Z,2025-01-08T18:10:29.260000Z,2025-01-10T20:28:39.546000Z,2025-01-08T18:10:29.723459Z,1232.0,75b53a55e8,2619,45,Male,White,United States,United States,United States,English,No,DATA_EXPIRED
677ebaa5edd29411568d238c,66467f5703bc98ffca9a248c,APPROVED,Not Applicable,2025-01-08T17:49:28.947000Z,2025-01-08T18:03:25.968000Z,2025-01-10T20:28:39.818000Z,2025-01-08T18:03:26.999737Z,838.0,75b53a55e8,832,31,Male,Asian,Hong Kong,United States,United States,English,DATA_EXPIRED,DATA_EXPIRED
677ebaa6018341724e78589c,6400ed09421b2727c2f7c553,APPROVED,Not Applicable,2025-01-08T17:49:35.565000Z,2025-01-08T18:11:57.088000Z,2025-01-10T20:28:40.086000Z,2025-01-08T18:11:57.802302Z,1342.0,75b53a55e8,1597,39,Male,White,DATA_EXPIRED,United States,United States,English,DATA_EXPIRED,DATA_EXPIRED
677ebaa739f6f7a03164580a,6765812a3e722ff405b76bbc,APPROVED,Not Applicable,2025-01-08T17:49:35.580000Z,2025-01-08T18:01:53.346000Z,2025-01-10T20:28:40.354000Z,2025-01-08T18:01:54.272393Z,738.0,75b53a55e8,35,35,Male,White,United States,United States,Czech Republic,English,No,Full-Time
677ebaa88b9ea20ad9f8d1c5,66bfdc082ffe8d45b60263a6,APPROVED,Not Applicable,2025-01-08T17:49:33.621000Z,2025-01-08T18:02:31.722000Z,2025-01-10T20:28:40.587000Z,2025-01-08T18:02:32.479145Z,779.0,75b53a55e8,658,50,Female,White,Bosnia and Herzegovina,United States,United States,English,No,Full-Time
677ebaa9bf9e4c07a79782a2,6741eac6271b139c64813fa5,APPROVED,Not Applicable,2025-01-08T17:58:48.907000Z,2025-01-08T18:21:34.100000Z,2025-01-10T20:28:40.850000Z,2025-01-08T18:21:34.913007Z,1366.0,75b53a55e8,182,45,Female,White,United States,United States,United States,English,No,DATA_EXPIRED
677ebaaa406a3c534bf2dc3a,63457ca6ea7e55d2491ec3fc,APPROVED,Not Applicable,2025-01-08T17:49:35.587000Z,2025-01-08T18:03:52.481000Z,2025-01-10T20:28:41.115000Z,2025-01-08T18:03:53.262979Z,857.0,75b53a55e8,3146,54,Male,White,United States,United States,United States,English,No,"Not in paid work (e.g. homemaker', 'retired or disabled)"
677ebaaa61a33dc502bd7ae2,66ab9280123ea5f0635d4785,RETURNED,Not Applicable,2025-01-08T17:49:35.602000Z,,,2025-01-23T16:26:28.452035Z,,,1004,CONSENT_REVOKED,CONSENT_REVOKED,CONSENT_REVOKED,CONSENT_REVOKED,CONSENT_REVOKED,CONSENT_REVOKED,CONSENT_REVOKED,CONSENT_REVOKED,CONSENT_REVOKED
677ebaab369e2918471f4563,67445f0269a82fe014b24be0,APPROVED,Not Applicable,2025-01-08T17:50:42.844000Z,2025-01-08T18:15:40.436000Z,2025-01-10T20:28:41.367000Z,2025-01-08T18:15:41.086498Z,1498.0,75b53a55e8,44,18,Female,Black,Ghana,United States,United States,English,Yes,Unemployed (and job seeking)
677ebaada436ac59cafc0902,672c5b8a4e9baf334a143014,APPROVED,Not Applicable,2025-01-08T17:49:44.360000Z,2025-01-08T18:49:45.929000Z,2025-01-10T20:28:41.601000Z,2025-01-08T18:50:15.424467Z,3602.0,75b53a55e8,27,28,Male,Black,Nigeria,United States,United States,English,No,Full-Time
677ebaaded29ffe35a7a1d5d,675b839721464a8a58c20803,APPROVED,Not Applicable,2025-01-08T17:49:58.787000Z,2025-01-08T18:18:32.013000Z,2025-01-10T20:28:41.973000Z,2025-01-08T18:18:32.830535Z,1714.0,75b53a55e8,51,18,Female,Black,Nigeria,United States,United States,English,DATA_EXPIRED,Full-Time
677ebaaed895387e503da184,675eedc3e29d31f79d612346,TIMED-OUT,Not Applicable,2025-01-08T17:51:54.879000Z,,,2025-01-23T16:26:28.412935Z,1290874.0,,75,30,Female,Black,Ghana,United States,United States,English,No,Full-Time
677ebaaefb3016e62f8f6269,672a14b48216023720cc5263,APPROVED,Not Applicable,2025-01-08T17:49:49.011000Z,2025-01-08T18:25:28.582000Z,2025-01-10T20:28:42.229000Z,2025-01-08T18:25:29.222060Z,2140.0,75b53a55e8,308,31,Female,Black,United States,United States,United States,English,No,Full-Time
677ebaaf406a3c534bf2dc3e,67323fa00e0528c72f4f1117,RETURNED,Not Applicable,2025-01-08T17:49:40.719000Z,,,2025-01-23T16:26:28.555297Z,,,166,CONSENT_REVOKED,CONSENT_REVOKED,CONSENT_REVOKED,CONSENT_REVOKED,CONSENT_REVOKED,CONSENT_REVOKED,CONSENT_REVOKED,CONSENT_REVOKED,CONSENT_REVOKED
677ebaaf5501f1f978ad6062,66bf519b34c66d259e5554d1,APPROVED,Not Applicable,2025-01-08T17:49:42.089000Z,2025-01-08T18:08:36.825000Z,2025-01-10T20:28:42.472000Z,2025-01-08T18:08:37.536375Z,1135.0,75b53a55e8,639,43,Female,White,United States,United States,United States,English,No,Part-Time
677ebab06cc3afe1ebe63a73,5f6fd1451758e95a989623b2,APPROVED,Not Applicable,2025-01-08T17:49:48.905000Z,2025-01-08T18:06:22.376000Z,2025-01-10T20:28:42.734000Z,2025-01-08T18:08:07.765633Z,994.0,75b53a55e8,7183,51,Male,White,United States,United States,United States,English,No,Other
677ebab0a7b1f3d3def760b9,673b8569ae599d74936b2364,RETURNED,Not Applicable,2025-01-08T17:59:36.876000Z,,,2025-01-23T16:26:28.423070Z,,,89,CONSENT_REVOKED,CONSENT_REVOKED,CONSENT_REVOKED,CONSENT_REVOKED,CONSENT_REVOKED,CONSENT_REVOKED,CONSENT_REVOKED,CONSENT_REVOKED,CONSENT_REVOKED
677ebab137a3e8cb4c3390d0,677a47a1342731fdcc689eef,RETURNED,Not Applicable,2025-01-08T17:49:55.688000Z,,,2025-01-23T16:26:28.473149Z,,,22,CONSENT_REVOKED,CONSENT_REVOKED,CONSENT_REVOKED,CONSENT_REVOKED,CONSENT_REVOKED,CONSENT_REVOKED,CONSENT_REVOKED,CONSENT_REVOKED,CONSENT_REVOKED
677ebab291d12d351cc586c8,59baa339ab8d830001fe56f5,RETURNED,Not Applicable,2025-01-08T17:49:46.011000Z,,,2025-01-23T16:26:28.555765Z,,,4957,CONSENT_REVOKED,CONSENT_REVOKED,CONSENT_REVOKED,CONSENT_REVOKED,CONSENT_REVOKED,CONSENT_REVOKED,CONSENT_REVOKED,CONSENT_REVOKED,CONSENT_REVOKED
677ebab35dbfe10dedaf9923,66c740207361f403840a7f2d,RETURNED,Not Applicable,2025-01-08T17:49:45.750000Z,,,2025-01-23T16:26:28.532746Z,,,732,CONSENT_REVOKED,CONSENT_REVOKED,CONSENT_REVOKED,CONSENT_REVOKED,CONSENT_REVOKED,CONSENT_REVOKED,CONSENT_REVOKED,CONSENT_REVOKED,CONSENT_REVOKED
677ebab3b64c3823a44e0f25,6639294aecf47d087656fe71,RETURNED,Not Applicable,2025-01-08T17:49:56.894000Z,,,2025-01-23T16:26:28.564123Z,,,1529,CONSENT_REVOKED,CONSENT_REVOKED,CONSENT_REVOKED,CONSENT_REVOKED,CONSENT_REVOKED,CONSENT_REVOKED,CONSENT_REVOKED,CONSENT_REVOKED,CONSENT_REVOKED
677ebab475744b6891b6a54c,656cef93133dd04969014614,RETURNED,Not Applicable,2025-01-08T17:50:07.047000Z,,,2025-01-23T16:26:28.652103Z,,,1087,CONSENT_REVOKED,CONSENT_REVOKED,CONSENT_REVOKED,CONSENT_REVOKED,CONSENT_REVOKED,CONSENT_REVOKED,CONSENT_REVOKED,CONSENT_REVOKED,CONSENT_REVOKED
677ebab4d8bed84ac3ff6464,673dfad20de86492d4c66329,RETURNED,Not Applicable,2025-01-08T17:49:51.615000Z,,,2025-01-23T16:26:28.582573Z,,,254,CONSENT_REVOKED,CONSENT_REVOKED,CONSENT_REVOKED,CONSENT_REVOKED,CONSENT_REVOKED,CONSENT_REVOKED,CONSENT_REVOKED,CONSENT_REVOKED,CONSENT_REVOKED
677ebab5118ac3d6cd2f496d,6516f5e83d2a0a005a56d55a,APPROVED,Not Applicable,2025-01-08T17:50:33.305000Z,2025-01-08T18:10:47.277000Z,2025-01-10T20:28:42.974000Z,2025-01-08T18:10:48.044822Z,1214.0,75b53a55e8.,2998,49,Female,Asian,United States,United States,United States,English,DATA_EXPIRED,DATA_EXPIRED
677ebab5f55f63a2f082e3df,66a27cafcb928333d8ed6180,APPROVED,Not Applicable,2025-01-08T17:51:21.868000Z,2025-01-08T18:13:12.687000Z,2025-01-10T20:28:43.231000Z,2025-01-08T18:13:13.449379Z,1311.0,75b53a55e8,199,19,Male,Asian,United States,United States,United States,English,Yes,Unemployed (and job seeking)
677ebab602e9c6dffda31001,6756bb80a8df947e205e51a2,RETURNED,Not Applicable,2025-01-08T17:50:08.416000Z,,,2025-01-23T16:26:28.638946Z,,,70,CONSENT_REVOKED,CONSENT_REVOKED,CONSENT_REVOKED,CONSENT_REVOKED,CONSENT_REVOKED,CONSENT_REVOKED,CONSENT_REVOKED,CONSENT_REVOKED,CONSENT_REVOKED
677ebab64cf83d3dfa8113f6,674dd2334731ed382ed7444b,APPROVED,Not Applicable,2025-01-08T17:50:23.525000Z,2025-01-08T18:12:22.324000Z,2025-01-10T20:28:43.519000Z,2025-01-08T18:12:23.125279Z,1319.0,75b53a55e8,137,37,Female,Black,United States,United States,United States,English,No,DATA_EXPIRED
677ebab7bde94913fe7e26c7,66e76d0de95113d62f709ec5,APPROVED,Not Applicable,2025-01-08T17:49:47.694000Z,2025-01-08T18:07:14.305000Z,2025-01-10T20:28:43.765000Z,2025-01-08T18:08:16.312711Z,1047.0,75b53a55e8,263,38,Female,White,United States,United States,United States,English,No,"Not in paid work (e.g. homemaker', 'retired or disabled)"
677ebab7f8b680478a74552f,672354e3037b77d65cbba3ed,RETURNED,Not Applicable,2025-01-08T17:52:09.385000Z,,,2025-01-23T16:26:28.686102Z,,,189,CONSENT_REVOKED,CONSENT_REVOKED,CONSENT_REVOKED,CONSENT_REVOKED,CONSENT_REVOKED,CONSENT_REVOKED,CONSENT_REVOKED,CONSENT_REVOKED,CONSENT_REVOKED
677ebab8439ced98417d70b5,6667897db5b8a719d60f6a78,RETURNED,Not Applicable,2025-01-08T17:49:50.991000Z,,,2025-01-23T16:26:28.679942Z,,,351,CONSENT_REVOKED,CONSENT_REVOKED,CONSENT_REVOKED,CONSENT_REVOKED,CONSENT_REVOKED,CONSENT_REVOKED,CONSENT_REVOKED,CONSENT_REVOKED,CONSENT_REVOKED
677ebab9696ee5f269248f0b,6605eaefd982b606054fda4c,APPROVED,Not Applicable,2025-01-08T17:56:00.985000Z,2025-01-08T18:51:17.727000Z,2025-01-10T20:28:44.041000Z,2025-01-08T18:51:18.855412Z,3317.0,NOCODE,760,49,Female,White,United States,United States,United States,English,DATA_EXPIRED,DATA_EXPIRED
677ebaba69b1a9fcfa549e40,65085fb91a4cb8bd22420fef,APPROVED,Not Applicable,2025-01-08T17:49:56.190000Z,2025-01-08T18:53:33.350000Z,2025-01-10T20:28:44.298000Z,2025-01-08T18:53:34.467451Z,3818.0,75b53a55e8,967,74,Male,White,United States,United States,United States,English,DATA_EXPIRED,DATA_EXPIRED
677ebabb000aba7c272eff18,63e85d3990eb2a741ba9f7e8,RETURNED,Not Applicable,2025-01-08T17:57:23.218000Z,,,2025-01-23T16:26:28.764458Z,,,1381,CONSENT_REVOKED,CONSENT_REVOKED,CONSENT_REVOKED,CONSENT_REVOKED,CONSENT_REVOKED,CONSENT_REVOKED,CONSENT_REVOKED,CONSENT_REVOKED,CONSENT_REVOKED
677ebabb67a8f92c6811d793,673f9f15c3b14aea08b0a731,RETURNED,Not Applicable,2025-01-08T17:49:58.859000Z,,,2025-01-23T16:26:28.800784Z,,,183,CONSENT_REVOKED,CONSENT_REVOKED,CONSENT_REVOKED,CONSENT_REVOKED,CONSENT_REVOKED,CONSENT_REVOKED,CONSENT_REVOKED,CONSENT_REVOKED,CONSENT_REVOKED
677ebabdb1868d8b7b21bc5f,57d6b1718e00270001b430cc,RETURNED,Not Applicable,2025-01-08T17:51:26.800000Z,,,2025-01-23T16:26:28.788307Z,,,5700,CONSENT_REVOKED,CONSENT_REVOKED,CONSENT_REVOKED,CONSENT_REVOKED,CONSENT_REVOKED,CONSENT_REVOKED,CONSENT_REVOKED,CONSENT_REVOKED,CONSENT_REVOKED
677ebabe308010967c8b0fb3,6763051d1ba57d43a5120fc0,RETURNED,Not Applicable,2025-01-08T17:50:04.711000Z,,,2025-01-23T16:26:28.734090Z,,,116,CONSENT_REVOKED,CONSENT_REVOKED,CONSENT_REVOKED,CONSENT_REVOKED,CONSENT_REVOKED,CONSENT_REVOKED,CONSENT_REVOKED,CONSENT_REVOKED,CONSENT_REVOKED
677ebabe7674cbecfe163847,5bb58e338f3bd70001e5df57,RETURNED,Not Applicable,2025-01-08T17:49:56.535000Z,,,2025-01-23T16:26:28.798141Z,,,3615,CONSENT_REVOKED,CONSENT_REVOKED,CONSENT_REVOKED,CONSENT_REVOKED,CONSENT_REVOKED,CONSENT_REVOKED,CONSENT_REVOKED,CONSENT_REVOKED,CONSENT_REVOKED
677ebabf12723c7e2b752d89,6726ab04b0d80cbe074f2afc,APPROVED,Not Applicable,2025-01-08T17:54:38.021000Z,2025-01-08T18:19:15.877000Z,2025-01-10T20:28:44.532000Z,2025-01-08T18:19:16.568618Z,1478.0,75b53a55e8,194,19,Male,Black,United States,United States,United States,English,No,Other
677ebac0bc5e615da79045c3,6313f4ebb6eb359b0650a088,RETURNED,Not Applicable,2025-01-08T17:50:14.160000Z,,,2025-01-23T16:26:28.836280Z,,,1701,CONSENT_REVOKED,CONSENT_REVOKED,CONSENT_REVOKED,CONSENT_REVOKED,CONSENT_REVOKED,CONSENT_REVOKED,CONSENT_REVOKED,CONSENT_REVOKED,CONSENT_REVOKED
677ebac166371b89be99472f,67239f1477ec766223d486c6,RETURNED,Not Applicable,2025-01-08T18:00:00.070000Z,,,2025-01-23T16:26:28.917887Z,,,357,CONSENT_REVOKED,CONSENT_REVOKED,CONSENT_REVOKED,CONSENT_REVOKED,CONSENT_REVOKED,CONSENT_REVOKED,CONSENT_REVOKED,CONSENT_REVOKED,CONSENT_REVOKED
677ebac253bc4d72abb5aac1,61080fd841f4cf432bee151c,RETURNED,Not Applicable,2025-01-08T17:50:09.554000Z,,,2025-01-23T16:26:28.849599Z,,,112,CONSENT_REVOKED,CONSENT_REVOKED,CONSENT_REVOKED,CONSENT_REVOKED,CONSENT_REVOKED,CONSENT_REVOKED,CONSENT_REVOKED,CONSENT_REVOKED,CONSENT_REVOKED
677ebac28e6434d03fdd9f06,57dd1a741334540001170404,RETURNED,Not Applicable,2025-01-08T17:52:18.061000Z,,,2025-01-23T16:26:28.865169Z,,,5918,CONSENT_REVOKED,CONSENT_REVOKED,CONSENT_REVOKED,CONSENT_REVOKED,CONSENT_REVOKED,CONSENT_REVOKED,CONSENT_REVOKED,CONSENT_REVOKED,CONSENT_REVOKED
677ebac38c343167ed2a334a,675dcc6b727fcf6d08148eca,APPROVED,Not Applicable,2025-01-08T17:57:51.088000Z,2025-01-08T19:01:06.436000Z,2025-01-10T20:28:44.763000Z,2025-01-08T19:01:19.830102Z,3796.0,75b53a55e8,64,36,Female,White,United States,United States,United States,English,DATA_EXPIRED,DATA_EXPIRED
677ebac3ddc392b591f1ab70,60c2b160526d0ae3b07ca006,APPROVED,Not Applicable,2025-01-08T17:50:00.669000Z,2025-01-08T18:23:21.450000Z,2025-01-10T20:28:44.991000Z,2025-01-08T18:23:22.203788Z,2001.0,75b53a55e8,6185,34,Male,White,United States,United States,United States,English,No,DATA_EXPIRED
677ebac47759e770f05d08b6,663b3d32febf0a13e5a5ca74,APPROVED,Not Applicable,2025-01-08T17:50:24.874000Z,2025-01-08T18:06:40.884000Z,2025-01-10T20:28:45.233000Z,2025-01-08T18:08:10.712205Z,977.0,75b53a55e8,182,33,Male,Black,United States,United States,United States,English,DATA_EXPIRED,Full-Time
677ebac4b64c3823a44e0f2f,676e69a428634d645fe47def,RETURNED,Not Applicable,2025-01-08T17:59:16.795000Z,,,2025-01-23T16:26:28.913433Z,,,27,CONSENT_REVOKED,CONSENT_REVOKED,CONSENT_REVOKED,CONSENT_REVOKED,CONSENT_REVOKED,CONSENT_REVOKED,CONSENT_REVOKED,CONSENT_REVOKED,CONSENT_REVOKED
677ebac4fb3016e62f8f626e,6778fa36c567199c95f28b57,RETURNED,Not Applicable,2025-01-08T17:50:10.140000Z,,,2025-01-23T16:26:28.935560Z,,,39,CONSENT_REVOKED,CONSENT_REVOKED,CONSENT_REVOKED,CONSENT_REVOKED,CONSENT_REVOKED,CONSENT_REVOKED,CONSENT_REVOKED,CONSENT_REVOKED,CONSENT_REVOKED
677ebac5000aba7c272eff1b,66338fb1dfa77d3fd06531ad,APPROVED,Not Applicable,2025-01-08T17:50:02.076000Z,2025-01-08T18:12:55.567000Z,2025-01-10T20:28:45.492000Z,2025-01-08T18:12:56.166055Z,1374.0,75b53a55e8.,1031,67,Female,White,United States,United States,United States,English,No,"Not in paid work (e.g. homemaker', 'retired or disabled)"
677ebac5b0aeb9892382c1e7,67439bd25ea9ffc95e0d0ebe,RETURNED,Not Applicable,2025-01-08T17:52:22.323000Z,,,2025-01-23T16:26:28.963500Z,,,298,CONSENT_REVOKED,CONSENT_REVOKED,CONSENT_REVOKED,CONSENT_REVOKED,CONSENT_REVOKED,CONSENT_REVOKED,CONSENT_REVOKED,CONSENT_REVOKED,CONSENT_REVOKED
677ebac775744b6891b6a553,6604cdce9c02df4997ec8b68,RETURNED,Not Applicable,2025-01-08T18:00:00.070000Z,,,2025-01-23T16:26:28.918887Z,,,1345,CONSENT_REVOKED,CONSENT_REVOKED,CONSENT_REVOKED,CONSENT_REVOKED,CONSENT_REVOKED,CONSENT_REVOKED,CONSENT_REVOKED,CONSENT_REVOKED,CONSENT_REVOKED
677ebac88b1ad213fba55450,662a5d2a3e89bf05889ec55a,APPROVED,Not Applicable,2025-01-08T17:50:10.100000Z,2025-01-08T18:07:25.461000Z,2025-01-10T20:28:45.714000Z,2025-01-08T18:08:18.139523Z,1036.0,75b53a55e8,724,44,Male,White,United States,United States,United States,English,Yes,Full-Time
677ebacb0df0e62ae3037622,668b37077c15ef8634f2121c,APPROVED,Not Applicable,2025-01-08T17:50:14.195000Z,2025-01-08T18:17:17.351000Z,2025-01-10T20:28:45.959000Z,2025-01-08T18:17:18.271863Z,1624.0,75b53a55e8,497,27,Male,Mixed,United States,United States,United States,English,DATA_EXPIRED,DATA_EXPIRED
677ebacc5dbfe10dedaf992a,5a51ba7676d1c60001aaa660,RETURNED,Not Applicable,2025-01-08T17:50:49.659000Z,2025-01-08T18:00:30.913000Z,,2025-01-23T16:26:29.052142Z,,NOCODE,3088,CONSENT_REVOKED,CONSENT_REVOKED,CONSENT_REVOKED,CONSENT_REVOKED,CONSENT_REVOKED,CONSENT_REVOKED,CONSENT_REVOKED,CONSENT_REVOKED,CONSENT_REVOKED
677ebaccd466a789d0762c97,6776c1a97f07f461e05a2ad1,APPROVED,Not Applicable,2025-01-08T17:51:38.069000Z,2025-01-08T18:41:34.086000Z,2025-01-10T20:28:46.248000Z,2025-01-08T18:41:34.766280Z,2997.0,75b53a55e8,14,35,Male,White,United States,United States,United States,English,DATA_EXPIRED,Full-Time
677ebacd7759e770f05d08b8,609cff7fe52cde12237d9188,APPROVED,Not Applicable,2025-01-08T17:50:11.847000Z,2025-01-08T18:11:30.350000Z,2025-01-10T20:28:46.472000Z,2025-01-08T18:11:30.968188Z,1279.0,75b53a55e8,461,41,Male,White,United States,United States,United States,English,No,Full-Time
677ebacd8981a470c419385e,664eadfb03163fd09b39ec16,APPROVED,Not Applicable,2025-01-08T17:51:28.848000Z,2025-01-08T18:16:19.311000Z,2025-01-10T20:28:46.742000Z,2025-01-08T18:16:19.954737Z,1491.0,75b53a55e8,720,36,Female,White,United States,United States,United States,English,No,DATA_EXPIRED
677ebacef492090a1829de68,664d6d6d9d70a0875eada8a6,APPROVED,Not Applicable,2025-01-08T17:50:15.804000Z,2025-01-08T18:03:00.462000Z,2025-01-10T20:28:47.032000Z,2025-01-08T18:03:01.076146Z,765.0,75b53a55e8,733,24,Male,White,United States,United States,United States,English,DATA_EXPIRED,DATA_EXPIRED
677ebacf018341724e7858a9,63f3e75e0787bb42195e1e4c,APPROVED,Not Applicable,2025-01-08T17:50:15.521000Z,2025-01-08T18:05:01.517000Z,2025-01-10T20:28:47.313000Z,2025-01-08T18:05:02.042854Z,886.0,75b53a55e8,4186,66,Female,White,United States,United States,United States,English,No,"Not in paid work (e.g. homemaker', 'retired or disabled)"
677ebad0cb32473be195f5da,62c08fa6cab36e3a08790b49,APPROVED,Not Applicable,2025-01-08T17:51:46.026000Z,2025-01-08T18:06:53.034000Z,2025-01-10T20:28:48.132000Z,2025-01-08T18:08:13.159050Z,908.0,75b53a55e8.,5900,69,Male,White,United States,United States,United States,English,No,"Not in paid work (e.g. homemaker', 'retired or disabled)"
677ebad1091e99890f192184,5cbf695ee4177a001349bddc,RETURNED,Not Applicable,2025-01-08T17:50:16.061000Z,,,2025-01-23T16:26:29.031543Z,,,62,CONSENT_REVOKED,CONSENT_REVOKED,CONSENT_REVOKED,CONSENT_REVOKED,CONSENT_REVOKED,CONSENT_REVOKED,CONSENT_REVOKED,CONSENT_REVOKED,CONSENT_REVOKED
677ebad1308010967c8b0fbb,60f6ce6de6cf393bcde0c14d,RETURNED,Not Applicable,2025-01-08T17:50:19.816000Z,,,2025-01-23T16:26:29.089069Z,,,3731,CONSENT_REVOKED,CONSENT_REVOKED,CONSENT_REVOKED,CONSENT_REVOKED,CONSENT_REVOKED,CONSENT_REVOKED,CONSENT_REVOKED,CONSENT_REVOKED,CONSENT_REVOKED
677ebad2409193fb61235ea9,65689e62c5242d9b9a61a4de,APPROVED,Not Applicable,2025-01-08T17:50:18.510000Z,2025-01-08T18:11:27.149000Z,2025-01-10T20:28:48.398000Z,2025-01-08T18:11:28.076212Z,1269.0,75b53a55e8,319,40,Male,Other,United States,United States,United States,English,DATA_EXPIRED,DATA_EXPIRED
677ebad32640e94bf5ba3a6b,65c19735a918130b0aa9b3e4,APPROVED,Not Applicable,2025-01-08T17:50:21.764000Z,2025-01-08T18:55:49.167000Z,2025-01-10T20:28:48.687000Z,2025-01-08T18:55:49.885087Z,3928.0,75b53a55e8,1262,46,Female,Black,United States,United States,United States,English,DATA_EXPIRED,DATA_EXPIRED
677ebad3f1f0b8fcacff2312,675de967ded14afdebe60e3d,RETURNED,Not Applicable,2025-01-08T17:51:13.548000Z,,,2025-01-23T16:26:28.968895Z,,,94,CONSENT_REVOKED,CONSENT_REVOKED,CONSENT_REVOKED,CONSENT_REVOKED,CONSENT_REVOKED,CONSENT_REVOKED,CONSENT_REVOKED,CONSENT_REVOKED,CONSENT_REVOKED
677ebad437a3e8cb4c3390d6,66818043601905da419bdbcf,APPROVED,Not Applicable,2025-01-08T17:50:29.253000Z,2025-01-08T18:04:21.417000Z,2025-01-10T20:28:48.906000Z,2025-01-08T18:04:22.154161Z,833.0,75b53a55e8,473,30,Male,White,United States,United States,United States,English,No,Full-Time
677ebad55dbfe10dedaf9930,6718ab4da496b39bb78110a2,RETURNED,Not Applicable,2025-01-08T17:52:38.582000Z,,,2025-01-23T16:26:29.074308Z,,,277,CONSENT_REVOKED,CONSENT_REVOKED,CONSENT_REVOKED,CONSENT_REVOKED,CONSENT_REVOKED,CONSENT_REVOKED,CONSENT_REVOKED,CONSENT_REVOKED,CONSENT_REVOKED
677ebad5b7f8faf790b6a4dc,675dcdd7a4caa6aa31f51bed,APPROVED,Not Applicable,2025-01-08T17:57:54.332000Z,2025-01-08T18:39:36.555000Z,2025-01-10T20:28:49.129000Z,2025-01-08T18:39:37.159577Z,2503.0,75b53a55e8,49,35,Female,White,United States,United States,United States,English,DATA_EXPIRED,DATA_EXPIRED
677ebad5f0a6d51871da1e16,66cc047770ffbe2366f82ccc,REJECTED,Not Applicable,2025-01-08T17:50:22.286000Z,2025-01-08T17:57:58.622000Z,2025-01-21T17:29:14.745000Z,2025-01-23T16:26:29.212314Z,457.0,NOCODE,359,CONSENT_REVOKED,CONSENT_REVOKED,CONSENT_REVOKED,CONSENT_REVOKED,CONSENT_REVOKED,CONSENT_REVOKED,CONSENT_REVOKED,CONSENT_REVOKED,CONSENT_REVOKED
677ebad62186dad517925769,671fd2b6bcb463f295af16d4,RETURNED,Not Applicable,2025-01-08T17:50:32.415000Z,,,2025-01-23T16:26:29.155594Z,,,508,CONSENT_REVOKED,CONSENT_REVOKED,CONSENT_REVOKED,CONSENT_REVOKED,CONSENT_REVOKED,CONSENT_REVOKED,CONSENT_REVOKED,CONSENT_REVOKED,CONSENT_REVOKED
677ebad6dcee10c2f02a0678,6737957b605c3fe0a61dd036,RETURNED,Not Applicable,2025-01-08T17:50:45.608000Z,,,2025-01-23T16:26:29.168294Z,,,112,CONSENT_REVOKED,CONSENT_REVOKED,CONSENT_REVOKED,CONSENT_REVOKED,CONSENT_REVOKED,CONSENT_REVOKED,CONSENT_REVOKED,CONSENT_REVOKED,CONSENT_REVOKED
677ebad7d28927c860ce1f52,674321d2fa92e75393735e84,RETURNED,Not Applicable,2025-01-08T17:53:06.564000Z,,,2025-01-23T16:26:29.104559Z,,,114,CONSENT_REVOKED,CONSENT_REVOKED,CONSENT_REVOKED,CONSENT_REVOKED,CONSENT_REVOKED,CONSENT_REVOKED,CONSENT_REVOKED,CONSENT_REVOKED,CONSENT_REVOKED
677ebad855e4a6f92bb5f68f,5beb38c9aec9ef0001e9c83d,RETURNED,Not Applicable,2025-01-08T17:50:34.065000Z,,,2025-01-23T16:26:29.255694Z,,,1026,CONSENT_REVOKED,CONSENT_REVOKED,CONSENT_REVOKED,CONSENT_REVOKED,CONSENT_REVOKED,CONSENT_REVOKED,CONSENT_REVOKED,CONSENT_REVOKED,CONSENT_REVOKED
677ebad9c02dc1a6eb19212e,6776e67290c24dfe448b5f2d,APPROVED,Not Applicable,2025-01-08T17:51:54.771000Z,2025-01-08T18:51:54.697000Z,2025-01-10T20:28:49.409000Z,2025-01-08T18:51:55.605247Z,3600.0,75b53a55e8,10,43,Male,White,United States,United States,United States,English,DATA_EXPIRED,DATA_EXPIRED
677ebad9e99991353ef4ef17,65d6a41c1e0b776e613d7c33,APPROVED,Not Applicable,2025-01-08T17:50:48.352000Z,2025-01-08T18:06:08.857000Z,2025-01-10T20:28:49.655000Z,2025-01-08T18:08:04.771148Z,921.0,75b53a55e8,390,44,Female,White,Hungary,United States,United States,English,No,Full-Time
677ebadab0aeb9892382c1ed,66bd2f936ab3b23d4a8abbe3,APPROVED,Not Applicable,2025-01-08T17:50:23.095000Z,2025-01-08T18:00:38.155000Z,2025-01-10T20:28:49.894000Z,2025-01-08T18:00:38.944613Z,616.0,75b53a55e8.,833,33,Female,White,United States,United States,United States,English,No,Full-Time
677ebadb2d79bdf5ca293e02,67687addda72fe70b3d03588,RETURNED,Not Applicable,2025-01-08T17:50:27.132000Z,,,2025-01-23T16:26:29.265499Z,,,17,CONSENT_REVOKED,CONSENT_REVOKED,CONSENT_REVOKED,CONSENT_REVOKED,CONSENT_REVOKED,CONSENT_REVOKED,CONSENT_REVOKED,CONSENT_REVOKED,CONSENT_REVOKED
677ebadb69b1a9fcfa549e44,675b1c229257036e8c02f3dc,APPROVED,Not Applicable,2025-01-08T17:50:45.249000Z,2025-01-08T18:51:45.447000Z,2025-01-10T20:28:50.137000Z,2025-01-08T18:51:46.307464Z,3661.0,75b53a55e8,74,18,Male,Mixed,Ghana,United States,United States,English,Yes,Full-Time
677ebadc592596c91926d616,671ace72580d3bc7cafcd985,RETURNED,Not Applicable,2025-01-08T17:50:39.873000Z,,,2025-01-23T16:26:29.281688Z,,,222,CONSENT_REVOKED,CONSENT_REVOKED,CONSENT_REVOKED,CONSENT_REVOKED,CONSENT_REVOKED,CONSENT_REVOKED,CONSENT_REVOKED,CONSENT_REVOKED,CONSENT_REVOKED
677ebadcd8bed84ac3ff646e,674d7a89f564e8bbe0a7af1c,RETURNED,Not Applicable,2025-01-08T17:50:45.164000Z,,,2025-01-23T16:26:29.184534Z,,,67,CONSENT_REVOKED,CONSENT_REVOKED,CONSENT_REVOKED,CONSENT_REVOKED,CONSENT_REVOKED,CONSENT_REVOKED,CONSENT_REVOKED,CONSENT_REVOKED,CONSENT_REVOKED
677ebaddce2a24e72ac77f32,6761acec46fdaccdde6989f9,APPROVED,Not Applicable,2025-01-08T17:50:33.922000Z,2025-01-08T18:31:53.960000Z,2025-01-10T20:28:50.412000Z,2025-01-08T18:31:54.725139Z,2481.0,75b53a55e8,38,24,Female,Black,Nigeria,United States,United States,English,DATA_EXPIRED,Full-Time
677ebade4c6461d190e2d268,675d64e7ff9a8ba15b98903d,RETURNED,Not Applicable,2025-01-08T17:52:22.354000Z,,,2025-01-23T16:26:29.286150Z,,,78,CONSENT_REVOKED,CONSENT_REVOKED,CONSENT_REVOKED,CONSENT_REVOKED,CONSENT_REVOKED,CONSENT_REVOKED,CONSENT_REVOKED,CONSENT_REVOKED,CONSENT_REVOKED
677ebadf524aaff067dc0798,64063ab4e87bbb62274cd0e6,RETURNED,Not Applicable,2025-01-08T17:50:41.750000Z,,,2025-01-23T16:26:29.358096Z,,,3007,CONSENT_REVOKED,CONSENT_REVOKED,CONSENT_REVOKED,CONSENT_REVOKED,CONSENT_REVOKED,CONSENT_REVOKED,CONSENT_REVOKED,CONSENT_REVOKED,CONSENT_REVOKED
677ebae10ae1a6024305e8f6,66744822576b11d40628191b,APPROVED,Not Applicable,2025-01-08T17:51:35.200000Z,2025-01-08T18:22:00.814000Z,2025-01-10T20:28:50.640000Z,2025-01-08T18:22:02.342246Z,1826.0,75b53a55e8,788,41,Female,White,United States,United States,United States,English,No,"Not in paid work (e.g. homemaker', 'retired or disabled)"
677ebae298e7b9e38ea55412,613a568d35f17f263ce8a160,RETURNED,Not Applicable,2025-01-08T17:50:36.048000Z,,,2025-01-23T16:26:29.267012Z,,,1283,CONSENT_REVOKED,CONSENT_REVOKED,CONSENT_REVOKED,CONSENT_REVOKED,CONSENT_REVOKED,CONSENT_REVOKED,CONSENT_REVOKED,CONSENT_REVOKED,CONSENT_REVOKED
677ebae2b8435cb6179257ab,6744afeefb54480509a3f2d7,APPROVED,Not Applicable,2025-01-08T17:50:47.543000Z,2025-01-08T18:11:41.516000Z,2025-01-10T20:28:50.899000Z,2025-01-08T18:11:42.055447Z,1254.0,75b53a55e8,189,34,Male,White,United States,United States,United States,English,No,Part-Time
677ebae355e4a6f92bb5f693,67649c6dba718c712c464654,RETURNED,Not Applicable,2025-01-08T17:50:35.195000Z,,,2025-01-23T16:26:29.404888Z,,,66,CONSENT_REVOKED,CONSENT_REVOKED,CONSENT_REVOKED,CONSENT_REVOKED,CONSENT_REVOKED,CONSENT_REVOKED,CONSENT_REVOKED,CONSENT_REVOKED,CONSENT_REVOKED
677ebae4018341724e7858b4,668c868424e6c14c7df9c62b,APPROVED,Not Applicable,2025-01-08T17:50:28.279000Z,2025-01-08T18:46:14.934000Z,2025-01-10T20:28:51.165000Z,2025-01-08T18:46:18.847066Z,3347.0,NOCODE,489,67,Female,White,United States,United States,United States,English,No,Full-Time
677ebae457bcc6d78eaf9883,5d2fbee1fb16450018a7a023,APPROVED,Not Applicable,2025-01-08T17:51:40.903000Z,2025-01-08T18:21:37.997000Z,2025-01-10T20:28:51.385000Z,2025-01-08T18:21:38.783906Z,1798.0,75b53a55e8,6931,40,Male,White,United States,United States,United States,English,DATA_EXPIRED,DATA_EXPIRED
677ebae569b1a9fcfa549e51,581649f0b434f0000184d2a9,APPROVED,Not Applicable,2025-01-08T17:56:10.645000Z,2025-01-08T18:15:11.957000Z,2025-01-10T20:28:51.606000Z,2025-01-08T18:15:12.741035Z,1142.0,75b53a55e8,7464,31,Female,White,United States,United States,United States,English,No,"Not in paid work (e.g. homemaker', 'retired or disabled)"
677ebae58549d38c52186a7f,6776ef81efff3fd3d1892bfa,APPROVED,Not Applicable,2025-01-08T17:51:58.916000Z,2025-01-08T18:29:47.060000Z,2025-01-10T20:28:51.831000Z,2025-01-08T18:29:47.693474Z,2269.0,75b53a55e8,9,54,Male,White,United States,United States,United States,English,DATA_EXPIRED,Full-Time
677ebae65982e67b31006ef1,675dcb4d1fbf70e1bc3fd447,APPROVED,Not Applicable,2025-01-08T17:57:42.341000Z,2025-01-08T18:55:50.432000Z,2025-01-10T20:28:52.072000Z,2025-01-08T18:55:51.206859Z,3489.0,75b53a55e8,66,29,Female,White,United States,United States,United States,English,DATA_EXPIRED,DATA_EXPIRED
677ebae66d35e75ec77cebf5,6655087174a66ba157a211f3,RETURNED,Not Applicable,2025-01-08T17:50:42.353000Z,,,2025-01-23T16:26:29.377041Z,,,708,CONSENT_REVOKED,CONSENT_REVOKED,CONSENT_REVOKED,CONSENT_REVOKED,CONSENT_REVOKED,CONSENT_REVOKED,CONSENT_REVOKED,CONSENT_REVOKED,CONSENT_REVOKED
677ebae7439ced98417d70c6,663b459c95911774736db6b3,APPROVED,Not Applicable,2025-01-08T17:59:22.281000Z,2025-01-08T18:20:42.266000Z,2025-01-10T20:28:52.328000Z,2025-01-08T18:20:43.475633Z,1280.0,75b53a55e8,148,25,Male,Black,DATA_EXPIRED,United States,United States,English,DATA_EXPIRED,DATA_EXPIRED
677ebae77759e770f05d08bf,66bea4b18306d9cfaceb202e,APPROVED,Not Applicable,2025-01-08T17:50:37.071000Z,2025-01-08T18:54:22.938000Z,2025-01-10T20:28:52.612000Z,2025-01-08T18:54:23.503312Z,3826.0,75b53a55e8,411,32,Female,Black,United States,United States,United States,English,No,Full-Time
677ebae88761c0d88cf8f8d4,664559f345d874ce5722bade,APPROVED,Not Applicable,2025-01-08T17:52:28.700000Z,2025-01-08T18:08:42.740000Z,2025-01-10T20:28:52.851000Z,2025-01-08T18:08:43.563974Z,975.0,75b53a55e8,343,35,Female,White,United States,United States,United States,English,No,Other
677ebae95501f1f978ad606f,66c24cb9c871de351e034ee2,APPROVED,Not Applicable,2025-01-08T17:51:07.568000Z,2025-01-08T18:39:55.641000Z,2025-01-10T20:28:53.080000Z,2025-01-08T18:39:57.862747Z,2929.0,75b53a55e8,423,42,Female,White,United States,United States,United States,English,No,Full-Time
677ebaecb2c9cfbd4c2a59b8,673b505e942950b81a9e60aa,APPROVED,Not Applicable,2025-01-08T17:52:04.458000Z,2025-01-08T18:31:32.580000Z,2025-01-10T20:28:53.301000Z,2025-01-08T18:31:33.601463Z,2369.0,75b53a55e8,76,77,Male,Black,Nigeria,United States,United States,English,No,Part-Time
677ebaed3e4781e47ee8b155,671bba0056a7956dc305ea0f,RETURNED,Not Applicable,2025-01-08T18:01:00.061000Z,,,2025-01-23T16:26:29.393536Z,,,170,CONSENT_REVOKED,CONSENT_REVOKED,CONSENT_REVOKED,CONSENT_REVOKED,CONSENT_REVOKED,CONSENT_REVOKED,CONSENT_REVOKED,CONSENT_REVOKED,CONSENT_REVOKED
677ebaeda003e65f8d04b9fa,66e82f390a33902cbe511570,APPROVED,Not Applicable,2025-01-08T17:50:43.436000Z,2025-01-08T18:07:19.632000Z,2025-01-10T20:28:53.553000Z,2025-01-08T18:08:17.354045Z,997.0,75b53a55e8,422,48,Female,White,Mexico,United States,United States,English,No,Full-Time
677ebaee2754abccaef66204,672c83db3d987445264361ef,APPROVED,Not Applicable,2025-01-08T17:51:23.620000Z,2025-01-08T18:19:30.128000Z,2025-01-10T20:28:53.803000Z,2025-01-08T18:19:31.399576Z,1687.0,75b53a55e8,265,25,Male,Black,Nigeria,United States,United States,English,Yes,Full-Time
677ebaeefc50de49938b0f91,66f1bf81a25b91ae7b194ce5,APPROVED,Not Applicable,2025-01-08T17:50:45.201000Z,2025-01-08T18:17:04.468000Z,2025-01-10T20:28:54.076000Z,2025-01-08T18:17:05.305107Z,1580.0,75b53a55e8,568,32,Female,Black,United States,United States,United States,English,Yes,Full-Time
677ebaefaa468c0e4e1f4512,668dd876b85145da2a254b8f,APPROVED,Not Applicable,2025-01-08T17:50:45.749000Z,2025-01-08T18:56:38.113000Z,2025-01-10T20:28:54.377000Z,2025-01-08T18:56:38.678277Z,3953.0,75b53a55e8,685,27,Male,Black,United States,United States,United States,English,DATA_EXPIRED,DATA_EXPIRED
677ebaf0fb1c9bb7cfa7065e,673cc0c935b49103f2be1e27,APPROVED,Not Applicable,2025-01-08T17:50:47.184000Z,2025-01-08T18:16:13.003000Z,2025-01-10T20:28:54.642000Z,2025-01-08T18:16:14.078669Z,1526.0,75b53a55e8,257,30,Male,White,United States,United States,United States,English,DATA_EXPIRED,DATA_EXPIRED
677ebaf1a1f8fb50687e2710,6108649840bf2b927ef3905c,APPROVED,Not Applicable,2025-01-08T17:51:15.953000Z,2025-01-08T18:13:29.672000Z,2025-01-10T20:28:54.910000Z,2025-01-08T18:13:30.336152Z,1334.0,75b53a55e8,4239,36,Male,Asian,United States,United States,United States,English,Yes,Full-Time
677ebaf1d8bed84ac3ff6477,6656438a28dcd611fb0fe68b,RETURNED,Not Applicable,2025-01-08T17:50:48.073000Z,,,2025-01-23T16:26:29.431788Z,,,300,CONSENT_REVOKED,CONSENT_REVOKED,CONSENT_REVOKED,CONSENT_REVOKED,CONSENT_REVOKED,CONSENT_REVOKED,CONSENT_REVOKED,CONSENT_REVOKED,CONSENT_REVOKED
677ebaf3ddc392b591f1ab77,6775c7fa540262ed41678224,RETURNED,Not Applicable,2025-01-08T17:53:40.644000Z,,,2025-01-23T16:26:29.551684Z,,,56,CONSENT_REVOKED,CONSENT_REVOKED,CONSENT_REVOKED,CONSENT_REVOKED,CONSENT_REVOKED,CONSENT_REVOKED,CONSENT_REVOKED,CONSENT_REVOKED,CONSENT_REVOKED
677ebaf457d856b0088a01f0,62c0ccde4bd16c7f96a2959f,RETURNED,Not Applicable,2025-01-08T17:59:28.341000Z,,,2025-01-23T16:26:29.403957Z,,,829,CONSENT_REVOKED,CONSENT_REVOKED,CONSENT_REVOKED,CONSENT_REVOKED,CONSENT_REVOKED,CONSENT_REVOKED,CONSENT_REVOKED,CONSENT_REVOKED,CONSENT_REVOKED
677ebaf712723c7e2b752d99,66d7fe7977b451b0107e054b,APPROVED,Not Applicable,2025-01-08T17:51:28.073000Z,2025-01-08T18:16:12.845000Z,2025-01-10T20:28:55.212000Z,2025-01-08T18:16:13.656186Z,1485.0,75b53a55e8,709,48,Male,White,United States,United States,United States,English,No,Full-Time
677ebaf960580fe50eff2370,677e6863b22ace744664c911,RETURNED,Not Applicable,2025-01-08T17:51:18.696000Z,,,2025-01-23T16:26:29.511859Z,,,22,CONSENT_REVOKED,CONSENT_REVOKED,CONSENT_REVOKED,CONSENT_REVOKED,CONSENT_REVOKED,CONSENT_REVOKED,CONSENT_REVOKED,CONSENT_REVOKED,CONSENT_REVOKED
677ebafadac8820c5e8f3e1b,53987712fdf99b68e3a45021,APPROVED,Not Applicable,2025-01-08T17:51:28.687000Z,2025-01-08T18:02:40.613000Z,2025-01-10T20:28:55.458000Z,2025-01-08T18:02:41.354382Z,672.0,75b53a55e8,9051,31,Female,Asian,Korea,United States,United States,English,No,DATA_EXPIRED
677ebafee0d686430787e8fa,6751138797ff44e336a37cba,APPROVED,Not Applicable,2025-01-08T17:50:59.122000Z,2025-01-08T18:08:39.190000Z,2025-01-10T20:28:55.716000Z,2025-01-08T18:08:39.754626Z,1061.0,75b53a55e8,107,19,Male,Asian,Vietnam,United States,United States,Vietnamese,Yes,Full-Time
677ebb046dc6b4f794e6a38c,6754473b5d392dd1914274ae,APPROVED,Not Applicable,2025-01-08T17:51:18.830000Z,2025-01-08T18:10:14.650000Z,2025-01-10T20:28:55.957000Z,2025-01-08T18:10:15.310811Z,1136.0,75b53a55e8,88,30,Male,Black,Ghana,United States,United States,English,No,Full-Time
677ebb068c3e289b439a3f1b,674aece21c30f3451c9211c0,RETURNED,Not Applicable,2025-01-08T17:51:13.507000Z,,,2025-01-23T16:26:29.487942Z,,,177,CONSENT_REVOKED,CONSENT_REVOKED,CONSENT_REVOKED,CONSENT_REVOKED,CONSENT_REVOKED,CONSENT_REVOKED,CONSENT_REVOKED,CONSENT_REVOKED,CONSENT_REVOKED
677ebb06aebc03378fba3aa9,667200ba0f67f6bd7d105bab,APPROVED,Not Applicable,2025-01-08T17:51:28.381000Z,2025-01-08T18:54:03.616000Z,2025-01-10T20:28:56.230000Z,2025-01-08T18:54:04.714304Z,3756.0,75b53a55e8,621,23,Female,White,United States,United States,United States,English,DATA_EXPIRED,DATA_EXPIRED
677ebb07a003e65f8d04ba03,5a2adf6a8e00a000019864fb,APPROVED,Not Applicable,2025-01-08T17:51:31.392000Z,2025-01-08T18:01:46.780000Z,2025-01-10T20:28:56.497000Z,2025-01-08T18:01:47.463350Z,616.0,75b53a55e8,4947,41,Male,White,United States,United States,United States,English,No,DATA_EXPIRED
677ebb0a7674cbecfe163852,671a8df0cac77a52ac187a1c,RETURNED,Not Applicable,2025-01-08T18:02:00.059000Z,,,2025-01-23T16:26:29.517344Z,,,291,CONSENT_REVOKED,CONSENT_REVOKED,CONSENT_REVOKED,CONSENT_REVOKED,CONSENT_REVOKED,CONSENT_REVOKED,CONSENT_REVOKED,CONSENT_REVOKED,CONSENT_REVOKED
677ebb0ac51fc8db7919f8c3,673cce913d3522164086240f,RETURNED,Not Applicable,2025-01-08T17:51:06.023000Z,,,2025-01-23T16:26:29.609791Z,,,76,CONSENT_REVOKED,CONSENT_REVOKED,CONSENT_REVOKED,CONSENT_REVOKED,CONSENT_REVOKED,CONSENT_REVOKED,CONSENT_REVOKED,CONSENT_REVOKED,CONSENT_REVOKED
677ebb100cab98d88f2abaef,673cc1df7c82dca2f3420a56,RETURNED,Not Applicable,2025-01-08T17:51:12.006000Z,,,2025-01-23T16:26:29.589314Z,,,87,CONSENT_REVOKED,CONSENT_REVOKED,CONSENT_REVOKED,CONSENT_REVOKED,CONSENT_REVOKED,CONSENT_REVOKED,CONSENT_REVOKED,CONSENT_REVOKED,CONSENT_REVOKED
677ebb11387f24469138e9b5,570d30d942a1db000fc4cf87,RETURNED,Not Applicable,2025-01-08T17:51:20.769000Z,,,2025-01-23T16:26:29.627806Z,,,3884,CONSENT_REVOKED,CONSENT_REVOKED,CONSENT_REVOKED,CONSENT_REVOKED,CONSENT_REVOKED,CONSENT_REVOKED,CONSENT_REVOKED,CONSENT_REVOKED,CONSENT_REVOKED
677ebb1198e7b9e38ea5541c,672d7980b09943f43d11addc,APPROVED,Not Applicable,2025-01-08T17:51:21.780000Z,2025-01-08T18:13:26.802000Z,2025-01-10T20:28:56.779000Z,2025-01-08T18:13:27.442176Z,1326.0,75b53a55e8,75,51,Male,White,United States,United States,United States,English,No,Full-Time
677ebb19e9cf9acff938e984,671d2824b9e5357376cefbe6,RETURNED,Not Applicable,2025-01-08T17:51:21.611000Z,,,2025-01-23T16:26:29.544388Z,,,207,CONSENT_REVOKED,CONSENT_REVOKED,CONSENT_REVOKED,CONSENT_REVOKED,CONSENT_REVOKED,CONSENT_REVOKED,CONSENT_REVOKED,CONSENT_REVOKED,CONSENT_REVOKED
677ebb1a66dd36f82f9bf877,673ca7684db5eff4f75e17af,RETURNED,Not Applicable,2025-01-08T17:51:57.748000Z,,,2025-01-23T16:26:29.646194Z,,,78,CONSENT_REVOKED,CONSENT_REVOKED,CONSENT_REVOKED,CONSENT_REVOKED,CONSENT_REVOKED,CONSENT_REVOKED,CONSENT_REVOKED,CONSENT_REVOKED,CONSENT_REVOKED
677ebb1ba2ea2816f82abac2,677523fd326e4570fd0e7063,RETURNED,Not Applicable,2025-01-08T17:51:31.265000Z,,,2025-01-23T16:26:29.671950Z,,,91,CONSENT_REVOKED,CONSENT_REVOKED,CONSENT_REVOKED,CONSENT_REVOKED,CONSENT_REVOKED,CONSENT_REVOKED,CONSENT_REVOKED,CONSENT_REVOKED,CONSENT_REVOKED
677ebb1bbddda41006a3a3a0,63bc6b49a80cc5496df4c897,RETURNED,Not Applicable,2025-01-08T17:51:27.924000Z,,,2025-01-23T16:26:29.729493Z,,,5851,CONSENT_REVOKED,CONSENT_REVOKED,CONSENT_REVOKED,CONSENT_REVOKED,CONSENT_REVOKED,CONSENT_REVOKED,CONSENT_REVOKED,CONSENT_REVOKED,CONSENT_REVOKED
677ebb2388e433abef82c249,61306cce97586dbccaa08f49,APPROVED,Not Applicable,2025-01-08T17:51:31.451000Z,2025-01-08T18:10:29.480000Z,2025-01-10T20:28:57.064000Z,2025-01-08T18:10:30.153113Z,1139.0,75b53a55e8,166,27,Female,White,United States,United States,United States,English,No,DATA_EXPIRED
677ebb26308010967c8b0fc4,67172dda68183b92a1446b76,APPROVED,Not Applicable,2025-01-08T17:51:34.248000Z,2025-01-08T18:11:09.972000Z,2025-01-10T20:28:57.349000Z,2025-01-08T18:11:10.827562Z,1176.0,75b53a55e8,556,21,Female,White,United States,United States,United States,English,Yes,Full-Time
677ebb2d47fc81394da30f03,66eefed0c3a39cc9aa5295df,APPROVED,Not Applicable,2025-01-08T17:51:41.742000Z,2025-01-08T18:11:29.159000Z,2025-01-10T20:28:57.652000Z,2025-01-08T18:11:30.524189Z,1188.0,75b53a55e8,628,51,Female,White,United States,United States,United States,English,No,Full-Time
677ebb2e9d5ec831134bd65a,6737a13a1afc3668af4ca11f,APPROVED,Not Applicable,2025-01-08T17:52:04.091000Z,2025-01-08T18:11:18.752000Z,2025-01-10T20:27:29.764000Z,2025-01-08T18:11:19.285568Z,1155.0,75b53a55e8,200,48,Male,White,United States,United States,United States,English,Yes,Full-Time
677ebb30b8de28d53de0c45d,6737cd340e95a065d605391e,RETURNED,Not Applicable,2025-01-08T17:52:43.991000Z,,,2025-01-23T16:26:29.676319Z,,,168,CONSENT_REVOKED,CONSENT_REVOKED,CONSENT_REVOKED,CONSENT_REVOKED,CONSENT_REVOKED,CONSENT_REVOKED,CONSENT_REVOKED,CONSENT_REVOKED,CONSENT_REVOKED
677ebb3129e1166620186abe,6737ab6eb3acbe4ab3b1d5ef,RETURNED,Not Applicable,2025-01-08T17:52:40.267000Z,,,2025-01-23T16:26:29.740236Z,,,73,CONSENT_REVOKED,CONSENT_REVOKED,CONSENT_REVOKED,CONSENT_REVOKED,CONSENT_REVOKED,CONSENT_REVOKED,CONSENT_REVOKED,CONSENT_REVOKED,CONSENT_REVOKED
677ebb36f55f63a2f082e3ff,5b1f185488ee7400012b4b5c,RETURNED,Not Applicable,2025-01-08T17:51:50.393000Z,,,2025-01-23T16:26:29.707431Z,,,3270,CONSENT_REVOKED,CONSENT_REVOKED,CONSENT_REVOKED,CONSENT_REVOKED,CONSENT_REVOKED,CONSENT_REVOKED,CONSENT_REVOKED,CONSENT_REVOKED,CONSENT_REVOKED
677ebb38e77958c076ff646f,67392023a3d95e6278fc122e,RETURNED,Not Applicable,2025-01-08T17:52:59.534000Z,,,2025-01-23T16:26:29.830820Z,,,180,CONSENT_REVOKED,CONSENT_REVOKED,CONSENT_REVOKED,CONSENT_REVOKED,CONSENT_REVOKED,CONSENT_REVOKED,CONSENT_REVOKED,CONSENT_REVOKED,CONSENT_REVOKED
677ebb46e99991353ef4ef35,671840ad4bdf3b13e492a85e,APPROVED,Not Applicable,2025-01-08T17:54:51.564000Z,2025-01-08T18:15:57.803000Z,2025-01-10T20:27:30.134000Z,2025-01-08T18:15:58.503474Z,1267.0,75b53a55e8,79,23,Male,Mixed,Ghana,United States,United States,English,No,Full-Time
677ebb4cb9c0b8882c293e84,64db68476c022a6c20686908,RETURNED,Not Applicable,2025-01-08T17:55:47.457000Z,,,2025-01-23T16:26:29.752710Z,,,1332,CONSENT_REVOKED,CONSENT_REVOKED,CONSENT_REVOKED,CONSENT_REVOKED,CONSENT_REVOKED,CONSENT_REVOKED,CONSENT_REVOKED,CONSENT_REVOKED,CONSENT_REVOKED
677ebb508078c781b31938c8,67680c19f6708431fe4c9db8,RETURNED,Not Applicable,2025-01-08T17:52:27.902000Z,,,2025-01-23T16:26:29.830096Z,,,76,CONSENT_REVOKED,CONSENT_REVOKED,CONSENT_REVOKED,CONSENT_REVOKED,CONSENT_REVOKED,CONSENT_REVOKED,CONSENT_REVOKED,CONSENT_REVOKED,CONSENT_REVOKED
677ebb53191bee78a76bb160,663cca6f32da191e05406d21,RETURNED,Not Applicable,2025-01-08T17:52:27.256000Z,,,2025-01-23T16:26:29.863645Z,,,106,CONSENT_REVOKED,CONSENT_REVOKED,CONSENT_REVOKED,CONSENT_REVOKED,CONSENT_REVOKED,CONSENT_REVOKED,CONSENT_REVOKED,CONSENT_REVOKED,CONSENT_REVOKED
677ebb57b50ecb490160d157,6718cf70bca673fde7d74bbd,RETURNED,Not Applicable,2025-01-08T17:52:29.347000Z,,,2025-01-23T16:26:29.867870Z,,,163,CONSENT_REVOKED,CONSENT_REVOKED,CONSENT_REVOKED,CONSENT_REVOKED,CONSENT_REVOKED,CONSENT_REVOKED,CONSENT_REVOKED,CONSENT_REVOKED,CONSENT_REVOKED
677ebb5d4c077581a6949afc,6660209a19e38b781cd4f1f5,APPROVED,Not Applicable,2025-01-08T17:59:43.402000Z,2025-01-08T18:39:18.988000Z,2025-01-10T20:27:30.365000Z,2025-01-08T18:39:21.235665Z,2376.0,75b53a55e8,83,22,Female,Black,United States,United States,United States,English,DATA_EXPIRED,Full-Time
677ebb5e5a82422e6687e8bd,612c16910ea0892331f4d7c1,RETURNED,Not Applicable,2025-01-08T17:54:34.580000Z,,,2025-01-23T16:26:29.908213Z,,,2071,CONSENT_REVOKED,CONSENT_REVOKED,CONSENT_REVOKED,CONSENT_REVOKED,CONSENT_REVOKED,CONSENT_REVOKED,CONSENT_REVOKED,CONSENT_REVOKED,CONSENT_REVOKED
677ebb65298f6045b5bd7bcd,6756c0a78fdb90fd0be88acd,RETURNED,Not Applicable,2025-01-08T17:54:52.922000Z,,,2025-01-23T16:26:29.913745Z,,,145,CONSENT_REVOKED,CONSENT_REVOKED,CONSENT_REVOKED,CONSENT_REVOKED,CONSENT_REVOKED,CONSENT_REVOKED,CONSENT_REVOKED,CONSENT_REVOKED,CONSENT_REVOKED
677ebb69cbe86ff8992a5869,6318be45a49442eee3a88cb3,RETURNED,Not Applicable,2025-01-08T17:52:47.141000Z,,,2025-01-23T16:26:30.062466Z,,,3494,CONSENT_REVOKED,CONSENT_REVOKED,CONSENT_REVOKED,CONSENT_REVOKED,CONSENT_REVOKED,CONSENT_REVOKED,CONSENT_REVOKED,CONSENT_REVOKED,CONSENT_REVOKED
677ebb6bc18b61dd65d7f44b,6773e397cee988907232df7c,RETURNED,Not Applicable,2025-01-08T17:52:58.099000Z,,,2025-01-23T16:26:29.976417Z,,,86,CONSENT_REVOKED,CONSENT_REVOKED,CONSENT_REVOKED,CONSENT_REVOKED,CONSENT_REVOKED,CONSENT_REVOKED,CONSENT_REVOKED,CONSENT_REVOKED,CONSENT_REVOKED
677ebb72b1eca5faba447429,673fd425abf60cdbd75ae360,RETURNED,Not Applicable,2025-01-08T17:52:56.243000Z,,,2025-01-23T16:26:29.941971Z,,,105,CONSENT_REVOKED,CONSENT_REVOKED,CONSENT_REVOKED,CONSENT_REVOKED,CONSENT_REVOKED,CONSENT_REVOKED,CONSENT_REVOKED,CONSENT_REVOKED,CONSENT_REVOKED
677ebb810f83a534283579c3,673355e6480859597201be42,APPROVED,Not Applicable,2025-01-08T17:54:44.362000Z,2025-01-08T18:20:15.194000Z,2025-01-10T20:27:30.614000Z,2025-01-08T18:20:16.114753Z,1531.0,75b53a55e8,42,47,Male,Black,Nigeria,United States,United States,English,No,DATA_EXPIRED
677ebb85cbe86ff8992a5872,667da2779b2fb2a4f47cd97c,RETURNED,Not Applicable,2025-01-08T17:53:15.677000Z,,,2025-01-23T16:26:30.057957Z,,,342,CONSENT_REVOKED,CONSENT_REVOKED,CONSENT_REVOKED,CONSENT_REVOKED,CONSENT_REVOKED,CONSENT_REVOKED,CONSENT_REVOKED,CONSENT_REVOKED,CONSENT_REVOKED
677ebba322b83b96267cb06e,676f0f671438734902115768,APPROVED,Not Applicable,2025-01-08T17:54:12.059000Z,2025-01-08T18:29:35.379000Z,2025-01-10T20:27:30.856000Z,2025-01-08T18:29:36.160321Z,2124.0,75b53a55e8.,32,18,Male,Black,Kenya,United States,United States,English,Yes,Part-Time
677ebba4d08c70b352d4a6bc,6739075d10227690e7d142ed,RETURNED,Not Applicable,2025-01-08T18:03:40.273000Z,,,2025-01-23T16:26:30.058263Z,,,276,CONSENT_REVOKED,CONSENT_REVOKED,CONSENT_REVOKED,CONSENT_REVOKED,CONSENT_REVOKED,CONSENT_REVOKED,CONSENT_REVOKED,CONSENT_REVOKED,CONSENT_REVOKED
677ebba57de3b589e414254f,670aa13c11ae50c8b17b8068,RETURNED,Not Applicable,2025-01-08T17:54:02.927000Z,,,2025-01-23T16:26:29.977825Z,,,420,CONSENT_REVOKED,CONSENT_REVOKED,CONSENT_REVOKED,CONSENT_REVOKED,CONSENT_REVOKED,CONSENT_REVOKED,CONSENT_REVOKED,CONSENT_REVOKED,CONSENT_REVOKED
677ebba812723c7e2b752db7,60370fb9821755a90ad3b880,APPROVED,Not Applicable,2025-01-08T17:53:53.288000Z,2025-01-08T18:51:20.881000Z,2025-01-10T20:27:31.120000Z,2025-01-08T18:51:21.677284Z,3448.0,75b53a55e8,2285,62,Male,White,United States,United States,United States,English,DATA_EXPIRED,DATA_EXPIRED
677ebbb073b714cfb0e8f55a,6737a7751f0f53ed4920811a,RETURNED,Not Applicable,2025-01-08T17:54:07.424000Z,,,2025-01-23T16:26:30.009414Z,,,299,CONSENT_REVOKED,CONSENT_REVOKED,CONSENT_REVOKED,CONSENT_REVOKED,CONSENT_REVOKED,CONSENT_REVOKED,CONSENT_REVOKED,CONSENT_REVOKED,CONSENT_REVOKED
677ebbb78c3e289b439a3f43,671d309dd87b3db020d02f1a,RETURNED,Not Applicable,2025-01-08T17:54:08.057000Z,,,2025-01-23T16:26:30.131011Z,,,325,CONSENT_REVOKED,CONSENT_REVOKED,CONSENT_REVOKED,CONSENT_REVOKED,CONSENT_REVOKED,CONSENT_REVOKED,CONSENT_REVOKED,CONSENT_REVOKED,CONSENT_REVOKED
677ebbbd94f6d8932df91bba,663929054c48656122cd8aa1,APPROVED,Not Applicable,2025-01-08T17:54:11.609000Z,2025-01-08T18:44:55.965000Z,2025-01-10T20:27:31.363000Z,2025-01-08T18:44:56.477640Z,3045.0,75b53a55e8,333,33,Female,White,United States,United States,United States,English,DATA_EXPIRED,DATA_EXPIRED
677ebbbdd737761c95ec768d,677696ffd4829f3ccf6c5343,RETURNED,Not Applicable,2025-01-08T17:54:13.455000Z,,,2025-01-23T16:26:30.166590Z,,,86,CONSENT_REVOKED,CONSENT_REVOKED,CONSENT_REVOKED,CONSENT_REVOKED,CONSENT_REVOKED,CONSENT_REVOKED,CONSENT_REVOKED,CONSENT_REVOKED,CONSENT_REVOKED
677ebbbe4fb05739512f49b6,6763b46518e4b44b2be6c127,RETURNED,Not Applicable,2025-01-08T17:54:27.122000Z,,,2025-01-23T16:26:30.114949Z,,,97,CONSENT_REVOKED,CONSENT_REVOKED,CONSENT_REVOKED,CONSENT_REVOKED,CONSENT_REVOKED,CONSENT_REVOKED,CONSENT_REVOKED,CONSENT_REVOKED,CONSENT_REVOKED
677ebbc13be44003a19e6ed0,66fe2d9c1bd34f655d5a6761,RETURNED,Not Applicable,2025-01-08T17:54:09.220000Z,,,2025-01-23T16:26:30.126942Z,,,169,CONSENT_REVOKED,CONSENT_REVOKED,CONSENT_REVOKED,CONSENT_REVOKED,CONSENT_REVOKED,CONSENT_REVOKED,CONSENT_REVOKED,CONSENT_REVOKED,CONSENT_REVOKED
677ebbc9425dbe08fccf3746,6564cd1290246c10fe90bb6d,APPROVED,Not Applicable,2025-01-08T17:54:17.094000Z,2025-01-08T18:11:26.292000Z,2025-01-10T20:27:31.604000Z,2025-01-08T18:11:27.294503Z,1030.0,75b53a55e8,524,24,Female,Asian,United States,United States,United States,English,No,DATA_EXPIRED
677ebbc991d12d351cc58712,67360fb907f171e6349454c7,APPROVED,Not Applicable,2025-01-08T17:54:28.316000Z,2025-01-08T18:24:46.984000Z,2025-01-10T20:27:31.850000Z,2025-01-08T18:24:47.775094Z,1819.0,75b53a55e8,166,38,Female,White,Kenya,United States,United States,English,Yes,Full-Time
677ebbca2f9ca14ac74646b7,673b9efefae1f68280182ce8,RETURNED,Not Applicable,2025-01-08T18:00:46.185000Z,,,2025-01-23T16:26:30.223116Z,,,240,CONSENT_REVOKED,CONSENT_REVOKED,CONSENT_REVOKED,CONSENT_REVOKED,CONSENT_REVOKED,CONSENT_REVOKED,CONSENT_REVOKED,CONSENT_REVOKED,CONSENT_REVOKED
677ebbe93be44003a19e6edd,67434c989b2e2620cc0b10c5,APPROVED,Not Applicable,2025-01-08T17:54:56.052000Z,2025-01-08T18:37:04.304000Z,2025-01-10T20:27:32.099000Z,2025-01-08T18:37:36.550281Z,2529.0,75b53a55e8,21,26,Female,Black,Ghana,United States,United States,English,No,Full-Time
677ebbea8761c0d88cf8f908,667c27a5ad0e80e7c1ef85a7,RETURNED,Not Applicable,2025-01-08T17:54:54.836000Z,,,2025-01-23T16:26:30.214593Z,,,420,CONSENT_REVOKED,CONSENT_REVOKED,CONSENT_REVOKED,CONSENT_REVOKED,CONSENT_REVOKED,CONSENT_REVOKED,CONSENT_REVOKED,CONSENT_REVOKED,CONSENT_REVOKED
677ebbebe0e560b4fea70671,657d9d56eb56655941d8483f,APPROVED,Not Applicable,2025-01-08T17:55:26.387000Z,2025-01-08T18:51:17.399000Z,2025-01-10T20:27:32.341000Z,2025-01-08T18:51:18.412691Z,3352.0,NOCODE,683,49,Male,White,Netherlands,United States,United States,English,DATA_EXPIRED,DATA_EXPIRED
677ebbedc61b0635517249f7,67292bc212e147c12c609936,RETURNED,Not Applicable,2025-01-08T17:54:53.719000Z,,,2025-01-23T16:26:30.222770Z,,,286,CONSENT_REVOKED,CONSENT_REVOKED,CONSENT_REVOKED,CONSENT_REVOKED,CONSENT_REVOKED,CONSENT_REVOKED,CONSENT_REVOKED,CONSENT_REVOKED,CONSENT_REVOKED
677ebbf4e024f5c5b6dd9f82,629aaa38fdfc8168501b930e,APPROVED,Not Applicable,2025-01-08T17:55:00.618000Z,2025-01-08T18:44:43.822000Z,2025-01-10T20:27:32.558000Z,2025-01-08T18:44:44.545926Z,2984.0,75b53a55e8,3595,45,Male,White,United States,United States,United States,English,DATA_EXPIRED,DATA_EXPIRED
677ebbfa6d67046cca7d13e7,66733b0613db805ab4f05114,RETURNED,Not Applicable,2025-01-08T17:55:13.987000Z,,,2025-01-23T16:26:30.234001Z,,,658,CONSENT_REVOKED,CONSENT_REVOKED,CONSENT_REVOKED,CONSENT_REVOKED,CONSENT_REVOKED,CONSENT_REVOKED,CONSENT_REVOKED,CONSENT_REVOKED,CONSENT_REVOKED
677ebbfab7f8faf790b6a510,615b01ee4cd1755b6144e0a4,TIMED-OUT,Not Applicable,2025-01-08T18:00:19.733000Z,,,2025-01-23T16:26:30.371767Z,1290371.0,,852,25,Female,White,United States,United States,United States,English,DATA_EXPIRED,DATA_EXPIRED
677ebbfb018341724e7858ef,66d5166b7dcc4776725c6325,APPROVED,Not Applicable,2025-01-08T17:55:26.085000Z,2025-01-08T18:11:08.520000Z,2025-01-10T20:27:32.805000Z,2025-01-08T18:11:09.425421Z,943.0,75b53a55e8,464,64,Female,White,United States,United States,United States,English,No,Unemployed (and job seeking)
677ebbfd146749cb1d2a066f,66d5356d68b8671e3c24ecf9,APPROVED,Not Applicable,2025-01-08T17:55:15.414000Z,2025-01-08T18:19:34.992000Z,2025-01-10T20:27:33.068000Z,2025-01-08T18:19:35.908956Z,1460.0,75b53a55e8,710,33,Female,White,United States,United States,United States,English,No,"Not in paid work (e.g. homemaker', 'retired or disabled)"
677ebc245a82422e6687e8f4,672dee9907e372905b315c2d,RETURNED,Not Applicable,2025-01-08T17:56:04.312000Z,,,2025-01-23T16:26:30.267808Z,,,233,CONSENT_REVOKED,CONSENT_REVOKED,CONSENT_REVOKED,CONSENT_REVOKED,CONSENT_REVOKED,CONSENT_REVOKED,CONSENT_REVOKED,CONSENT_REVOKED,CONSENT_REVOKED
677ebc296dc6b4f794e6a3d6,61534251f98a9e4929d81c2b,APPROVED,Not Applicable,2025-01-08T17:55:53.106000Z,2025-01-08T18:10:20.051000Z,2025-01-10T20:27:33.293000Z,2025-01-08T18:10:20.798009Z,867.0,75b53a55e8,2570,47,Female,White,United States,United States,United States,English,No,DATA_EXPIRED
677ebc335322280af28a01a3,5bf4afe0b8e9f800014c9c0b,APPROVED,Not Applicable,2025-01-08T17:56:15.077000Z,2025-01-08T18:06:34.769000Z,2025-01-10T20:27:33.509000Z,2025-01-08T18:08:10.034624Z,620.0,75b53a55e8,8274,50,Male,White,United States,United States,United States,English,No,Full-Time
677ebc3bd9fe13bb3a29ddc4,60d50ceb7c563c73f91d9ec5,APPROVED,Not Applicable,2025-01-08T17:56:14.857000Z,2025-01-08T18:06:48.798000Z,2025-01-10T20:27:33.798000Z,2025-01-08T18:08:12.668076Z,634.0,75b53a55e8,4939,37,Female,White,United States,United States,United States,English,Yes,Part-Time
677ebc4183c899fa35b35af8,644857a2d21eca3ffb31101e,RETURNED,Not Applicable,2025-01-08T17:56:31.121000Z,2025-01-08T19:02:41.222000Z,,2025-01-23T16:26:30.302575Z,,NOCODE,625,CONSENT_REVOKED,CONSENT_REVOKED,CONSENT_REVOKED,CONSENT_REVOKED,CONSENT_REVOKED,CONSENT_REVOKED,CONSENT_REVOKED,CONSENT_REVOKED,CONSENT_REVOKED
677ebc502771fa74cb2eff03,66293dda8cd8080abf396836,RETURNED,Not Applicable,2025-01-08T17:56:42.280000Z,,,2025-01-23T16:26:30.414980Z,,,608,CONSENT_REVOKED,CONSENT_REVOKED,CONSENT_REVOKED,CONSENT_REVOKED,CONSENT_REVOKED,CONSENT_REVOKED,CONSENT_REVOKED,CONSENT_REVOKED,CONSENT_REVOKED
677ebc51b0aeb9892382c22a,6643cb93892f9fea9beb94ea,RETURNED,Not Applicable,2025-01-08T17:56:39.030000Z,2025-01-08T17:58:24.429000Z,,2025-01-23T16:26:33.186944Z,,NOCODE,716,CONSENT_REVOKED,CONSENT_REVOKED,CONSENT_REVOKED,CONSENT_REVOKED,CONSENT_REVOKED,CONSENT_REVOKED,CONSENT_REVOKED,CONSENT_REVOKED,CONSENT_REVOKED
677ebc57564cd73a51357876,6759f5617b382d26fa5b9023,RETURNED,Not Applicable,2025-01-08T17:56:59.703000Z,,,2025-01-23T16:26:30.311108Z,,,116,CONSENT_REVOKED,CONSENT_REVOKED,CONSENT_REVOKED,CONSENT_REVOKED,CONSENT_REVOKED,CONSENT_REVOKED,CONSENT_REVOKED,CONSENT_REVOKED,CONSENT_REVOKED
677ebc760772a0a477c2c683,5e6d07de9cf1952cdc94bf61,RETURNED,Not Applicable,2025-01-08T18:07:10.021000Z,,,2025-01-23T16:26:30.411455Z,,,7434,CONSENT_REVOKED,CONSENT_REVOKED,CONSENT_REVOKED,CONSENT_REVOKED,CONSENT_REVOKED,CONSENT_REVOKED,CONSENT_REVOKED,CONSENT_REVOKED,CONSENT_REVOKED
677ebc7a406a3c534bf2dcaf,66aa737c246ab5cf919f921c,APPROVED,Not Applicable,2025-01-08T17:57:27.772000Z,2025-01-08T19:00:11.439000Z,2025-01-10T20:27:34.554000Z,2025-01-08T19:01:05.577584Z,3764.0,75b53a55e8,291,34,Male,Black,United States,United States,United States,English,No,Full-Time
677ebc7c597d374b0ae8f730,628bde04ff8f3ff78f7108a5,APPROVED,Not Applicable,2025-01-08T17:57:26.964000Z,2025-01-08T18:13:47.459000Z,2025-01-10T20:27:34.821000Z,2025-01-08T18:13:48.074591Z,981.0,75b53a55e8,794,29,Female,White,United States,United States,United States,English,No,Full-Time
677ebc7d2771fa74cb2eff0d,58f18575d9fd500001b0d8a9,APPROVED,Not Applicable,2025-01-08T17:59:25.631000Z,2025-01-08T18:11:23.653000Z,2025-01-10T20:27:35.051000Z,2025-01-08T18:11:24.317700Z,719.0,75b53a55e8,2015,35,Female,White,United States,United States,United States,English,DATA_EXPIRED,DATA_EXPIRED
677ebc7ff936d592dfd26aa9,672273d8a212ca380836fefd,RETURNED,Not Applicable,2025-01-08T17:57:19.266000Z,,,2025-01-23T16:26:30.410928Z,,,58,CONSENT_REVOKED,CONSENT_REVOKED,CONSENT_REVOKED,CONSENT_REVOKED,CONSENT_REVOKED,CONSENT_REVOKED,CONSENT_REVOKED,CONSENT_REVOKED,CONSENT_REVOKED
677ebc88000aba7c272eff7e,671cc7572a640f4bd41d7f76,RETURNED,Not Applicable,2025-01-08T17:57:42.478000Z,,,2025-01-23T16:26:30.478163Z,,,379,CONSENT_REVOKED,CONSENT_REVOKED,CONSENT_REVOKED,CONSENT_REVOKED,CONSENT_REVOKED,CONSENT_REVOKED,CONSENT_REVOKED,CONSENT_REVOKED,CONSENT_REVOKED
677ebc8a5a82422e6687e908,666e543e82bda8088411328e,RETURNED,Not Applicable,2025-01-08T17:57:36.896000Z,,,2025-01-23T16:26:30.477201Z,,,233,CONSENT_REVOKED,CONSENT_REVOKED,CONSENT_REVOKED,CONSENT_REVOKED,CONSENT_REVOKED,CONSENT_REVOKED,CONSENT_REVOKED,CONSENT_REVOKED,CONSENT_REVOKED
677ebc950ea45dee457ab429,6761b004a16a7de4763e166b,APPROVED,Not Applicable,2025-01-08T17:57:53.157000Z,2025-01-08T18:14:55.365000Z,2025-01-10T20:27:35.304000Z,2025-01-08T18:14:56.100774Z,1023.0,75b53a55e8,44,33,Male,Black,Nigeria,United States,United States,English,DATA_EXPIRED,Full-Time
677ebca5af51b9a5ff235f15,675c5ecb58b8fee50caff144,RETURNED,Not Applicable,2025-01-08T17:58:02.302000Z,,,2025-01-23T16:26:30.485012Z,,,133,CONSENT_REVOKED,CONSENT_REVOKED,CONSENT_REVOKED,CONSENT_REVOKED,CONSENT_REVOKED,CONSENT_REVOKED,CONSENT_REVOKED,CONSENT_REVOKED,CONSENT_REVOKED
677ebcab0ff5ec224005e97e,65e615620fd6a1c087dafc48,APPROVED,Not Applicable,2025-01-08T17:58:10.688000Z,2025-01-08T18:15:53.138000Z,2025-01-10T20:27:35.596000Z,2025-01-08T18:15:53.972165Z,1063.0,75b53a55e8,1070,44,Female,White,United States,United States,United States,English,No,Full-Time
677ebcc0a4aa6bfb476605e1,65d90ea9ac22aa7ebcee2225,RETURNED,Not Applicable,2025-01-08T17:58:56.181000Z,,,2025-01-23T16:26:30.471136Z,,,519,CONSENT_REVOKED,CONSENT_REVOKED,CONSENT_REVOKED,CONSENT_REVOKED,CONSENT_REVOKED,CONSENT_REVOKED,CONSENT_REVOKED,CONSENT_REVOKED,CONSENT_REVOKED
677ebcc1e0e560b4fea706a3,6760ec9b4b124b9faed04810,RETURNED,Not Applicable,2025-01-08T17:58:32.893000Z,,,2025-01-23T16:26:30.535675Z,,,206,CONSENT_REVOKED,CONSENT_REVOKED,CONSENT_REVOKED,CONSENT_REVOKED,CONSENT_REVOKED,CONSENT_REVOKED,CONSENT_REVOKED,CONSENT_REVOKED,CONSENT_REVOKED
677ebcd5fae85dad36248f69,6732d7e668e0e0b1e4d10cbd,RETURNED,Not Applicable,2025-01-08T17:59:08.467000Z,,,2025-01-23T16:26:30.600258Z,,,149,CONSENT_REVOKED,CONSENT_REVOKED,CONSENT_REVOKED,CONSENT_REVOKED,CONSENT_REVOKED,CONSENT_REVOKED,CONSENT_REVOKED,CONSENT_REVOKED,CONSENT_REVOKED
677ebcd96a3b2979059a3f7a,5a78dbb9ae9a0b0001a97212,APPROVED,Not Applicable,2025-01-08T17:58:57.694000Z,2025-01-08T18:11:18.410000Z,2025-01-10T20:27:35.973000Z,2025-01-08T18:11:19.109570Z,741.0,75b53a55e8,4615,37,Male,White,United States,United States,United States,English,DATA_EXPIRED,DATA_EXPIRED
677ebcdca4aa6bfb476605e6,66dfca96a81711e53679ad4b,APPROVED,Not Applicable,2025-01-08T17:59:35.231000Z,2025-01-08T18:19:23.857000Z,2025-01-10T20:27:36.227000Z,2025-01-08T18:19:24.781728Z,1189.0,75b53a55e8,306,19,Female,Other,United States,United States,United States,English,Yes,DATA_EXPIRED
677ebcdfaf51b9a5ff235f23,67570b014645d710f1e76680,APPROVED,Not Applicable,2025-01-08T17:59:01.915000Z,2025-01-08T18:37:40.927000Z,2025-01-10T20:27:36.486000Z,2025-01-08T18:38:09.808979Z,2320.0,75b53a55e8,29,28,Male,Mixed,United States,United States,United States,English,No,Full-Time
677ebce320a43c649c724aae,653955abd70c010a3803070c,RETURNED,Not Applicable,2025-01-08T17:59:09.780000Z,,,2025-01-23T16:26:30.626956Z,,,951,CONSENT_REVOKED,CONSENT_REVOKED,CONSENT_REVOKED,CONSENT_REVOKED,CONSENT_REVOKED,CONSENT_REVOKED,CONSENT_REVOKED,CONSENT_REVOKED,CONSENT_REVOKED
677ebce5e3178ca2cb6457d0,6673ad6b8abf0e0b25ea3131,APPROVED,Not Applicable,2025-01-08T17:59:01.160000Z,2025-01-08T18:14:34.624000Z,2025-01-10T20:27:36.755000Z,2025-01-08T18:14:35.184799Z,934.0,75b53a55e8,1081,56,Female,White,United States,United States,United States,English,No,DATA_EXPIRED
677ebce6e77958c076ff64d7,5c65b3d45416680001bed9fa,APPROVED,Not Applicable,2025-01-08T17:59:49.788000Z,2025-01-08T18:12:31.338000Z,2025-01-10T20:27:37.011000Z,2025-01-08T18:12:32.296236Z,762.0,75b53a55e8,5375,59,Male,White,United States,United States,United States,English,No,Part-Time
677ebcf18501716c0a5d07f1,666b254d9bc6d71a71b89cee,APPROVED,Not Applicable,2025-01-08T18:06:26.935000Z,2025-01-08T18:23:04.270000Z,2025-01-10T20:27:37.359000Z,2025-01-08T18:23:04.872522Z,998.0,75b53a55e8,1118,47,Female,White,United States,United States,United States,English,No,"Not in paid work (e.g. homemaker', 'retired or disabled)"
677ebcf6d28927c860ce1fcb,65086caba53bdecde5763448,APPROVED,Not Applicable,2025-01-08T17:59:24.255000Z,2025-01-08T18:16:31.328000Z,2025-01-10T20:27:37.591000Z,2025-01-08T18:16:32.183759Z,1028.0,75b53a55e8,356,38,Female,Mixed,United States,United States,United States,English,No,Full-Time
677ebd058c343167ed2a33cb,610e0a1e95c323743ff02dcb,TIMED-OUT,Not Applicable,2025-01-08T17:59:41.921000Z,,,2025-01-23T16:26:30.559343Z,1290409.0,,5775,39,Male,Black,United States,United States,United States,English,No,Full-Time
677ebd08626be3088ae0c4b0,6643ad079e8b25efa8cb4f2b,RETURNED,Not Applicable,2025-01-08T17:59:44.734000Z,,,2025-01-23T16:26:30.595881Z,,,17,CONSENT_REVOKED,CONSENT_REVOKED,CONSENT_REVOKED,CONSENT_REVOKED,CONSENT_REVOKED,CONSENT_REVOKED,CONSENT_REVOKED,CONSENT_REVOKED,CONSENT_REVOKED
677ebd09425dbe08fccf3799,5dd06a074ad3e2149c884661,APPROVED,Not Applicable,2025-01-08T17:59:48.399000Z,2025-01-08T18:22:17.894000Z,2025-01-10T20:27:37.827000Z,2025-01-08T18:22:18.596146Z,1350.0,75b53a55e8,4564,63,Male,White,United States,United States,United States,English,No,Full-Time
677ebd10b1868d8b7b21bcdf,674fc7eef70c3dd15d13963d,APPROVED,Not Applicable,2025-01-08T17:59:44.071000Z,2025-01-08T18:34:14.499000Z,2025-01-10T20:27:38.062000Z,2025-01-08T18:34:17.030308Z,2071.0,75b53a55e8,101,43,Female,White,United States,United States,United States,English,No,DATA_EXPIRED
677ebd2053bc4d72abb5ab56,66b3681369c716ced82bb8ad,RETURNED,Not Applicable,2025-01-08T18:00:09.053000Z,,,2025-01-23T16:26:30.613640Z,,,506,CONSENT_REVOKED,CONSENT_REVOKED,CONSENT_REVOKED,CONSENT_REVOKED,CONSENT_REVOKED,CONSENT_REVOKED,CONSENT_REVOKED,CONSENT_REVOKED,CONSENT_REVOKED
677ebd21358e9629294646ff,673c2c070f527c28cd6f900c,TIMED-OUT,Not Applicable,2025-01-08T18:00:13.925000Z,,,2025-01-23T16:26:30.611626Z,1290377.0,,180,38,Female,White,United States,United States,United States,English,No,Unemployed (and job seeking)
677ebd5ca0b5178b3f51927a,676b04fd83067fd39cabf764,RETURNED,Not Applicable,2025-01-08T18:12:00.063000Z,,,2025-01-23T16:26:30.803346Z,,,68,CONSENT_REVOKED,CONSENT_REVOKED,CONSENT_REVOKED,CONSENT_REVOKED,CONSENT_REVOKED,CONSENT_REVOKED,CONSENT_REVOKED,CONSENT_REVOKED,CONSENT_REVOKED
677ebd6d2186dad517925819,665f97db56096b743c2332b1,APPROVED,Not Applicable,2025-01-08T18:01:24.891000Z,2025-01-08T18:14:17.694000Z,2025-01-10T20:27:38.307000Z,2025-01-08T18:14:18.611082Z,773.0,75b53a55e8,819,34,Male,White,United States,United States,United States,English,No,Full-Time
677ebd6df40da6ea484bd6d7,6771c1a5b1475effb201db8a,APPROVED,Not Applicable,2025-01-08T18:01:37.587000Z,2025-01-08T18:33:08.187000Z,2025-01-10T20:27:38.552000Z,2025-01-08T18:33:08.900580Z,1891.0,75b53a55e8,10,52,Female,Black,Nigeria,United States,United States,English,No,DATA_EXPIRED
677ebd72d5a598a914715df0,677b395e057825ce9349cc67,APPROVED,Not Applicable,2025-01-08T18:01:22.198000Z,2025-01-08T18:43:21.243000Z,2025-01-10T20:27:38.792000Z,2025-01-08T18:43:21.970442Z,2520.0,75b53a55e8,6,61,Male,Black,United States,United States,United States,English,No,DATA_EXPIRED
677ebd76fd2303a46870f55f,6286f6f8d2f34c3acb6a2981,RETURNED,Not Applicable,2025-01-08T18:01:26.014000Z,,,2025-01-23T16:26:30.698962Z,,,732,CONSENT_REVOKED,CONSENT_REVOKED,CONSENT_REVOKED,CONSENT_REVOKED,CONSENT_REVOKED,CONSENT_REVOKED,CONSENT_REVOKED,CONSENT_REVOKED,CONSENT_REVOKED
677ebd78291387df7fcf3782,652359572fd30ff57dfea7fb,APPROVED,Not Applicable,2025-01-08T18:05:06.846000Z,2025-01-08T18:41:05.562000Z,2025-01-10T20:27:39.033000Z,2025-01-08T18:41:06.389070Z,2159.0,75b53a55e8,501,52,Female,White,United States,United States,United States,English,DATA_EXPIRED,DATA_EXPIRED
677ebd7ab1eca5faba447495,67292f15b40a883abd4ec9c6,APPROVED,Not Applicable,2025-01-08T18:01:30.814000Z,2025-01-08T18:35:11.506000Z,2025-01-10T20:27:39.271000Z,2025-01-08T18:35:22.815693Z,2021.0,75b53a55e8,287,27,Male,Black,United States,United States,United States,English,No,Part-Time
677ebd7d118ac3d6cd2f4a09,66552ecc4453a88057c0dbc1,APPROVED,Not Applicable,2025-01-08T18:01:33.571000Z,2025-01-08T18:20:44.601000Z,2025-01-10T20:27:39.498000Z,2025-01-08T18:20:45.486579Z,1152.0,75b53a55e8,1090,37,Male,White,United States,United States,United States,English,No,Full-Time
677ebd89a436ac59cafc099d,665acb8be8d04df6693caf4a,RETURNED,Not Applicable,2025-01-08T18:02:05.102000Z,,,2025-01-23T16:26:30.777776Z,,,313,CONSENT_REVOKED,CONSENT_REVOKED,CONSENT_REVOKED,CONSENT_REVOKED,CONSENT_REVOKED,CONSENT_REVOKED,CONSENT_REVOKED,CONSENT_REVOKED,CONSENT_REVOKED
677ebd979832aab97d46452f,676f2ee4b71ca02cd22049eb,RETURNED,Not Applicable,2025-01-08T18:02:09.730000Z,,,2025-01-23T16:26:30.723653Z,,,29,CONSENT_REVOKED,CONSENT_REVOKED,CONSENT_REVOKED,CONSENT_REVOKED,CONSENT_REVOKED,CONSENT_REVOKED,CONSENT_REVOKED,CONSENT_REVOKED,CONSENT_REVOKED
677ebd992f9ca14ac7464722,670a0a98237adcfed719f255,APPROVED,Not Applicable,2025-01-08T18:07:51.741000Z,2025-01-08T18:54:39.269000Z,2025-01-10T20:27:39.763000Z,2025-01-08T18:54:39.913454Z,2808.0,75b53a55e8,328,57,Female,White,United States,United States,United States,English,Yes,Full-Time
677ebd9b4aede7a50afc090f,66e074cf5492afff26a262cb,RETURNED,Not Applicable,2025-01-08T18:03:12.409000Z,,,2025-01-23T16:26:30.753935Z,,,746,CONSENT_REVOKED,CONSENT_REVOKED,CONSENT_REVOKED,CONSENT_REVOKED,CONSENT_REVOKED,CONSENT_REVOKED,CONSENT_REVOKED,CONSENT_REVOKED,CONSENT_REVOKED
677ebda3018341724e785977,5a64a11063394a0001556293,APPROVED,Not Applicable,2025-01-08T18:02:16.219000Z,2025-01-08T18:12:41.809000Z,2025-01-10T20:27:39.988000Z,2025-01-08T18:12:42.461978Z,626.0,75b53a55e8,167,36,Male,Asian,United States,United States,United States,English,No,Full-Time
677ebda4892f75cc12baf715,5c5f28e3f5a00b00010009c7,RETURNED,Not Applicable,2025-01-08T18:02:22.879000Z,,,2025-01-23T16:26:30.897735Z,,,505,CONSENT_REVOKED,CONSENT_REVOKED,CONSENT_REVOKED,CONSENT_REVOKED,CONSENT_REVOKED,CONSENT_REVOKED,CONSENT_REVOKED,CONSENT_REVOKED,CONSENT_REVOKED
677ebdb786dea423fa1df2ba,664a2a642d8fe6aaa7c51eb6,RETURNED,Not Applicable,2025-01-08T18:02:43.151000Z,,,2025-01-23T16:26:30.882078Z,,,357,CONSENT_REVOKED,CONSENT_REVOKED,CONSENT_REVOKED,CONSENT_REVOKED,CONSENT_REVOKED,CONSENT_REVOKED,CONSENT_REVOKED,CONSENT_REVOKED,CONSENT_REVOKED
677ebdbd77141ff4e795f643,6775ae63fcff24de28d686c1,APPROVED,Not Applicable,2025-01-08T18:05:54.960000Z,2025-01-08T18:20:24.049000Z,2025-01-10T20:27:40.215000Z,2025-01-08T18:20:24.738961Z,870.0,75b53a55e8,9,27,Male,White,United States,United States,United States,English,Yes,DATA_EXPIRED
677ebdd0d8bed84ac3ff6514,67619a0b25bf0be43aa0a79e,APPROVED,Not Applicable,2025-01-08T18:03:09.394000Z,2025-01-08T18:22:05.571000Z,2025-01-10T20:27:40.628000Z,2025-01-08T18:22:06.243876Z,1137.0,75b53a55e8,58,40,Male,Mixed,United States,United States,United States,English,No,Full-Time
677ebdef55c995835371738e,673ced7c1b54009c65f3e60b,APPROVED,Not Applicable,2025-01-08T18:03:45.902000Z,2025-01-08T18:35:45.884000Z,2025-01-10T20:27:40.890000Z,2025-01-08T18:36:00.185273Z,1920.0,75b53a55e8,94,32,Male,White,United States,United States,United States,English,No,Full-Time
677ebdf12bfbe455c44644a9,673276b4f78dae6bfa246b19,APPROVED,Not Applicable,2025-01-08T18:03:47.460000Z,2025-01-08T18:34:59.251000Z,2025-01-10T20:27:41.141000Z,2025-01-08T18:35:06.842410Z,1872.0,75b53a55e8,95,32,Male,DATA_EXPIRED,United States,United States,United States,English,No,Full-Time
677ebdf3d737761c95ec76f7,67790292f350a45fa50d7eea,RETURNED,Not Applicable,2025-01-08T18:03:38.520000Z,,,2025-01-23T16:26:30.954639Z,,,32,CONSENT_REVOKED,CONSENT_REVOKED,CONSENT_REVOKED,CONSENT_REVOKED,CONSENT_REVOKED,CONSENT_REVOKED,CONSENT_REVOKED,CONSENT_REVOKED,CONSENT_REVOKED
677ebe12e1cd86a7f9dc0861,667493d7ae5c57a75b13bdcb,RETURNED,Not Applicable,2025-01-08T18:04:12.015000Z,,,2025-01-23T16:26:30.930709Z,,,1294,CONSENT_REVOKED,CONSENT_REVOKED,CONSENT_REVOKED,CONSENT_REVOKED,CONSENT_REVOKED,CONSENT_REVOKED,CONSENT_REVOKED,CONSENT_REVOKED,CONSENT_REVOKED
677ebe258ee829adff447452,6759ab1afbc694cb6937cac3,RETURNED,Not Applicable,2025-01-08T18:04:28.990000Z,2025-01-08T18:13:21.368000Z,,2025-01-23T16:26:30.987782Z,,NOCODE,171,CONSENT_REVOKED,CONSENT_REVOKED,CONSENT_REVOKED,CONSENT_REVOKED,CONSENT_REVOKED,CONSENT_REVOKED,CONSENT_REVOKED,CONSENT_REVOKED,CONSENT_REVOKED
677ebe259a2496f3a7f6795b,676d83d79477708c1ea2ad01,RETURNED,Not Applicable,2025-01-08T18:04:37.223000Z,,,2025-01-23T16:26:31.196220Z,,,88,CONSENT_REVOKED,CONSENT_REVOKED,CONSENT_REVOKED,CONSENT_REVOKED,CONSENT_REVOKED,CONSENT_REVOKED,CONSENT_REVOKED,CONSENT_REVOKED,CONSENT_REVOKED
677ebe2eb64c3823a44e0ffb,5fb2c8b4b04a8594fc0a3825,RETURNED,Not Applicable,2025-01-08T18:04:42.180000Z,,,2025-01-23T16:26:30.998781Z,,,1752,CONSENT_REVOKED,CONSENT_REVOKED,CONSENT_REVOKED,CONSENT_REVOKED,CONSENT_REVOKED,CONSENT_REVOKED,CONSENT_REVOKED,CONSENT_REVOKED,CONSENT_REVOKED
677ebe31e99991353ef4efd2,64bbf16db125b5d6a2f3a911,APPROVED,Not Applicable,2025-01-08T18:04:33.519000Z,2025-01-08T18:29:15.336000Z,2025-01-10T20:27:41.404000Z,2025-01-08T18:29:15.915936Z,1482.0,75b53a55e8,2660,67,Male,White,Cuba,United States,United States,English,No,Other
677ebe3fdcee10c2f02a071c,5f7a28b8bedcf2112ebd1289,RETURNED,Not Applicable,2025-01-08T18:04:55.214000Z,,,2025-01-23T16:26:31.035066Z,,,8245,CONSENT_REVOKED,CONSENT_REVOKED,CONSENT_REVOKED,CONSENT_REVOKED,CONSENT_REVOKED,CONSENT_REVOKED,CONSENT_REVOKED,CONSENT_REVOKED,CONSENT_REVOKED
677ebe4212723c7e2b752e40,626966a12d29060d48439d01,RETURNED,Not Applicable,2025-01-08T18:14:50.393000Z,,,2025-01-23T16:26:31.218918Z,,,2200,CONSENT_REVOKED,CONSENT_REVOKED,CONSENT_REVOKED,CONSENT_REVOKED,CONSENT_REVOKED,CONSENT_REVOKED,CONSENT_REVOKED,CONSENT_REVOKED,CONSENT_REVOKED
677ebe52d08c70b352d4a76f,6690920497801263689184b7,APPROVED,Not Applicable,2025-01-08T18:05:23.263000Z,2025-01-08T18:26:29.015000Z,2025-01-10T20:27:41.679000Z,2025-01-08T18:26:29.688551Z,1266.0,75b53a55e8,11,32,Female,White,United States,United States,United States,English,No,Part-Time
677ebe53b9c0b8882c293f0c,5d9b7f29654a3102c8112b63,RETURNED,Not Applicable,2025-01-08T18:05:07.804000Z,,,2025-01-23T16:26:31.176350Z,,,3493,CONSENT_REVOKED,CONSENT_REVOKED,CONSENT_REVOKED,CONSENT_REVOKED,CONSENT_REVOKED,CONSENT_REVOKED,CONSENT_REVOKED,CONSENT_REVOKED,CONSENT_REVOKED
677ebe544dc3fdfce0334e6d,672bc3ce315f709fe35a3392,APPROVED,Not Applicable,2025-01-08T18:05:15.508000Z,2025-01-08T18:18:34.450000Z,2025-01-10T20:27:42.769000Z,2025-01-08T18:18:35.297422Z,799.0,75b53a55e8,315,51,Male,White,United States,United States,United States,English,No,Part-Time
677ebeabd6fa0121b9e8b1e6,6761bd82a316eeee3be6bab5,RETURNED,Not Applicable,2025-01-08T18:07:48.113000Z,,,2025-01-23T16:26:31.177843Z,,,137,CONSENT_REVOKED,CONSENT_REVOKED,CONSENT_REVOKED,CONSENT_REVOKED,CONSENT_REVOKED,CONSENT_REVOKED,CONSENT_REVOKED,CONSENT_REVOKED,CONSENT_REVOKED
677ebeb2298f6045b5bd7c97,62bdadf07a2fd70b3257e791,APPROVED,Not Applicable,2025-01-08T18:07:51.127000Z,2025-01-08T18:26:20.083000Z,2025-01-10T20:27:43.015000Z,2025-01-08T18:26:21.168917Z,1109.0,75b53a55e8,3677,32,Female,White,United States,United States,United States,English,No,DATA_EXPIRED
677ebedbb1eca5faba4474da,66293db7e0d7455abf6064c1,RETURNED,Not Applicable,2025-01-08T18:07:35.008000Z,,,2025-01-23T16:26:31.226230Z,,,913,CONSENT_REVOKED,CONSENT_REVOKED,CONSENT_REVOKED,CONSENT_REVOKED,CONSENT_REVOKED,CONSENT_REVOKED,CONSENT_REVOKED,CONSENT_REVOKED,CONSENT_REVOKED
677ebef4bbd992c49d1e1752,6772e2e2472d73af85cf3ec8,APPROVED,Not Applicable,2025-01-08T18:08:01.630000Z,2025-01-08T18:46:15.864000Z,2025-01-10T20:27:43.285000Z,2025-01-08T18:46:21.193466Z,2295.0,75b53a55e8,28,21,Male,Black,Kenya,United States,United States,English,DATA_EXPIRED,DATA_EXPIRED
677ebefb2186dad51792585b,5930c7fdfa699e0001017cc1,APPROVED,Not Applicable,2025-01-08T18:07:55.107000Z,2025-01-08T18:24:46.580000Z,2025-01-10T20:27:43.548000Z,2025-01-08T18:24:47.526492Z,1012.0,75b53a55e8,1416,37,Male,White,United States,United States,United States,English,No,Full-Time
677ebefff492090a1829df56,67601aa93f25c61c2ad678fe,RETURNED,Not Applicable,2025-01-08T18:07:59.372000Z,,,2025-01-23T16:26:31.218050Z,,,185,CONSENT_REVOKED,CONSENT_REVOKED,CONSENT_REVOKED,CONSENT_REVOKED,CONSENT_REVOKED,CONSENT_REVOKED,CONSENT_REVOKED,CONSENT_REVOKED,CONSENT_REVOKED
677ebf1a018341724e7859f0,662727247687607cf8f38c18,APPROVED,Not Applicable,2025-01-08T18:08:32.278000Z,2025-01-08T18:23:59.039000Z,2025-01-10T20:27:43.813000Z,2025-01-08T18:24:00.529683Z,927.0,75b53a55e8,1071,36,Female,White,United States,United States,United States,English,No,Full-Time
677ebf3d7674cbecfe16390a,672d220ca33afe487e8a4f28,APPROVED,Not Applicable,2025-01-08T18:09:10.294000Z,2025-01-08T18:25:10.138000Z,2025-01-10T20:27:44.078000Z,2025-01-08T18:25:10.965052Z,960.0,75b53a55e8,320,30,Male,White,United States,United States,United States,English,No,Full-Time
677ebf5a4b7b227c5fe87270,671a94208f439e821764a422,RETURNED,Not Applicable,2025-01-08T18:09:55.400000Z,,,2025-01-23T16:26:31.302325Z,,,529,CONSENT_REVOKED,CONSENT_REVOKED,CONSENT_REVOKED,CONSENT_REVOKED,CONSENT_REVOKED,CONSENT_REVOKED,CONSENT_REVOKED,CONSENT_REVOKED,CONSENT_REVOKED
677ebf8f3e04fda87cf7617e,6744163df2b0828add4649c7,RETURNED,Not Applicable,2025-01-08T18:10:30.008000Z,,,2025-01-23T16:26:31.422998Z,,,164,CONSENT_REVOKED,CONSENT_REVOKED,CONSENT_REVOKED,CONSENT_REVOKED,CONSENT_REVOKED,CONSENT_REVOKED,CONSENT_REVOKED,CONSENT_REVOKED,CONSENT_REVOKED
677ebff12d962ab381b8e1db,675c63b9b4283bc639a84666,RETURNED,Not Applicable,2025-01-08T18:12:16.591000Z,,,2025-01-23T16:26:31.348555Z,,,158,CONSENT_REVOKED,CONSENT_REVOKED,CONSENT_REVOKED,CONSENT_REVOKED,CONSENT_REVOKED,CONSENT_REVOKED,CONSENT_REVOKED,CONSENT_REVOKED,CONSENT_REVOKED
677ebff5fb1c9bb7cfa70782,675dc624bd425c9210a1255e,APPROVED,Not Applicable,2025-01-08T18:16:08.486000Z,2025-01-08T18:42:12.213000Z,2025-01-10T20:27:44.444000Z,2025-01-08T18:42:12.898422Z,1564.0,75b53a55e8,104,18,Female,White,United States,United States,United States,English,DATA_EXPIRED,Full-Time
677ebffbfb3016e62f8f6394,5e820a4e26ed71918013d860,RETURNED,Not Applicable,2025-01-08T18:12:11.374000Z,,,2025-01-23T16:26:31.389726Z,,,9052,CONSENT_REVOKED,CONSENT_REVOKED,CONSENT_REVOKED,CONSENT_REVOKED,CONSENT_REVOKED,CONSENT_REVOKED,CONSENT_REVOKED,CONSENT_REVOKED,CONSENT_REVOKED
677ebffcfd2303a46870f5e2,666b36c0d7de3cbb84471003,APPROVED,Not Applicable,2025-01-08T18:15:40.764000Z,2025-01-08T18:56:00.022000Z,2025-01-10T20:27:44.695000Z,2025-01-08T18:56:00.775613Z,2420.0,75b53a55e8,255,43,Male,Black,United States,United States,United States,English,No,Full-Time
677ec003d466a789d0762daa,6737b718cc19d6b7ce3dbcf1,RETURNED,Not Applicable,2025-01-08T18:12:26.472000Z,,,2025-01-23T16:26:31.494254Z,,,177,CONSENT_REVOKED,CONSENT_REVOKED,CONSENT_REVOKED,CONSENT_REVOKED,CONSENT_REVOKED,CONSENT_REVOKED,CONSENT_REVOKED,CONSENT_REVOKED,CONSENT_REVOKED
677ec00dd6fa0121b9e8b22e,671813a64cc728d09ef7499d,RETURNED,Not Applicable,2025-01-08T18:12:43.523000Z,2025-01-08T18:29:24.306000Z,,2025-01-23T16:26:31.558708Z,,NOCODE,593,CONSENT_REVOKED,CONSENT_REVOKED,CONSENT_REVOKED,CONSENT_REVOKED,CONSENT_REVOKED,CONSENT_REVOKED,CONSENT_REVOKED,CONSENT_REVOKED,CONSENT_REVOKED
677ec0141bdd678c25e2d428,676d0b1c0e5a2c91027b2175,RETURNED,Not Applicable,2025-01-08T18:12:45.381000Z,,,2025-01-23T16:26:31.520734Z,,,77,CONSENT_REVOKED,CONSENT_REVOKED,CONSENT_REVOKED,CONSENT_REVOKED,CONSENT_REVOKED,CONSENT_REVOKED,CONSENT_REVOKED,CONSENT_REVOKED,CONSENT_REVOKED
677ec01eaf8bd8ff39e6a52c,67043f0db5757096f8c7964a,RETURNED,Not Applicable,2025-01-08T18:13:07.092000Z,,,2025-01-23T16:26:31.578834Z,,,478,CONSENT_REVOKED,CONSENT_REVOKED,CONSENT_REVOKED,CONSENT_REVOKED,CONSENT_REVOKED,CONSENT_REVOKED,CONSENT_REVOKED,CONSENT_REVOKED,CONSENT_REVOKED
677ec02801e76b344312bea2,65ef444cc7c7a97ca2802263,RETURNED,Not Applicable,2025-01-08T18:13:15.147000Z,,,2025-01-23T16:26:31.586096Z,,,1930,CONSENT_REVOKED,CONSENT_REVOKED,CONSENT_REVOKED,CONSENT_REVOKED,CONSENT_REVOKED,CONSENT_REVOKED,CONSENT_REVOKED,CONSENT_REVOKED,CONSENT_REVOKED
677ec02a24002db719c226e9,66d3164f54582d0bf1ba7b78,APPROVED,Not Applicable,2025-01-08T18:13:03.519000Z,2025-01-08T18:34:32.118000Z,2025-01-10T20:27:44.917000Z,2025-01-08T18:34:37.925785Z,1289.0,75b53a55e8,40,41,Female,White,United States,United States,United States,English,No,DATA_EXPIRED
677ec03966371b89be994833,674e0f13479e0eba7281cdda,RETURNED,Not Applicable,2025-01-08T18:13:27.344000Z,,,2025-01-23T16:26:31.656574Z,,,148,CONSENT_REVOKED,CONSENT_REVOKED,CONSENT_REVOKED,CONSENT_REVOKED,CONSENT_REVOKED,CONSENT_REVOKED,CONSENT_REVOKED,CONSENT_REVOKED,CONSENT_REVOKED
677ec08a0ae1a6024305ea24,677bf4e693e00aba61de28d5,RETURNED,Not Applicable,2025-01-08T18:14:44.172000Z,2025-01-08T18:25:22.565000Z,,2025-01-23T16:26:31.676658Z,,NOCODE,55,CONSENT_REVOKED,CONSENT_REVOKED,CONSENT_REVOKED,CONSENT_REVOKED,CONSENT_REVOKED,CONSENT_REVOKED,CONSENT_REVOKED,CONSENT_REVOKED,CONSENT_REVOKED
677ec08b2771fa74cb2f0021,67251854dcbba188c7e62072,APPROVED,Not Applicable,2025-01-08T18:18:21.444000Z,2025-01-08T18:52:57.401000Z,2025-01-10T20:27:45.157000Z,2025-01-08T18:52:58.128578Z,2076.0,75b53a55e8,271,67,Male,White,United States,United States,United States,English,No,DATA_EXPIRED
677ec08d146749cb1d2a0789,5a57a9bbac5624000153bc85,APPROVED,Not Applicable,2025-01-08T18:14:40.911000Z,2025-01-08T18:36:40.886000Z,2025-01-10T20:27:45.381000Z,2025-01-08T18:37:10.807291Z,1320.0,75b53a55e8,2382,34,Male,White,United States,United States,United States,English,DATA_EXPIRED,DATA_EXPIRED
677ec0a84c077581a6949c21,6751894f0a3df87b61b74946,APPROVED,Not Applicable,2025-01-08T18:15:18.684000Z,2025-01-08T18:32:33.975000Z,2025-01-10T20:27:45.597000Z,2025-01-08T18:32:34.571898Z,1036.0,75b53a55e8,16,33,Female,Black,Ghana,United States,United States,English,DATA_EXPIRED,Full-Time
677ec0bc9a2496f3a7f67a04,67785d30f6118578685913f1,RETURNED,Not Applicable,2025-01-08T18:15:34.065000Z,,,2025-01-23T16:26:31.639716Z,,,71,CONSENT_REVOKED,CONSENT_REVOKED,CONSENT_REVOKED,CONSENT_REVOKED,CONSENT_REVOKED,CONSENT_REVOKED,CONSENT_REVOKED,CONSENT_REVOKED,CONSENT_REVOKED
677ec0d3409193fb61235fd6,6725f644359ff5531b1d491d,APPROVED,Not Applicable,2025-01-08T18:18:24.531000Z,2025-01-08T19:18:15.611000Z,2025-01-10T20:27:45.829000Z,2025-01-08T19:18:22.670492Z,3592.0,75b53a55e8,332,27,Male,White,United States,United States,United States,English,Yes,DATA_EXPIRED
677ec0d832ee098ae7e6266c,66aa5c3f0d9d6bcf931c3533,APPROVED,Not Applicable,2025-01-08T18:15:52.386000Z,2025-01-08T18:36:13.284000Z,2025-01-10T20:27:46.062000Z,2025-01-08T18:36:33.124099Z,1221.0,75b53a55e8,805,33,Male,White,United States,United States,United States,English,No,Part-Time
677ec1cc6ed58d18fe803fb1,675626c78f97131ff12b8d37,RETURNED,Not Applicable,2025-01-08T18:20:05.088000Z,,,2025-01-23T16:26:31.678653Z,,,120,CONSENT_REVOKED,CONSENT_REVOKED,CONSENT_REVOKED,CONSENT_REVOKED,CONSENT_REVOKED,CONSENT_REVOKED,CONSENT_REVOKED,CONSENT_REVOKED,CONSENT_REVOKED
677ec1f51ee4316f7d3c7af8,6725e7ecd4bb43f6854f2cf7,RETURNED,Not Applicable,2025-01-08T18:20:52.976000Z,,,2025-01-23T16:26:31.787300Z,,,223,CONSENT_REVOKED,CONSENT_REVOKED,CONSENT_REVOKED,CONSENT_REVOKED,CONSENT_REVOKED,CONSENT_REVOKED,CONSENT_REVOKED,CONSENT_REVOKED,CONSENT_REVOKED
677ec20841f0ce49707ab53a,672d32d72ce1530152204bee,RETURNED,Not Applicable,2025-01-08T18:21:03.832000Z,,,2025-01-23T16:26:31.742027Z,,,244,CONSENT_REVOKED,CONSENT_REVOKED,CONSENT_REVOKED,CONSENT_REVOKED,CONSENT_REVOKED,CONSENT_REVOKED,CONSENT_REVOKED,CONSENT_REVOKED,CONSENT_REVOKED
677ec20de9cf9acff938eb09,6766cc67631cac455823b52c,RETURNED,Not Applicable,2025-01-08T18:21:15.788000Z,,,2025-01-23T16:26:31.866839Z,,,101,CONSENT_REVOKED,CONSENT_REVOKED,CONSENT_REVOKED,CONSENT_REVOKED,CONSENT_REVOKED,CONSENT_REVOKED,CONSENT_REVOKED,CONSENT_REVOKED,CONSENT_REVOKED
677ec22d892f75cc12baf80c,6759cee5db861b5b175449d6,APPROVED,Not Applicable,2025-01-08T18:22:19.453000Z,2025-01-08T18:48:37.382000Z,2025-01-10T20:27:46.309000Z,2025-01-08T18:48:55.495755Z,1578.0,75b53a55e8,93,24,Female,Black,United States,United States,United States,English,No,Part-Time
677ec252d4867994d9baba41,6723a0785ead80729674d7ed,RETURNED,Not Applicable,2025-01-08T18:22:16.301000Z,,,2025-01-23T16:26:31.769909Z,,,185,CONSENT_REVOKED,CONSENT_REVOKED,CONSENT_REVOKED,CONSENT_REVOKED,CONSENT_REVOKED,CONSENT_REVOKED,CONSENT_REVOKED,CONSENT_REVOKED,CONSENT_REVOKED
677ec253edd29411568d2527,66535b9a5d1fc48aef77f6f5,APPROVED,Not Applicable,2025-01-08T18:22:17.464000Z,2025-01-08T18:48:02.779000Z,2025-01-10T20:27:46.536000Z,2025-01-08T18:48:15.052170Z,1546.0,75b53a55e8,765,40,Female,White,United States,United States,United States,English,DATA_EXPIRED,Full-Time
677ec254cb32473be195f75f,672a7d85e2386206173cf901,APPROVED,Not Applicable,2025-01-08T18:22:18.164000Z,2025-01-08T18:44:04.471000Z,2025-01-10T20:27:46.788000Z,2025-01-08T18:44:05.133521Z,1307.0,75b53a55e8,379,62,Male,Mixed,Japan,United States,United States,English,No,Full-Time
677ec27aa7b09d9cc48b261e,67717f424afb77564208b29b,RETURNED,Not Applicable,2025-01-08T18:22:56.607000Z,,,2025-01-23T16:26:31.821866Z,,,37,CONSENT_REVOKED,CONSENT_REVOKED,CONSENT_REVOKED,CONSENT_REVOKED,CONSENT_REVOKED,CONSENT_REVOKED,CONSENT_REVOKED,CONSENT_REVOKED,CONSENT_REVOKED
677ec2be8dbcacbea86683ea,67060fe66e701d6c177ef3c8,APPROVED,Not Applicable,2025-01-08T18:30:55.254000Z,2025-01-08T19:34:36.682000Z,2025-01-10T20:27:47.086000Z,2025-01-08T19:34:37.583794Z,3822.0,75b53a55e8,333,23,Male,Black,United States,United States,United States,English,No,Unemployed (and job seeking)
677ec2f6973e2009b779f03b,674ad66c3a6ec4052c11eaea,APPROVED,Not Applicable,2025-01-08T18:32:38.049000Z,2025-01-08T19:00:21.319000Z,2025-01-10T20:27:47.514000Z,2025-01-08T19:01:07.894525Z,1664.0,75b53a55e8,91,29,Female,Black,Ghana,United States,United States,English,DATA_EXPIRED,Full-Time
677ec2f861a33dc502bd7c50,664fc6ec0beb5400a141b77b,APPROVED,Not Applicable,2025-01-08T18:25:04.409000Z,2025-01-08T18:38:43.924000Z,2025-01-10T20:27:47.879000Z,2025-01-08T18:38:47.052720Z,820.0,75b53a55e8,1096,59,Female,White,United States,United States,United States,English,DATA_EXPIRED,DATA_EXPIRED
677ec31a60137c2aa729569e,6759cb25143777ddd1cb590f,RETURNED,Not Applicable,2025-01-08T18:25:49.309000Z,,,2025-01-23T16:26:31.865207Z,,,44,CONSENT_REVOKED,CONSENT_REVOKED,CONSENT_REVOKED,CONSENT_REVOKED,CONSENT_REVOKED,CONSENT_REVOKED,CONSENT_REVOKED,CONSENT_REVOKED,CONSENT_REVOKED
677ec325d28927c860ce2137,675fdfc8eeded0bc2662841b,RETURNED,Not Applicable,2025-01-08T18:25:48.354000Z,,,2025-01-23T16:26:31.972522Z,,,36,CONSENT_REVOKED,CONSENT_REVOKED,CONSENT_REVOKED,CONSENT_REVOKED,CONSENT_REVOKED,CONSENT_REVOKED,CONSENT_REVOKED,CONSENT_REVOKED,CONSENT_REVOKED
677ec3416d67046cca7d157b,6771aadc4ebf36fd5623a793,REJECTED,Not Applicable,2025-01-08T18:26:17.202000Z,2025-01-08T18:55:52.500000Z,2025-01-21T17:29:10.603000Z,2025-01-23T16:26:31.969004Z,1776.0,NOCODE,62,CONSENT_REVOKED,CONSENT_REVOKED,CONSENT_REVOKED,CONSENT_REVOKED,CONSENT_REVOKED,CONSENT_REVOKED,CONSENT_REVOKED,CONSENT_REVOKED,CONSENT_REVOKED
677ec395f492090a1829e05a,65654bb65a81489784483bf0,APPROVED,Not Applicable,2025-01-08T18:33:55.171000Z,2025-01-08T19:12:17.759000Z,2025-01-10T20:27:48.241000Z,2025-01-08T19:12:19.620971Z,2303.0,75b53a55e8,744,33,Female,Black,United States,United States,United States,English,DATA_EXPIRED,DATA_EXPIRED
677ec3d7c0f78f4336d54d6b,6755fa65a9ab28bdc4c088dd,RETURNED,Not Applicable,2025-01-08T18:29:17.408000Z,,,2025-01-23T16:26:31.966822Z,,,167,CONSENT_REVOKED,CONSENT_REVOKED,CONSENT_REVOKED,CONSENT_REVOKED,CONSENT_REVOKED,CONSENT_REVOKED,CONSENT_REVOKED,CONSENT_REVOKED,CONSENT_REVOKED
677ec40fb7349fea16c55a72,6724d8a27a424e1dd3107266,APPROVED,Not Applicable,2025-01-08T18:33:46.998000Z,2025-01-08T19:25:04.346000Z,2025-01-10T20:27:48.542000Z,2025-01-08T19:25:05.776965Z,3078.0,75b53a55e8,181,27,Female,White,United States,United States,United States,English,No,Part-Time
677ec41ccff498fc2279f084,6744c65ed088266dac5c89ed,RETURNED,Not Applicable,2025-01-08T18:38:06.878000Z,,,2025-01-23T16:26:31.993847Z,,,187,CONSENT_REVOKED,CONSENT_REVOKED,CONSENT_REVOKED,CONSENT_REVOKED,CONSENT_REVOKED,CONSENT_REVOKED,CONSENT_REVOKED,CONSENT_REVOKED,CONSENT_REVOKED
677ec426ac96826b380e36c4,676cab8e9773676ad989f03d,APPROVED,Not Applicable,2025-01-08T18:30:08.309000Z,2025-01-08T18:53:26.679000Z,2025-01-10T20:27:48.819000Z,2025-01-08T18:53:27.334834Z,1399.0,75b53a55e8,33,35,Female,White,United States,United States,United States,English,No,DATA_EXPIRED
677ec4388981a470c4193a45,666f76b68b89442817be678a,RETURNED,Not Applicable,2025-01-08T18:40:16.891000Z,,,2025-01-23T16:26:31.985184Z,,,329,CONSENT_REVOKED,CONSENT_REVOKED,CONSENT_REVOKED,CONSENT_REVOKED,CONSENT_REVOKED,CONSENT_REVOKED,CONSENT_REVOKED,CONSENT_REVOKED,CONSENT_REVOKED
677ec44f8078c781b3193abd,675218192512cf36966b9068,APPROVED,Not Applicable,2025-01-08T18:30:50.648000Z,2025-01-08T18:55:12.568000Z,2025-01-10T20:27:49.070000Z,2025-01-08T18:55:13.320676Z,1462.0,75b53a55e8.,112,62,Female,White,United States,United States,United States,English,DATA_EXPIRED,Full-Time
677ec453b50ecb490160d31c,5b16e1a5457ace0001b40d46,APPROVED,Not Applicable,2025-01-08T18:30:47.070000Z,2025-01-08T18:46:16.066000Z,2025-01-10T20:27:49.390000Z,2025-01-08T18:46:22.414171Z,929.0,75b53a55e8,4422,44,Female,Asian,Indonesia,United States,United States,Indonesian,No,Full-Time
677ec4549a2496f3a7f67ab4,66461dfd1eb6453139b1db4c,APPROVED,Not Applicable,2025-01-08T18:30:52.104000Z,2025-01-08T18:50:53.630000Z,2025-01-10T20:27:49.721000Z,2025-01-08T18:51:02.015278Z,1202.0,75b53a55e8,1293,36,Female,White,United States,United States,United States,English,No,Full-Time
677ec4f4d6fa0121b9e8b341,671b277a6d04904df5f9503b,APPROVED,Not Applicable,2025-01-08T18:33:29.417000Z,2025-01-08T18:53:25.765000Z,2025-01-10T20:27:50.096000Z,2025-01-08T18:53:26.502188Z,1197.0,75b53a55e8,453,33,Male,White,United States,United States,United States,English,No,DATA_EXPIRED
677ec4f76118f56025d6fac3,6616d9fdba3ae8945cba4a08,APPROVED,Not Applicable,2025-01-08T18:35:17.721000Z,2025-01-08T19:02:06.719000Z,2025-01-10T20:27:50.639000Z,2025-01-08T19:02:07.433775Z,1609.0,75b53a55e8,1054,46,Male,White,United States,United States,United States,English,No,Full-Time
677ec58afc50de49938b11a1,6725fb8275dbe73916758086,APPROVED,Not Applicable,2025-01-08T18:36:44.372000Z,2025-01-08T19:07:13.444000Z,2025-01-10T20:27:50.959000Z,2025-01-08T19:07:14.093144Z,1830.0,75b53a55e8,179,26,Female,White,United States,United States,United States,English,No,Part-Time
677ec68c8b1ad213fba5575e,669a878ad1cad8cabb0ea7dd,TIMED-OUT,Not Applicable,2025-01-08T18:44:41.827000Z,,,2025-01-23T16:26:32.052049Z,1287711.0,,763,25,Male,Black,Nigeria,United States,United States,English,DATA_EXPIRED,DATA_EXPIRED
677ec74ffca45893d594e480,66d9547a9df3044a616f2cfd,APPROVED,Not Applicable,2025-01-08T18:48:44.073000Z,2025-01-08T19:10:19.682000Z,2025-01-10T20:27:51.269000Z,2025-01-08T19:10:21.859227Z,1296.0,75b53a55e8,451,36,Male,White,United States,United States,United States,English,No,Full-Time
677ec7ac4c077581a6949dbb,63d432e27555fb4b5785cfcd,APPROVED,Not Applicable,2025-01-08T18:45:09.997000Z,2025-01-08T18:56:36.517000Z,2025-01-10T20:27:51.551000Z,2025-01-08T18:56:37.401188Z,687.0,75b53a55e8,1438,35,Female,White,United States,United States,United States,English,No,Full-Time
677ec8061376a88a39163b9e,675f5de6b693a990cbb33092,APPROVED,Not Applicable,2025-01-08T18:46:35.149000Z,2025-01-08T19:13:25.394000Z,2025-01-10T20:27:51.844000Z,2025-01-08T19:13:26.499206Z,1611.0,75b53a55e8,100,41,Male,White,United States,United States,United States,English,No,Full-Time
677ec80bbb091e278066043d,677a8878770afe77b723da95,APPROVED,Not Applicable,2025-01-08T18:46:43.721000Z,2025-01-08T19:08:30.624000Z,2025-01-10T20:27:52.138000Z,2025-01-08T19:08:31.786368Z,1307.0,75b53a55e8.,25,26,Male,Black,Ghana,United States,United States,English,No,Full-Time
677ec83717f9fc7f7665f18d,675d4aed11630c9555e763b7,RETURNED,Not Applicable,2025-01-08T18:47:29.681000Z,,,2025-01-23T16:26:32.012389Z,,,133,CONSENT_REVOKED,CONSENT_REVOKED,CONSENT_REVOKED,CONSENT_REVOKED,CONSENT_REVOKED,CONSENT_REVOKED,CONSENT_REVOKED,CONSENT_REVOKED,CONSENT_REVOKED
677ec849b1868d8b7b21bfa5,6778ed45540161b7db8c8201,RETURNED,Not Applicable,2025-01-08T18:48:20.152000Z,2025-01-08T18:53:09.163000Z,,2025-01-23T16:26:32.048742Z,,NOCODE,55,CONSENT_REVOKED,CONSENT_REVOKED,CONSENT_REVOKED,CONSENT_REVOKED,CONSENT_REVOKED,CONSENT_REVOKED,CONSENT_REVOKED,CONSENT_REVOKED,CONSENT_REVOKED
677ec851c0d57509a0de8715,667397e28c559be8a69831ed,APPROVED,Not Applicable,2025-01-08T18:48:13.107000Z,2025-01-08T19:47:13.941000Z,2025-01-10T20:27:52.431000Z,2025-01-08T19:47:14.972787Z,3541.0,75b53a55e8,159,54,Female,Black,United States,United States,United States,English,No,Full-Time
677ec88f5e1b9b269e69d49f,671b9cb8ded2c4185e18faf5,RETURNED,Not Applicable,2025-01-08T18:48:57.948000Z,,,2025-01-23T16:26:32.111258Z,,,290,CONSENT_REVOKED,CONSENT_REVOKED,CONSENT_REVOKED,CONSENT_REVOKED,CONSENT_REVOKED,CONSENT_REVOKED,CONSENT_REVOKED,CONSENT_REVOKED,CONSENT_REVOKED
677ec8dccbe86ff8992a5f5d,677a4d6233ce1b792b405c25,RETURNED,Not Applicable,2025-01-08T18:50:15.113000Z,,,2025-01-23T16:26:32.066250Z,,,51,CONSENT_REVOKED,CONSENT_REVOKED,CONSENT_REVOKED,CONSENT_REVOKED,CONSENT_REVOKED,CONSENT_REVOKED,CONSENT_REVOKED,CONSENT_REVOKED,CONSENT_REVOKED
677ec905e9e611a4b80e3737,676846a01fe84453ec471a1b,REJECTED,Not Applicable,2025-01-08T18:50:56.335000Z,2025-01-08T19:06:40.950000Z,2025-01-21T17:29:35.306000Z,2025-01-23T16:26:32.242544Z,945.0,NOCODE,74,CONSENT_REVOKED,CONSENT_REVOKED,CONSENT_REVOKED,CONSENT_REVOKED,CONSENT_REVOKED,CONSENT_REVOKED,CONSENT_REVOKED,CONSENT_REVOKED,CONSENT_REVOKED
677ec952cb7f407889f2def3,5e3f4c676d06fc1b240e6021,APPROVED,Not Applicable,2025-01-08T18:53:41.823000Z,2025-01-08T19:12:31.305000Z,2025-01-10T20:27:52.718000Z,2025-01-08T19:12:32.073304Z,1130.0,75b53a55e8.,8043,67,Male,DATA_EXPIRED,United States,United States,United States,English,No,DATA_EXPIRED
677ec9b17de3b589e41428a3,67600da0497fab54effd903e,RETURNED,Not Applicable,2025-01-08T18:53:46.227000Z,,,2025-01-23T16:26:32.164421Z,,,120,CONSENT_REVOKED,CONSENT_REVOKED,CONSENT_REVOKED,CONSENT_REVOKED,CONSENT_REVOKED,CONSENT_REVOKED,CONSENT_REVOKED,CONSENT_REVOKED,CONSENT_REVOKED
677ecaf864e4453daf5fb339,655f8ed110c1375ed1b41d08,APPROVED,Not Applicable,2025-01-08T19:01:26.050000Z,2025-01-08T19:30:05.292000Z,2025-01-10T20:27:53.032000Z,2025-01-08T19:30:06.425576Z,1720.0,75b53a55e8,792,32,Female,Black,United States,United States,United States,English,No,DATA_EXPIRED
677ecafdedd29411568d2766,60fcf49be5dd0924d4eba91d,APPROVED,Not Applicable,2025-01-08T18:59:09.285000Z,2025-01-08T19:16:34.772000Z,2025-01-10T20:27:53.309000Z,2025-01-08T19:16:49.096502Z,1046.0,75b53a55e8,832,23,Female,Asian,United States,United States,United States,English,DATA_EXPIRED,DATA_EXPIRED
677ecafdee8a31764fc19734,67705eb8bc3b61e9e2bd8728,RETURNED,Not Applicable,2025-01-08T18:59:20.663000Z,,,2025-01-23T16:26:32.197164Z,,,82,CONSENT_REVOKED,CONSENT_REVOKED,CONSENT_REVOKED,CONSENT_REVOKED,CONSENT_REVOKED,CONSENT_REVOKED,CONSENT_REVOKED,CONSENT_REVOKED,CONSENT_REVOKED
677ecafe50544ed4282d345d,671fd118c38dc1c528311e28,APPROVED,Not Applicable,2025-01-08T18:59:18.599000Z,2025-01-08T19:28:50.673000Z,2025-01-10T20:27:53.580000Z,2025-01-08T19:28:51.791031Z,1773.0,75b53a55e8,239,52,Male,White,United States,United States,United States,English,No,Full-Time
677ecaff7759e770f05d0d06,674ccb6d3e0f8aad13b7b885,RETURNED,Not Applicable,2025-01-08T18:59:20.323000Z,,,2025-01-23T16:26:32.362252Z,,,250,CONSENT_REVOKED,CONSENT_REVOKED,CONSENT_REVOKED,CONSENT_REVOKED,CONSENT_REVOKED,CONSENT_REVOKED,CONSENT_REVOKED,CONSENT_REVOKED,CONSENT_REVOKED
677ecb00bbd992c49d1e1a7b,6759a7007b99f8acb3290f71,RETURNED,Not Applicable,2025-01-08T18:59:23.508000Z,,,2025-01-23T16:26:32.285794Z,,,109,CONSENT_REVOKED,CONSENT_REVOKED,CONSENT_REVOKED,CONSENT_REVOKED,CONSENT_REVOKED,CONSENT_REVOKED,CONSENT_REVOKED,CONSENT_REVOKED,CONSENT_REVOKED
677ecb018981a470c4193c1f,6760d5a1a688825bb6d46edb,APPROVED,Not Applicable,2025-01-08T18:59:20.577000Z,2025-01-08T19:13:10.962000Z,2025-01-10T20:27:53.937000Z,2025-01-08T19:13:12.360360Z,831.0,75b53a55e8,84,52,Female,White,United States,United States,United States,English,No,Full-Time
677ecb01a12f30fc2db70c68,674d8853fee878a2f8eb559d,APPROVED,Not Applicable,2025-01-08T19:00:20.570000Z,2025-01-08T19:15:40.078000Z,2025-01-10T20:27:54.348000Z,2025-01-08T19:15:54.343390Z,920.0,75b53a55e8,15,23,Male,Black,Ghana,United States,United States,English,DATA_EXPIRED,DATA_EXPIRED
677ecb3953bc4d72abb5af09,677ac9ff600d54e521087304,APPROVED,Not Applicable,2025-01-08T19:00:37.651000Z,2025-01-08T19:23:02.672000Z,2025-01-10T20:27:54.605000Z,2025-01-08T19:23:03.383294Z,1346.0,75b53a55e8,4,21,Female,White,United States,United States,United States,English,No,Part-Time
677ecb3b12cec3a339e7cb98,676fec23d1b8c0c020f8bef6,APPROVED,Not Applicable,2025-01-08T19:00:11.609000Z,2025-01-08T19:21:08.914000Z,2025-01-10T20:27:54.900000Z,2025-01-08T19:21:09.809593Z,1258.0,75b53a55e8,26,22,Female,Black,Ghana,United States,United States,English,Yes,Part-Time
677ecbbb9d5ec831134bda99,6772be2997f6c8f5ad77f65a,APPROVED,Not Applicable,2025-01-08T19:11:42.401000Z,2025-01-08T19:39:20.691000Z,2025-01-10T20:27:55.137000Z,2025-01-08T19:39:21.384559Z,1659.0,75b53a55e8,6,30,Male,Black,Kenya,United States,United States,English,No,Full-Time
677ecbe6c97d3371bde6042c,675d5ebd98f2fbf6789732a7,APPROVED,Not Applicable,2025-01-08T19:03:49.626000Z,2025-01-08T19:45:36.651000Z,2025-01-10T20:27:56.097000Z,2025-01-08T19:45:37.846082Z,2508.0,75b53a55e8.,106,24,Male,Mixed,Ghana,United States,United States,English,Yes,Part-Time
677ecd1f8ee829adff44782b,675410a4dc0c853401c107ee,RETURNED,Not Applicable,2025-01-08T19:14:07.880000Z,2025-01-08T19:38:43.083000Z,,2025-01-23T16:26:32.300650Z,,NO CODE,75,CONSENT_REVOKED,CONSENT_REVOKED,CONSENT_REVOKED,CONSENT_REVOKED,CONSENT_REVOKED,CONSENT_REVOKED,CONSENT_REVOKED,CONSENT_REVOKED,CONSENT_REVOKED
677ece24fd2303a46870f974,66e18aed7a77c82578abfbab,APPROVED,Not Applicable,2025-01-08T19:12:47.522000Z,2025-01-08T19:31:55.697000Z,2025-01-10T20:27:56.337000Z,2025-01-08T19:31:56.900625Z,1149.0,75b53a55e8,992,29,Female,White,United States,United States,United States,English,No,Full-Time
677ece25f70d64d1e64331be,6775a5d7978c169fa37e7481,RETURNED,Not Applicable,2025-01-08T19:12:49.539000Z,,,2025-01-23T16:26:32.421721Z,,,81,CONSENT_REVOKED,CONSENT_REVOKED,CONSENT_REVOKED,CONSENT_REVOKED,CONSENT_REVOKED,CONSENT_REVOKED,CONSENT_REVOKED,CONSENT_REVOKED,CONSENT_REVOKED
677ece2b66dd36f82f9bfd8f,66b4135cd25ace686463b7bb,RETURNED,Not Applicable,2025-01-08T19:12:49.401000Z,,,2025-01-23T16:26:32.330550Z,,,332,CONSENT_REVOKED,CONSENT_REVOKED,CONSENT_REVOKED,CONSENT_REVOKED,CONSENT_REVOKED,CONSENT_REVOKED,CONSENT_REVOKED,CONSENT_REVOKED,CONSENT_REVOKED
677ece2ba0b5178b3f5196e7,673209678c0891f81c738596,APPROVED,Not Applicable,2025-01-08T19:12:43.135000Z,2025-01-08T19:32:50.166000Z,2025-01-10T20:27:56.588000Z,2025-01-08T19:32:53.133368Z,1208.0,75b53a55e8,88,38,Male,Black,Nigeria,United States,United States,English,No,Full-Time
677ece2c1d73fc6e9cf1ce25,673add0cf30eb251459f179c,APPROVED,Not Applicable,2025-01-08T19:13:31.818000Z,2025-01-08T19:28:44.114000Z,2025-01-10T20:27:56.843000Z,2025-01-08T19:28:44.810452Z,913.0,75b53a55e8,186,22,Male,White,United States,United States,United States,English,No,Full-Time
677ece2f72bde8cd5e6f4d56,677d8de109c5d2712239d969,RETURNED,Not Applicable,2025-01-08T19:12:58.031000Z,,,2025-01-23T16:26:32.391485Z,,,44,CONSENT_REVOKED,CONSENT_REVOKED,CONSENT_REVOKED,CONSENT_REVOKED,CONSENT_REVOKED,CONSENT_REVOKED,CONSENT_REVOKED,CONSENT_REVOKED,CONSENT_REVOKED
677ece67626be3088ae0c8e3,674ca2b29db20989e5c88826,RETURNED,Not Applicable,2025-01-08T19:13:53.192000Z,,,2025-01-23T16:26:32.492062Z,,,231,CONSENT_REVOKED,CONSENT_REVOKED,CONSENT_REVOKED,CONSENT_REVOKED,CONSENT_REVOKED,CONSENT_REVOKED,CONSENT_REVOKED,CONSENT_REVOKED,CONSENT_REVOKED
677ecf0bedd29411568d2867,6747621a45e93d66e8860fe4,RETURNED,Not Applicable,2025-01-08T19:16:33.970000Z,2025-01-08T19:41:47.508000Z,,2025-01-23T16:26:32.432432Z,,75b53a55e8,232,CONSENT_REVOKED,CONSENT_REVOKED,CONSENT_REVOKED,CONSENT_REVOKED,CONSENT_REVOKED,CONSENT_REVOKED,CONSENT_REVOKED,CONSENT_REVOKED,CONSENT_REVOKED
677ecf35f55f63a2f082e927,672e325aa2b0bd2766a58378,APPROVED,Not Applicable,2025-01-08T19:17:17.431000Z,2025-01-08T19:38:35.453000Z,2025-01-10T20:27:57.084000Z,2025-01-08T19:38:37.146850Z,1279.0,75b53a55e8,302,36,Male,Mixed,United States,United States,United States,English,Yes,Unemployed (and job seeking)
677ed4074dc3fdfce03354a5,651c4484ba17050f6b716614,APPROVED,Not Applicable,2025-01-08T19:37:48.156000Z,2025-01-08T20:08:49.419000Z,2025-01-10T20:27:57.328000Z,2025-01-08T20:08:50.282815Z,1862.0,75b53a55e8,2997,31,Male,White,United States,United States,United States,English,No,Full-Time
677ed61af0a6d51871da2483,675fa94e50be0183b2e24e7a,RETURNED,Not Applicable,2025-01-08T19:46:52.396000Z,2025-01-08T20:35:26.509000Z,,2025-01-23T16:26:32.438596Z,,NOCODE,93,CONSENT_REVOKED,CONSENT_REVOKED,CONSENT_REVOKED,CONSENT_REVOKED,CONSENT_REVOKED,CONSENT_REVOKED,CONSENT_REVOKED,CONSENT_REVOKED,CONSENT_REVOKED
677ed94fdb7b0e482cec7ea9,65e33239b5fa3ca93950aa67,APPROVED,Not Applicable,2025-01-08T20:00:19.547000Z,2025-01-08T20:12:30.790000Z,2025-01-10T20:27:57.574000Z,2025-01-08T20:12:31.822547Z,732.0,76DA275389D6453599685EF9AD8EE32E,1628,36,Female,Mixed,United States,United States,United States,English,No,Part-Time
677edc10d737761c95ec7eed,66f63aeba07bb69cb2f44c32,APPROVED,Not Applicable,2025-01-08T20:12:07.117000Z,2025-01-08T20:32:44.286000Z,2025-01-10T20:27:57.840000Z,2025-01-08T20:32:45.703055Z,1238.0,75b53a55e8,527,33,Male,White,United States,United States,United States,English,No,Part-Time
677edf333111f680ade62d39,66f75ca6c63db2214194b1cc,APPROVED,Not Applicable,2025-01-08T20:25:56.252000Z,2025-01-08T20:50:26.618000Z,2025-01-10T20:27:58.078000Z,2025-01-08T20:50:28.356335Z,1471.0,75b53a55e8,434,54,Female,Other,United States,United States,United States,English,No,Full-Time
677ee08767a8f92c6811e10d,665d87b3c0ca792f6395a7c5,APPROVED,Not Applicable,2025-01-08T20:41:02.948000Z,2025-01-08T21:09:56.593000Z,2025-01-10T20:27:58.332000Z,2025-01-08T21:09:57.257436Z,1734.0,75b53a55e8,764,28,Female,White,United States,United States,United States,English,No,Full-Time
677ee581cb32473be1960020,675597aa8edbd645627043a1,APPROVED,Not Applicable,2025-01-08T20:52:21.961000Z,2025-01-08T21:03:34.297000Z,2025-01-10T20:27:58.595000Z,2025-01-08T21:03:34.971931Z,673.0,75b53a55e8,247,33,Male,Asian,Vietnam,United States,United States,Vietnamese,No,Full-Time
677ee8915322280af28a0c94,67543caa282c9c2e7b346895,RETURNED,Not Applicable,2025-01-08T21:08:03.869000Z,,,2025-01-23T16:26:32.511262Z,,,175,CONSENT_REVOKED,CONSENT_REVOKED,CONSENT_REVOKED,CONSENT_REVOKED,CONSENT_REVOKED,CONSENT_REVOKED,CONSENT_REVOKED,CONSENT_REVOKED,CONSENT_REVOKED
677eed20709a836ed8c3f9c3,67055efcc9d6595c24d60bb5,APPROVED,Not Applicable,2025-01-08T21:32:43.850000Z,2025-01-08T21:59:22.160000Z,2025-01-10T20:27:58.842000Z,2025-01-08T21:59:23.298676Z,1599.0,75b53a55e8,544,31,Male,White,United States,United States,United States,English,No,Unemployed (and job seeking)
677eed44597d374b0ae90353,5b19f4854c72120001f1e1b3,APPROVED,Not Applicable,2025-01-08T21:27:30.036000Z,2025-01-08T21:47:44.278000Z,2025-01-10T20:27:59.104000Z,2025-01-08T21:47:45.333312Z,1215.0,75b53a55e8,36,29,Male,White,United States,United States,United States,English,No,Unemployed (and job seeking)
677ef111592596c91926e2df,5d453e8723a5bb0001492546,APPROVED,Not Applicable,2025-01-08T21:41:37.383000Z,2025-01-08T22:48:35.536000Z,2025-01-10T20:27:59.351000Z,2025-01-08T22:48:36.195218Z,4019.0,https://,4328,30,Male,White,United States,United States,United States,English,Yes,Full-Time
677ef278aa8825bff28f4ced,67543bbb2cd4466d02ff3392,APPROVED,Not Applicable,2025-01-08T21:48:35.790000Z,2025-01-08T22:24:08.611000Z,2025-01-10T20:27:59.674000Z,2025-01-08T22:24:12.038064Z,2133.0,75b53a55e8,164,50,Female,Mixed,Ghana,United States,United States,English,No,Full-Time
677ef2ba387f24469138f710,66bd73db3481a3d17695c23e,APPROVED,Not Applicable,2025-01-08T21:48:49.493000Z,2025-01-08T22:14:07.055000Z,2025-01-10T20:28:00.344000Z,2025-01-08T22:14:07.721862Z,1518.0,75b53a55e8,695,31,Female,White,United States,United States,United States,English,No,Full-Time
677ef956375502ea17454477,67274a937bc73438d89976b8,RETURNED,Not Applicable,2025-01-08T22:17:45.739000Z,2025-01-08T23:06:35.456000Z,,2025-01-23T16:26:32.512980Z,,NOCODE,368,CONSENT_REVOKED,CONSENT_REVOKED,CONSENT_REVOKED,CONSENT_REVOKED,CONSENT_REVOKED,CONSENT_REVOKED,CONSENT_REVOKED,CONSENT_REVOKED,CONSENT_REVOKED
6781822ccc7cd8ea90010e9c,67676bc9fbce1bf7ee2044b5,APPROVED,Not Applicable,2025-01-10T20:25:21.651000Z,2025-01-10T20:38:37.296000Z,2025-01-16T16:58:06.208000Z,2025-01-10T20:38:37.939528Z,796.0,75b53a55e8,8,28,Female,White,United States,United States,United States,English,DATA_EXPIRED,DATA_EXPIRED
6781824bea359b9e176c5c70,66c40786bc12f49a98f86635,RETURNED,Not Applicable,2025-01-10T20:27:37.060000Z,,,2025-01-23T16:26:32.547386Z,,,823,CONSENT_REVOKED,CONSENT_REVOKED,CONSENT_REVOKED,CONSENT_REVOKED,CONSENT_REVOKED,CONSENT_REVOKED,CONSENT_REVOKED,CONSENT_REVOKED,CONSENT_REVOKED
6781827ed37d3faa611fa09d,60fd9531d59bcac5313f6345,APPROVED,Not Applicable,2025-01-10T20:26:45.844000Z,2025-01-10T20:50:54.072000Z,2025-01-16T16:58:06.463000Z,2025-01-10T20:51:23.473844Z,1449.0,75b53a55e8,801,25,Female,Asian,United States,United States,United States,English,Yes,DATA_EXPIRED
67818284280b318290e8e3ad,5d7a9a3a9d08bd001a828d0f,APPROVED,Not Applicable,2025-01-10T20:26:53.892000Z,2025-01-10T21:14:33.628000Z,2025-01-16T16:58:06.696000Z,2025-01-10T21:14:34.401884Z,2860.0,75b53a55e8,87,36,Female,White,United States,United States,United States,English,No,Other
67818f159fcb3b6e54841d51,66f19d2803d24d89a12c27ee,APPROVED,Not Applicable,2025-01-10T21:20:24.731000Z,2025-01-10T21:31:47.602000Z,2025-01-16T16:58:06.930000Z,2025-01-10T21:31:49.324497Z,683.0,75b53a55e8,274,33,Male,White,United States,United States,United States,English,No,Full-Time
678855ac27cee93bda0a4b1e,6723df34aa50df1612e824cf,APPROVED,Not Applicable,2025-01-16T00:41:49.082000Z,2025-01-16T00:59:02.233000Z,2025-01-16T16:58:07.177000Z,2025-01-16T00:59:04.634996Z,1034.0,75b53a55e8,239,37,Male,White,United States,United States,United States,English,Yes,Full-Time
678855beaa44689ed2dec77a,66db796861d24e892750bd60,RETURNED,Not Applicable,2025-01-16T00:41:54.377000Z,,,2025-01-23T16:26:32.575240Z,,,466,CONSENT_REVOKED,CONSENT_REVOKED,CONSENT_REVOKED,CONSENT_REVOKED,CONSENT_REVOKED,CONSENT_REVOKED,CONSENT_REVOKED,CONSENT_REVOKED,CONSENT_REVOKED
678857084e3e706b33256584,5d3db07f00fd1d001cfbaddd,RETURNED,Not Applicable,2025-01-16T00:47:08.442000Z,,,2025-01-23T16:26:32.747867Z,,,1252,CONSENT_REVOKED,CONSENT_REVOKED,CONSENT_REVOKED,CONSENT_REVOKED,CONSENT_REVOKED,CONSENT_REVOKED,CONSENT_REVOKED,CONSENT_REVOKED,CONSENT_REVOKED
6788573c49f55de703ae7b8b,5fdb797c39b7316ce0c8f2cd,TIMED-OUT,Not Applicable,2025-01-16T00:48:03.440000Z,,,2025-01-23T16:26:32.606911Z,661110.0,,399,62,Female,White,United States,United States,United States,English,No,"Not in paid work (e.g. homemaker', 'retired or disabled)"
678868312d9285f6d9641332,676894cffbce1bf7ee207688,RETURNED,Not Applicable,2025-01-16T02:00:26.960000Z,,,2025-01-23T16:26:32.613279Z,,,94,CONSENT_REVOKED,CONSENT_REVOKED,CONSENT_REVOKED,CONSENT_REVOKED,CONSENT_REVOKED,CONSENT_REVOKED,CONSENT_REVOKED,CONSENT_REVOKED,CONSENT_REVOKED
678868761a774387e6f43186,671d5f84ada6d945b91ef995,APPROVED,Not Applicable,2025-01-16T02:05:08.037000Z,2025-01-16T02:17:24.377000Z,2025-01-16T16:58:07.420000Z,2025-01-16T02:17:25.323202Z,737.0,75b53a55e8,323,27,Male,White,United States,United States,United States,English,No,Full-Time
678fda0a38b0a4779c6bf06d,678cc866361193b5b97b0cb3,RETURNED,Not Applicable,2025-01-21T17:32:02.219000Z,,,2025-01-23T16:26:32.728991Z,,,25,CONSENT_REVOKED,CONSENT_REVOKED,CONSENT_REVOKED,CONSENT_REVOKED,CONSENT_REVOKED,CONSENT_REVOKED,CONSENT_REVOKED,CONSENT_REVOKED,CONSENT_REVOKED
678fdb1c79afe476fea29400,6604516736acec8f06632d57,APPROVED,Not Applicable,2025-01-21T17:37:57.891000Z,2025-01-21T18:01:48.223000Z,2025-01-21T18:19:42.716000Z,2025-01-21T18:01:49.651511Z,1431.0,75b53a55e8,417,37,Female,White,United States,United States,United States,English,DATA_EXPIRED,DATA_EXPIRED
678fdb4c0bdc77eb43adabff,67890f2f65106994c8492d98,RETURNED,Not Applicable,2025-01-21T17:37:23.390000Z,,,2025-01-23T16:26:32.800540Z,,,21,CONSENT_REVOKED,CONSENT_REVOKED,CONSENT_REVOKED,CONSENT_REVOKED,CONSENT_REVOKED,CONSENT_REVOKED,CONSENT_REVOKED,CONSENT_REVOKED,CONSENT_REVOKED
678fdbdd63d015b860e48214,6756f25a0433e40920fa3426,RETURNED,Not Applicable,2025-01-21T17:39:50.837000Z,,,2025-01-23T16:26:32.874473Z,,,52,CONSENT_REVOKED,CONSENT_REVOKED,CONSENT_REVOKED,CONSENT_REVOKED,CONSENT_REVOKED,CONSENT_REVOKED,CONSENT_REVOKED,CONSENT_REVOKED,CONSENT_REVOKED
678fdc295a4245d593e9bba6,6745655a51ccb2627fc26453,APPROVED,Not Applicable,2025-01-21T17:41:04.958000Z,2025-01-21T17:54:34.894000Z,2025-01-21T18:19:43.606000Z,2025-01-21T17:54:36.511281Z,810.0,75b53a55e8,92,22,Female,White,United States,United States,United States,English,Yes,DATA_EXPIRED
678fde817891fe38414d84dd,678fb5e371e039f136594fe0,RETURNED,Not Applicable,2025-01-21T17:52:35.040000Z,,,2025-01-23T16:26:32.946930Z,,,21,CONSENT_REVOKED,CONSENT_REVOKED,CONSENT_REVOKED,CONSENT_REVOKED,CONSENT_REVOKED,CONSENT_REVOKED,CONSENT_REVOKED,CONSENT_REVOKED,CONSENT_REVOKED
678fdf36002326d39bf56f3b,678e41b6b06a1fee4684bd8a,RETURNED,Not Applicable,2025-01-21T17:54:13.919000Z,,,2025-01-23T16:26:32.771312Z,,,11,CONSENT_REVOKED,CONSENT_REVOKED,CONSENT_REVOKED,CONSENT_REVOKED,CONSENT_REVOKED,CONSENT_REVOKED,CONSENT_REVOKED,CONSENT_REVOKED,CONSENT_REVOKED
678fe04bbe39ca05973f2bd5,678e07f8ee41f7858d11cdab,RETURNED,Not Applicable,2025-01-21T17:59:11.484000Z,,,2025-01-23T16:26:32.795827Z,,,26,CONSENT_REVOKED,CONSENT_REVOKED,CONSENT_REVOKED,CONSENT_REVOKED,CONSENT_REVOKED,CONSENT_REVOKED,CONSENT_REVOKED,CONSENT_REVOKED,CONSENT_REVOKED
678fe18fe92848ff8a34af01,678c0967d72ecd785f473efb,RETURNED,Not Applicable,2025-01-21T18:11:42.106000Z,,,2025-01-23T16:26:32.815129Z,,,16,CONSENT_REVOKED,CONSENT_REVOKED,CONSENT_REVOKED,CONSENT_REVOKED,CONSENT_REVOKED,CONSENT_REVOKED,CONSENT_REVOKED,CONSENT_REVOKED,CONSENT_REVOKED
678fe2ba57d356643eaa1354,5f72d5f735ca18212826ddd3,APPROVED,Not Applicable,2025-01-21T18:09:03.500000Z,2025-01-21T18:25:32.604000Z,2025-01-21T22:59:09.779000Z,2025-01-21T18:25:33.750349Z,990.0,75b53a55e8,1307,26,Male,White,United States,United States,United States,English,No,Full-Time
678fe4da25ecc0828f448a7e,678f874bcc58e9f637b9853f,RETURNED,Not Applicable,2025-01-21T18:18:13.346000Z,,,2025-01-23T16:26:32.812243Z,,,41,CONSENT_REVOKED,CONSENT_REVOKED,CONSENT_REVOKED,CONSENT_REVOKED,CONSENT_REVOKED,CONSENT_REVOKED,CONSENT_REVOKED,CONSENT_REVOKED,CONSENT_REVOKED
678fe58d0af1caf6bb55dd6b,67674ee4f2f6140bdb9fc773,RETURNED,Not Applicable,2025-01-21T18:29:56.586000Z,2025-01-21T18:57:47.564000Z,,2025-01-23T16:26:32.990814Z,,NOCODE,68,CONSENT_REVOKED,CONSENT_REVOKED,CONSENT_REVOKED,CONSENT_REVOKED,CONSENT_REVOKED,CONSENT_REVOKED,CONSENT_REVOKED,CONSENT_REVOKED,CONSENT_REVOKED
678fe77d3c15e4257368be09,67171bca767dc5a2e8119626,REJECTED,Not Applicable,2025-01-21T18:29:24.599000Z,2025-01-21T18:33:41.910000Z,2025-01-22T14:41:07.121000Z,2025-01-23T16:26:32.886722Z,258.0,NOCODE,169,CONSENT_REVOKED,CONSENT_REVOKED,CONSENT_REVOKED,CONSENT_REVOKED,CONSENT_REVOKED,CONSENT_REVOKED,CONSENT_REVOKED,CONSENT_REVOKED,CONSENT_REVOKED
67910cb2dc12bf59e26aa9bc,6790dc200e15b87120e4feff,RETURNED,Not Applicable,2025-01-22T15:20:31.859000Z,,,2025-01-23T16:26:32.892970Z,,,37,CONSENT_REVOKED,CONSENT_REVOKED,CONSENT_REVOKED,CONSENT_REVOKED,CONSENT_REVOKED,CONSENT_REVOKED,CONSENT_REVOKED,CONSENT_REVOKED,CONSENT_REVOKED
67910cbee7ecb9ce234b8723,678fdc5a1b555c328d66c8e0,RETURNED,Not Applicable,2025-01-22T15:20:41.623000Z,,,2025-01-23T16:26:33.028340Z,,,15,CONSENT_REVOKED,CONSENT_REVOKED,CONSENT_REVOKED,CONSENT_REVOKED,CONSENT_REVOKED,CONSENT_REVOKED,CONSENT_REVOKED,CONSENT_REVOKED,CONSENT_REVOKED
67910f8a35f9aa021fb6d16f,60d4edd50a63d7874c704979,RETURNED,Not Applicable,2025-01-22T15:32:54.198000Z,,,2025-01-23T16:26:32.957406Z,,,360,CONSENT_REVOKED,CONSENT_REVOKED,CONSENT_REVOKED,CONSENT_REVOKED,CONSENT_REVOKED,CONSENT_REVOKED,CONSENT_REVOKED,CONSENT_REVOKED,CONSENT_REVOKED
6791111c1a936c936a3cd3fd,5cd31d68db60cb0017d4ac33,RETURNED,Not Applicable,2025-01-22T15:39:35.152000Z,,,2025-01-23T16:26:33.144413Z,,,1185,CONSENT_REVOKED,CONSENT_REVOKED,CONSENT_REVOKED,CONSENT_REVOKED,CONSENT_REVOKED,CONSENT_REVOKED,CONSENT_REVOKED,CONSENT_REVOKED,CONSENT_REVOKED
679111ecb7bb0272a4d029a2,67766a5ee2772cadc431c98e,RETURNED,Not Applicable,2025-01-22T15:42:36.326000Z,,,2025-01-23T16:26:33.030082Z,,,22,CONSENT_REVOKED,CONSENT_REVOKED,CONSENT_REVOKED,CONSENT_REVOKED,CONSENT_REVOKED,CONSENT_REVOKED,CONSENT_REVOKED,CONSENT_REVOKED,CONSENT_REVOKED
679112b4347faa4d4ab60561,673c6d3463fd377a959cb4a4,APPROVED,Not Applicable,2025-01-22T15:54:54.567000Z,2025-01-22T17:03:41.156000Z,2025-01-23T16:19:27.019000Z,2025-01-22T17:03:42.455961Z,4127.0,75b53a55e8,62,28,Male,Black,United States,United States,United States,English,Yes,Full-Time
6791135c6bda85c044b605af,6785ff0c56e8b2619b11a243,APPROVED,Not Applicable,2025-01-22T15:48:49.841000Z,2025-01-22T16:03:36.056000Z,2025-01-23T16:19:28.348000Z,2025-01-22T16:03:36.827250Z,887.0,75b53a55e8,9,21,Female,Black,United States,United States,United States,English,Yes,Part-Time
67926ec1cc1209a6f93fc1e4,66d1c62a6b6097325ece5c4c,APPROVED,Not Applicable,2025-01-23T16:31:02.649000Z,2025-01-23T17:01:17.416000Z,2025-01-23T17:46:33.497000Z,2025-01-23T17:01:18.278915Z,1815.0,75b53a55e8,331,42,Male,White,United States,United States,United States,English,No,Full-Time
67926f3323b1a317817a0a4d,663a6537d8be42a9bd890765,APPROVED,Not Applicable,2025-01-23T16:32:58.872000Z,2025-01-23T16:46:57.952000Z,2025-01-23T17:46:34.128000Z,2025-01-23T16:46:58.636008Z,840.0,75b53a55e8,1309,35,Female,White,United States,United States,United States,English,No,"Not in paid work (e.g. homemaker', 'retired or disabled)"
67927209c63131a7657c27aa,673db657aea3fbabfc2dc7e9,RETURNED,Not Applicable,2025-01-23T16:44:57.848000Z,,,2025-01-23T20:52:06.548298Z,,,293,CONSENT_REVOKED,CONSENT_REVOKED,CONSENT_REVOKED,CONSENT_REVOKED,CONSENT_REVOKED,CONSENT_REVOKED,CONSENT_REVOKED,CONSENT_REVOKED,CONSENT_REVOKED
679272130dc0be34a14e48b8,67195ce0322d3935df36e8be,RETURNED,Not Applicable,2025-01-23T16:55:07.660000Z,,,2025-01-23T20:52:06.540295Z,,,523,CONSENT_REVOKED,CONSENT_REVOKED,CONSENT_REVOKED,CONSENT_REVOKED,CONSENT_REVOKED,CONSENT_REVOKED,CONSENT_REVOKED,CONSENT_REVOKED,CONSENT_REVOKED
6792721473ba105aa7961e4f,6660ad93734b2991dcb61854,APPROVED,Not Applicable,2025-01-23T16:45:13.772000Z,2025-01-23T16:57:48.855000Z,2025-01-23T17:46:34.627000Z,2025-01-23T16:58:53.136353Z,756.0,75b53a55e8,573,53,Female,White,United States,United States,United States,English,DATA_EXPIRED,DATA_EXPIRED
67927217569a48cda36d6ae1,6647687c4e426658c608e92e,APPROVED,Not Applicable,2025-01-23T16:45:18.028000Z,2025-01-23T17:03:44.761000Z,2025-01-23T17:46:35.612000Z,2025-01-23T17:03:45.496401Z,1107.0,75b53a55e8,1336,33,Male,White,United States,United States,United States,English,No,Full-Time
6792721ccb3f4a3220a4975d,5bd8d7dc196e7000013cdc2e,APPROVED,Not Applicable,2025-01-23T16:45:22.723000Z,2025-01-23T17:00:31.225000Z,2025-01-23T17:46:36.135000Z,2025-01-23T17:00:31.935472Z,909.0,75b53a55e8,4564,46,Female,White,United States,United States,United States,English,No,"Not in paid work (e.g. homemaker', 'retired or disabled)"
6792721f7d2987a0fe5b5d2b,676fe8c8050a47e99b436ee8,RETURNED,Not Applicable,2025-01-23T16:45:41.423000Z,,,2025-01-23T20:52:06.518161Z,,,62,CONSENT_REVOKED,CONSENT_REVOKED,CONSENT_REVOKED,CONSENT_REVOKED,CONSENT_REVOKED,CONSENT_REVOKED,CONSENT_REVOKED,CONSENT_REVOKED,CONSENT_REVOKED
6792722174b63cbcbb1442bb,677e939183a3f3e547fea733,RETURNED,Not Applicable,2025-01-23T16:45:35.406000Z,,,2025-01-23T20:52:06.547104Z,,,81,CONSENT_REVOKED,CONSENT_REVOKED,CONSENT_REVOKED,CONSENT_REVOKED,CONSENT_REVOKED,CONSENT_REVOKED,CONSENT_REVOKED,CONSENT_REVOKED,CONSENT_REVOKED
67927223fd0cd33be934e1f1,668bf688d58206e61f399a88,APPROVED,Not Applicable,2025-01-23T16:45:33.365000Z,2025-01-23T17:34:26.512000Z,2025-01-23T17:46:36.566000Z,2025-01-23T17:34:27.322634Z,2934.0,75b53a55e8,1120,42,Male,Black,United States,United States,United States,English,No,Full-Time
679272278de5d2be176d6ad4,650456c42eb78d336c75440a,APPROVED,Not Applicable,2025-01-23T16:45:39.526000Z,2025-01-23T17:08:56.011000Z,2025-01-23T17:46:37.072000Z,2025-01-23T17:09:52.938501Z,1397.0,75b53a55e8,989,40,Male,Black,United States,United States,United States,English,No,Full-Time
6792722807e34272009a94c8,66e0878b8a2624c7a7339c19,RETURNED,Not Applicable,2025-01-23T16:46:37.785000Z,,,2025-01-23T20:52:06.537361Z,,,701,CONSENT_REVOKED,CONSENT_REVOKED,CONSENT_REVOKED,CONSENT_REVOKED,CONSENT_REVOKED,CONSENT_REVOKED,CONSENT_REVOKED,CONSENT_REVOKED,CONSENT_REVOKED
6792722b505a2d10525d768c,673262bba82e3fa4d01ae5b6,RETURNED,Not Applicable,2025-01-23T16:45:37.635000Z,,,2025-01-23T20:52:06.554088Z,,,302,CONSENT_REVOKED,CONSENT_REVOKED,CONSENT_REVOKED,CONSENT_REVOKED,CONSENT_REVOKED,CONSENT_REVOKED,CONSENT_REVOKED,CONSENT_REVOKED,CONSENT_REVOKED
679272304278905b66a11d41,678996c37b58b2c10424dc6e,RETURNED,Not Applicable,2025-01-23T16:46:02.599000Z,,,2025-01-23T20:52:06.556872Z,,,38,CONSENT_REVOKED,CONSENT_REVOKED,CONSENT_REVOKED,CONSENT_REVOKED,CONSENT_REVOKED,CONSENT_REVOKED,CONSENT_REVOKED,CONSENT_REVOKED,CONSENT_REVOKED
67927232ead8e52c42804729,6310f1503fb556c383385178,APPROVED,Not Applicable,2025-01-23T16:45:44.094000Z,2025-01-23T16:58:52.579000Z,2025-01-23T17:46:37.658000Z,2025-01-23T16:59:00.083908Z,789.0,75b53a55e8,67,27,Male,White,United States,United States,United States,English,No,Full-Time
67927233d843ff2eba9e2032,66baeb26193b68793e6575f2,RETURNED,Not Applicable,2025-01-23T16:45:44.963000Z,,,2025-01-23T20:52:06.547669Z,,,841,CONSENT_REVOKED,CONSENT_REVOKED,CONSENT_REVOKED,CONSENT_REVOKED,CONSENT_REVOKED,CONSENT_REVOKED,CONSENT_REVOKED,CONSENT_REVOKED,CONSENT_REVOKED
67927234c538d773926a7e75,663b1d689aa0798a42c49d90,RETURNED,Not Applicable,2025-01-23T16:45:47.880000Z,,,2025-01-23T20:52:06.916490Z,,,991,CONSENT_REVOKED,CONSENT_REVOKED,CONSENT_REVOKED,CONSENT_REVOKED,CONSENT_REVOKED,CONSENT_REVOKED,CONSENT_REVOKED,CONSENT_REVOKED,CONSENT_REVOKED
67927235864a7de14c8afd04,66f1c6ca9c0198a5ef531e29,APPROVED,Not Applicable,2025-01-23T16:45:53.683000Z,2025-01-23T17:11:03.350000Z,2025-01-23T17:46:38.678000Z,2025-01-23T17:11:04.439826Z,1510.0,75b53a55e8,686,37,Female,White,United States,United States,United States,English,No,Unemployed (and job seeking)
67927235eeb2400a966395b0,5f62c1eea3901f34d53e1c18,RETURNED,Not Applicable,2025-01-23T16:45:52.089000Z,,,2025-01-23T20:52:06.558850Z,,,964,CONSENT_REVOKED,CONSENT_REVOKED,CONSENT_REVOKED,CONSENT_REVOKED,CONSENT_REVOKED,CONSENT_REVOKED,CONSENT_REVOKED,CONSENT_REVOKED,CONSENT_REVOKED
67927236e828889cc3bf02ba,675da1d6bb67b3d5cf726c28,APPROVED,Not Applicable,2025-01-23T16:45:55.146000Z,2025-01-23T17:34:47.777000Z,2025-01-23T17:46:39.170000Z,2025-01-23T17:34:48.583002Z,2933.0,75b53a55e8,94,68,Female,White,United States,United States,United States,English,No,Full-Time
67927236eaa32b90b313f4dd,6331b9456956d880a1e4632f,APPROVED,Not Applicable,2025-01-23T16:45:48.139000Z,2025-01-23T17:06:33.114000Z,2025-01-23T17:46:39.668000Z,2025-01-23T17:08:28.728711Z,1245.0,75b53a55e8,5951,41,Male,White,United States,United States,United States,English,DATA_EXPIRED,DATA_EXPIRED
67927237fb297a5c6609a77d,663a4982be179d40fffed555,APPROVED,Not Applicable,2025-01-23T16:45:47.836000Z,2025-01-23T16:55:46.607000Z,2025-01-23T17:46:40.420000Z,2025-01-23T16:58:15.063896Z,599.0,75b53a55e8,992,29,Male,White,Cuba,United States,United States,Spanish,DATA_EXPIRED,DATA_EXPIRED
67927238ae9e429f60902516,677ab9ce80108278c1d739dc,APPROVED,Not Applicable,2025-01-23T16:46:59.047000Z,2025-01-23T17:38:32.393000Z,2025-01-23T17:46:40.975000Z,2025-01-23T17:39:58.982163Z,3094.0,75b53a55e8,29,25,Male,White,United States,United States,United States,English,No,Full-Time
67927239df9d9e848c40f8ef,6730df9d62230f118a43c672,RETURNED,Not Applicable,2025-01-23T16:46:04.956000Z,,,2025-01-23T20:52:06.584603Z,,,246,CONSENT_REVOKED,CONSENT_REVOKED,CONSENT_REVOKED,CONSENT_REVOKED,CONSENT_REVOKED,CONSENT_REVOKED,CONSENT_REVOKED,CONSENT_REVOKED,CONSENT_REVOKED
6792723c6612cb0204e4ae18,677cf1152a83740a28210edc,APPROVED,Not Applicable,2025-01-23T16:46:08.045000Z,2025-01-23T17:22:31.988000Z,2025-01-23T17:46:41.572000Z,2025-01-23T17:22:32.809370Z,2184.0,75b53a55e8,84,23,Female,Black,Ghana,United States,United States,English,No,Full-Time
6792723d59f8340605a8ea2f,6790f1ffc2e857eafa851585,APPROVED,Not Applicable,2025-01-23T16:45:58.478000Z,2025-01-23T17:01:53.961000Z,2025-01-23T17:46:42.037000Z,2025-01-23T17:01:54.627457Z,956.0,75b53a55e8,14,23,Female,Black,Kenya,United States,United States,English,Yes,Part-Time
6792723df80b519984e3b035,60c4e1091b936c7b812e5af4,APPROVED,Not Applicable,2025-01-23T16:45:54.776000Z,2025-01-23T17:01:54.589000Z,2025-01-23T17:46:42.468000Z,2025-01-23T17:01:55.239490Z,960.0,75b53a55e8,7236,48,Male,White,United States,United States,United States,English,No,Full-Time
6792723ec8b291a77618aeb9,677d45d9ce115ea73011be74,RETURNED,Not Applicable,2025-01-23T16:46:58.866000Z,,,2025-01-23T20:52:06.591405Z,,,36,CONSENT_REVOKED,CONSENT_REVOKED,CONSENT_REVOKED,CONSENT_REVOKED,CONSENT_REVOKED,CONSENT_REVOKED,CONSENT_REVOKED,CONSENT_REVOKED,CONSENT_REVOKED
6792723f59ecc405ed7990b4,5a77c33a000dab00018c1aa5,RETURNED,Not Applicable,2025-01-23T16:45:54.730000Z,,,2025-01-23T20:52:06.585533Z,,,84,CONSENT_REVOKED,CONSENT_REVOKED,CONSENT_REVOKED,CONSENT_REVOKED,CONSENT_REVOKED,CONSENT_REVOKED,CONSENT_REVOKED,CONSENT_REVOKED,CONSENT_REVOKED
6792723fba430b181ed22416,67590d4b1fe16ac844f9a239,RETURNED,Not Applicable,2025-01-23T16:46:01.188000Z,,,2025-01-23T20:52:06.616625Z,,,142,CONSENT_REVOKED,CONSENT_REVOKED,CONSENT_REVOKED,CONSENT_REVOKED,CONSENT_REVOKED,CONSENT_REVOKED,CONSENT_REVOKED,CONSENT_REVOKED,CONSENT_REVOKED
679272400dc0be34a14e48bf,6508629c72cd8387353b5552,APPROVED,Not Applicable,2025-01-23T16:53:26.287000Z,2025-01-23T17:18:43.324000Z,2025-01-23T17:46:43.204000Z,2025-01-23T17:18:55.650050Z,1518.0,75b53a55e8,204,71,Female,White,United States,United States,United States,English,DATA_EXPIRED,DATA_EXPIRED
67927240af8252786fbb52b9,6697555aa326482ca63e0341,APPROVED,Not Applicable,2025-01-23T16:45:58.214000Z,2025-01-23T17:00:55.429000Z,2025-01-23T17:46:44.670000Z,2025-01-23T17:00:56.381876Z,898.0,75b53a55e8,92,52,Female,White,Egypt,United States,United States,Arabic,DATA_EXPIRED,DATA_EXPIRED
679272413b99a7b825768337,63eceb160f69b779c757c48b,APPROVED,Not Applicable,2025-01-23T16:46:22.974000Z,2025-01-23T17:05:02.134000Z,2025-01-23T17:46:45.202000Z,2025-01-23T17:06:57.867532Z,1120.0,75b53a55e8,3594,60,Female,White,United States,United States,United States,English,No,Part-Time
6792724219bc3e4fd815ca22,668aa889a7254e992fe0aea8,APPROVED,Not Applicable,2025-01-23T16:46:00.868000Z,2025-01-23T16:59:55.713000Z,2025-01-23T17:46:45.690000Z,2025-01-23T16:59:56.620261Z,835.0,75b53a55e8,1018,41,Female,White,United States,United States,United States,English,No,Full-Time
679272423614c88d3b132d4c,6764412709b4f6808c7d1bd7,APPROVED,Not Applicable,2025-01-23T16:46:01.818000Z,2025-01-23T17:02:18.820000Z,2025-01-23T17:46:46.232000Z,2025-01-23T17:02:20.053152Z,978.0,75b53a55e8,145,33,Male,White,United States,United States,United States,English,No,Full-Time
67927244966c1ac8d9a8e95f,5f511ab38505ac2e8fbfac5e,RETURNED,Not Applicable,2025-01-23T16:46:02.646000Z,,,2025-01-23T20:52:06.636284Z,,,3580,CONSENT_REVOKED,CONSENT_REVOKED,CONSENT_REVOKED,CONSENT_REVOKED,CONSENT_REVOKED,CONSENT_REVOKED,CONSENT_REVOKED,CONSENT_REVOKED,CONSENT_REVOKED
6792724523b1a317817a0b0e,673b0e135524db299b0c0f9b,APPROVED,Not Applicable,2025-01-23T16:46:11.170000Z,2025-01-23T17:17:20.061000Z,2025-01-23T17:46:46.675000Z,2025-01-23T17:17:32.985001Z,1869.0,75b53a55e8,23,37,Female,Black,Nigeria,United States,United States,English,No,Full-Time
679272680854b8a01b2462d4,676a9344980adbe19c22bbc0,APPROVED,Not Applicable,2025-01-23T16:46:49.409000Z,2025-01-23T17:22:01.656000Z,2025-01-23T17:46:47.132000Z,2025-01-23T17:22:02.400288Z,2113.0,75b53a55e8,81,54,Female,Black,Nigeria,United States,United States,English,Yes,Full-Time
6792726d93abbb943b70c423,678914e3753383018c69874c,RETURNED,Not Applicable,2025-01-23T16:47:22.412000Z,,,2025-01-23T20:52:06.593130Z,,,27,CONSENT_REVOKED,CONSENT_REVOKED,CONSENT_REVOKED,CONSENT_REVOKED,CONSENT_REVOKED,CONSENT_REVOKED,CONSENT_REVOKED,CONSENT_REVOKED,CONSENT_REVOKED
6792726e2af9ca7cff0352fa,67476bf18ef77c29b9ed3ef4,RETURNED,Not Applicable,2025-01-23T16:48:27.665000Z,,,2025-01-23T20:52:06.788048Z,,,200,CONSENT_REVOKED,CONSENT_REVOKED,CONSENT_REVOKED,CONSENT_REVOKED,CONSENT_REVOKED,CONSENT_REVOKED,CONSENT_REVOKED,CONSENT_REVOKED,CONSENT_REVOKED
6792727df1cdeaf7b2e2f844,678d702b1b04e7a307fdfde5,APPROVED,Not Applicable,2025-01-23T16:48:11.875000Z,2025-01-23T17:13:50.198000Z,2025-01-23T17:46:47.585000Z,2025-01-23T17:13:50.917605Z,1539.0,75b53a55e8,28,37,Male,White,United States,United States,United States,English,No,Full-Time
6792728eebe08462ac869d36,6661bf4587f6b99850d9328b,RETURNED,Not Applicable,2025-01-23T16:47:19.754000Z,,,2025-01-23T20:52:06.611090Z,,,251,CONSENT_REVOKED,CONSENT_REVOKED,CONSENT_REVOKED,CONSENT_REVOKED,CONSENT_REVOKED,CONSENT_REVOKED,CONSENT_REVOKED,CONSENT_REVOKED,CONSENT_REVOKED
6792733cb5f419d2380b0a79,66c69917c249b12d6def3109,APPROVED,Not Applicable,2025-01-23T16:50:04.597000Z,2025-01-23T17:45:51.802000Z,2025-01-23T17:46:48.153000Z,2025-01-23T17:45:52.515097Z,3348.0,75b53a55e8,124,31,Female,Other,United States,United States,United States,English,Yes,Full-Time
67927340bd248c46bd6bbe13,672fc2d5ebb0ecd2a78cf80b,APPROVED,Not Applicable,2025-01-23T16:50:26.891000Z,2025-01-23T17:07:35.776000Z,2025-01-23T17:46:49.117000Z,2025-01-23T17:09:25.944861Z,1029.0,75b53a55e8,88,45,Male,White,United States,United States,United States,English,No,Full-Time
679273495f37469f41d4ce1e,672f9ea5879c7e9e8a73398f,RETURNED,Not Applicable,2025-01-23T16:50:32.856000Z,,,2025-01-23T20:52:06.637434Z,,,309,CONSENT_REVOKED,CONSENT_REVOKED,CONSENT_REVOKED,CONSENT_REVOKED,CONSENT_REVOKED,CONSENT_REVOKED,CONSENT_REVOKED,CONSENT_REVOKED,CONSENT_REVOKED
679273df73b8bef6b0fdb9f2,6790d9065e02a0f1b72bbc23,RETURNED,Not Applicable,2025-01-23T16:52:57.675000Z,,,2025-01-23T20:52:06.656572Z,,,12,CONSENT_REVOKED,CONSENT_REVOKED,CONSENT_REVOKED,CONSENT_REVOKED,CONSENT_REVOKED,CONSENT_REVOKED,CONSENT_REVOKED,CONSENT_REVOKED,CONSENT_REVOKED
67927414628c252b3c660717,665cf213327556043c9f9a1a,RETURNED,Not Applicable,2025-01-23T16:53:49.441000Z,,,2025-01-23T20:52:06.638955Z,,,262,CONSENT_REVOKED,CONSENT_REVOKED,CONSENT_REVOKED,CONSENT_REVOKED,CONSENT_REVOKED,CONSENT_REVOKED,CONSENT_REVOKED,CONSENT_REVOKED,CONSENT_REVOKED
67927472616b57c7c2f9adc3,66bbc95713288ad8d1e8578d,APPROVED,Not Applicable,2025-01-23T16:55:14.483000Z,2025-01-23T17:55:35.566000Z,2025-01-23T19:58:57.518000Z,2025-01-23T17:55:36.402914Z,3622.0,75b53a55e8,569,60,Female,Black,United States,United States,United States,English,Yes,Full-Time
6792752d7c7bb57b7c687457,675e25d84096cebeca98161a,RETURNED,Not Applicable,2025-01-23T16:58:33.819000Z,,,2025-01-23T20:52:06.869370Z,,,180,CONSENT_REVOKED,CONSENT_REVOKED,CONSENT_REVOKED,CONSENT_REVOKED,CONSENT_REVOKED,CONSENT_REVOKED,CONSENT_REVOKED,CONSENT_REVOKED,CONSENT_REVOKED
6792754d841e84bc2112145e,675b6bf5887bccb7fad6c44d,APPROVED,Not Applicable,2025-01-23T16:58:52.993000Z,2025-01-23T17:30:36.300000Z,2025-01-23T17:46:49.621000Z,2025-01-23T17:30:37.059794Z,1904.0,75b53a55e8,155,36,Female,Mixed,United States,United States,United States,English,No,Full-Time
679275556612cb0204e4ae95,677bdabbdcaf99b4cd8c86a5,RETURNED,Not Applicable,2025-01-23T16:59:01.630000Z,,,2025-01-23T20:52:06.857894Z,,,81,CONSENT_REVOKED,CONSENT_REVOKED,CONSENT_REVOKED,CONSENT_REVOKED,CONSENT_REVOKED,CONSENT_REVOKED,CONSENT_REVOKED,CONSENT_REVOKED,CONSENT_REVOKED
67927557ffa3c272cb42a8ee,6780c3a3dac012fca2696c43,RETURNED,Not Applicable,2025-01-23T16:59:14.965000Z,,,2025-01-23T20:52:06.851120Z,,,62,CONSENT_REVOKED,CONSENT_REVOKED,CONSENT_REVOKED,CONSENT_REVOKED,CONSENT_REVOKED,CONSENT_REVOKED,CONSENT_REVOKED,CONSENT_REVOKED,CONSENT_REVOKED
6792767124451489d8b6c574,66eef01ef9dffb18e0c6514b,APPROVED,Not Applicable,2025-01-23T17:04:10.629000Z,2025-01-23T17:46:23.581000Z,2025-01-23T17:46:50.133000Z,2025-01-23T17:46:24.476490Z,2533.0,75b53a55e8,493,27,Male,White,United States,United States,United States,English,DATA_EXPIRED,DATA_EXPIRED
6792768a49a9c54bebd496c6,67291fecd7b792dbe483dc89,APPROVED,Not Applicable,2025-01-23T17:04:17.699000Z,2025-01-23T17:24:10.777000Z,2025-01-23T17:46:50.606000Z,2025-01-23T17:24:11.504111Z,1194.0,75b53a55e8,445,41,Male,Asian,Korea,United States,United States,Korean,No,Unemployed (and job seeking)
679278d189dd2c3fd123bbb9,675f1aa687bfd7ac01452bc5,APPROVED,Not Applicable,2025-01-23T17:15:03.367000Z,2025-01-23T18:09:13.273000Z,2025-01-23T19:58:58.110000Z,2025-01-23T18:09:14.157345Z,3250.0,75b53a55e8.,111,22,Female,Mixed,Ghana,United States,United States,English,DATA_EXPIRED,Full-Time
67927921df9d9e848c40fa7d,655b6a0d11066d07716ab0b5,APPROVED,Not Applicable,2025-01-23T17:15:25.215000Z,2025-01-23T17:29:31.964000Z,2025-01-23T17:46:51.099000Z,2025-01-23T17:29:33.063550Z,847.0,75b53a55e8,2523,33,Male,Other,United States,United States,United States,English,No,Other
67927ba18fbd92404fc8d802,67574d2fa6c77a56709e95a8,APPROVED,Not Applicable,2025-01-23T17:25:53.211000Z,2025-01-23T18:21:03.699000Z,2025-01-23T19:58:58.529000Z,2025-01-23T18:21:05.096892Z,3311.0,75b53a55e8,163,38,Male,White,United States,United States,United States,English,No,Full-Time
67927bcd07e34272009a96d1,678e3abf0741dfd62caa867a,APPROVED,Not Applicable,2025-01-23T17:26:45.979000Z,2025-01-23T17:50:51.616000Z,2025-01-23T19:58:58.951000Z,2025-01-23T17:51:36.506390Z,1446.0,75b53a55e8,30,19,Male,Black,Kenya,United States,United States,English,DATA_EXPIRED,DATA_EXPIRED
67927c41718d915d18dc4179,6764e339f3bf689f8ffc4592,RETURNED,Not Applicable,2025-01-23T17:28:51.873000Z,,,2025-01-23T20:52:06.928367Z,,,71,CONSENT_REVOKED,CONSENT_REVOKED,CONSENT_REVOKED,CONSENT_REVOKED,CONSENT_REVOKED,CONSENT_REVOKED,CONSENT_REVOKED,CONSENT_REVOKED,CONSENT_REVOKED
67927cde0c1cf07ae17a0c93,6609619feb79146b62811775,APPROVED,Not Applicable,2025-01-23T17:31:20.174000Z,2025-01-23T17:48:58.437000Z,2025-01-23T19:58:59.353000Z,2025-01-23T17:50:26.753753Z,1059.0,75b53a55e8,1416,39,Male,White,United States,United States,United States,English,DATA_EXPIRED,DATA_EXPIRED
6792818fd1bcea4b68f04260,6786cd11afb82599c1924e69,APPROVED,Not Applicable,2025-01-23T17:51:42.762000Z,2025-01-23T18:13:53.283000Z,2025-01-23T19:58:59.719000Z,2025-01-23T18:14:02.123726Z,1331.0,75b53a55e8,43,22,Female,Mixed,United States,United States,United States,English,Yes,Unemployed (and job seeking)
6792b1b2a8a85121750327a6,679151bd3bf737e54b3ca011,RETURNED,Not Applicable,2025-01-23T21:16:43.996000Z,,,2025-01-24T14:12:38.159743Z,,,29,CONSENT_REVOKED,CONSENT_REVOKED,CONSENT_REVOKED,CONSENT_REVOKED,CONSENT_REVOKED,CONSENT_REVOKED,CONSENT_REVOKED,CONSENT_REVOKED,CONSENT_REVOKED
6792b1def59d365ce13c1015,66b16dc0c8ca5b44c839b2fb,APPROVED,Not Applicable,2025-01-23T21:22:32.249000Z,2025-01-23T21:51:19.288000Z,2025-01-24T14:12:18.573000Z,2025-01-23T21:51:20.409114Z,1728.0,75b53a55e8,529,49,Male,Black,United States,United States,United States,English,Yes,Full-Time
6792b1f267aa02c20d946cf2,678d7484ed191932719e46fa,REJECTED,Not Applicable,2025-01-23T21:17:38.263000Z,2025-01-23T21:22:45.715000Z,2025-01-24T14:12:09.137000Z,2025-01-24T14:12:38.177462Z,308.0,NOCODE,29,CONSENT_REVOKED,CONSENT_REVOKED,CONSENT_REVOKED,CONSENT_REVOKED,CONSENT_REVOKED,CONSENT_REVOKED,CONSENT_REVOKED,CONSENT_REVOKED,CONSENT_REVOKED
6792b202dc1e9f5721ffbe0f,67742397be9134f4867a0179,RETURNED,Not Applicable,2025-01-23T21:17:54.523000Z,,,2025-01-24T14:12:38.182697Z,,,69,CONSENT_REVOKED,CONSENT_REVOKED,CONSENT_REVOKED,CONSENT_REVOKED,CONSENT_REVOKED,CONSENT_REVOKED,CONSENT_REVOKED,CONSENT_REVOKED,CONSENT_REVOKED
6792b23b50bfafa9a81dd7da,675b2f06288baa581e834c36,APPROVED,Not Applicable,2025-01-23T21:18:56.235000Z,2025-01-23T21:27:58.967000Z,2025-01-24T14:12:19.267000Z,2025-01-23T21:28:20.697293Z,543.0,75b53a55e8,47,19,Female,White,United States,United States,United States,English,Yes,Full-Time
6792b35bc6a335200221fa02,6733c07930ed694694bdd85d,APPROVED,Not Applicable,2025-01-23T21:23:53.066000Z,2025-01-23T21:49:51.641000Z,2025-01-24T14:12:19.895000Z,2025-01-23T21:49:52.452703Z,1559.0,75b53a55e8,70,32,Female,Black,United States,United States,United States,English,Yes,Full-Time
6793a1d41505a1470dd5ef6e,5fc5bf0ff814c414c9fdafc8,APPROVED,Not Applicable,2025-01-24T14:21:14.463000Z,2025-01-24T14:34:22.090000Z,2025-02-06T17:53:49.412000Z,2025-01-24T14:34:23.312108Z,788.0,75b53a55e8,52,43,Female,White,United States,United States,United States,English,Yes,Full-Time
