Submission id,Participant id,Status,Custom study tncs accepted at,Started at,Completed at,Reviewed at,Archived at,Time taken,Completion code,Total approvals,Age,Sex,Ethnicity simplified,Country of birth,Country of residence,Nationality,Language,Student status,Employment status
669fcccd7c94e3ce1da78eb2,669fb527862c157e4d374b95,APPROVED,Not Applicable,2024-07-23T15:31:32.953000Z,2024-07-23T15:48:34.615000Z,2024-07-23T19:44:04.202000Z,2024-07-23T15:50:52.108834Z,1022.0,75b53a55e8,1,19,Male,Other,United States,United States,United States,English,Yes,DATA_EXPIRED
669fccfdb4da9bb3b2526c46,669a2e048206ffd9b54a9d16,APPROVED,Not Applicable,2024-07-23T15:33:47.632000Z,2024-07-23T16:03:58.517000Z,2024-07-23T19:44:04.606000Z,2024-07-23T16:04:43.559622Z,1811.0,75b53a55e8,0,54,Male,Black,United States,United States,United States,English,DATA_EXPIRED,DATA_EXPIRED
669fcd53832da007c93f086b,669b9ea43cdb3e5333a32092,RETURNED,Not Applicable,2024-07-23T15:33:53.366000Z,,,2024-09-06T15:57:00.838077Z,,,68,CONSENT_REVOKED,CONSENT_REVOKED,CONSENT_REVOKED,CONSENT_REVOKED,CONSENT_REVOKED,CONSENT_REVOKED,CONSENT_REVOKED,CONSENT_REVOKED,CONSENT_REVOKED
669fcd7306b48b637757cb2c,668557d1e320c60c7699a908,RETURNED,Not Applicable,2024-07-23T15:34:15.930000Z,,,2024-09-06T15:57:00.869765Z,,,52,CONSENT_REVOKED,CONSENT_REVOKED,CONSENT_REVOKED,CONSENT_REVOKED,CONSENT_REVOKED,CONSENT_REVOKED,CONSENT_REVOKED,CONSENT_REVOKED,CONSENT_REVOKED
669fcdd2b14f6cbe62b34ffb,666c4b4f35d45bad63549cb6,RETURNED,Not Applicable,2024-07-23T15:35:50.511000Z,,,2024-09-06T15:57:00.892208Z,,,14,CONSENT_REVOKED,CONSENT_REVOKED,CONSENT_REVOKED,CONSENT_REVOKED,CONSENT_REVOKED,CONSENT_REVOKED,CONSENT_REVOKED,CONSENT_REVOKED,CONSENT_REVOKED
669fcdd900c97c9b7b10e84d,667452a884ddbe4ec009e968,APPROVED,Not Applicable,2024-07-23T15:35:58.811000Z,2024-07-23T15:48:15.129000Z,2024-07-23T19:44:04.907000Z,2024-07-23T15:50:33.637666Z,737.0,75b53a55e8,55,23,Female,White,United States,United States,United States,English,Yes,Other
669fcdf8022ff88b39c08d46,6679a99164443a71e82d4afe,APPROVED,Not Applicable,2024-07-23T15:36:44.869000Z,2024-07-23T16:04:21.885000Z,2024-07-23T19:44:05.192000Z,2024-07-23T16:04:50.094473Z,1658.0,75b53a55e8,37,39,Female,White,United States,United States,United States,English,No,"Not in paid work (e.g. homemaker', 'retired or disabled)"
669fce01d283e23e8845de96,65c0eeca5295b8e77b29d070,APPROVED,Not Applicable,2024-07-23T15:36:45.801000Z,2024-07-23T16:24:29.567000Z,2024-07-23T19:44:05.520000Z,2024-07-23T16:24:30.175194Z,2864.0,75b53a55e8,18,40,Male,Black,United States,United States,United States,English,No,Full-Time
669fce1d7a2d8ac7f33bb569,668592bd1d96e95b1638e42b,APPROVED,Not Applicable,2024-07-23T15:37:05.549000Z,2024-07-23T15:53:50.411000Z,2024-07-23T19:44:05.810000Z,2024-07-23T15:53:51.188052Z,1005.0,75b53a55e8,21,28,Male,Mixed,United States,United States,United States,English,DATA_EXPIRED,Unemployed (and job seeking)
669fce24288973dd63a4a988,6164d593d3783a588b11017b,APPROVED,Not Applicable,2024-07-23T15:37:12.932000Z,2024-07-23T16:05:11.867000Z,2024-07-23T19:44:06.144000Z,2024-07-23T16:05:12.465599Z,1679.0,75b53a55e8,2361,26,Female,White,United States,United States,United States,English,No,Part-Time
669fce448cfdc8b7975ee907,6692a13d307be77b81178cf9,APPROVED,Not Applicable,2024-07-23T15:37:45.184000Z,2024-07-23T15:56:01.306000Z,2024-07-23T19:44:06.434000Z,2024-07-23T15:56:01.930205Z,1097.0,75b53a55e8,0,18,Female,Black,United States,United States,United States,English,DATA_EXPIRED,DATA_EXPIRED
669fce6402b5bda8d42aa9e7,58060d08b869700001d70b8c,APPROVED,Not Applicable,2024-07-23T15:38:16.450000Z,2024-07-23T16:06:58.425000Z,2024-07-23T19:44:06.709000Z,2024-07-23T16:06:59.988603Z,1722.0,75b53a55e8,1077,35,Male,Black,United States,United States,United States,English,No,Full-Time
669fce780e834642e33c29f4,55b6a2e5fdf99b350d57360e,RETURNED,Not Applicable,2024-07-23T15:38:38.083000Z,,,2024-09-06T15:57:00.897115Z,,,947,CONSENT_REVOKED,CONSENT_REVOKED,CONSENT_REVOKED,CONSENT_REVOKED,CONSENT_REVOKED,CONSENT_REVOKED,CONSENT_REVOKED,CONSENT_REVOKED,CONSENT_REVOKED
669fce93d283e23e8845deca,66856b78a8480b1aab4d0438,APPROVED,Not Applicable,2024-07-23T15:39:03.088000Z,2024-07-23T15:58:46.908000Z,2024-07-23T19:44:07.031000Z,2024-07-23T15:59:02.457061Z,1184.0,75b53a55e8,2,48,Female,Black,United States,United States,United States,English,No,Part-Time
669fce956b64d7dd0729ee6d,60fea1ad508cadac6759fdca,RETURNED,Not Applicable,2024-07-23T15:39:06.258000Z,,,2024-09-06T15:57:00.938149Z,,,121,CONSENT_REVOKED,CONSENT_REVOKED,CONSENT_REVOKED,CONSENT_REVOKED,CONSENT_REVOKED,CONSENT_REVOKED,CONSENT_REVOKED,CONSENT_REVOKED,CONSENT_REVOKED
669fce960346ae960fb433ab,665f3af33864489421cd15ae,APPROVED,Not Applicable,2024-07-23T15:46:07.148000Z,2024-07-23T15:57:15.281000Z,2024-07-23T19:44:07.319000Z,2024-07-23T15:57:15.906033Z,669.0,75b53a55e8,105,33,Female,Black,United States,United States,United States,English,No,DATA_EXPIRED
669fcea90c72cd40b909e980,65eebcbac2d4a21581a76052,APPROVED,Not Applicable,2024-07-23T15:39:30.571000Z,2024-07-23T15:52:25.950000Z,2024-07-23T19:44:07.641000Z,2024-07-23T15:53:04.774859Z,776.0,75b53a55e8,132,18,Female,White,United States,United States,United States,English,Yes,Unemployed (and job seeking)
669fceb419708fec2a36c5b4,5bf368846edd7200017136c7,RETURNED,Not Applicable,2024-07-23T15:39:42.025000Z,,,2024-09-06T15:57:00.967944Z,,,1515,CONSENT_REVOKED,CONSENT_REVOKED,CONSENT_REVOKED,CONSENT_REVOKED,CONSENT_REVOKED,CONSENT_REVOKED,CONSENT_REVOKED,CONSENT_REVOKED,CONSENT_REVOKED
669fcec399462548b317eccd,669f013390dd7372dfeda5ef,RETURNED,Not Applicable,2024-07-23T15:39:51.845000Z,,,2024-09-06T15:57:00.975040Z,,,70,CONSENT_REVOKED,CONSENT_REVOKED,CONSENT_REVOKED,CONSENT_REVOKED,CONSENT_REVOKED,CONSENT_REVOKED,CONSENT_REVOKED,CONSENT_REVOKED,CONSENT_REVOKED
669fced814e7453621dbfae4,61087ae0233749ee73d4c095,APPROVED,Not Applicable,2024-07-23T15:40:12.541000Z,2024-07-23T16:01:12.101000Z,2024-07-23T19:44:07.980000Z,2024-07-23T16:02:34.413419Z,1260.0,75b53a55e8,3027,32,Female,White,United States,United States,United States,English,No,Full-Time
669fcedf8904a7763bb6ab08,60530658ffdc68657fbfea98,RETURNED,Not Applicable,2024-07-23T15:40:27.183000Z,,,2024-09-06T15:57:00.982671Z,,,149,CONSENT_REVOKED,CONSENT_REVOKED,CONSENT_REVOKED,CONSENT_REVOKED,CONSENT_REVOKED,CONSENT_REVOKED,CONSENT_REVOKED,CONSENT_REVOKED,CONSENT_REVOKED
669fcf355a49668ea43d4502,669ec087a13e95349dfb36d2,RETURNED,Not Applicable,2024-07-23T15:41:53.351000Z,,,2024-09-06T15:57:01.066886Z,,,84,CONSENT_REVOKED,CONSENT_REVOKED,CONSENT_REVOKED,CONSENT_REVOKED,CONSENT_REVOKED,CONSENT_REVOKED,CONSENT_REVOKED,CONSENT_REVOKED,CONSENT_REVOKED
669fcf3cb354b22a76a8bbd6,5f96ae079554ed0256dc3c0b,RETURNED,Not Applicable,2024-07-23T15:41:53.134000Z,,,2024-09-06T15:57:01.162530Z,,,1874,CONSENT_REVOKED,CONSENT_REVOKED,CONSENT_REVOKED,CONSENT_REVOKED,CONSENT_REVOKED,CONSENT_REVOKED,CONSENT_REVOKED,CONSENT_REVOKED,CONSENT_REVOKED
669fcf40e4a91f5e63ead101,660d8557766df655d04e0f75,APPROVED,Not Applicable,2024-07-23T15:41:58.505000Z,2024-07-23T15:55:51.945000Z,2024-07-23T19:44:08.589000Z,2024-07-23T15:55:53.027428Z,834.0,75b53a55e8,471,28,Female,White,United States,United States,United States,English,No,Full-Time
669fcf5d5147a821c88a2c6c,66102925f6ced33232bd71e6,APPROVED,Not Applicable,2024-07-23T15:43:12.937000Z,2024-07-23T15:58:13.409000Z,2024-07-23T19:44:08.875000Z,2024-07-23T15:58:16.449801Z,901.0,75b53a55e8,346,32,Female,White,United States,United States,United States,English,No,"Not in paid work (e.g. homemaker', 'retired or disabled)"
669fcf6e1ad284586be1f7af,6650b2234eceb07b4da49d01,RETURNED,Not Applicable,2024-07-23T15:42:43.387000Z,,,2024-09-06T15:57:01.192762Z,,,63,CONSENT_REVOKED,CONSENT_REVOKED,CONSENT_REVOKED,CONSENT_REVOKED,CONSENT_REVOKED,CONSENT_REVOKED,CONSENT_REVOKED,CONSENT_REVOKED,CONSENT_REVOKED
669fcf803f65c954709cf3ae,662d15c45fc2c1ca89b362bf,APPROVED,Not Applicable,2024-07-23T15:43:38.222000Z,2024-07-23T16:12:36.200000Z,2024-07-23T19:44:09.183000Z,2024-07-23T16:12:36.933608Z,1738.0,75b53a55e8,68,40,Male,Black,United States,United States,United States,English,DATA_EXPIRED,DATA_EXPIRED
669fcf88a0cd1fb35a0d999e,6697e481f366d08aa6e086b4,APPROVED,Not Applicable,2024-07-23T15:43:42.498000Z,2024-07-23T16:23:40.445000Z,2024-07-23T19:44:09.461000Z,2024-07-23T16:23:41.101668Z,2398.0,75b53a55e8.,0,38,Female,Black,Nigeria,United States,United States,English,DATA_EXPIRED,DATA_EXPIRED
669fcf9e931b8e129d7af8b6,66856a7dad8284047a521a34,APPROVED,Not Applicable,2024-07-23T15:43:30.072000Z,2024-07-23T16:03:20.660000Z,2024-07-23T19:44:09.760000Z,2024-07-23T16:04:25.967379Z,1191.0,75b53a55e8,1,22,Male,Asian,United States,United States,United States,English,Yes,DATA_EXPIRED
669fcfa34b551be59e6f98c6,65b665beb71112daa56760b7,APPROVED,Not Applicable,2024-07-23T15:43:41.172000Z,2024-07-23T15:58:00.504000Z,2024-07-23T19:44:10.057000Z,2024-07-23T15:58:02.446258Z,860.0,75b53a55e8,229,42,Male,DATA_EXPIRED,United States,United States,United States,English,No,Full-Time
669fcfb35a49668ea43d4531,665887366ffbd0dff9885595,RETURNED,Not Applicable,2024-07-23T15:43:54.779000Z,,,2024-09-06T15:57:01.205313Z,,,162,CONSENT_REVOKED,CONSENT_REVOKED,CONSENT_REVOKED,CONSENT_REVOKED,CONSENT_REVOKED,CONSENT_REVOKED,CONSENT_REVOKED,CONSENT_REVOKED,CONSENT_REVOKED
669fcfb68904a7763bb6ab44,5bbafad7736db000016d8600,APPROVED,Not Applicable,2024-07-23T15:44:33.699000Z,2024-07-23T15:59:36.196000Z,2024-07-23T19:44:10.362000Z,2024-07-23T16:01:20.816255Z,903.0,75b53a55e8,2466,29,Female,Mixed,United States,United States,United States,English,Yes,Full-Time
669fcfb8f3e7bfdfd7cbaf69,6639b96e52c05e3f967bbe6f,APPROVED,Not Applicable,2024-07-23T15:43:57.233000Z,2024-07-23T16:01:45.905000Z,2024-07-23T19:44:10.658000Z,2024-07-23T16:02:45.895484Z,1069.0,75b53a55e8,200,52,Female,White,United States,United States,United States,English,No,Full-Time
669fcfbb3840a5a536c2a0fe,669d578548399233666dbb3f,APPROVED,Not Applicable,2024-07-23T15:44:03.404000Z,2024-07-23T16:00:18.911000Z,2024-07-23T19:44:10.925000Z,2024-07-23T16:01:53.584187Z,976.0,75b53a55e8,12,46,Female,Black,United States,United States,United States,English,No,Full-Time
669fcfcabd4fd22714741565,6697ee46a3a53f6e099b9f0e,RETURNED,Not Applicable,2024-07-23T15:44:21.859000Z,,,2024-09-06T15:57:01.207507Z,,,187,CONSENT_REVOKED,CONSENT_REVOKED,CONSENT_REVOKED,CONSENT_REVOKED,CONSENT_REVOKED,CONSENT_REVOKED,CONSENT_REVOKED,CONSENT_REVOKED,CONSENT_REVOKED
669fcfcc06504b89873c299f,669fbef4b354b22a76a8b68d,APPROVED,Not Applicable,2024-07-23T15:44:23.655000Z,2024-07-23T16:34:09.441000Z,2024-07-23T19:44:11.211000Z,2024-07-23T16:34:10.066860Z,2986.0,75b53a55e8,1,21,Female,Mixed,DATA_EXPIRED,United States,United States,English,DATA_EXPIRED,DATA_EXPIRED
669fcfcea0cd1fb35a0d99b7,63ea6278be7a74a052a2a82d,RETURNED,Not Applicable,2024-07-23T15:44:19.261000Z,,,2024-09-06T15:57:01.215349Z,,,2124,CONSENT_REVOKED,CONSENT_REVOKED,CONSENT_REVOKED,CONSENT_REVOKED,CONSENT_REVOKED,CONSENT_REVOKED,CONSENT_REVOKED,CONSENT_REVOKED,CONSENT_REVOKED
669fcfe18ea306d13fc76187,66904c8f84f641d0432137e2,RETURNED,Not Applicable,2024-07-23T15:55:00.073000Z,,,2024-09-06T15:57:01.224645Z,,,189,CONSENT_REVOKED,CONSENT_REVOKED,CONSENT_REVOKED,CONSENT_REVOKED,CONSENT_REVOKED,CONSENT_REVOKED,CONSENT_REVOKED,CONSENT_REVOKED,CONSENT_REVOKED
669fcfecd29a348556c60175,65200d850784dad91e0f2ee9,RETURNED,Not Applicable,2024-07-23T15:44:49.396000Z,,,2024-09-06T15:57:01.227256Z,,,293,CONSENT_REVOKED,CONSENT_REVOKED,CONSENT_REVOKED,CONSENT_REVOKED,CONSENT_REVOKED,CONSENT_REVOKED,CONSENT_REVOKED,CONSENT_REVOKED,CONSENT_REVOKED
669fd00e99ba49d506153d7e,6637d382d385b60079e010e9,APPROVED,Not Applicable,2024-07-23T15:45:28.235000Z,2024-07-23T16:35:58.106000Z,2024-07-23T19:44:11.836000Z,2024-07-23T16:35:59.221465Z,3030.0,75b53a55e8,222,25,Female,Mixed,Nigeria,United States,United States,English,DATA_EXPIRED,DATA_EXPIRED
669fd00fcc3b47268c64259f,5ea97765ee2dcf07450501a9,APPROVED,Not Applicable,2024-07-23T15:45:22.646000Z,2024-07-23T16:01:23.722000Z,2024-07-23T19:44:12.155000Z,2024-07-23T16:02:38.448936Z,962.0,75b53a55e8,1202,28,Female,Asian,United States,United States,United States,English,DATA_EXPIRED,DATA_EXPIRED
669fd013098616e454a36fcf,664821456b1a84d987baed00,APPROVED,Not Applicable,2024-07-23T15:50:00.925000Z,2024-07-23T16:08:43.735000Z,2024-07-23T19:44:13.271000Z,2024-07-23T16:08:44.464218Z,1123.0,75b53a55e8,127,32,Female,Mixed,United States,United States,United States,English,No,Full-Time
669fd01ceaa0419ad8451792,668b1d047b434cf8f355c5b3,APPROVED,Not Applicable,2024-07-23T15:45:36.161000Z,2024-07-23T16:01:43.080000Z,2024-07-23T19:44:13.608000Z,2024-07-23T16:02:44.597533Z,967.0,75b53a55e8.,22,39,Male,Mixed,United States,United States,United States,English,Yes,DATA_EXPIRED
669fd025d29a348556c60187,60109ec41bb0de422378c301,APPROVED,Not Applicable,2024-07-23T15:45:48.453000Z,2024-07-23T16:36:31.041000Z,2024-07-23T19:44:13.927000Z,2024-07-23T16:36:31.765154Z,3043.0,75b53a55e8,1190,49,Male,Black,United States,United States,United States,English,No,Full-Time
669fd031b2349357b1813495,5feeeea3341f421a1fd59597,APPROVED,Not Applicable,2024-07-23T15:46:43.105000Z,2024-07-23T16:24:10.267000Z,2024-07-23T19:44:14.236000Z,2024-07-23T16:24:11.007023Z,2248.0,75b53a55e8,601,63,Female,White,United States,United States,United States,English,No,Part-Time
669fd034d283e23e8845df28,663313e6f1ad836e49eae8eb,APPROVED,Not Applicable,2024-07-23T15:46:10.421000Z,2024-07-23T16:33:02.322000Z,2024-07-23T19:44:14.558000Z,2024-07-23T16:33:03.030216Z,2812.0,75b53a55e8,51,44,Female,Asian,Philippines,United States,United States,English,No,Full-Time
669fd03806b48b637757cc09,6690c9fcc8bc78a136043610,APPROVED,Not Applicable,2024-07-23T15:46:09.953000Z,2024-07-23T16:44:26.287000Z,2024-07-23T19:44:14.884000Z,2024-07-23T16:44:26.869927Z,3497.0,75b53a55e8,9,34,Female,Black,Nigeria,United States,United States,English,DATA_EXPIRED,Full-Time
669fd03c306e17393055839a,6686dcf1d3c6e9cf6f7922bb,APPROVED,Not Applicable,2024-07-23T15:46:13.641000Z,2024-07-23T16:40:39.921000Z,2024-07-23T19:44:15.196000Z,2024-07-23T16:40:49.935141Z,3267.0,75b53a55e8,37,36,Male,White,United States,United States,United States,English,Yes,Full-Time
669fd04c6b64d7dd0729eed3,665b6677f76e8e04ef294078,APPROVED,Not Applicable,2024-07-23T15:46:36.576000Z,2024-07-23T15:58:57.937000Z,2024-07-23T19:44:15.510000Z,2024-07-23T15:59:34.408841Z,742.0,75b53a55e8,6,36,Female,White,United States,United States,United States,English,DATA_EXPIRED,DATA_EXPIRED
669fd062c4553cc54ce2b8b7,6699d821a2b091b5462bfbc2,APPROVED,Not Applicable,2024-07-23T15:46:48.756000Z,2024-07-23T16:12:56.351000Z,2024-07-23T19:44:15.786000Z,2024-07-23T16:12:57.139461Z,1568.0,75b53a55e8,10,20,Female,Black,United States,United States,United States,English,Yes,DATA_EXPIRED
669fd06763125ca1edad0517,669c1889f403ab8f0a72242e,APPROVED,Not Applicable,2024-07-23T15:46:51.269000Z,2024-07-23T16:03:29.146000Z,2024-07-23T19:44:16.092000Z,2024-07-23T16:04:28.864299Z,998.0,75b53a55e8,4,28,Male,White,United States,United States,United States,English,Yes,Unemployed (and job seeking)
669fd07a6d5acea50129a9a3,666f1e971925f972dc2890a0,RETURNED,Not Applicable,2024-07-23T15:47:14.377000Z,2024-07-23T15:47:33.060000Z,,2024-07-23T15:49:44.282979Z,,COAHXTHX,61,CONSENT_REVOKED,CONSENT_REVOKED,CONSENT_REVOKED,CONSENT_REVOKED,CONSENT_REVOKED,CONSENT_REVOKED,CONSENT_REVOKED,CONSENT_REVOKED,CONSENT_REVOKED
669fd07f9ee6408b3ed93e5b,654a9be87e185971ccfbe5df,APPROVED,Not Applicable,2024-07-23T15:47:20.135000Z,2024-07-23T15:58:56.924000Z,2024-07-23T19:44:16.378000Z,2024-07-23T15:59:27.202142Z,697.0,75b53a55e8,1710,39,Female,Asian,United States,United States,United States,English,DATA_EXPIRED,Full-Time
669fd0876ae0d82748547dd9,667ac2458f480b3288551d2f,RETURNED,Not Applicable,2024-07-23T15:47:26.811000Z,,,2024-09-06T15:57:01.233766Z,,,168,CONSENT_REVOKED,CONSENT_REVOKED,CONSENT_REVOKED,CONSENT_REVOKED,CONSENT_REVOKED,CONSENT_REVOKED,CONSENT_REVOKED,CONSENT_REVOKED,CONSENT_REVOKED
669fd0947f6ae6e20ca98c6f,6137ac01b8ff9b79e14eded1,RETURNED,Not Applicable,2024-07-23T15:47:43.792000Z,,,2024-09-06T15:57:01.255624Z,,,669,CONSENT_REVOKED,CONSENT_REVOKED,CONSENT_REVOKED,CONSENT_REVOKED,CONSENT_REVOKED,CONSENT_REVOKED,CONSENT_REVOKED,CONSENT_REVOKED,CONSENT_REVOKED
669fd0ac9453049388c9a0ce,663e46fa1fd6d859c55a632b,APPROVED,Not Applicable,2024-07-23T15:48:01.881000Z,2024-07-23T16:03:01.723000Z,2024-07-23T19:44:16.719000Z,2024-07-23T16:03:54.314584Z,900.0,75b53a55e8,311,43,Male,White,United States,United States,United States,English,No,Unemployed (and job seeking)
669fd0b21c533d7149c56e36,6113144acb6e1406e376e692,APPROVED,Not Applicable,2024-07-23T15:48:07.606000Z,2024-07-23T15:59:49.334000Z,2024-07-23T19:44:17.049000Z,2024-07-23T16:01:31.866648Z,702.0,75b53a55e8,393,24,Female,White,United States,United States,United States,English,No,Part-Time
669fd0c241ca727f9418828a,669ac5f6d03c1be10fb60fc4,RETURNED,Not Applicable,2024-07-23T15:48:41.444000Z,,,2024-09-06T15:57:01.306051Z,,,67,CONSENT_REVOKED,CONSENT_REVOKED,CONSENT_REVOKED,CONSENT_REVOKED,CONSENT_REVOKED,CONSENT_REVOKED,CONSENT_REVOKED,CONSENT_REVOKED,CONSENT_REVOKED
669fd0c5e36bd7b7187d6120,5c9cf2e1d54c260001e62eac,APPROVED,Not Applicable,2024-07-23T15:48:24.011000Z,2024-07-23T16:00:55.932000Z,2024-07-23T19:44:17.368000Z,2024-07-23T16:02:27.877909Z,752.0,75b53a55e8,585,20,Male,Mixed,United States,United States,United States,English,Yes,Unemployed (and job seeking)
669fd0cbbf2d14185c451731,669be65b7f0c1a71305969d1,RETURNED,Not Applicable,2024-07-23T15:48:34.951000Z,,,2024-09-06T15:57:01.312559Z,,,257,CONSENT_REVOKED,CONSENT_REVOKED,CONSENT_REVOKED,CONSENT_REVOKED,CONSENT_REVOKED,CONSENT_REVOKED,CONSENT_REVOKED,CONSENT_REVOKED,CONSENT_REVOKED
669fd0d9aeea0a5a5923a75c,6638eb8fffad7363590affc0,APPROVED,Not Applicable,2024-07-23T15:48:48.621000Z,2024-07-23T16:07:06.138000Z,2024-07-23T19:44:17.690000Z,2024-07-23T16:07:06.980020Z,1098.0,75b53a55e8,275,27,Female,White,United States,United States,United States,English,No,Part-Time
669fd0db319bf1163a189a1f,5c6ac9e5d9c5be000174497f,APPROVED,Not Applicable,2024-07-23T15:48:50.996000Z,2024-07-23T16:07:20.917000Z,2024-07-23T19:44:18.013000Z,2024-07-23T16:07:21.724816Z,1110.0,75b53a55e8,2095,30,Female,White,United States,United States,United States,English,No,Full-Time
669fd0e525129ac3f4c359a9,5dbaded2af6b8e0e8c3632ed,RETURNED,Not Applicable,2024-07-23T15:48:59.597000Z,,,2024-09-06T15:57:01.347536Z,,,3747,CONSENT_REVOKED,CONSENT_REVOKED,CONSENT_REVOKED,CONSENT_REVOKED,CONSENT_REVOKED,CONSENT_REVOKED,CONSENT_REVOKED,CONSENT_REVOKED,CONSENT_REVOKED
669fd0ed7d7fe89a2e526c9a,612bfe71a97242127201bc3b,APPROVED,Not Applicable,2024-07-23T15:49:15.631000Z,2024-07-23T16:14:13.886000Z,2024-07-23T19:44:18.328000Z,2024-07-23T16:14:14.501873Z,1499.0,75b53a55e8,3840,52,Female,White,United States,United States,United States,English,No,Full-Time
669fd0fc19708fec2a36c663,6668f1d1c9ce01b278a58253,APPROVED,Not Applicable,2024-07-23T15:49:20.340000Z,2024-07-23T16:09:36.680000Z,2024-07-23T19:44:18.650000Z,2024-07-23T16:09:37.380027Z,1217.0,75b53a55e8,47,45,Female,White,United States,United States,United States,English,No,Full-Time
669fd10b138216ab1359db7e,65786e461f939d72a6f7ac7c,APPROVED,Not Applicable,2024-07-23T15:49:36.923000Z,2024-07-23T16:12:06.390000Z,2024-07-23T19:44:18.978000Z,2024-07-23T16:12:06.969792Z,1350.0,75b53a55e8.,124,40,Female,White,United States,United States,United States,English,No,Full-Time
669fd114bb32f9aea9cebbb0,6105619fd55674bb2c2f0f74,RETURNED,Not Applicable,2024-07-23T15:49:52.741000Z,,,2024-09-06T15:57:01.354284Z,,,1698,CONSENT_REVOKED,CONSENT_REVOKED,CONSENT_REVOKED,CONSENT_REVOKED,CONSENT_REVOKED,CONSENT_REVOKED,CONSENT_REVOKED,CONSENT_REVOKED,CONSENT_REVOKED
669fd117b63d1195c5153da9,6652326f768f4bbfe2365b55,APPROVED,Not Applicable,2024-07-23T15:49:48.221000Z,2024-07-23T16:15:33.702000Z,2024-07-23T19:44:19.391000Z,2024-07-23T16:17:45.329815Z,1546.0,75b53a55e8,191,53,Female,Other,United States,United States,United States,English,No,Part-Time
669fd11a4e19c675603b63fa,669fb14bd1336658f87d210d,RETURNED,Not Applicable,2024-07-23T15:50:01.355000Z,,,2024-09-06T15:57:01.358203Z,,,182,CONSENT_REVOKED,CONSENT_REVOKED,CONSENT_REVOKED,CONSENT_REVOKED,CONSENT_REVOKED,CONSENT_REVOKED,CONSENT_REVOKED,CONSENT_REVOKED,CONSENT_REVOKED
669fd11e288973dd63a4aa5b,668414dbf6706605419e1399,RETURNED,Not Applicable,2024-07-23T15:50:08.025000Z,,,2024-09-06T15:57:01.360659Z,,,125,CONSENT_REVOKED,CONSENT_REVOKED,CONSENT_REVOKED,CONSENT_REVOKED,CONSENT_REVOKED,CONSENT_REVOKED,CONSENT_REVOKED,CONSENT_REVOKED,CONSENT_REVOKED
669fd120616e170e5f0090dc,667db8476ed0a49a24579e01,APPROVED,Not Applicable,2024-07-23T15:49:56.415000Z,2024-07-23T16:08:43.667000Z,2024-07-23T19:44:19.670000Z,2024-07-23T16:08:44.825709Z,1128.0,75b53a55e8,4,23,Male,Asian,China,United States,United States,Chinese,No,DATA_EXPIRED
669fd1233efbe7d0342972e8,669e4ee0a69fe47fb4012705,RETURNED,Not Applicable,2024-07-23T15:49:59.507000Z,,,2024-09-06T15:57:01.364538Z,,,86,CONSENT_REVOKED,CONSENT_REVOKED,CONSENT_REVOKED,CONSENT_REVOKED,CONSENT_REVOKED,CONSENT_REVOKED,CONSENT_REVOKED,CONSENT_REVOKED,CONSENT_REVOKED
669fd13561fe2c4bb0aabda3,6147ea1a656b3abd1064486d,RETURNED,Not Applicable,2024-07-23T15:50:20.146000Z,,,2024-09-06T15:57:01.368482Z,,,527,CONSENT_REVOKED,CONSENT_REVOKED,CONSENT_REVOKED,CONSENT_REVOKED,CONSENT_REVOKED,CONSENT_REVOKED,CONSENT_REVOKED,CONSENT_REVOKED,CONSENT_REVOKED
669fd14982013e27255eea12,61146530e197323f072eb6dc,RETURNED,Not Applicable,2024-07-23T15:50:38.610000Z,,,2024-09-06T15:57:01.373216Z,,,2911,CONSENT_REVOKED,CONSENT_REVOKED,CONSENT_REVOKED,CONSENT_REVOKED,CONSENT_REVOKED,CONSENT_REVOKED,CONSENT_REVOKED,CONSENT_REVOKED,CONSENT_REVOKED
669fd14e8d34675632d842d5,669694ee036934fb26f7c21b,APPROVED,Not Applicable,2024-07-23T15:50:47.657000Z,2024-07-23T16:27:22.498000Z,2024-07-23T19:44:19.967000Z,2024-07-23T16:30:35.634462Z,2195.0,75b53a55e8,8,33,Male,Black,Ghana,United States,United States,English,Yes,Full-Time
669fd1506ae0d82748547e15,668b357b0991d87c8cc0b543,APPROVED,Not Applicable,2024-07-23T15:50:45.223000Z,2024-07-23T16:00:42.771000Z,2024-07-23T19:44:20.296000Z,2024-07-23T16:02:15.798994Z,598.0,75b53a55e8,5,26,Female,White,United States,United States,United States,English,No,Full-Time
669fd17a492e371e92e1f848,5e6784bc622ffe000c766b4b,APPROVED,Not Applicable,2024-07-23T15:51:34.005000Z,2024-07-23T16:04:40.746000Z,2024-07-23T19:44:20.629000Z,2024-07-23T16:04:55.584485Z,787.0,75b53a55e8,362,38,Female,White,United States,United States,United States,English,No,Other
669fd182f437d0e5ac8e0a72,6675cd1f6877046432d42988,APPROVED,Not Applicable,2024-07-23T15:51:39.991000Z,2024-07-23T16:12:57.309000Z,2024-07-23T19:44:21.102000Z,2024-07-23T16:12:57.847594Z,1278.0,75b53a55e8,35,38,Female,White,United States,United States,United States,English,No,DATA_EXPIRED
669fd18326dcc53b67fd747d,5c8f924dbd496e0012a84583,RETURNED,Not Applicable,2024-07-23T15:57:32.473000Z,,,2024-09-06T15:57:01.375300Z,,,1667,CONSENT_REVOKED,CONSENT_REVOKED,CONSENT_REVOKED,CONSENT_REVOKED,CONSENT_REVOKED,CONSENT_REVOKED,CONSENT_REVOKED,CONSENT_REVOKED,CONSENT_REVOKED
669fd189ff36611a3918b15b,667d7d79b217a6837acfe8c9,RETURNED,Not Applicable,2024-07-23T15:51:52.040000Z,,,2024-09-06T15:57:01.401893Z,,,23,CONSENT_REVOKED,CONSENT_REVOKED,CONSENT_REVOKED,CONSENT_REVOKED,CONSENT_REVOKED,CONSENT_REVOKED,CONSENT_REVOKED,CONSENT_REVOKED,CONSENT_REVOKED
669fd18b87b966cf4d1b3e0e,662a1c34ad5dd68198f05331,APPROVED,Not Applicable,2024-07-23T15:51:50.713000Z,2024-07-23T16:22:16.473000Z,2024-07-23T19:44:21.391000Z,2024-07-23T16:22:17.157313Z,1826.0,75b53a55e8,76,53,Female,White,United States,United States,United States,English,No,Part-Time
669fd18c9ee6408b3ed93ea5,65b512e4190746b1c9c18b53,RETURNED,Not Applicable,2024-07-23T15:51:47.351000Z,,,2024-09-06T15:57:01.402731Z,,,108,CONSENT_REVOKED,CONSENT_REVOKED,CONSENT_REVOKED,CONSENT_REVOKED,CONSENT_REVOKED,CONSENT_REVOKED,CONSENT_REVOKED,CONSENT_REVOKED,CONSENT_REVOKED
669fd19b7902bd75705282ac,6671c2ad9085174158f792cb,RETURNED,Not Applicable,2024-07-23T15:52:01.118000Z,,,2024-09-06T15:57:01.405036Z,,,290,CONSENT_REVOKED,CONSENT_REVOKED,CONSENT_REVOKED,CONSENT_REVOKED,CONSENT_REVOKED,CONSENT_REVOKED,CONSENT_REVOKED,CONSENT_REVOKED,CONSENT_REVOKED
669fd1a2b2349357b181351a,669efb6f06582ce0ccb073fb,APPROVED,Not Applicable,2024-07-23T15:52:07.569000Z,2024-07-23T16:17:30.328000Z,2024-07-23T19:44:21.740000Z,2024-07-23T16:18:34.682930Z,1523.0,75b53a55e8,6,43,Male,White,United States,United States,United States,English,No,Full-Time
669fd1a798bf52e911a08c51,669309ea4e2fc3c52345d2ac,APPROVED,Not Applicable,2024-07-23T15:52:20.380000Z,2024-07-23T16:23:17.200000Z,2024-07-23T19:44:22.113000Z,2024-07-23T16:23:17.957884Z,1857.0,75b53a55e8,1,30,Female,Black,United States,United States,United States,English,No,DATA_EXPIRED
669fd1aa309eb0806ffd7394,60fdb82c66e02b2b47798dc7,APPROVED,Not Applicable,2024-07-23T15:52:14.929000Z,2024-07-23T16:03:39.971000Z,2024-07-23T19:44:22.399000Z,2024-07-23T16:04:36.051245Z,686.0,75b53a55e8,298,26,Female,White,United States,United States,United States,English,No,Full-Time
669fd1aa87b966cf4d1b3e1b,6543ae61df4c68a0e486942f,RETURNED,Not Applicable,2024-07-23T15:52:15.966000Z,,,2024-09-06T15:57:01.405896Z,,,1517,CONSENT_REVOKED,CONSENT_REVOKED,CONSENT_REVOKED,CONSENT_REVOKED,CONSENT_REVOKED,CONSENT_REVOKED,CONSENT_REVOKED,CONSENT_REVOKED,CONSENT_REVOKED
669fd1ad148d792209d8f918,6675acab46ed4c7cb8cf5c86,RETURNED,Not Applicable,2024-07-23T15:54:10.851000Z,,,2024-09-06T15:57:01.409786Z,,,44,CONSENT_REVOKED,CONSENT_REVOKED,CONSENT_REVOKED,CONSENT_REVOKED,CONSENT_REVOKED,CONSENT_REVOKED,CONSENT_REVOKED,CONSENT_REVOKED,CONSENT_REVOKED
669fd1b699ba49d506153dfc,669bd9b51ec16852f3e766f9,APPROVED,Not Applicable,2024-07-23T15:52:27.082000Z,2024-07-23T16:05:57.128000Z,2024-07-23T19:44:22.711000Z,2024-07-23T16:05:57.699650Z,811.0,75b53a55e8,16,36,Male,White,United States,United States,United States,English,No,DATA_EXPIRED
669fd1b77350fa08783820db,663901436e048887ef58465f,RETURNED,Not Applicable,2024-07-23T15:59:51.223000Z,,,2024-09-06T15:57:01.412937Z,,,102,CONSENT_REVOKED,CONSENT_REVOKED,CONSENT_REVOKED,CONSENT_REVOKED,CONSENT_REVOKED,CONSENT_REVOKED,CONSENT_REVOKED,CONSENT_REVOKED,CONSENT_REVOKED
669fd1b96b64d7dd0729ef45,5a79ebf1527fd000014658b3,RETURNED,Not Applicable,2024-07-23T15:52:32.442000Z,,,2024-09-06T15:57:01.412538Z,,,1935,CONSENT_REVOKED,CONSENT_REVOKED,CONSENT_REVOKED,CONSENT_REVOKED,CONSENT_REVOKED,CONSENT_REVOKED,CONSENT_REVOKED,CONSENT_REVOKED,CONSENT_REVOKED
669fd1c34c249ccdee3d962c,667dd338a1a60ce7bc3400b6,APPROVED,Not Applicable,2024-07-23T15:52:42.327000Z,2024-07-23T16:11:57.953000Z,2024-07-23T19:44:23.150000Z,2024-07-23T16:12:00.846447Z,1156.0,75b53a55e8,110,29,Female,Mixed,United States,United States,United States,English,No,Full-Time
669fd1cf8f4209d1de9a98cf,66371533b174144b00be8e58,RETURNED,Not Applicable,2024-07-23T15:53:01.315000Z,,,2024-09-06T15:57:01.417598Z,,,241,CONSENT_REVOKED,CONSENT_REVOKED,CONSENT_REVOKED,CONSENT_REVOKED,CONSENT_REVOKED,CONSENT_REVOKED,CONSENT_REVOKED,CONSENT_REVOKED,CONSENT_REVOKED
669fd1d663125ca1edad058b,6678ddbb72029e7eb93dcf14,RETURNED,Not Applicable,2024-07-23T15:52:59.628000Z,,,2024-09-06T15:57:01.417797Z,,,133,CONSENT_REVOKED,CONSENT_REVOKED,CONSENT_REVOKED,CONSENT_REVOKED,CONSENT_REVOKED,CONSENT_REVOKED,CONSENT_REVOKED,CONSENT_REVOKED,CONSENT_REVOKED
669fd1dba9676348edd93e95,641e62a8191451d08e6c08f7,RETURNED,Not Applicable,2024-07-23T15:53:13.540000Z,,,2024-09-06T15:57:01.416910Z,,,1102,CONSENT_REVOKED,CONSENT_REVOKED,CONSENT_REVOKED,CONSENT_REVOKED,CONSENT_REVOKED,CONSENT_REVOKED,CONSENT_REVOKED,CONSENT_REVOKED,CONSENT_REVOKED
669fd1dc098616e454a3702d,65cc02c3504938f6ca52893b,RETURNED,Not Applicable,2024-07-23T15:53:07.996000Z,,,2024-09-06T15:57:01.422086Z,,,346,CONSENT_REVOKED,CONSENT_REVOKED,CONSENT_REVOKED,CONSENT_REVOKED,CONSENT_REVOKED,CONSENT_REVOKED,CONSENT_REVOKED,CONSENT_REVOKED,CONSENT_REVOKED
669fd1e3e36bd7b7187d617c,669ead80447c999b6fd9000c,APPROVED,Not Applicable,2024-07-23T15:53:15.298000Z,2024-07-23T16:39:28.386000Z,2024-07-23T19:44:23.480000Z,2024-07-23T16:40:14.584906Z,2774.0,75b53a55e8,6,47,Female,White,United States,United States,United States,English,No,Part-Time
669fd1e4ba11ce2bc6ae71cd,667f16313697ee3c2bdb8bec,RETURNED,Not Applicable,2024-07-23T15:53:15.145000Z,,,2024-09-06T15:57:01.420871Z,,,44,CONSENT_REVOKED,CONSENT_REVOKED,CONSENT_REVOKED,CONSENT_REVOKED,CONSENT_REVOKED,CONSENT_REVOKED,CONSENT_REVOKED,CONSENT_REVOKED,CONSENT_REVOKED
669fd1e82a9c2b8db629733c,6627ae4173a8f4fd84f768d5,RETURNED,Not Applicable,2024-07-23T15:53:22.647000Z,,,2024-09-06T15:57:01.423075Z,,,490,CONSENT_REVOKED,CONSENT_REVOKED,CONSENT_REVOKED,CONSENT_REVOKED,CONSENT_REVOKED,CONSENT_REVOKED,CONSENT_REVOKED,CONSENT_REVOKED,CONSENT_REVOKED
669fd1f4fa22d83e3419bdfd,666f5cd9703de8fb31acd664,RETURNED,Not Applicable,2024-07-23T15:53:33.761000Z,,,2024-09-06T15:57:01.425344Z,,,72,CONSENT_REVOKED,CONSENT_REVOKED,CONSENT_REVOKED,CONSENT_REVOKED,CONSENT_REVOKED,CONSENT_REVOKED,CONSENT_REVOKED,CONSENT_REVOKED,CONSENT_REVOKED
669fd1f961f34b71ec027356,6545099b2af4091a977f3f40,TIMED-OUT,Not Applicable,2024-07-23T15:53:35.352000Z,,,2024-09-06T15:57:01.428453Z,3888207.0,,1137,51,Male,White,United States,United States,United States,English,No,Full-Time
669fd1fe3cde0bc0f6adc28e,66587384275868bb1023092b,RETURNED,Not Applicable,2024-07-23T16:03:34.459000Z,,,2024-09-06T15:57:01.428488Z,,,116,CONSENT_REVOKED,CONSENT_REVOKED,CONSENT_REVOKED,CONSENT_REVOKED,CONSENT_REVOKED,CONSENT_REVOKED,CONSENT_REVOKED,CONSENT_REVOKED,CONSENT_REVOKED
669fd20c832da007c93f0987,6683f1a78cb5b22aabb5bee4,APPROVED,Not Applicable,2024-07-23T15:57:53.584000Z,2024-07-23T16:34:42.057000Z,2024-07-23T19:44:23.771000Z,2024-07-23T16:34:42.698448Z,2209.0,75b53a55e8,25,27,Female,Black,United States,United States,United States,English,No,Full-Time
669fd213c28d74dc52de9643,5f0ef084d3d74e000a96af10,APPROVED,Not Applicable,2024-07-23T16:02:04.946000Z,2024-07-23T16:53:58.123000Z,2024-07-23T19:44:24.093000Z,2024-07-23T16:53:58.888781Z,3114.0,75b53a55e8,2103,22,Male,White,United States,United States,United States,English,Yes,Unemployed (and job seeking)
669fd22631272259458317f8,610abfb0eb7add4ed3226a44,APPROVED,Not Applicable,2024-07-23T15:54:18.361000Z,2024-07-23T16:05:23.579000Z,2024-07-23T19:44:24.377000Z,2024-07-23T16:05:24.245085Z,666.0,75b53a55e8,630,26,Female,White,United States,United States,Italy,English,Yes,Part-Time
669fd227023cc3653d3bb7f1,665553bae9cdf0c596d5a58c,APPROVED,Not Applicable,2024-07-23T15:54:26.551000Z,2024-07-23T16:27:39.880000Z,2024-07-23T19:44:24.706000Z,2024-07-23T16:30:54.039035Z,1994.0,75b53a55e8,142,43,Female,Mixed,United States,United States,United States,English,DATA_EXPIRED,Part-Time
669fd22c99462548b317edb4,55a2fa33fdf99b073cd94947,APPROVED,Not Applicable,2024-07-23T15:55:17.620000Z,2024-07-23T16:19:03.249000Z,2024-07-23T19:44:25.012000Z,2024-07-23T16:19:03.950657Z,1426.0,75b53a55e8,1341,44,Female,DATA_EXPIRED,United States,United States,United States,English,DATA_EXPIRED,DATA_EXPIRED
669fd22c9cfa7de4b9c56efd,66749596518f556e28f505d9,APPROVED,Not Applicable,2024-07-23T15:57:56.684000Z,2024-07-23T16:15:13.679000Z,2024-07-23T19:44:25.291000Z,2024-07-23T16:17:36.162295Z,1037.0,75b53a55e8,115,44,Female,White,United States,United States,United States,English,No,"Not in paid work (e.g. homemaker', 'retired or disabled)"
669fd230d126ac77d9a4aab2,62a766b2136b85985f41acb7,APPROVED,Not Applicable,2024-07-23T15:54:30.147000Z,2024-07-23T16:16:20.834000Z,2024-07-23T19:44:25.550000Z,2024-07-23T16:18:06.350148Z,1311.0,75b53a55e8,1489,29,Female,White,United States,United States,United States,English,No,Full-Time
669fd2364965f64ce5dd0858,668744ce829876a6a5756380,RETURNED,Not Applicable,2024-07-23T15:54:40.167000Z,,,2024-09-06T15:57:01.432300Z,,,198,CONSENT_REVOKED,CONSENT_REVOKED,CONSENT_REVOKED,CONSENT_REVOKED,CONSENT_REVOKED,CONSENT_REVOKED,CONSENT_REVOKED,CONSENT_REVOKED,CONSENT_REVOKED
669fd23c9dd97b5ab6da2089,63ea5b695d3f16b10c21a530,APPROVED,Not Applicable,2024-07-23T15:54:41.664000Z,2024-07-23T16:12:45.875000Z,2024-07-23T19:44:25.965000Z,2024-07-23T16:12:46.591572Z,1085.0,75b53a55e8,2355,46,Male,White,United Kingdom,United States,United States,English,No,Full-Time
669fd2405a49668ea43d45d6,6647b8a05e70bfb3ba8531ef,TIMED-OUT,Not Applicable,2024-07-23T15:59:23.019000Z,,,2024-09-06T15:57:01.442336Z,3887859.0,,68,29,Female,White,United States,United States,United States,English,No,Full-Time
669fd250c54862a927f3f050,669dd866515e7df6cffa9304,APPROVED,Not Applicable,2024-07-23T15:55:32.364000Z,2024-07-23T16:23:49.489000Z,2024-07-23T19:44:26.309000Z,2024-07-23T16:23:50.041467Z,1698.0,75b53a55e8,7,26,Female,White,United States,United States,United States,English,Yes,DATA_EXPIRED
669fd252ad71b9d516526e0d,5ec802e542730c299fbbafef,APPROVED,Not Applicable,2024-07-23T15:55:03.873000Z,2024-07-23T16:14:06.946000Z,2024-07-23T19:44:26.633000Z,2024-07-23T16:14:07.949434Z,1144.0,75b53a55e8,474,44,Male,Asian,United States,United States,United States,English,No,DATA_EXPIRED
669fd26527836cec4abeb7d7,64788046d0fc88f991d3847c,APPROVED,Not Applicable,2024-07-23T15:59:08.679000Z,2024-07-23T16:24:05.405000Z,2024-07-23T19:44:26.936000Z,2024-07-23T16:24:06.054674Z,1497.0,75b53a55e8,501,53,Male,White,United States,United States,United States,English,DATA_EXPIRED,Full-Time
669fd266f97ed55ebfb90831,668163f802df007e5f90b4b7,RETURNED,Not Applicable,2024-07-23T15:55:34.453000Z,,,2024-09-06T15:57:01.435906Z,,,186,CONSENT_REVOKED,CONSENT_REVOKED,CONSENT_REVOKED,CONSENT_REVOKED,CONSENT_REVOKED,CONSENT_REVOKED,CONSENT_REVOKED,CONSENT_REVOKED,CONSENT_REVOKED
669fd2739c28aa655a65d419,6682bea395609e3f88047b6b,APPROVED,Not Applicable,2024-07-23T15:55:38.757000Z,2024-07-23T16:17:18.655000Z,2024-07-23T19:44:27.233000Z,2024-07-23T16:18:28.220570Z,1300.0,75b53a55e8,47,48,Male,Asian,Germany,United States,United States,English,No,Part-Time
669fd27863ececdab3e50d7c,640b735104dec27f0afa4f12,APPROVED,Not Applicable,2024-07-23T15:55:39.784000Z,2024-07-23T16:14:06.078000Z,2024-07-23T19:44:27.511000Z,2024-07-23T16:14:06.707314Z,1107.0,75b53a55e8,3158,53,Male,White,United States,United States,United States,English,No,Full-Time
669fd2789c28aa655a65d41d,665b8af68b6a66d2c0bf6782,APPROVED,Not Applicable,2024-07-23T15:55:48.579000Z,2024-07-23T16:24:51.670000Z,2024-07-23T19:44:27.819000Z,2024-07-23T16:24:52.293544Z,1744.0,75b53a55e8,362,48,Female,White,United States,United States,United States,English,No,Unemployed (and job seeking)
669fd279258c3f58554d2faf,663fcdfa0a379f42f4c7397e,RETURNED,Not Applicable,2024-07-23T15:56:05.713000Z,2024-07-23T16:07:04.067000Z,,2024-09-06T15:57:01.436498Z,,NOCODE,571,CONSENT_REVOKED,CONSENT_REVOKED,CONSENT_REVOKED,CONSENT_REVOKED,CONSENT_REVOKED,CONSENT_REVOKED,CONSENT_REVOKED,CONSENT_REVOKED,CONSENT_REVOKED
669fd27e19708fec2a36c6df,5f4962321798ec4bf94a655f,APPROVED,Not Applicable,2024-07-23T15:57:38.740000Z,2024-07-23T16:06:18.899000Z,2024-07-23T19:44:28.106000Z,2024-07-23T16:06:19.587759Z,521.0,75b53a55e8,1254,38,Male,White,United States,United States,United States,English,DATA_EXPIRED,Full-Time
669fd28142ea316ab689adee,66868c96c30843e267ec6d0d,RETURNED,Not Applicable,2024-07-23T15:55:51.353000Z,,,2024-09-06T15:57:01.436462Z,,,50,CONSENT_REVOKED,CONSENT_REVOKED,CONSENT_REVOKED,CONSENT_REVOKED,CONSENT_REVOKED,CONSENT_REVOKED,CONSENT_REVOKED,CONSENT_REVOKED,CONSENT_REVOKED
669fd2885a49668ea43d45e7,66869df832834596378edf95,RETURNED,Not Applicable,2024-07-23T15:55:57.886000Z,,,2024-09-06T15:57:01.441077Z,,,300,CONSENT_REVOKED,CONSENT_REVOKED,CONSENT_REVOKED,CONSENT_REVOKED,CONSENT_REVOKED,CONSENT_REVOKED,CONSENT_REVOKED,CONSENT_REVOKED,CONSENT_REVOKED
669fd28be06feceb733f0a43,663e993b9f97231ad74aec17,RETURNED,Not Applicable,2024-07-23T15:56:03.178000Z,,,2024-09-06T15:57:01.441062Z,,,66,CONSENT_REVOKED,CONSENT_REVOKED,CONSENT_REVOKED,CONSENT_REVOKED,CONSENT_REVOKED,CONSENT_REVOKED,CONSENT_REVOKED,CONSENT_REVOKED,CONSENT_REVOKED
669fd28db3855637ca02bd11,6685c283c7d2e84750290782,APPROVED,Not Applicable,2024-07-23T15:56:06.127000Z,2024-07-23T16:10:13.875000Z,2024-07-23T19:44:28.392000Z,2024-07-23T16:10:15.448528Z,848.0,75b53a55e8,3,36,Male,White,United States,United States,United States,English,No,DATA_EXPIRED
669fd2942172f8c37b23a7f7,666715bac3615cdd79c6288f,APPROVED,Not Applicable,2024-07-23T15:56:08.544000Z,2024-07-23T16:09:27.226000Z,2024-07-23T19:44:28.695000Z,2024-07-23T16:09:27.948503Z,799.0,75b53a55e8,104,20,Male,White,United States,United States,United States,English,Yes,Unemployed (and job seeking)
669fd295700d52abfc8e371d,66764564e2a22ef3f3e9bc6c,APPROVED,Not Applicable,2024-07-23T15:56:10.869000Z,2024-07-23T16:08:09.743000Z,2024-07-23T19:44:28.996000Z,2024-07-23T16:08:10.817689Z,719.0,75b53a55e8,8,18,Male,White,United States,United States,United States,English,Yes,Unemployed (and job seeking)
669fd296306e173930558430,602bff07a6fada440d3c4f6b,APPROVED,Not Applicable,2024-07-23T15:56:10.767000Z,2024-07-23T16:16:11.443000Z,2024-07-23T19:44:29.259000Z,2024-07-23T16:18:00.368316Z,1201.0,75b53a55e8,2720,51,Male,White,United States,United States,United States,English,DATA_EXPIRED,Due to start a new job within the next month
669fd29c022ff88b39c08ec2,665ca90ccd5935fc91075418,RETURNED,Not Applicable,2024-07-23T15:56:17.326000Z,,,2024-09-06T15:57:01.443875Z,,,24,CONSENT_REVOKED,CONSENT_REVOKED,CONSENT_REVOKED,CONSENT_REVOKED,CONSENT_REVOKED,CONSENT_REVOKED,CONSENT_REVOKED,CONSENT_REVOKED,CONSENT_REVOKED
669fd29eb14f6cbe62b35151,66857238414e10ff4b4c72d6,APPROVED,Not Applicable,2024-07-23T15:59:10.818000Z,2024-07-23T16:25:06.362000Z,2024-07-23T19:44:29.543000Z,2024-07-23T16:25:07.530220Z,1556.0,75b53a55e8,58,47,Male,White,United States,United States,United States,English,No,Full-Time
669fd2a26eff3fe4b74b038a,5d7ff4aa50fda7001a863736,RETURNED,Not Applicable,2024-07-23T15:56:23.996000Z,,,2024-09-06T15:57:01.444830Z,,,4379,CONSENT_REVOKED,CONSENT_REVOKED,CONSENT_REVOKED,CONSENT_REVOKED,CONSENT_REVOKED,CONSENT_REVOKED,CONSENT_REVOKED,CONSENT_REVOKED,CONSENT_REVOKED
669fd2a357b47d88feb6ab80,602c2e76ba730d4b2e341a64,RETURNED,Not Applicable,2024-07-23T15:56:33.447000Z,,,2024-09-06T15:57:01.445462Z,,,97,CONSENT_REVOKED,CONSENT_REVOKED,CONSENT_REVOKED,CONSENT_REVOKED,CONSENT_REVOKED,CONSENT_REVOKED,CONSENT_REVOKED,CONSENT_REVOKED,CONSENT_REVOKED
669fd2adfcd9de6eacb435a6,6563a04ce4e979a116eeff05,APPROVED,Not Applicable,2024-07-23T15:56:37.124000Z,2024-07-23T16:18:47.395000Z,2024-07-23T19:44:29.871000Z,2024-07-23T16:18:55.108823Z,1331.0,75b53a55e8,64,59,Male,Black,United States,United States,United States,English,DATA_EXPIRED,DATA_EXPIRED
669fd2b5b3855637ca02bd1f,652a95032d8a42975cc32c58,APPROVED,Not Applicable,2024-07-23T15:56:42.891000Z,2024-07-23T16:16:04.221000Z,2024-07-23T19:44:30.171000Z,2024-07-23T16:17:58.838470Z,1162.0,75b53a55e8,337,38,Male,Other,United States,United States,United States,English,DATA_EXPIRED,DATA_EXPIRED
669fd2c86deec989e2558470,60e8a63f733f423be3da1846,RETURNED,Not Applicable,2024-07-23T15:57:08.082000Z,,,2024-09-06T15:57:01.450916Z,,,1503,CONSENT_REVOKED,CONSENT_REVOKED,CONSENT_REVOKED,CONSENT_REVOKED,CONSENT_REVOKED,CONSENT_REVOKED,CONSENT_REVOKED,CONSENT_REVOKED,CONSENT_REVOKED
669fd2d6416bc55ffc54727e,663213c61e9f3c2ee29e1c83,RETURNED,Not Applicable,2024-07-23T15:57:19.451000Z,,,2024-09-06T15:57:01.450466Z,,,276,CONSENT_REVOKED,CONSENT_REVOKED,CONSENT_REVOKED,CONSENT_REVOKED,CONSENT_REVOKED,CONSENT_REVOKED,CONSENT_REVOKED,CONSENT_REVOKED,CONSENT_REVOKED
669fd2d64dbb114734f7a8e2,6572217dd7539bb1cd4704ff,RETURNED,Not Applicable,2024-07-23T15:57:33.887000Z,,,2024-09-06T15:57:01.451793Z,,,501,CONSENT_REVOKED,CONSENT_REVOKED,CONSENT_REVOKED,CONSENT_REVOKED,CONSENT_REVOKED,CONSENT_REVOKED,CONSENT_REVOKED,CONSENT_REVOKED,CONSENT_REVOKED
669fd2ee6f632d58226573c2,667b2667dd1211486c56657c,RETURNED,Not Applicable,2024-07-23T15:57:43.533000Z,,,2024-09-06T15:57:01.452383Z,,,235,CONSENT_REVOKED,CONSENT_REVOKED,CONSENT_REVOKED,CONSENT_REVOKED,CONSENT_REVOKED,CONSENT_REVOKED,CONSENT_REVOKED,CONSENT_REVOKED,CONSENT_REVOKED
669fd2fbd2a42b94b8612a5d,6687f601f314d21ec463f3da,RETURNED,Not Applicable,2024-07-23T15:57:56.128000Z,2024-07-23T16:05:09.838000Z,,2024-09-06T15:57:01.454194Z,,NOCODE,208,CONSENT_REVOKED,CONSENT_REVOKED,CONSENT_REVOKED,CONSENT_REVOKED,CONSENT_REVOKED,CONSENT_REVOKED,CONSENT_REVOKED,CONSENT_REVOKED,CONSENT_REVOKED
669fd2fce06feceb733f0a64,668741fa31fac68797236ac1,RETURNED,Not Applicable,2024-07-23T15:58:04.163000Z,,,2024-09-06T15:57:01.456630Z,,,60,CONSENT_REVOKED,CONSENT_REVOKED,CONSENT_REVOKED,CONSENT_REVOKED,CONSENT_REVOKED,CONSENT_REVOKED,CONSENT_REVOKED,CONSENT_REVOKED,CONSENT_REVOKED
669fd2ff0346e71fc84d71e9,668f6772531a38e36e48299f,RETURNED,Not Applicable,2024-07-23T15:57:58.510000Z,,,2024-09-06T15:57:01.458272Z,,,249,CONSENT_REVOKED,CONSENT_REVOKED,CONSENT_REVOKED,CONSENT_REVOKED,CONSENT_REVOKED,CONSENT_REVOKED,CONSENT_REVOKED,CONSENT_REVOKED,CONSENT_REVOKED
669fd30499462548b317eddc,6682a3860d01cd91ebd35d11,APPROVED,Not Applicable,2024-07-23T15:58:53.235000Z,2024-07-23T16:13:41.688000Z,2024-07-23T19:44:30.504000Z,2024-07-23T16:13:42.573231Z,889.0,75b53a55e8,109,28,Female,Asian,United States,United States,United States,Vietnamese,Yes,Full-Time
669fd30a3d71f0da64642689,6683873d78e23eae5ec9b30a,APPROVED,Not Applicable,2024-07-23T15:59:38.795000Z,2024-07-23T16:16:44.078000Z,2024-07-23T19:44:30.831000Z,2024-07-23T16:18:15.928695Z,1026.0,75b53a55e8,125,26,Male,White,United States,United States,United States,English,No,Other
669fd3124dbb114734f7a8fb,63d13f416b2c25038c13007f,APPROVED,Not Applicable,2024-07-23T15:58:17.299000Z,2024-07-23T16:19:40.282000Z,2024-07-23T19:44:31.147000Z,2024-07-23T16:19:40.737303Z,1283.0,75b53a55e8,2589,47,Female,White,United States,United States,United States,English,No,Unemployed (and job seeking)
669fd312707a8c9d5b23d76d,6473bd2d95a488b826bc24c4,RETURNED,Not Applicable,2024-07-23T15:58:13.428000Z,,,2024-09-06T15:57:01.458630Z,,,1539,CONSENT_REVOKED,CONSENT_REVOKED,CONSENT_REVOKED,CONSENT_REVOKED,CONSENT_REVOKED,CONSENT_REVOKED,CONSENT_REVOKED,CONSENT_REVOKED,CONSENT_REVOKED
669fd31b4d16ba72329a98cd,66858aaffe63421c0f631a6f,APPROVED,Not Applicable,2024-07-23T15:58:24.627000Z,2024-07-23T16:31:26.469000Z,2024-07-23T19:44:31.443000Z,2024-07-23T16:31:50.069681Z,1982.0,75b53a55e8,118,37,Female,White,United States,United States,United States,English,No,Full-Time
669fd31e8904a7763bb6ac23,666723df857612a9d41b136c,APPROVED,Not Applicable,2024-07-23T15:58:39.794000Z,2024-07-23T16:16:00.087000Z,2024-07-23T19:44:31.771000Z,2024-07-23T16:17:56.389277Z,1041.0,75b53a55e8,1,37,Male,Black,United States,United States,United States,English,DATA_EXPIRED,DATA_EXPIRED
669fd31f36498a8d8f8a2d61,669b480c1c3e5baa7ed900eb,APPROVED,Not Applicable,2024-07-23T15:58:33.624000Z,2024-07-23T16:20:34.019000Z,2024-07-23T19:44:32.101000Z,2024-07-23T16:20:35.941785Z,1321.0,75b53a55e8,8,42,Male,White,United States,United States,United States,English,No,Unemployed (and job seeking)
669fd331717b92ea9cf1f8d4,5e7908b92d882b4b6d8fa8e1,APPROVED,Not Applicable,2024-07-23T15:58:48.104000Z,2024-07-23T16:17:10.987000Z,2024-07-23T19:44:32.369000Z,2024-07-23T16:18:26.867038Z,1103.0,75b53a55e8,1295,23,Female,Mixed,United States,United States,United States,English,Yes,"Not in paid work (e.g. homemaker', 'retired or disabled)"
669fd33406b48b637757ccc3,6400e3697879c55c323f34d0,RETURNED,Not Applicable,2024-07-23T15:58:50.499000Z,,,2024-09-06T15:57:02.039964Z,,,2382,CONSENT_REVOKED,CONSENT_REVOKED,CONSENT_REVOKED,CONSENT_REVOKED,CONSENT_REVOKED,CONSENT_REVOKED,CONSENT_REVOKED,CONSENT_REVOKED,CONSENT_REVOKED
669fd33c46762728280ab6ad,5ec1c41a1f98090e8c119332,APPROVED,Not Applicable,2024-07-23T15:58:56.074000Z,2024-07-23T16:15:25.859000Z,2024-07-23T19:44:32.671000Z,2024-07-23T16:17:40.805197Z,990.0,75b53a55e8,4907,36,Male,White,United States,United States,United States,English,DATA_EXPIRED,Full-Time
669fd348f3e7bfdfd7cbb049,66765b0d3d4df0117e5b1a88,RETURNED,Not Applicable,2024-07-23T15:59:10.719000Z,,,2024-09-06T15:57:01.464869Z,,,152,CONSENT_REVOKED,CONSENT_REVOKED,CONSENT_REVOKED,CONSENT_REVOKED,CONSENT_REVOKED,CONSENT_REVOKED,CONSENT_REVOKED,CONSENT_REVOKED,CONSENT_REVOKED
669fd349bd4fd2271474167c,65b9400f7a9d18310f8d27b5,RETURNED,Not Applicable,2024-07-23T16:04:15.666000Z,,,2024-09-06T15:57:01.475252Z,,,93,CONSENT_REVOKED,CONSENT_REVOKED,CONSENT_REVOKED,CONSENT_REVOKED,CONSENT_REVOKED,CONSENT_REVOKED,CONSENT_REVOKED,CONSENT_REVOKED,CONSENT_REVOKED
669fd35457ef895950a1da7d,66439d1d88d5845e4a6b85bf,APPROVED,Not Applicable,2024-07-23T16:01:25.836000Z,2024-07-23T16:26:33.322000Z,2024-07-23T19:44:32.959000Z,2024-07-23T16:29:18.054517Z,1508.0,75b53a55e8,19,23,Female,Mixed,United States,United States,United States,English,No,DATA_EXPIRED
669fd35502b5bda8d42aab20,55ad16c5fdf99b4c8f99417f,RETURNED,Not Applicable,2024-07-23T15:59:31.364000Z,,,2024-09-06T15:57:01.479641Z,,,2345,CONSENT_REVOKED,CONSENT_REVOKED,CONSENT_REVOKED,CONSENT_REVOKED,CONSENT_REVOKED,CONSENT_REVOKED,CONSENT_REVOKED,CONSENT_REVOKED,CONSENT_REVOKED
669fd35d25129ac3f4c35a30,5ca88c7900dbf0000127c5d5,APPROVED,Not Applicable,2024-07-23T15:59:39.859000Z,2024-07-23T16:32:32.037000Z,2024-07-23T19:44:33.243000Z,2024-07-23T16:32:32.497623Z,1973.0,75b53a55e8,2664,38,Male,White,United States,United States,United States,English,No,Full-Time
669fd35d3840a5a536c2a20f,59048309c4ef1300011b1085,APPROVED,Not Applicable,2024-07-23T15:59:30.333000Z,2024-07-23T16:15:19.923000Z,2024-07-23T19:44:34.135000Z,2024-07-23T16:17:38.855050Z,950.0,75b53a55e8,4773,43,Female,White,United States,United States,United States,English,DATA_EXPIRED,DATA_EXPIRED
669fd3659ee6408b3ed93f17,6655f99ef74e844cb8404cfa,APPROVED,Not Applicable,2024-07-23T16:00:24.438000Z,2024-07-23T16:21:53.237000Z,2024-07-23T19:44:34.479000Z,2024-07-23T16:21:53.749888Z,1289.0,75b53a55e8.,80,22,Male,Black,United States,United States,United States,English,No,Full-Time
669fd3692a9c2b8db629739c,66761366ef6f2c01681b6512,APPROVED,Not Applicable,2024-07-23T16:00:55.401000Z,2024-07-23T16:22:17.928000Z,2024-07-23T19:44:34.773000Z,2024-07-23T16:22:18.444486Z,1283.0,75b53a55e8,1,34,Male,Black,United States,United States,United States,English,No,Full-Time
669fd36b700d52abfc8e3764,63672f2f4815449a135bbcba,APPROVED,Not Applicable,2024-07-23T15:59:49.404000Z,2024-07-23T16:20:29.985000Z,2024-07-23T19:44:35.083000Z,2024-07-23T16:20:30.655353Z,1241.0,75b53a55e8,1057,21,Male,White,DATA_EXPIRED,United States,United States,English,DATA_EXPIRED,DATA_EXPIRED
669fd370880a6257b5067b44,628d78a2ccf4a41f24c2d2d8,APPROVED,Not Applicable,2024-07-23T16:00:30.493000Z,2024-07-23T16:55:02.234000Z,2024-07-23T19:44:35.364000Z,2024-07-23T16:55:03.359800Z,3272.0,75b53a55e8,1589,20,Male,White,United States,United States,United States,English,No,Unemployed (and job seeking)
669fd3734b551be59e6f99dd,668d3aea70f5ba7950844e92,REJECTED,Not Applicable,2024-07-23T15:59:55.164000Z,2024-07-23T16:30:57.682000Z,2024-08-12T20:51:04.103000Z,2024-09-06T15:57:01.473708Z,1863.0,NOCODE,167,CONSENT_REVOKED,CONSENT_REVOKED,CONSENT_REVOKED,CONSENT_REVOKED,CONSENT_REVOKED,CONSENT_REVOKED,CONSENT_REVOKED,CONSENT_REVOKED,CONSENT_REVOKED
669fd3752d1a367095f3fa92,667d4bec56a17183d9ddca57,RETURNED,Not Applicable,2024-07-23T16:00:12.537000Z,,,2024-09-06T15:57:01.476007Z,,,151,CONSENT_REVOKED,CONSENT_REVOKED,CONSENT_REVOKED,CONSENT_REVOKED,CONSENT_REVOKED,CONSENT_REVOKED,CONSENT_REVOKED,CONSENT_REVOKED,CONSENT_REVOKED
669fd375e06feceb733f0a8d,59a4b7ca8d2b1600011b41c2,APPROVED,Not Applicable,2024-07-23T15:59:51.826000Z,2024-07-23T16:23:25.625000Z,2024-07-23T19:44:35.756000Z,2024-07-23T16:23:26.833866Z,1414.0,75b53a55e8,394,36,Male,White,United States,United States,United States,English,No,Unemployed (and job seeking)
669fd3799dae4a44737c2dc7,60b54dde7e4ce8de0f1f24be,RETURNED,Not Applicable,2024-07-23T16:00:00.540000Z,,,2024-09-06T15:57:01.488266Z,,,1484,CONSENT_REVOKED,CONSENT_REVOKED,CONSENT_REVOKED,CONSENT_REVOKED,CONSENT_REVOKED,CONSENT_REVOKED,CONSENT_REVOKED,CONSENT_REVOKED,CONSENT_REVOKED
669fd379f638a6cfd8a08c8a,57c4f62865da940001f6b7e4,RETURNED,Not Applicable,2024-07-23T16:00:01.929000Z,,,2024-09-06T15:57:01.475218Z,,,2009,CONSENT_REVOKED,CONSENT_REVOKED,CONSENT_REVOKED,CONSENT_REVOKED,CONSENT_REVOKED,CONSENT_REVOKED,CONSENT_REVOKED,CONSENT_REVOKED,CONSENT_REVOKED
669fd37d82013e27255eeaa3,6511b9f6748229dc3a8fa69d,APPROVED,Not Applicable,2024-07-23T16:04:05.480000Z,2024-07-23T16:32:15.936000Z,2024-07-23T19:44:36.084000Z,2024-07-23T16:32:16.744239Z,1691.0,75b53a55e8,489,23,Male,Other,United States,United States,United States,English,DATA_EXPIRED,DATA_EXPIRED
669fd37dcd946967e93d4649,5f9fdfd04296cb0102563f84,APPROVED,Not Applicable,2024-07-23T16:00:02.965000Z,2024-07-23T16:29:47.980000Z,2024-07-23T19:44:36.410000Z,2024-07-23T16:31:34.361315Z,1786.0,75b53a55e8,2593,35,Male,White,United States,United States,United States,English,No,Unemployed (and job seeking)
669fd37f02b5bda8d42aab2b,669fc6786eff3fe4b74aff8d,APPROVED,Not Applicable,2024-07-23T16:00:32.299000Z,2024-07-23T16:20:17.838000Z,2024-07-23T19:44:36.822000Z,2024-07-23T16:20:22.954360Z,1186.0,75b53a55e8,0,23,Female,White,United States,United States,United States,English,DATA_EXPIRED,DATA_EXPIRED
669fd384cc038f746929a9e3,6689766eecff1db0309b32ed,RETURNED,Not Applicable,2024-07-23T16:00:11.127000Z,,,2024-09-06T15:57:01.492678Z,,,184,CONSENT_REVOKED,CONSENT_REVOKED,CONSENT_REVOKED,CONSENT_REVOKED,CONSENT_REVOKED,CONSENT_REVOKED,CONSENT_REVOKED,CONSENT_REVOKED,CONSENT_REVOKED
669fd389fcd9de6eacb435e5,60cffac73993c4347f897f1a,APPROVED,Not Applicable,2024-07-23T16:00:29.890000Z,2024-07-23T16:19:09.017000Z,2024-07-23T19:44:37.158000Z,2024-07-23T16:19:11.472934Z,1120.0,75b53a55e8,1497,39,Male,White,United States,United States,United States,Spanish,No,DATA_EXPIRED
669fd39b8006ccdebc9479f6,6533bb8a9f2e2ac4de2feefd,APPROVED,Not Applicable,2024-07-23T16:09:30.351000Z,2024-07-23T17:00:02.636000Z,2024-07-23T19:44:37.601000Z,2024-07-23T17:00:03.465033Z,3033.0,75b53a55e8,674,32,Female,Black,Ghana,United States,United States,English,DATA_EXPIRED,DATA_EXPIRED
669fd39bf3e7bfdfd7cbb05f,6683b934b8fa6643763f1511,RETURNED,Not Applicable,2024-07-23T16:00:34.725000Z,,,2024-09-06T15:57:01.490914Z,,,214,CONSENT_REVOKED,CONSENT_REVOKED,CONSENT_REVOKED,CONSENT_REVOKED,CONSENT_REVOKED,CONSENT_REVOKED,CONSENT_REVOKED,CONSENT_REVOKED,CONSENT_REVOKED
669fd3a63cde0bc0f6adc2ef,65d5385e794e617217d43ab9,RETURNED,Not Applicable,2024-07-23T16:00:59.931000Z,,,2024-09-06T15:57:01.510355Z,,,237,CONSENT_REVOKED,CONSENT_REVOKED,CONSENT_REVOKED,CONSENT_REVOKED,CONSENT_REVOKED,CONSENT_REVOKED,CONSENT_REVOKED,CONSENT_REVOKED,CONSENT_REVOKED
669fd3b08ee95b49fab350cd,664c291d9d159f2b10d4fe9c,RETURNED,Not Applicable,2024-07-23T16:00:57.006000Z,,,2024-09-06T15:57:01.487049Z,,,140,CONSENT_REVOKED,CONSENT_REVOKED,CONSENT_REVOKED,CONSENT_REVOKED,CONSENT_REVOKED,CONSENT_REVOKED,CONSENT_REVOKED,CONSENT_REVOKED,CONSENT_REVOKED
669fd3b95f1611a93117ee1d,669238d0a26127b08bc05e3d,TIMED-OUT,Not Applicable,2024-07-23T16:01:00.739000Z,,,2024-09-06T15:57:01.498554Z,3887761.0,,140,46,Male,Asian,United States,United States,United States,English,No,Other
669fd3bf492e371e92e1f8ec,6697f24f52f142e605307808,RETURNED,Not Applicable,2024-07-23T16:01:12.088000Z,,,2024-09-06T15:57:01.494120Z,,,60,CONSENT_REVOKED,CONSENT_REVOKED,CONSENT_REVOKED,CONSENT_REVOKED,CONSENT_REVOKED,CONSENT_REVOKED,CONSENT_REVOKED,CONSENT_REVOKED,CONSENT_REVOKED
669fd3c063809d21033f01f3,62b1ed31eaaaa61b18c69032,APPROVED,Not Applicable,2024-07-23T16:01:30.882000Z,2024-07-23T16:20:01.694000Z,2024-07-23T19:44:37.947000Z,2024-07-23T16:20:02.225275Z,1111.0,75b53a55e8,2293,36,Female,White,United States,United States,United States,English,DATA_EXPIRED,DATA_EXPIRED
669fd3c0cc3b47268c64269d,669dade6ddbc6f0b20ce3786,APPROVED,Not Applicable,2024-07-23T16:01:23.635000Z,2024-07-23T16:16:29.220000Z,2024-07-23T19:44:38.276000Z,2024-07-23T16:18:09.928369Z,906.0,75b53a55e8,5,19,Male,Asian,United States,United States,United States,English,Yes,DATA_EXPIRED
669fd3c1a2297cbaff612ae9,664b62a91a7b577435face15,RETURNED,Not Applicable,2024-07-23T16:01:13.065000Z,,,2024-09-06T15:57:01.626623Z,,,215,CONSENT_REVOKED,CONSENT_REVOKED,CONSENT_REVOKED,CONSENT_REVOKED,CONSENT_REVOKED,CONSENT_REVOKED,CONSENT_REVOKED,CONSENT_REVOKED,CONSENT_REVOKED
669fd3c3f3e7bfdfd7cbb06a,667019ad441b277a43fe9f0e,RETURNED,Not Applicable,2024-07-23T16:01:18.923000Z,,,2024-09-06T15:57:01.487767Z,,,184,CONSENT_REVOKED,CONSENT_REVOKED,CONSENT_REVOKED,CONSENT_REVOKED,CONSENT_REVOKED,CONSENT_REVOKED,CONSENT_REVOKED,CONSENT_REVOKED,CONSENT_REVOKED
669fd3c76cf3ab69582037ba,5e5dba9e3d60470d71dde9ef,RETURNED,Not Applicable,2024-07-23T16:01:20.135000Z,,,2024-09-06T15:57:01.493996Z,,,971,CONSENT_REVOKED,CONSENT_REVOKED,CONSENT_REVOKED,CONSENT_REVOKED,CONSENT_REVOKED,CONSENT_REVOKED,CONSENT_REVOKED,CONSENT_REVOKED,CONSENT_REVOKED
669fd3c9c536ffd7d1e2b805,661c328da721e6bbed287a51,APPROVED,Not Applicable,2024-07-23T16:01:23.067000Z,2024-07-23T16:21:05.476000Z,2024-07-23T19:44:38.573000Z,2024-07-23T16:21:11.178017Z,1183.0,75b53a55e8,91,52,Female,White,United States,United States,United States,English,No,"Not in paid work (e.g. homemaker', 'retired or disabled)"
669fd3d6023cc3653d3bb871,663a63f21d5a0fd9b63dc4be,APPROVED,Not Applicable,2024-07-23T16:01:31.188000Z,2024-07-23T16:12:16.075000Z,2024-07-23T19:44:38.836000Z,2024-07-23T16:12:19.044965Z,645.0,75b53a55e8,20,28,Female,White,United States,United States,United States,English,No,Full-Time
669fd3db2e66d48e4023d7f7,66463d8b1984a328f78252d7,RETURNED,Not Applicable,2024-07-23T16:01:35.213000Z,,,2024-09-06T15:57:01.490666Z,,,406,CONSENT_REVOKED,CONSENT_REVOKED,CONSENT_REVOKED,CONSENT_REVOKED,CONSENT_REVOKED,CONSENT_REVOKED,CONSENT_REVOKED,CONSENT_REVOKED,CONSENT_REVOKED
669fd3dc700d52abfc8e3786,66955028c2a7a97ef859775b,APPROVED,Not Applicable,2024-07-23T16:01:37.236000Z,2024-07-23T16:12:00.028000Z,2024-07-23T19:44:39.129000Z,2024-07-23T16:12:01.650339Z,623.0,75b53a55e8,1,31,Male,White,United States,United States,United States,English,DATA_EXPIRED,DATA_EXPIRED
669fd3de148d792209d8f984,5fc98dc69c0e724c66f76026,APPROVED,Not Applicable,2024-07-23T16:01:43.046000Z,2024-07-23T16:18:24.065000Z,2024-07-23T19:44:39.440000Z,2024-07-23T16:18:50.528407Z,1002.0,75b53a55e8,504,21,Female,Asian,United States,United States,United States,English,No,Full-Time
669fd3e1f93a18826157ccb9,6632c4c61827b982054cfa48,APPROVED,Not Applicable,2024-07-23T16:01:44.355000Z,2024-07-23T16:23:57.489000Z,2024-07-23T19:44:39.719000Z,2024-07-23T16:23:57.979130Z,1334.0,75b53a55e8,107,51,Male,White,United States,United States,United States,English,No,DATA_EXPIRED
669fd3e2bf2d14185c4517f8,65442edcaffa046c7b854882,RETURNED,Not Applicable,2024-07-23T16:01:44.417000Z,,,2024-09-06T15:57:01.499389Z,,,1080,CONSENT_REVOKED,CONSENT_REVOKED,CONSENT_REVOKED,CONSENT_REVOKED,CONSENT_REVOKED,CONSENT_REVOKED,CONSENT_REVOKED,CONSENT_REVOKED,CONSENT_REVOKED
669fd3e3fa797c2f1183187a,667ac1c9a75fab5e28f9614f,APPROVED,Not Applicable,2024-07-23T16:01:45.859000Z,2024-07-23T16:19:55.139000Z,2024-07-23T19:44:39.991000Z,2024-07-23T16:19:55.740278Z,1090.0,75b53a55e8,7,60,Female,White,United States,United States,United States,English,DATA_EXPIRED,DATA_EXPIRED
669fd3e7d283e23e8845e002,614b154d1d77229f9878635b,APPROVED,Not Applicable,2024-07-23T16:01:49.794000Z,2024-07-23T16:37:54.310000Z,2024-07-23T19:44:40.278000Z,2024-07-23T16:39:45.880999Z,2165.0,75b53a55e8,578,49,Female,Black,United States,United States,United States,English,No,Part-Time
669fd3ed46762728280ab6e2,66783438ca6ccf63acf349d8,RETURNED,Not Applicable,2024-07-23T16:02:01.816000Z,,,2024-09-06T15:57:01.501155Z,,,132,CONSENT_REVOKED,CONSENT_REVOKED,CONSENT_REVOKED,CONSENT_REVOKED,CONSENT_REVOKED,CONSENT_REVOKED,CONSENT_REVOKED,CONSENT_REVOKED,CONSENT_REVOKED
669fd3f5d87249f3205d08a6,6632d14c1da90e794fe0219d,APPROVED,Not Applicable,2024-07-23T16:02:26.944000Z,2024-07-23T16:14:36.915000Z,2024-07-23T19:44:40.550000Z,2024-07-23T16:14:37.583222Z,730.0,75b53a55e8,32,40,Female,Mixed,United States,United States,United States,English,No,Full-Time
669fd3f8244b8f558109eb96,662d017cd5d3a0ed42bfe339,APPROVED,Not Applicable,2024-07-23T16:02:14.821000Z,2024-07-23T16:32:43.484000Z,2024-07-23T19:44:40.825000Z,2024-07-23T16:32:43.997864Z,1829.0,75b53a55e8,185,61,Male,White,United States,United States,United States,English,No,Unemployed (and job seeking)
669fd40bf437d0e5ac8e0b36,61bb38a640db417c1a138ccb,APPROVED,Not Applicable,2024-07-23T16:02:25.410000Z,2024-07-23T16:12:38.665000Z,2024-07-23T19:44:41.081000Z,2024-07-23T16:12:39.353894Z,614.0,75b53a55e8,719,32,Male,White,United States,United States,United States,English,No,Full-Time
669fd4133f1d7f55e7526cfd,667d9f6cb0a23a8c0deb164c,APPROVED,Not Applicable,2024-07-23T16:03:19.722000Z,2024-07-23T16:37:52.899000Z,2024-07-23T19:44:41.363000Z,2024-07-23T16:39:45.478468Z,2074.0,75b53a55e8,10,40,Male,Black,United States,United States,United States,English,No,Other
669fd4241c533d7149c56f3c,667c6df57f8a0437c9960db3,APPROVED,Not Applicable,2024-07-23T16:02:53.260000Z,2024-07-23T16:24:35.167000Z,2024-07-23T19:44:41.652000Z,2024-07-23T16:24:35.812869Z,1302.0,75b53a55e8,0,26,Female,Other,United States,United States,United States,English,DATA_EXPIRED,DATA_EXPIRED
669fd4249deb28f1428e36f4,5efc7ce3a68c6601284caaf0,APPROVED,Not Applicable,2024-07-23T16:03:01.734000Z,2024-07-23T16:24:35.313000Z,2024-07-23T19:44:41.925000Z,2024-07-23T16:24:35.946337Z,1294.0,75b53a55e8,340,54,Female,White,United States,United States,United States,English,No,DATA_EXPIRED
669fd42aa9c8ed595037d7ee,6675ca2d3a5d06332571880e,RETURNED,Not Applicable,2024-07-23T16:02:55.244000Z,,,2024-09-06T15:57:01.524477Z,,,212,CONSENT_REVOKED,CONSENT_REVOKED,CONSENT_REVOKED,CONSENT_REVOKED,CONSENT_REVOKED,CONSENT_REVOKED,CONSENT_REVOKED,CONSENT_REVOKED,CONSENT_REVOKED
669fd42b7902bd757052836d,63d13cb81a0a88a3ce29e33f,APPROVED,Not Applicable,2024-07-23T16:02:59.281000Z,2024-07-23T16:21:28.900000Z,2024-07-23T19:44:42.235000Z,2024-07-23T16:21:32.141882Z,1110.0,75b53a55e8,3402,39,Male,White,United States,United States,United States,English,DATA_EXPIRED,DATA_EXPIRED
669fd42cb14f6cbe62b351b1,664b66887dfe21f3b0f26f19,APPROVED,Not Applicable,2024-07-23T16:03:05.596000Z,2024-07-23T16:36:22.159000Z,2024-07-23T19:44:42.558000Z,2024-07-23T16:36:22.888674Z,1997.0,75b53a55e8.,103,47,Male,Black,United States,United States,United States,English,DATA_EXPIRED,DATA_EXPIRED
669fd435b354b22a76a8bd73,60c382725a7a55abef2e8e99,APPROVED,Not Applicable,2024-07-23T16:03:07.508000Z,2024-07-23T16:21:01.471000Z,2024-07-23T19:44:42.869000Z,2024-07-23T16:21:08.595211Z,1074.0,75b53a55e8,4206,38,Female,White,United States,United States,United States,English,No,DATA_EXPIRED
669fd43ce42ec231ced8a5df,63d7e469c2a30fc463e06b5d,APPROVED,Not Applicable,2024-07-23T16:03:17.278000Z,2024-07-23T16:22:13.064000Z,2024-07-23T19:44:43.154000Z,2024-07-23T16:22:13.654178Z,1136.0,75b53a55e8,1479,41,Male,White,United States,United States,United States,English,No,DATA_EXPIRED
669fd43ead7dc1d1e492460a,659b47ca7fa14c73800c971f,TIMED-OUT,Not Applicable,2024-07-23T16:03:10.193000Z,,,2024-09-06T15:57:01.535135Z,3887632.0,,235,20,Female,Black,United States,United States,United States,English,Yes,Part-Time
669fd43f8e344dcc6170b610,5f2993920dddf60b87611e5c,APPROVED,Not Applicable,2024-07-23T16:03:18.714000Z,2024-07-23T16:19:03.931000Z,2024-07-23T19:44:43.430000Z,2024-07-23T16:19:05.694929Z,946.0,75b53a55e8,5395,28,Female,White,United States,United States,United States,English,No,Full-Time
669fd4487d7fe89a2e526d6b,650858b5122636b5b2aa8a9f,APPROVED,Not Applicable,2024-07-23T16:03:29.949000Z,2024-07-23T16:24:56.937000Z,2024-07-23T19:44:43.730000Z,2024-07-23T16:24:57.500141Z,1287.0,75b53a55e8,1349,25,Male,Other,United States,United States,United States,English,No,Full-Time
669fd4505f1611a93117ee3e,664a08c5a2c484ea3a7a7065,RETURNED,Not Applicable,2024-07-23T16:03:40.289000Z,,,2024-09-06T15:57:01.593477Z,,,300,CONSENT_REVOKED,CONSENT_REVOKED,CONSENT_REVOKED,CONSENT_REVOKED,CONSENT_REVOKED,CONSENT_REVOKED,CONSENT_REVOKED,CONSENT_REVOKED,CONSENT_REVOKED
669fd45124d9e61785fd0aef,5d2f46f4c30834001aeb5abc,RETURNED,Not Applicable,2024-07-23T16:03:33.406000Z,,,2024-09-06T15:57:01.538648Z,,,1880,CONSENT_REVOKED,CONSENT_REVOKED,CONSENT_REVOKED,CONSENT_REVOKED,CONSENT_REVOKED,CONSENT_REVOKED,CONSENT_REVOKED,CONSENT_REVOKED,CONSENT_REVOKED
669fd451a1ce85419bab0645,614e0000692b265cf52c1c45,APPROVED,Not Applicable,2024-07-23T16:03:39.054000Z,2024-07-23T16:39:30.277000Z,2024-07-23T19:44:44.005000Z,2024-07-23T16:40:14.810193Z,2152.0,75b53a55e8,1089,44,Female,White,United States,United States,United States,English,DATA_EXPIRED,DATA_EXPIRED
669fd45725d0dab74f872b87,6671eca6d06784748b51ba5f,RETURNED,Not Applicable,2024-07-23T16:03:45.244000Z,,,2024-09-06T15:57:01.515236Z,,,233,CONSENT_REVOKED,CONSENT_REVOKED,CONSENT_REVOKED,CONSENT_REVOKED,CONSENT_REVOKED,CONSENT_REVOKED,CONSENT_REVOKED,CONSENT_REVOKED,CONSENT_REVOKED
669fd459d29a348556c60271,6676098194c5426a29d80ff3,RETURNED,Not Applicable,2024-07-23T16:06:59.535000Z,,,2024-09-06T15:57:01.513865Z,,,327,CONSENT_REVOKED,CONSENT_REVOKED,CONSENT_REVOKED,CONSENT_REVOKED,CONSENT_REVOKED,CONSENT_REVOKED,CONSENT_REVOKED,CONSENT_REVOKED,CONSENT_REVOKED
669fd45ac54862a927f3f0d6,668c3f5b0a7418fedf682028,APPROVED,Not Applicable,2024-07-23T16:03:43.362000Z,2024-07-23T16:29:13.047000Z,2024-07-23T19:44:44.323000Z,2024-07-23T16:31:29.992820Z,1530.0,75b53a55e8,68,51,Female,White,United States,United States,United States,English,No,Other
669fd45cc93e1098912d7ddd,66460c4209bfe9f5f86de4a4,RETURNED,Not Applicable,2024-07-23T16:03:46.192000Z,,,2024-09-06T15:57:01.513764Z,,,181,CONSENT_REVOKED,CONSENT_REVOKED,CONSENT_REVOKED,CONSENT_REVOKED,CONSENT_REVOKED,CONSENT_REVOKED,CONSENT_REVOKED,CONSENT_REVOKED,CONSENT_REVOKED
669fd45f7350fa0878382198,664d9194e49497decd4a5536,APPROVED,Not Applicable,2024-07-23T16:10:13.771000Z,2024-07-23T16:33:26.857000Z,2024-07-23T19:44:44.612000Z,2024-07-23T16:33:27.529824Z,1394.0,CQEMTGNI,181,37,Male,White,United States,United States,United States,English,DATA_EXPIRED,Full-Time
669fd4627d17476702a1da26,669a6b81f02bfd8f73478036,RETURNED,Not Applicable,2024-07-23T16:03:54.279000Z,,,2024-09-06T15:57:01.525897Z,,,68,CONSENT_REVOKED,CONSENT_REVOKED,CONSENT_REVOKED,CONSENT_REVOKED,CONSENT_REVOKED,CONSENT_REVOKED,CONSENT_REVOKED,CONSENT_REVOKED,CONSENT_REVOKED
669fd4668875df6fc18134a9,66686bbc820c6387f8fc988b,APPROVED,Not Applicable,2024-07-23T16:04:03.527000Z,2024-07-23T16:38:12.632000Z,2024-07-23T19:44:44.942000Z,2024-07-23T16:39:50.544686Z,2050.0,75b53a55e8,138,41,Male,Black,Nigeria,United States,United States,English,No,DATA_EXPIRED
669fd46a82013e27255eeaf3,66311b6be5bf798369c7e2fd,APPROVED,Not Applicable,2024-07-23T16:04:03.794000Z,2024-07-23T16:18:37.632000Z,2024-07-23T19:44:45.267000Z,2024-07-23T16:18:52.780811Z,874.0,75b53a55e8,178,40,Male,Other,Mexico,United States,United States,English,No,DATA_EXPIRED
669fd46d3f400b212729ef03,6694209ae1dc368ec7a34277,RETURNED,Not Applicable,2024-07-23T16:04:10.851000Z,,,2024-09-06T15:57:01.523769Z,,,254,CONSENT_REVOKED,CONSENT_REVOKED,CONSENT_REVOKED,CONSENT_REVOKED,CONSENT_REVOKED,CONSENT_REVOKED,CONSENT_REVOKED,CONSENT_REVOKED,CONSENT_REVOKED
669fd470ebe269b280a790ae,5ab6cbbbf69e940001d8e446,APPROVED,Not Applicable,2024-07-23T16:04:17.720000Z,2024-07-23T17:02:20.672000Z,2024-07-23T19:44:45.581000Z,2024-07-23T17:02:21.357308Z,3483.0,75b53a55e8,1637,59,Female,White,United States,United States,United States,English,No,Full-Time
669fd47f48850bba80f39eb1,65e465d6d4ed60a18ce3a89b,TIMED-OUT,Not Applicable,2024-07-23T16:04:29.869000Z,,,2024-09-06T15:57:01.515123Z,3887552.0,,248,52,Female,Black,United States,United States,United States,English,DATA_EXPIRED,Full-Time
669fd47f492e371e92e1f929,66912db9aab6a79693f3d751,APPROVED,Not Applicable,2024-07-23T16:08:41.830000Z,2024-07-23T16:48:17.630000Z,2024-07-23T19:44:45.867000Z,2024-07-23T16:50:42.465128Z,2376.0,75b53a55e8,11,39,Female,Black,Nigeria,United States,United States,English,DATA_EXPIRED,DATA_EXPIRED
669fd48299e7228b15a370d5,6681c8be37692ab271e01d76,APPROVED,Not Applicable,2024-07-23T16:04:23.988000Z,2024-07-23T16:23:28.498000Z,2024-07-23T19:44:46.196000Z,2024-07-23T16:23:31.595759Z,1145.0,75b53a55e8,139,48,Female,White,United States,United States,United States,English,No,DATA_EXPIRED
669fd48b8c5207acd6009166,663e55eb0dead5d035f3b76e,RETURNED,Not Applicable,2024-07-23T16:04:37.712000Z,,,2024-09-06T15:57:01.576832Z,,,433,CONSENT_REVOKED,CONSENT_REVOKED,CONSENT_REVOKED,CONSENT_REVOKED,CONSENT_REVOKED,CONSENT_REVOKED,CONSENT_REVOKED,CONSENT_REVOKED,CONSENT_REVOKED
669fd48ba0cd1fb35a0d9b0d,5e74ff093115e00576f0187c,APPROVED,Not Applicable,2024-07-23T16:08:05.554000Z,2024-07-23T16:44:28.545000Z,2024-07-23T19:44:46.517000Z,2024-07-23T16:44:29.298432Z,2183.0,75b53a55e8,2086,36,Male,White,United States,United States,United States,English,Yes,Full-Time
669fd48f27836cec4abeb85a,5dd7df0541fb3f77aee1a608,RETURNED,Not Applicable,2024-07-23T16:04:40.683000Z,,,2024-09-06T15:57:01.537569Z,,,772,CONSENT_REVOKED,CONSENT_REVOKED,CONSENT_REVOKED,CONSENT_REVOKED,CONSENT_REVOKED,CONSENT_REVOKED,CONSENT_REVOKED,CONSENT_REVOKED,CONSENT_REVOKED
669fd496306e1739305584b8,669022fca44c3d22d5cdee50,APPROVED,Not Applicable,2024-07-23T16:04:45.732000Z,2024-07-23T16:25:51.830000Z,2024-07-23T19:44:46.842000Z,2024-07-23T16:25:56.622744Z,1267.0,75b53a55e8,29,53,Male,White,United States,United States,United States,English,DATA_EXPIRED,Full-Time
669fd497e50ae655aec42ffb,660457811031756e85deff18,RETURNED,Not Applicable,2024-07-23T16:04:43.412000Z,,,2024-09-06T15:57:01.591501Z,,,604,CONSENT_REVOKED,CONSENT_REVOKED,CONSENT_REVOKED,CONSENT_REVOKED,CONSENT_REVOKED,CONSENT_REVOKED,CONSENT_REVOKED,CONSENT_REVOKED,CONSENT_REVOKED
669fd4993f400b212729ef13,667eec6cb42482f576981a55,RETURNED,Not Applicable,2024-07-23T16:10:48.081000Z,2024-07-23T16:12:08.756000Z,,2024-09-06T15:57:01.592184Z,,NOCODE,109,CONSENT_REVOKED,CONSENT_REVOKED,CONSENT_REVOKED,CONSENT_REVOKED,CONSENT_REVOKED,CONSENT_REVOKED,CONSENT_REVOKED,CONSENT_REVOKED,CONSENT_REVOKED
669fd49b7d7fe89a2e526d84,669b5e977cae482393aec431,APPROVED,Not Applicable,2024-07-23T16:04:58.027000Z,2024-07-23T16:38:06.663000Z,2024-07-23T19:44:47.153000Z,2024-07-23T16:39:49.791095Z,1989.0,75b53a55e8,3,46,Male,White,United States,United States,United States,English,No,Full-Time
669fd49e5a49668ea43d4684,5fefcd8bcb7697388a32d497,TIMED-OUT,Not Applicable,2024-07-23T16:04:48.884000Z,,,2024-09-06T15:57:01.598943Z,3887533.0,,38,30,Female,White,United States,United States,United States,English,No,DATA_EXPIRED
669fd49f952602252020388e,6658b26a8285db4a5d44b992,APPROVED,Not Applicable,2024-07-23T16:04:57.771000Z,2024-07-23T16:13:03.142000Z,2024-07-23T19:44:47.471000Z,2024-07-23T16:13:04.183562Z,486.0,75b53a55e8,293,26,Male,White,United States,United States,United States,English,No,Full-Time
669fd4a0e36bd7b7187d6243,6310a8e72d2a091bb08a0c97,RETURNED,Not Applicable,2024-07-23T16:07:30.910000Z,,,2024-09-06T15:57:01.635136Z,,,767,CONSENT_REVOKED,CONSENT_REVOKED,CONSENT_REVOKED,CONSENT_REVOKED,CONSENT_REVOKED,CONSENT_REVOKED,CONSENT_REVOKED,CONSENT_REVOKED,CONSENT_REVOKED
669fd4a988e1f2f1e9c08f3c,5e12d9cd6aab7c91e02929a1,RETURNED,Not Applicable,2024-07-23T16:15:00.941000Z,,,2024-09-06T15:57:01.637607Z,,,130,CONSENT_REVOKED,CONSENT_REVOKED,CONSENT_REVOKED,CONSENT_REVOKED,CONSENT_REVOKED,CONSENT_REVOKED,CONSENT_REVOKED,CONSENT_REVOKED,CONSENT_REVOKED
669fd4aafe1468052589af7a,665dad37740a458b78ae5c71,RETURNED,Not Applicable,2024-07-23T16:05:02.273000Z,,,2024-09-06T15:57:01.643235Z,,,175,CONSENT_REVOKED,CONSENT_REVOKED,CONSENT_REVOKED,CONSENT_REVOKED,CONSENT_REVOKED,CONSENT_REVOKED,CONSENT_REVOKED,CONSENT_REVOKED,CONSENT_REVOKED
669fd4aca9676348edd93f48,5b012b19293d310001023590,APPROVED,Not Applicable,2024-07-23T16:05:03.442000Z,2024-07-23T16:50:57.047000Z,2024-07-23T19:44:47.780000Z,2024-07-23T16:51:33.344159Z,2754.0,75b53a55e8,1753,33,Male,White,United States,United States,United States,English,DATA_EXPIRED,DATA_EXPIRED
669fd4b3f7598bfa08ae7353,6612802157c4cf86466e86ca,RETURNED,Not Applicable,2024-07-23T16:05:17.319000Z,,,2024-09-06T15:57:01.641851Z,,,370,CONSENT_REVOKED,CONSENT_REVOKED,CONSENT_REVOKED,CONSENT_REVOKED,CONSENT_REVOKED,CONSENT_REVOKED,CONSENT_REVOKED,CONSENT_REVOKED,CONSENT_REVOKED
669fd4c42e66d48e4023d83d,610312fb9269197fc881012d,APPROVED,Not Applicable,2024-07-23T16:06:08.876000Z,2024-07-23T16:30:59.900000Z,2024-07-23T19:44:48.102000Z,2024-07-23T16:31:46.147054Z,1492.0,75b53a55e8,92,26,Male,Other,United States,United States,United States,English,Yes,Unemployed (and job seeking)
669fd4ccf93a18826157cce9,5f17821d53d8590009cfc951,APPROVED,Not Applicable,2024-07-23T16:05:35.630000Z,2024-07-23T16:16:57.688000Z,2024-07-23T19:44:48.411000Z,2024-07-23T16:18:22.627234Z,683.0,75b53a55e8,7142,36,Male,White,United States,United States,United States,English,DATA_EXPIRED,DATA_EXPIRED
669fd4ce397bcd9f9c7d6197,59c96ffd21454d000194c258,RETURNED,Not Applicable,2024-07-23T16:05:49.006000Z,,,2024-09-06T15:57:01.644308Z,,,478,CONSENT_REVOKED,CONSENT_REVOKED,CONSENT_REVOKED,CONSENT_REVOKED,CONSENT_REVOKED,CONSENT_REVOKED,CONSENT_REVOKED,CONSENT_REVOKED,CONSENT_REVOKED
669fd4cf7d17476702a1da43,6674eefd504b2b1f23e17996,RETURNED,Not Applicable,2024-07-23T16:05:42.568000Z,,,2024-09-06T15:57:01.706878Z,,,305,CONSENT_REVOKED,CONSENT_REVOKED,CONSENT_REVOKED,CONSENT_REVOKED,CONSENT_REVOKED,CONSENT_REVOKED,CONSENT_REVOKED,CONSENT_REVOKED,CONSENT_REVOKED
669fd4d790306c01b56a47b4,62e185484154c451882a8a3d,APPROVED,Not Applicable,2024-07-23T16:05:53.390000Z,2024-07-23T16:25:47.062000Z,2024-07-23T19:44:48.731000Z,2024-07-23T16:25:49.247560Z,1194.0,75b53a55e8,446,26,Male,White,United States,United States,United States,English,No,Full-Time
669fd4dcfa22d83e3419bea7,5ecbdce8315a12063a7997c8,RETURNED,Not Applicable,2024-07-23T16:05:57.266000Z,,,2024-09-06T15:57:01.660144Z,,,474,CONSENT_REVOKED,CONSENT_REVOKED,CONSENT_REVOKED,CONSENT_REVOKED,CONSENT_REVOKED,CONSENT_REVOKED,CONSENT_REVOKED,CONSENT_REVOKED,CONSENT_REVOKED
669fd4e11ad284586be1f927,5b197b8088ee7400012ae154,RETURNED,Not Applicable,2024-07-23T16:05:57.006000Z,,,2024-09-06T15:57:01.653250Z,,,5107,CONSENT_REVOKED,CONSENT_REVOKED,CONSENT_REVOKED,CONSENT_REVOKED,CONSENT_REVOKED,CONSENT_REVOKED,CONSENT_REVOKED,CONSENT_REVOKED,CONSENT_REVOKED
669fd4e507aab373eb19be8a,66590a760980b63fc8fdd599,APPROVED,Not Applicable,2024-07-23T16:07:30.203000Z,2024-07-23T16:24:30.759000Z,2024-07-23T19:44:49.228000Z,2024-07-23T16:24:31.471790Z,1021.0,75b53a55e8,188,23,Female,White,United States,United States,United States,English,Yes,DATA_EXPIRED
669fd4e8f437d0e5ac8e0b79,614e2446523bb49af662fb62,APPROVED,Not Applicable,2024-07-23T16:06:03.398000Z,2024-07-23T16:18:12.641000Z,2024-07-23T19:44:49.497000Z,2024-07-23T16:18:45.602301Z,730.0,75b53a55e8,4271,31,Male,White,United States,United States,United States,English,No,Full-Time
669fd4f50ef42ea36fead2cd,663b911b5f8a5f3f42047bba,APPROVED,Not Applicable,2024-07-23T16:06:22.378000Z,2024-07-23T16:30:06.979000Z,2024-07-23T19:44:49.739000Z,2024-07-23T16:31:38.789279Z,1425.0,75b53a55e8,335,34,Female,White,United States,United States,United States,English,No,Full-Time
669fd4f71960d3f0b4547de4,663a5d661ed4808f1718ca10,APPROVED,Not Applicable,2024-07-23T16:06:19.792000Z,2024-07-23T16:22:52.642000Z,2024-07-23T19:44:50.037000Z,2024-07-23T16:22:54.377290Z,993.0,75b53a55e8,239,30,Female,White,United States,United States,United States,English,No,Full-Time
669fd4f8a2297cbaff612b4a,664c80259fddfcf61d6aea62,APPROVED,Not Applicable,2024-07-23T16:06:24.425000Z,2024-07-23T17:23:22.231000Z,2024-07-23T19:44:50.352000Z,2024-07-23T17:23:53.787263Z,4618.0,75b53a55e8,71,39,Male,Black,United States,United States,United States,English,No,Full-Time
669fd4fa2db4b4e4414b038b,666e21db1a31f3c82021c9af,RETURNED,Not Applicable,2024-07-23T16:06:37.231000Z,,,2024-09-06T15:57:01.652944Z,,,165,CONSENT_REVOKED,CONSENT_REVOKED,CONSENT_REVOKED,CONSENT_REVOKED,CONSENT_REVOKED,CONSENT_REVOKED,CONSENT_REVOKED,CONSENT_REVOKED,CONSENT_REVOKED
669fd4fdc8f8db0e7210ea79,665b7036c2815b2a785051f4,APPROVED,Not Applicable,2024-07-23T16:06:34.302000Z,2024-07-23T16:25:43.364000Z,2024-07-23T19:44:50.653000Z,2024-07-23T16:25:44.053182Z,1150.0,75b53a55e8,82,26,Female,Other,United States,United States,United States,English,No,Unemployed (and job seeking)
669fd501258c3f58554d305f,60632b562ed6028c6bb905a6,RETURNED,Not Applicable,2024-07-23T16:08:03.601000Z,,,2024-09-06T15:57:01.657997Z,,,5750,CONSENT_REVOKED,CONSENT_REVOKED,CONSENT_REVOKED,CONSENT_REVOKED,CONSENT_REVOKED,CONSENT_REVOKED,CONSENT_REVOKED,CONSENT_REVOKED,CONSENT_REVOKED
669fd5026a2c3b8cedbeb823,669190792875de11fdaa08ca,APPROVED,Not Applicable,2024-07-23T16:06:32.543000Z,2024-07-23T16:20:25.030000Z,2024-07-23T19:44:50.951000Z,2024-07-23T16:20:25.903619Z,833.0,75b53a55e8,18,19,Female,White,United States,United States,United States,English,Yes,Unemployed (and job seeking)
669fd503023cc3653d3bb8cd,668c88b07b2178a2ead02f1f,APPROVED,Not Applicable,2024-07-23T16:06:32.501000Z,2024-07-23T16:28:10.509000Z,2024-07-23T19:44:51.221000Z,2024-07-23T16:31:14.869343Z,1299.0,75b53a55e8,103,50,Male,White,United States,United States,United States,English,No,Unemployed (and job seeking)
669fd504a0cd1fb35a0d9b2a,666cf5a1910d898a3ee3bb73,APPROVED,Not Applicable,2024-07-23T16:10:13.295000Z,2024-07-23T16:21:04.381000Z,2024-07-23T19:44:51.496000Z,2024-07-23T16:21:10.701405Z,652.0,75b53a55e8,149,31,Male,White,United States,United States,United States,English,No,"Not in paid work (e.g. homemaker', 'retired or disabled)"
669fd50c46c836a404f3fa34,641361951f32a46c07479b33,RETURNED,Not Applicable,2024-07-23T16:06:41.611000Z,,,2024-09-06T15:57:01.657459Z,,,3255,CONSENT_REVOKED,CONSENT_REVOKED,CONSENT_REVOKED,CONSENT_REVOKED,CONSENT_REVOKED,CONSENT_REVOKED,CONSENT_REVOKED,CONSENT_REVOKED,CONSENT_REVOKED
669fd50fe0fa221332d8a6cd,6696bb6f739673bcf52b24d4,APPROVED,Not Applicable,2024-07-23T16:06:44.938000Z,2024-07-23T16:29:26.633000Z,2024-07-23T19:44:51.820000Z,2024-07-23T16:31:32.525805Z,1362.0,75b53a55e8,2,34,Female,Black,United States,United States,United States,English,No,Full-Time
669fd516023cc3653d3bb8d3,665f69cd70e8c082c51c8ffb,APPROVED,Not Applicable,2024-07-23T16:07:06.742000Z,2024-07-23T16:46:26.726000Z,2024-07-23T19:44:52.323000Z,2024-07-23T16:46:27.377427Z,2360.0,75b53a55e8,131,29,Female,White,United States,United States,United States,Esperanto,No,"Not in paid work (e.g. homemaker', 'retired or disabled)"
669fd51a6cf3ab6958203816,5d5dc2d37bfc8400013b653c,APPROVED,Not Applicable,2024-07-23T16:06:58.822000Z,2024-07-23T16:52:19.734000Z,2024-07-23T19:44:52.668000Z,2024-07-23T16:52:20.371790Z,2721.0,75b53a55e8,1698,23,Female,White,United States,United States,United States,English,No,Unemployed (and job seeking)
669fd5250346ae960fb4356e,6659faf2f7bbb47f4645a99a,APPROVED,Not Applicable,2024-07-23T16:07:04.425000Z,2024-07-23T16:18:13.344000Z,2024-07-23T19:44:53.124000Z,2024-07-23T16:18:45.894437Z,669.0,75b53a55e8,266,24,Male,White,United States,United States,United States,English,No,Unemployed (and job seeking)
669fd5260ef42ea36fead2da,5f4eb642ce413e0ecc88e227,APPROVED,Not Applicable,2024-07-23T16:07:08.203000Z,2024-07-23T16:18:23.252000Z,2024-07-23T19:44:53.460000Z,2024-07-23T16:18:50.390869Z,676.0,75b53a55e8,812,34,Male,Mixed,United States,United States,United States,English,No,"Not in paid work (e.g. homemaker', 'retired or disabled)"
669fd5325a49668ea43d46ac,662306576d19f13c6518f399,APPROVED,Not Applicable,2024-07-23T16:07:20.844000Z,2024-07-23T16:30:28.762000Z,2024-07-23T19:44:53.748000Z,2024-07-23T16:31:41.752553Z,1388.0,75b53a55e8,121,29,Male,Asian,Pakistan,United States,United States,Urdu,No,Full-Time
669fd5348f4209d1de9a99ba,6631a603f13fd9060d28f5b8,RETURNED,Not Applicable,2024-07-23T16:07:21.555000Z,,,2024-09-06T15:57:01.676422Z,,,391,CONSENT_REVOKED,CONSENT_REVOKED,CONSENT_REVOKED,CONSENT_REVOKED,CONSENT_REVOKED,CONSENT_REVOKED,CONSENT_REVOKED,CONSENT_REVOKED,CONSENT_REVOKED
669fd540b14f6cbe62b351e8,6691921f35e52ca9b2b0f6b3,APPROVED,Not Applicable,2024-07-23T16:07:46.034000Z,2024-07-23T16:34:09.141000Z,2024-07-23T19:44:54.092000Z,2024-07-23T16:34:09.672875Z,1584.0,75b3a55e8,20,49,Female,Other,United States,United States,United States,English,No,DATA_EXPIRED
669fd547aab7d519a2b9090b,66472a03650f9441b8f815d9,APPROVED,Not Applicable,2024-07-23T16:07:39.485000Z,2024-07-23T16:19:06.954000Z,2024-07-23T19:44:54.409000Z,2024-07-23T16:19:07.517151Z,688.0,75b53a55e8,401,35,Male,White,United States,United States,United States,English,Yes,Full-Time
669fd549bcff4aaf344d3015,66571b37f48632772ecf614e,APPROVED,Not Applicable,2024-07-23T16:07:41.514000Z,2024-07-23T16:26:25.964000Z,2024-07-23T19:44:54.744000Z,2024-07-23T16:29:08.833943Z,1125.0,75b53a55e8,38,30,Female,Black,United States,United States,United States,English,No,Part-Time
669fd54cd283e23e8845e064,664a85285a37ffaabc5b0205,APPROVED,Not Applicable,2024-07-23T16:07:45.433000Z,2024-07-23T16:19:55.201000Z,2024-07-23T19:44:55.104000Z,2024-07-23T16:19:56.012838Z,730.0,75b53a55e8,32,38,Female,White,United States,United States,United States,English,Yes,"Not in paid work (e.g. homemaker', 'retired or disabled)"
669fd54d9ee6408b3ed93f88,66542443886956553bdc4a9c,APPROVED,Not Applicable,2024-07-23T16:07:49.063000Z,2024-07-23T16:56:15.623000Z,2024-07-23T19:44:55.461000Z,2024-07-23T16:56:17.630952Z,2907.0,75b53a55e8,282,29,Female,Black,United States,United States,United States,English,No,Other
669fd55b3f400b212729ef49,5c6cb61a06c8f600012d1b9e,RETURNED,Not Applicable,2024-07-23T16:07:59.569000Z,,,2024-09-06T15:57:01.666125Z,,,353,CONSENT_REVOKED,CONSENT_REVOKED,CONSENT_REVOKED,CONSENT_REVOKED,CONSENT_REVOKED,CONSENT_REVOKED,CONSENT_REVOKED,CONSENT_REVOKED,CONSENT_REVOKED
669fd55d244b8f558109ebcd,5eac686d82cc012af1e953c7,APPROVED,Not Applicable,2024-07-23T16:08:01.553000Z,2024-07-23T16:21:05.802000Z,2024-07-23T19:44:55.787000Z,2024-07-23T16:21:11.425769Z,785.0,75b53a55e8,4393,57,Male,White,United States,United States,United States,English,No,"Not in paid work (e.g. homemaker', 'retired or disabled)"
669fd55e19708fec2a36c79e,65c15c9211b94e3be638e5c5,APPROVED,Not Applicable,2024-07-23T16:09:06.302000Z,2024-07-23T16:41:30.186000Z,2024-07-23T19:44:56.135000Z,2024-07-23T16:41:30.863442Z,1944.0,75b53a55e8,119,33,Female,Black,United States,United States,United States,English,No,Full-Time
669fd5637a8b12e031189ab9,6612ed7c0660c41bcfc3def8,APPROVED,Not Applicable,2024-07-23T16:08:09.343000Z,2024-07-23T16:21:58.079000Z,2024-07-23T19:44:56.502000Z,2024-07-23T16:21:58.651496Z,829.0,75b53a55e8,79,19,Female,Asian,United States,United States,United States,English,Yes,"Not in paid work (e.g. homemaker', 'retired or disabled)"
669fd56756f23c1a7cc9a200,669ee05e6168e7631c1bc80f,RETURNED,Not Applicable,2024-07-23T16:08:36.915000Z,,,2024-09-06T15:57:01.664671Z,,,14,CONSENT_REVOKED,CONSENT_REVOKED,CONSENT_REVOKED,CONSENT_REVOKED,CONSENT_REVOKED,CONSENT_REVOKED,CONSENT_REVOKED,CONSENT_REVOKED,CONSENT_REVOKED
669fd56a95260225202038d5,65d232164c0ed9a3b7ae020f,RETURNED,Not Applicable,2024-07-23T16:09:29.426000Z,,,2024-09-06T15:57:01.666203Z,,,250,CONSENT_REVOKED,CONSENT_REVOKED,CONSENT_REVOKED,CONSENT_REVOKED,CONSENT_REVOKED,CONSENT_REVOKED,CONSENT_REVOKED,CONSENT_REVOKED,CONSENT_REVOKED
669fd56f022ff88b39c08f84,669a3e708e13448646508532,APPROVED,Not Applicable,2024-07-23T16:09:04.734000Z,2024-07-23T16:50:56.613000Z,2024-07-23T19:44:56.827000Z,2024-07-23T16:51:33.165223Z,2512.0,75b53a55e8,10,34,Male,Black,United States,United States,United States,English,DATA_EXPIRED,Full-Time
669fd570fa797c2f11831906,610b64dc95ff0ef5b5b9ac6b,RETURNED,Not Applicable,2024-07-23T16:08:23.455000Z,,,2024-09-06T15:57:01.668792Z,,,1734,CONSENT_REVOKED,CONSENT_REVOKED,CONSENT_REVOKED,CONSENT_REVOKED,CONSENT_REVOKED,CONSENT_REVOKED,CONSENT_REVOKED,CONSENT_REVOKED,CONSENT_REVOKED
669fd5787d7fe89a2e526dd0,6632a3b5ee60e7692fd50a7a,APPROVED,Not Applicable,2024-07-23T16:08:31.186000Z,2024-07-23T16:38:46.759000Z,2024-07-23T19:44:57.767000Z,2024-07-23T16:40:01.246800Z,1816.0,75b53a55e8,347,54,Female,White,United States,United States,United States,English,No,"Not in paid work (e.g. homemaker', 'retired or disabled)"
669fd57924847e885b7af994,66294535a72655a6fd869832,RETURNED,Not Applicable,2024-07-23T16:08:30.520000Z,,,2024-09-06T15:57:01.669324Z,,,519,CONSENT_REVOKED,CONSENT_REVOKED,CONSENT_REVOKED,CONSENT_REVOKED,CONSENT_REVOKED,CONSENT_REVOKED,CONSENT_REVOKED,CONSENT_REVOKED,CONSENT_REVOKED
669fd57e7902bd75705283be,5f3f0938d81eba1e56fa6f93,APPROVED,Not Applicable,2024-07-23T16:08:37.165000Z,2024-07-23T16:37:30.569000Z,2024-07-23T19:44:58.122000Z,2024-07-23T16:39:39.030789Z,1734.0,75b53a55e8,3309,42,Male,White,United States,United States,United States,English,DATA_EXPIRED,DATA_EXPIRED
669fd5823efbe7d034297429,6636326b32e67b36e7aa5751,APPROVED,Not Applicable,2024-07-23T16:08:44.883000Z,2024-07-23T16:40:08.669000Z,2024-07-23T19:44:58.444000Z,2024-07-23T16:40:37.533539Z,1884.0,75b53a55e8,124,32,Male,White,United States,United States,United States,English,No,Full-Time
669fd5856af374700937d6af,657890ac2c4211e7573f1069,APPROVED,Not Applicable,2024-07-23T16:08:42.587000Z,2024-07-23T16:37:29.320000Z,2024-07-23T19:44:58.762000Z,2024-07-23T16:39:38.620817Z,1727.0,75b53a55e8,240,39,Female,Black,United States,United States,United States,English,No,Part-Time
669fd586d29a348556c602bb,5db753692a16b8000b4d44f6,APPROVED,Not Applicable,2024-07-23T16:08:44.406000Z,2024-07-23T16:22:50.527000Z,2024-07-23T19:44:59.084000Z,2024-07-23T16:22:52.495467Z,847.0,75b53a55e8,3445,25,Male,White,United States,United States,United States,English,No,Full-Time
669fd587e36bd7b7187d628c,667fe43cef0f5f1be3b11c4b,APPROVED,Not Applicable,2024-07-23T16:08:44.502000Z,2024-07-23T16:36:17.748000Z,2024-07-23T19:44:59.379000Z,2024-07-23T16:36:18.603273Z,1654.0,75b53a55e8,7,23,Male,White,United States,United States,United States,English,Yes,Full-Time
669fd589fa22d83e3419becc,5f4a5b3dccae1c5e215cfe3e,APPROVED,Not Applicable,2024-07-23T16:08:52.286000Z,2024-07-23T16:19:05.942000Z,2024-07-23T19:44:59.704000Z,2024-07-23T16:19:06.846023Z,614.0,75b53a55e8,1370,30,Female,White,United States,United States,United States,English,No,Unemployed (and job seeking)
669fd58acd79d73f02cbb034,6687809c4db12ef8f405c6ee,RETURNED,Not Applicable,2024-07-23T16:08:46.047000Z,,,2024-09-06T15:57:01.671707Z,,,243,CONSENT_REVOKED,CONSENT_REVOKED,CONSENT_REVOKED,CONSENT_REVOKED,CONSENT_REVOKED,CONSENT_REVOKED,CONSENT_REVOKED,CONSENT_REVOKED,CONSENT_REVOKED
669fd58bbf2d14185c451861,5e3040a2d1a553000cc9147b,APPROVED,Not Applicable,2024-07-23T16:08:47.642000Z,2024-07-23T16:37:57.873000Z,2024-07-23T19:45:00.014000Z,2024-07-23T16:39:47.315401Z,1751.0,75b53a55e8,4320,41,Male,White,United States,United States,United States,English,No,Full-Time
669fd59025d0dab74f872bee,6366cf2fcdf32555ba896463,APPROVED,Not Applicable,2024-07-23T16:08:55.827000Z,2024-07-23T16:37:03.062000Z,2024-07-23T19:45:00.342000Z,2024-07-23T16:39:28.605576Z,1688.0,75b53a55e8.,1670,25,Male,Black,United States,United States,United States,English,Yes,Full-Time
669fd59261f34b71ec02745f,65a91d4a92194759e6a7597c,RETURNED,Not Applicable,2024-07-23T16:16:39.173000Z,,,2024-09-06T15:57:01.673276Z,,,393,CONSENT_REVOKED,CONSENT_REVOKED,CONSENT_REVOKED,CONSENT_REVOKED,CONSENT_REVOKED,CONSENT_REVOKED,CONSENT_REVOKED,CONSENT_REVOKED,CONSENT_REVOKED
669fd597049940dba0547358,6686e72b762ad26de146f4db,RETURNED,Not Applicable,2024-07-23T16:09:04.090000Z,,,2024-09-06T15:57:01.677540Z,,,190,CONSENT_REVOKED,CONSENT_REVOKED,CONSENT_REVOKED,CONSENT_REVOKED,CONSENT_REVOKED,CONSENT_REVOKED,CONSENT_REVOKED,CONSENT_REVOKED,CONSENT_REVOKED
669fd5987c94e3ce1da79144,5dbe5d44aab19f35c5459b57,RETURNED,Not Applicable,2024-07-23T16:09:00.159000Z,2024-07-23T16:34:32.815000Z,,2024-09-06T15:57:01.678697Z,,NOCODE,4120,CONSENT_REVOKED,CONSENT_REVOKED,CONSENT_REVOKED,CONSENT_REVOKED,CONSENT_REVOKED,CONSENT_REVOKED,CONSENT_REVOKED,CONSENT_REVOKED,CONSENT_REVOKED
669fd599e9fb573a9a872bda,5ac43704a3ba7a0001b498b4,APPROVED,Not Applicable,2024-07-23T16:09:06.868000Z,2024-07-23T16:29:57.318000Z,2024-07-23T19:45:00.666000Z,2024-07-23T16:31:35.756060Z,1251.0,75b53a55e8,1994,55,Female,White,United States,United States,United States,English,DATA_EXPIRED,Full-Time
669fd59d403772716aff1b9f,603421c858a3bd213d7c24b2,RETURNED,Not Applicable,2024-07-23T16:09:06.343000Z,,,2024-09-06T15:57:01.711308Z,,,2208,CONSENT_REVOKED,CONSENT_REVOKED,CONSENT_REVOKED,CONSENT_REVOKED,CONSENT_REVOKED,CONSENT_REVOKED,CONSENT_REVOKED,CONSENT_REVOKED,CONSENT_REVOKED
669fd5a00346e71fc84d7297,669ed868dcdb63e0d6d82ab1,RETURNED,Not Applicable,2024-07-23T16:09:10.622000Z,,,2024-09-06T15:57:01.684163Z,,,69,CONSENT_REVOKED,CONSENT_REVOKED,CONSENT_REVOKED,CONSENT_REVOKED,CONSENT_REVOKED,CONSENT_REVOKED,CONSENT_REVOKED,CONSENT_REVOKED,CONSENT_REVOKED
669fd5a076ede0e213a3ced6,65cd682fe1bae130ba2a97bb,APPROVED,Not Applicable,2024-07-23T16:09:12.488000Z,2024-07-23T16:23:07.995000Z,2024-07-23T19:45:00.984000Z,2024-07-23T16:23:09.573813Z,836.0,75b53a55e8,206,24,Female,Asian,United States,United States,United States,English,Yes,Part-Time
669fd5a17a8b12e031189ad2,663275876de1bd5e86d04517,RETURNED,Not Applicable,2024-07-23T16:09:14.373000Z,,,2024-09-06T15:57:01.684927Z,,,370,CONSENT_REVOKED,CONSENT_REVOKED,CONSENT_REVOKED,CONSENT_REVOKED,CONSENT_REVOKED,CONSENT_REVOKED,CONSENT_REVOKED,CONSENT_REVOKED,CONSENT_REVOKED
669fd5a4cd79d73f02cbb041,63c09c62d1b2a93890da320b,APPROVED,Not Applicable,2024-07-23T16:09:44.027000Z,2024-07-23T17:06:57.697000Z,2024-07-23T19:45:01.312000Z,2024-07-23T17:07:22.221950Z,3434.0,75b53a55e8,1581,49,Male,White,United States,United States,United States,English,Yes,Full-Time
669fd5a5f86d0ae8406a4849,655f8e46111e1df6951e1ede,RETURNED,Not Applicable,2024-07-23T16:09:18.909000Z,,,2024-09-06T15:57:01.686402Z,,,1715,CONSENT_REVOKED,CONSENT_REVOKED,CONSENT_REVOKED,CONSENT_REVOKED,CONSENT_REVOKED,CONSENT_REVOKED,CONSENT_REVOKED,CONSENT_REVOKED,CONSENT_REVOKED
669fd5a6098616e454a370e8,62fb84322433c8d7e890a145,RETURNED,Not Applicable,2024-07-23T16:09:15.506000Z,,,2024-09-06T15:57:01.687181Z,,,4617,CONSENT_REVOKED,CONSENT_REVOKED,CONSENT_REVOKED,CONSENT_REVOKED,CONSENT_REVOKED,CONSENT_REVOKED,CONSENT_REVOKED,CONSENT_REVOKED,CONSENT_REVOKED
669fd5a725129ac3f4c35ac3,66451cf935a985828f197f7e,REJECTED,Not Applicable,2024-07-23T16:11:29.051000Z,2024-07-23T16:15:12.280000Z,2024-07-23T19:42:29.511000Z,2024-09-06T15:57:01.695182Z,224.0,CKIDWEQ6,231,CONSENT_REVOKED,CONSENT_REVOKED,CONSENT_REVOKED,CONSENT_REVOKED,CONSENT_REVOKED,CONSENT_REVOKED,CONSENT_REVOKED,CONSENT_REVOKED,CONSENT_REVOKED
669fd5a76b64d7dd0729f04a,59a1ddac5dfd6b000152601f,APPROVED,Not Applicable,2024-07-23T16:09:11.482000Z,2024-07-23T16:52:34.450000Z,2024-07-23T19:45:01.645000Z,2024-07-23T16:52:41.804076Z,2603.0,75b53a55e8,2722,37,Male,White,United States,United States,United States,English,DATA_EXPIRED,DATA_EXPIRED
669fd5a9f638a6cfd8a08d1a,6443ebb84fc33e703937a6f9,APPROVED,Not Applicable,2024-07-23T16:09:50.672000Z,2024-07-23T17:22:53.310000Z,2024-07-23T19:45:01.945000Z,2024-07-23T17:23:45.179764Z,4383.0,75b53a55e8,1420,49,Female,Black,United States,United States,United States,English,Yes,Full-Time
669fd5aacd946967e93d46cd,63ea5b93d1c6d38e1f57dcfa,RETURNED,Not Applicable,2024-07-23T16:09:14.352000Z,,,2024-09-06T15:57:01.694047Z,,,2476,CONSENT_REVOKED,CONSENT_REVOKED,CONSENT_REVOKED,CONSENT_REVOKED,CONSENT_REVOKED,CONSENT_REVOKED,CONSENT_REVOKED,CONSENT_REVOKED,CONSENT_REVOKED
669fd5aae06feceb733f0b41,66801385d64e84c5a11a4b29,APPROVED,Not Applicable,2024-07-23T16:09:22.438000Z,2024-07-23T16:37:55.895000Z,2024-07-23T19:45:02.275000Z,2024-07-23T16:39:46.526837Z,1714.0,7446fttr4553,7,28,Male,Black,United States,United States,United States,English,Yes,Full-Time
669fd5acd87249f3205d0909,6310d1ed7f4d3049ba540f3c,RETURNED,Not Applicable,2024-07-23T16:09:23.054000Z,,,2024-09-06T15:57:01.692302Z,,,4600,CONSENT_REVOKED,CONSENT_REVOKED,CONSENT_REVOKED,CONSENT_REVOKED,CONSENT_REVOKED,CONSENT_REVOKED,CONSENT_REVOKED,CONSENT_REVOKED,CONSENT_REVOKED
669fd5ad36498a8d8f8a2e1b,669ebf34e2e2ab2764a0ddad,RETURNED,Not Applicable,2024-07-23T16:09:22.793000Z,,,2024-09-06T15:57:01.696642Z,,,77,CONSENT_REVOKED,CONSENT_REVOKED,CONSENT_REVOKED,CONSENT_REVOKED,CONSENT_REVOKED,CONSENT_REVOKED,CONSENT_REVOKED,CONSENT_REVOKED,CONSENT_REVOKED
669fd5ae1c533d7149c56fa3,58472149000f1000010ebc53,APPROVED,Not Applicable,2024-07-23T16:09:25.204000Z,2024-07-23T16:28:19.484000Z,2024-07-23T19:45:02.578000Z,2024-07-23T16:31:16.616673Z,1135.0,75b53a55e8,4746,47,Male,White,United States,United States,United States,English,DATA_EXPIRED,DATA_EXPIRED
669fd5afd9d73596b9a39517,669bc4fac660050fe618849a,APPROVED,Not Applicable,2024-07-23T16:09:30.539000Z,2024-07-23T16:53:41.341000Z,2024-07-23T19:45:02.894000Z,2024-07-23T16:53:42.513251Z,2651.0,75b53a55e8,9,40,Male,Black,Nigeria,United States,United States,English,DATA_EXPIRED,DATA_EXPIRED
669fd5b1226fef443bc76322,5e0f443e8205266652153f5e,APPROVED,Not Applicable,2024-07-23T16:09:21.025000Z,2024-07-23T16:39:44.415000Z,2024-07-23T19:45:03.182000Z,2024-07-23T16:40:23.150056Z,1824.0,75b53a55e8,2940,29,Female,Mixed,United States,United States,United States,Spanish,DATA_EXPIRED,DATA_EXPIRED
669fd5b2022ff88b39c08f9d,5f03b7bd40032c3181eaaf78,APPROVED,Not Applicable,2024-07-23T16:09:31.192000Z,2024-07-23T16:25:32.521000Z,2024-07-23T19:45:03.536000Z,2024-07-23T16:25:33.195798Z,962.0,75b53a55e8,200,34,Female,White,United States,United States,United States,English,No,Full-Time
669fd5b3aeea0a5a5923a8c8,65479fc085536ca430602dc9,APPROVED,Not Applicable,2024-07-23T16:09:31.087000Z,2024-07-23T16:57:50.341000Z,2024-07-23T19:45:03.855000Z,2024-07-23T16:58:09.179860Z,2900.0,75b53a55e8,879,51,Male,Black,Nigeria,United States,United States,English,DATA_EXPIRED,DATA_EXPIRED
669fd5b888e1f2f1e9c08f68,5aa6da60f0536100017273bb,APPROVED,Not Applicable,2024-07-23T16:09:36.276000Z,2024-07-23T16:21:16.021000Z,2024-07-23T19:45:04.160000Z,2024-07-23T16:21:23.185368Z,700.0,75b53a55e8,330,34,Male,Other,United States,United States,United States,English,No,Unemployed (and job seeking)
669fd5b9d87249f3205d090e,6330e50102d0e9d363d139b2,APPROVED,Not Applicable,2024-07-23T16:09:53.503000Z,2024-07-23T16:39:56.133000Z,2024-07-23T19:45:04.470000Z,2024-07-23T16:40:31.014546Z,1803.0,75b53a55e8,1246,31,Male,White,United States,United States,United States,English,DATA_EXPIRED,Full-Time
669fd5bac28d74dc52de973b,5fb156d6e16ee65ed2558d7c,RETURNED,Not Applicable,2024-07-23T16:11:04.963000Z,,,2024-09-06T15:57:02.048534Z,,,679,CONSENT_REVOKED,CONSENT_REVOKED,CONSENT_REVOKED,CONSENT_REVOKED,CONSENT_REVOKED,CONSENT_REVOKED,CONSENT_REVOKED,CONSENT_REVOKED,CONSENT_REVOKED
669fd5bbc28d74dc52de973e,5ade6f4709eae2000112e9e2,RETURNED,Not Applicable,2024-07-23T16:09:36.826000Z,,,2024-09-06T15:57:01.711226Z,,,3818,CONSENT_REVOKED,CONSENT_REVOKED,CONSENT_REVOKED,CONSENT_REVOKED,CONSENT_REVOKED,CONSENT_REVOKED,CONSENT_REVOKED,CONSENT_REVOKED,CONSENT_REVOKED
669fd5bd82013e27255eeb39,5d30790f326b0f0017a2a828,APPROVED,Not Applicable,2024-07-23T16:09:40.994000Z,2024-07-23T16:36:40.942000Z,2024-07-23T19:45:04.796000Z,2024-07-23T16:36:41.811958Z,1620.0,75b53a55e8,2101,30,Male,White,United States,United States,United States,English,Yes,Full-Time
669fd5bffe1468052589afcb,5c616465b672de0001fd3ac6,APPROVED,Not Applicable,2024-07-23T16:09:39.786000Z,2024-07-23T16:26:13.466000Z,2024-07-23T19:45:05.079000Z,2024-07-23T16:28:57.195362Z,994.0,75b53a55e8,3928,46,Male,White,United States,United States,United States,English,No,Full-Time
669fd5c26ae0d82748547f42,6653ff8147de9950238b7a43,RETURNED,Not Applicable,2024-07-23T16:12:55.516000Z,,,2024-09-06T15:57:01.713173Z,,,242,CONSENT_REVOKED,CONSENT_REVOKED,CONSENT_REVOKED,CONSENT_REVOKED,CONSENT_REVOKED,CONSENT_REVOKED,CONSENT_REVOKED,CONSENT_REVOKED,CONSENT_REVOKED
669fd5c3b3855637ca02bde6,5e2861fb5c6297029148b635,RETURNED,Not Applicable,2024-07-23T16:09:44.401000Z,,,2024-09-06T15:57:01.706264Z,,,5587,CONSENT_REVOKED,CONSENT_REVOKED,CONSENT_REVOKED,CONSENT_REVOKED,CONSENT_REVOKED,CONSENT_REVOKED,CONSENT_REVOKED,CONSENT_REVOKED,CONSENT_REVOKED
669fd5c5cd7e5fc9a05082ec,6690be726876d22dba2385e1,RETURNED,Not Applicable,2024-07-23T16:09:48.171000Z,,,2024-09-06T15:57:02.390029Z,,,245,CONSENT_REVOKED,CONSENT_REVOKED,CONSENT_REVOKED,CONSENT_REVOKED,CONSENT_REVOKED,CONSENT_REVOKED,CONSENT_REVOKED,CONSENT_REVOKED,CONSENT_REVOKED
669fd5c6eaa0419ad845192e,6681ac880bb84263e75e0903,APPROVED,Not Applicable,2024-07-23T16:17:58.506000Z,2024-07-23T16:41:11.711000Z,2024-07-23T19:45:05.379000Z,2024-07-23T16:41:12.338555Z,1394.0,75b53a55e8,35,25,Male,Mixed,United States,United States,United States,English,Yes,Other
669fd5c88b9e8f67e8c2a322,653d16498239743665fabe02,RETURNED,Not Applicable,2024-07-23T16:09:49.873000Z,,,2024-09-06T15:57:01.708461Z,,,322,CONSENT_REVOKED,CONSENT_REVOKED,CONSENT_REVOKED,CONSENT_REVOKED,CONSENT_REVOKED,CONSENT_REVOKED,CONSENT_REVOKED,CONSENT_REVOKED,CONSENT_REVOKED
669fd5c9e42ec231ced8a644,65c68d9debb7f06ade34d4af,APPROVED,Not Applicable,2024-07-23T16:09:50.334000Z,2024-07-23T16:29:55.212000Z,2024-07-23T19:45:05.691000Z,2024-07-23T16:31:35.539306Z,1205.0,75b53a55e8,48,29,Male,White,United States,United States,United States,English,No,Unemployed (and job seeking)
669fd5ca399dd87594f7a981,66929dd289c0d9d85c057c75,APPROVED,Not Applicable,2024-07-23T16:09:55.514000Z,2024-07-23T16:24:50.468000Z,2024-07-23T19:45:06.013000Z,2024-07-23T16:24:51.144570Z,895.0,75b53a55e8,63,42,Male,White,United States,United States,United States,English,No,Full-Time
669fd5cba1ce85419bab06bc,62827483ae4c6af3f0af9bce,RETURNED,Not Applicable,2024-07-23T16:09:54.028000Z,,,2024-09-06T15:57:01.708380Z,,,4062,CONSENT_REVOKED,CONSENT_REVOKED,CONSENT_REVOKED,CONSENT_REVOKED,CONSENT_REVOKED,CONSENT_REVOKED,CONSENT_REVOKED,CONSENT_REVOKED,CONSENT_REVOKED
669fd5ccbd7b655b372d7e5f,6633c311703042597d0c74ef,RETURNED,Not Applicable,2024-07-23T16:09:53.269000Z,,,2024-09-06T15:57:01.711668Z,,,623,CONSENT_REVOKED,CONSENT_REVOKED,CONSENT_REVOKED,CONSENT_REVOKED,CONSENT_REVOKED,CONSENT_REVOKED,CONSENT_REVOKED,CONSENT_REVOKED,CONSENT_REVOKED
669fd5cd288973dd63a4abb7,5fa61868040ad62058998acd,RETURNED,Not Applicable,2024-07-23T16:10:03.721000Z,,,2024-09-06T15:57:01.714638Z,,,1011,CONSENT_REVOKED,CONSENT_REVOKED,CONSENT_REVOKED,CONSENT_REVOKED,CONSENT_REVOKED,CONSENT_REVOKED,CONSENT_REVOKED,CONSENT_REVOKED,CONSENT_REVOKED
669fd5cdb354b22a76a8bddd,5969496f06679c00014b818e,RETURNED,Not Applicable,2024-07-23T16:09:53.693000Z,,,2024-09-06T15:57:01.726660Z,,,3651,CONSENT_REVOKED,CONSENT_REVOKED,CONSENT_REVOKED,CONSENT_REVOKED,CONSENT_REVOKED,CONSENT_REVOKED,CONSENT_REVOKED,CONSENT_REVOKED,CONSENT_REVOKED
669fd5cf7f79df6e9c7c2d14,5cb60da9b79eec00134043bc,APPROVED,Not Applicable,2024-07-23T16:09:54.416000Z,2024-07-23T16:20:52.677000Z,2024-07-23T19:45:06.334000Z,2024-07-23T16:21:00.873312Z,659.0,75b53a55e8,1266,37,Female,White,United States,United States,United States,English,Yes,Full-Time
669fd5cfb354b22a76a8bde0,666b956a6565b9d8f63b3bc0,APPROVED,Not Applicable,2024-07-23T16:10:12.265000Z,2024-07-23T16:23:59.765000Z,2024-07-23T19:45:06.664000Z,2024-07-23T16:24:00.230405Z,828.0,75b53a55e8,42,29,Female,White,United States,United States,United States,English,No,DATA_EXPIRED
669fd5d08e344dcc6170b66b,5b0b77a9d282ff00015b7531,TIMED-OUT,Not Applicable,2024-07-23T16:10:06.743000Z,,,2024-09-06T15:57:01.718176Z,3887215.0,,794,23,Male,White,United States,United States,United States,English,Yes,Part-Time
669fd5d16cf3ab695820384a,62d86c63e2966588c71b9ff2,APPROVED,Not Applicable,2024-07-23T16:10:01.765000Z,2024-07-23T16:24:40.551000Z,2024-07-23T19:45:06.997000Z,2024-07-23T16:24:41.338307Z,879.0,75b53a55e8,4016,44,Male,White,United States,United States,United States,English,No,"Not in paid work (e.g. homemaker', 'retired or disabled)"
669fd5d2b05d6fab61250fc6,66917deac7efc4341c7bf3f8,APPROVED,Not Applicable,2024-07-23T16:10:05.406000Z,2024-07-23T16:29:23.352000Z,2024-07-23T19:45:07.322000Z,2024-07-23T16:31:31.662715Z,1158.0,75b53a55e8,32,22,Male,White,United States,United States,United States,English,DATA_EXPIRED,DATA_EXPIRED
669fd5d2e2ff8bf9f7947ada,5dce3ccc32ccbf0cd54263db,APPROVED,Not Applicable,2024-07-23T16:10:35.877000Z,2024-07-23T16:30:39.538000Z,2024-07-23T19:45:07.623000Z,2024-07-23T16:31:43.485069Z,1204.0,75b53a55e8,2380,25,Female,Other,United States,United States,United States,Spanish,DATA_EXPIRED,Full-Time
669fd5d3f86d0ae8406a484e,663a634c699be44f4c4dd4e7,APPROVED,Not Applicable,2024-07-23T16:14:04.165000Z,2024-07-23T16:30:13.163000Z,2024-07-23T19:45:07.908000Z,2024-07-23T16:31:39.983943Z,969.0,75b53a55e8,114,32,Female,White,United States,United States,United States,English,No,DATA_EXPIRED
669fd5d7612f19db5c52843a,6138df3f784ed068ae002cb3,APPROVED,Not Applicable,2024-07-23T16:10:05.878000Z,2024-07-23T16:23:57.332000Z,2024-07-23T19:45:08.197000Z,2024-07-23T16:23:58.980232Z,832.0,75b53a55e8,399,23,Female,White,United States,United States,Poland,English,DATA_EXPIRED,Other
669fd5d80c72cd40b909ec25,6673beb472e3c2b594f05d39,APPROVED,Not Applicable,2024-07-23T16:10:07.945000Z,2024-07-23T16:26:23.741000Z,2024-07-23T19:45:08.518000Z,2024-07-23T16:29:05.370111Z,976.0,75b53a55e8,38,40,Female,Black,United States,United States,United States,English,DATA_EXPIRED,DATA_EXPIRED
669fd5d9832da007c93f0a42,64a83272f2f581fb23f023b1,APPROVED,Not Applicable,2024-07-23T16:10:11.736000Z,2024-07-23T16:24:28.587000Z,2024-07-23T19:45:08.822000Z,2024-07-23T16:24:29.058999Z,857.0,75b53a55e8,130,25,Male,Black,United States,United States,United States,English,DATA_EXPIRED,Part-Time
669fd5d9bf1a70e1075ffdba,56bd0347d4e218000ca87e53,APPROVED,Not Applicable,2024-07-23T16:10:13.147000Z,2024-07-23T16:25:49.925000Z,2024-07-23T19:45:09.140000Z,2024-07-23T16:25:53.579020Z,937.0,75b53a55e8,568,37,Male,White,United States,United States,United States,English,No,DATA_EXPIRED
669fd5db7f281190042806c6,668dcd1f9dd44752b86c48a0,APPROVED,Not Applicable,2024-07-23T16:10:09.525000Z,2024-07-23T16:25:43.638000Z,2024-07-23T19:43:01.340000Z,2024-07-23T16:25:44.253262Z,935.0,75b53a55e8,87,28,Female,White,United States,United States,United States,English,Yes,Part-Time
669fd5dc702fd5d143fd0b0e,5f481a825080c619ea3709b0,APPROVED,Not Applicable,2024-07-23T16:13:48.524000Z,2024-07-23T16:34:15.967000Z,2024-07-23T19:43:01.699000Z,2024-07-23T16:34:16.663269Z,1228.0,75b53a55e8,3372,45,Female,Black,United States,United States,United States,English,No,Part-Time
669fd5de8cfdc8b7975eeb1d,5ccd0f475e55070017900639,RETURNED,Not Applicable,2024-07-23T16:12:35.620000Z,,,2024-09-06T15:57:01.721802Z,,,1525,CONSENT_REVOKED,CONSENT_REVOKED,CONSENT_REVOKED,CONSENT_REVOKED,CONSENT_REVOKED,CONSENT_REVOKED,CONSENT_REVOKED,CONSENT_REVOKED,CONSENT_REVOKED
669fd5e207aab373eb19becd,5f39a2f898f81753f878f7f9,RETURNED,Not Applicable,2024-07-23T16:12:00.425000Z,,,2024-09-06T15:57:01.741936Z,,,851,CONSENT_REVOKED,CONSENT_REVOKED,CONSENT_REVOKED,CONSENT_REVOKED,CONSENT_REVOKED,CONSENT_REVOKED,CONSENT_REVOKED,CONSENT_REVOKED,CONSENT_REVOKED
669fd5e3aab7d519a2b90938,65d62d6afc0dcc5b81ceff41,RETURNED,Not Applicable,2024-07-23T16:10:17.488000Z,,,2024-09-06T15:57:01.731423Z,,,367,CONSENT_REVOKED,CONSENT_REVOKED,CONSENT_REVOKED,CONSENT_REVOKED,CONSENT_REVOKED,CONSENT_REVOKED,CONSENT_REVOKED,CONSENT_REVOKED,CONSENT_REVOKED
669fd5e4ea26383fbe6f2f91,66761d7044badb9d010775f1,APPROVED,Not Applicable,2024-07-23T16:10:43.515000Z,2024-07-23T16:44:14.726000Z,2024-07-23T19:43:02.080000Z,2024-07-23T16:44:15.380253Z,2012.0,75b53a55e8,53,45,Female,Black,United States,United States,United States,English,No,Unemployed (and job seeking)
669fd5e58006ccdebc947a85,5de90f54a48441037ac21f43,APPROVED,Not Applicable,2024-07-23T16:10:20.002000Z,2024-07-23T16:25:57.248000Z,2024-07-23T19:43:02.527000Z,2024-07-23T16:26:03.590849Z,938.0,75b53a55e8,2532,40,Female,White,United States,United States,United States,English,No,DATA_EXPIRED
669fd5e6b56e4bc56e3477b9,66786fd4594ab649c244de43,RETURNED,Not Applicable,2024-07-23T16:10:25.132000Z,,,2024-09-06T15:57:01.730946Z,,,325,CONSENT_REVOKED,CONSENT_REVOKED,CONSENT_REVOKED,CONSENT_REVOKED,CONSENT_REVOKED,CONSENT_REVOKED,CONSENT_REVOKED,CONSENT_REVOKED,CONSENT_REVOKED
669fd5e78904a7763bb6acd6,6683dd1e404b34a34fa3a517,RETURNED,Not Applicable,2024-07-23T16:10:40.652000Z,,,2024-09-06T15:57:01.726530Z,,,112,CONSENT_REVOKED,CONSENT_REVOKED,CONSENT_REVOKED,CONSENT_REVOKED,CONSENT_REVOKED,CONSENT_REVOKED,CONSENT_REVOKED,CONSENT_REVOKED,CONSENT_REVOKED
669fd5e899ba49d506153f18,66639c8d72795c7b7b9b6363,APPROVED,Not Applicable,2024-07-23T16:10:33.847000Z,2024-07-23T16:34:36.621000Z,2024-07-23T19:43:02.913000Z,2024-07-23T16:34:37.293726Z,1443.0,75b53a55e8,75,25,Male,White,Zimbabwe,United States,United States,English,No,Full-Time
669fd5e8ebe269b280a7911b,648dd5ff84a1dfe40201f286,APPROVED,Not Applicable,2024-07-23T16:10:22.020000Z,2024-07-23T16:27:56.271000Z,2024-07-23T19:43:03.338000Z,2024-07-23T16:31:10.998975Z,1055.0,75b53a55e8,1289,66,Female,White,United States,United States,United States,English,DATA_EXPIRED,DATA_EXPIRED
669fd5ea02b5bda8d42aabdc,6647e8979f9feebba3dae6b1,APPROVED,Not Applicable,2024-07-23T16:11:22.836000Z,2024-07-23T16:21:14.083000Z,2024-07-23T19:43:03.644000Z,2024-07-23T16:21:18.787643Z,592.0,75b53a55e8,197,33,Female,White,United States,United States,United States,English,No,Full-Time
669fd5ed2db4b4e4414b03d5,654fe6af3517f92a06444ca5,APPROVED,Not Applicable,2024-07-23T16:10:27.275000Z,2024-07-23T16:19:48.886000Z,2024-07-23T19:43:04.003000Z,2024-07-23T16:19:49.633331Z,562.0,75b53a55e8,531,37,Male,Mixed,Canada,United States,United States,English,DATA_EXPIRED,Full-Time
669fd5ee61fe2c4bb0aabeff,65ca7ce15784b4308a73a7d6,APPROVED,Not Applicable,2024-07-23T16:10:29.122000Z,2024-07-23T16:35:42.984000Z,2024-07-23T19:43:04.456000Z,2024-07-23T16:35:43.633128Z,1514.0,75b53a55e8.,15,55,Female,Black,United States,United States,United States,English,No,DATA_EXPIRED
669fd5eeaf10fa4c3fab0907,65048071dc7c1e332dbd7306,APPROVED,Not Applicable,2024-07-23T16:10:32.928000Z,2024-07-23T16:23:27.606000Z,2024-07-23T19:43:04.836000Z,2024-07-23T16:23:29.567513Z,775.0,75b53a55e8,232,20,Male,Other,United States,United States,United States,English,Yes,Other
669fd5f6bb32f9aea9cebcfe,58dc1373463f960001ba45b3,APPROVED,Not Applicable,2024-07-23T16:18:19.399000Z,2024-07-23T16:29:08.568000Z,2024-07-23T19:43:05.190000Z,2024-07-23T16:31:28.672988Z,650.0,75b53a55e8,522,30,Male,White,United States,United States,United States,English,DATA_EXPIRED,DATA_EXPIRED
669fd5f9bd7b655b372d7e6e,664501394302b55aca22a4b3,APPROVED,Not Applicable,2024-07-23T16:10:40.592000Z,2024-07-23T16:25:17.038000Z,2024-07-23T19:43:05.492000Z,2024-07-23T16:25:17.532078Z,877.0,75b53a55e8,33,35,Female,White,United States,United States,United States,English,No,Full-Time
669fd5fb015681ee3d4350e2,66464516e981d84abaedd8b8,APPROVED,Not Applicable,2024-07-23T16:10:40.074000Z,2024-07-23T16:23:04.004000Z,2024-07-23T19:43:05.760000Z,2024-07-23T16:23:05.237726Z,744.0,75b53a55e8,330,35,Female,White,United States,United States,United States,English,No,Part-Time
669fd5fc832da007c93f0a4d,5f6136ff23e5260b6cf1f33c,APPROVED,Not Applicable,2024-07-23T16:10:51.943000Z,2024-07-23T16:27:55.160000Z,2024-07-23T19:43:06.297000Z,2024-07-23T16:31:08.946698Z,1024.0,75b53a55e8,893,32,Male,White,United States,United States,United States,English,No,Unemployed (and job seeking)
669fd5fddfc777279bb65ef2,5bb4212e78330e000177ef69,APPROVED,Not Applicable,2024-07-23T16:10:43.595000Z,2024-07-23T16:23:20.919000Z,2024-07-23T19:43:06.801000Z,2024-07-23T16:23:22.109097Z,758.0,75b53a55e8,3210,45,Male,White,United States,United States,United States,English,No,Full-Time
669fd5ffe2ff8bf9f7947ae8,660ad11f945fa3dbc5fc3e65,APPROVED,Not Applicable,2024-07-23T16:14:07.323000Z,2024-07-23T17:16:40.807000Z,2024-07-23T19:43:07.138000Z,2024-07-23T17:18:04.233298Z,3754.0,75b53a55e8,380,34,Female,White,United States,United States,United States,English,No,"Not in paid work (e.g. homemaker', 'retired or disabled)"
669fd60146c836a404f3fa6b,60c119b30aa5205b493541b6,APPROVED,Not Applicable,2024-07-23T16:11:37.431000Z,2024-07-23T16:35:00.058000Z,2024-07-23T19:43:07.562000Z,2024-07-23T16:35:00.636983Z,1403.0,75b53a55e8,2828,71,Male,White,United States,United States,United States,English,No,Full-Time
669fd6021cc2b5f1762f7cb1,665ac6e82f2eeb813cb7b6d1,RETURNED,Not Applicable,2024-07-23T16:10:47.876000Z,,,2024-09-06T15:57:01.728217Z,,,124,CONSENT_REVOKED,CONSENT_REVOKED,CONSENT_REVOKED,CONSENT_REVOKED,CONSENT_REVOKED,CONSENT_REVOKED,CONSENT_REVOKED,CONSENT_REVOKED,CONSENT_REVOKED
669fd60319708fec2a36c7c8,65ca25f4ec90ad4d4f022175,RETURNED,Not Applicable,2024-07-23T16:10:48.022000Z,,,2024-09-06T15:57:01.746062Z,,,174,CONSENT_REVOKED,CONSENT_REVOKED,CONSENT_REVOKED,CONSENT_REVOKED,CONSENT_REVOKED,CONSENT_REVOKED,CONSENT_REVOKED,CONSENT_REVOKED,CONSENT_REVOKED
669fd60468e62979bbf6fc8a,66957ab0e33f6b17bea3a067,RETURNED,Not Applicable,2024-07-23T16:10:52.681000Z,,,2024-09-06T15:57:01.740926Z,,,168,CONSENT_REVOKED,CONSENT_REVOKED,CONSENT_REVOKED,CONSENT_REVOKED,CONSENT_REVOKED,CONSENT_REVOKED,CONSENT_REVOKED,CONSENT_REVOKED,CONSENT_REVOKED
669fd6057b911a4f812aae1a,654a5d641901737cf9ddc7dc,RETURNED,Not Applicable,2024-07-23T16:14:21.689000Z,,,2024-09-06T15:57:01.751127Z,,,1062,CONSENT_REVOKED,CONSENT_REVOKED,CONSENT_REVOKED,CONSENT_REVOKED,CONSENT_REVOKED,CONSENT_REVOKED,CONSENT_REVOKED,CONSENT_REVOKED,CONSENT_REVOKED
669fd607f86d0ae8406a4861,6655dcd119642400a7cba1e0,RETURNED,Not Applicable,2024-07-23T16:10:56.864000Z,,,2024-09-06T15:57:01.746068Z,,,171,CONSENT_REVOKED,CONSENT_REVOKED,CONSENT_REVOKED,CONSENT_REVOKED,CONSENT_REVOKED,CONSENT_REVOKED,CONSENT_REVOKED,CONSENT_REVOKED,CONSENT_REVOKED
669fd60848850bba80f39f40,61507fbc4982c9110ce54629,APPROVED,Not Applicable,2024-07-23T16:10:59.089000Z,2024-07-23T16:37:05.421000Z,2024-07-23T19:43:08.387000Z,2024-07-23T16:39:29.331652Z,1567.0,75b53a55e8,3279,48,Female,White,United States,United States,United States,English,No,Full-Time
669fd608c54862a927f3f15c,5f5c4b9c062e0f43a15ed050,APPROVED,Not Applicable,2024-07-23T16:19:06.432000Z,2024-07-23T16:38:11.917000Z,2024-07-23T19:43:08.656000Z,2024-07-23T16:39:50.638784Z,1146.0,75b53a55e8,3340,34,Male,White,United States,United States,United States,English,DATA_EXPIRED,DATA_EXPIRED
669fd609e17e311f38251068,63e52c4a3bd16ef05fec6ee7,APPROVED,Not Applicable,2024-07-23T16:10:53.813000Z,2024-07-23T16:27:44.434000Z,2024-07-23T19:43:09.044000Z,2024-07-23T16:30:57.748497Z,1011.0,75b53a55e8,3613,41,Female,White,United States,United States,United States,English,No,Part-Time
669fd60a46c836a404f3fa71,549ea92efdf99b4ffa5fa208,RETURNED,Not Applicable,2024-07-23T16:11:03.855000Z,,,2024-09-06T15:57:01.750835Z,,,2547,CONSENT_REVOKED,CONSENT_REVOKED,CONSENT_REVOKED,CONSENT_REVOKED,CONSENT_REVOKED,CONSENT_REVOKED,CONSENT_REVOKED,CONSENT_REVOKED,CONSENT_REVOKED
669fd60bad71b9d516526eef,6645b24ec56d70389cba36e6,RETURNED,Not Applicable,2024-07-23T16:11:06.098000Z,,,2024-09-06T15:57:01.748045Z,,,369,CONSENT_REVOKED,CONSENT_REVOKED,CONSENT_REVOKED,CONSENT_REVOKED,CONSENT_REVOKED,CONSENT_REVOKED,CONSENT_REVOKED,CONSENT_REVOKED,CONSENT_REVOKED
669fd60bbd7b655b372d7e75,6564a15b2940ef1f1daa20dd,RETURNED,Not Applicable,2024-07-23T16:10:57.322000Z,,,2024-09-06T15:57:01.744813Z,,,508,CONSENT_REVOKED,CONSENT_REVOKED,CONSENT_REVOKED,CONSENT_REVOKED,CONSENT_REVOKED,CONSENT_REVOKED,CONSENT_REVOKED,CONSENT_REVOKED,CONSENT_REVOKED
669fd60c57b47d88feb6ac66,667c86aff3f5260903ac19a4,RETURNED,Not Applicable,2024-07-23T16:10:56.494000Z,,,2024-09-06T15:57:01.754362Z,,,201,CONSENT_REVOKED,CONSENT_REVOKED,CONSENT_REVOKED,CONSENT_REVOKED,CONSENT_REVOKED,CONSENT_REVOKED,CONSENT_REVOKED,CONSENT_REVOKED,CONSENT_REVOKED
669fd60c57b47d88feb6ac6a,5639a8adbe9cac000daaa30f,APPROVED,Not Applicable,2024-07-23T16:12:20.993000Z,2024-07-23T16:34:21.120000Z,2024-07-23T19:43:09.426000Z,2024-07-23T16:34:21.991984Z,1321.0,75b53a55e8,4306,45,Female,White,United States,United States,United States,English,No,Full-Time
669fd610288973dd63a4abc4,5e9895448425bb089ed49884,APPROVED,Not Applicable,2024-07-23T16:11:08.041000Z,2024-07-23T16:22:56.604000Z,2024-07-23T19:43:09.941000Z,2024-07-23T16:22:58.954089Z,709.0,75b53a55e8,381,22,Male,Black,United States,United States,United States,English,Yes,Part-Time
669fd6104965f64ce5dd0978,669e571a5425e2c7723cac2f,RETURNED,Not Applicable,2024-07-23T16:11:13.925000Z,,,2024-09-06T15:57:01.750192Z,,,263,CONSENT_REVOKED,CONSENT_REVOKED,CONSENT_REVOKED,CONSENT_REVOKED,CONSENT_REVOKED,CONSENT_REVOKED,CONSENT_REVOKED,CONSENT_REVOKED,CONSENT_REVOKED
669fd6114dbb114734f7a9c9,669d08495166708fc67d9a8b,RETURNED,Not Applicable,2024-07-23T16:11:04.268000Z,2024-07-23T16:12:37.345000Z,,2024-09-06T15:57:01.745656Z,,NOCODE,179,CONSENT_REVOKED,CONSENT_REVOKED,CONSENT_REVOKED,CONSENT_REVOKED,CONSENT_REVOKED,CONSENT_REVOKED,CONSENT_REVOKED,CONSENT_REVOKED,CONSENT_REVOKED
669fd61348850bba80f39f48,6632990efc58d4414201aa97,APPROVED,Not Applicable,2024-07-23T16:11:14.720000Z,2024-07-23T16:28:41.589000Z,2024-07-23T19:43:10.380000Z,2024-07-23T16:31:20.699525Z,1047.0,75b53a55e8,471,48,Male,White,United States,United States,United States,English,No,DATA_EXPIRED
669fd6138c8b168648dd691b,663867efa8ca3a7f391027ea,APPROVED,Not Applicable,2024-07-23T16:11:08.284000Z,2024-07-23T16:46:53.228000Z,2024-07-23T19:43:11.081000Z,2024-07-23T16:46:53.852552Z,2145.0,75b53a55e8,216,34,Male,White,United Kingdom,United States,United States,English,No,Full-Time
669fd615e499437f27a8bd0b,5f54204e8d88ed78a36872ac,RETURNED,Not Applicable,2024-07-23T16:11:22.780000Z,,,2024-09-06T15:57:01.752946Z,,,182,CONSENT_REVOKED,CONSENT_REVOKED,CONSENT_REVOKED,CONSENT_REVOKED,CONSENT_REVOKED,CONSENT_REVOKED,CONSENT_REVOKED,CONSENT_REVOKED,CONSENT_REVOKED
669fd61706b48b637757cd83,60b63b1f1d8a6fc4d72d5328,RETURNED,Not Applicable,2024-07-23T16:11:19.787000Z,,,2024-09-06T15:57:01.761948Z,,,4509,CONSENT_REVOKED,CONSENT_REVOKED,CONSENT_REVOKED,CONSENT_REVOKED,CONSENT_REVOKED,CONSENT_REVOKED,CONSENT_REVOKED,CONSENT_REVOKED,CONSENT_REVOKED
669fd6187d7fe89a2e526dfc,6679d30fd961448c416289c1,RETURNED,Not Applicable,2024-07-23T16:21:04.143000Z,,,2024-09-06T15:57:01.899016Z,,,321,CONSENT_REVOKED,CONSENT_REVOKED,CONSENT_REVOKED,CONSENT_REVOKED,CONSENT_REVOKED,CONSENT_REVOKED,CONSENT_REVOKED,CONSENT_REVOKED,CONSENT_REVOKED
669fd6191c533d7149c56fbd,65fc3c710af9bcc0a91cf790,RETURNED,Not Applicable,2024-07-23T16:11:13.320000Z,,,2024-09-06T15:57:01.754750Z,,,199,CONSENT_REVOKED,CONSENT_REVOKED,CONSENT_REVOKED,CONSENT_REVOKED,CONSENT_REVOKED,CONSENT_REVOKED,CONSENT_REVOKED,CONSENT_REVOKED,CONSENT_REVOKED
669fd61bce9d895b7bf6fdd1,662930c602cbdbcf2dac7c71,APPROVED,Not Applicable,2024-07-23T16:12:20.419000Z,2024-07-23T16:25:27.610000Z,2024-07-23T19:43:12.028000Z,2024-07-23T16:25:28.867845Z,788.0,75b53a55e8,413,38,Female,White,United States,United States,United States,English,Yes,Full-Time
669fd61dbfbb37dab02f7bfe,665f103a8e4d7faa3f2805c5,APPROVED,Not Applicable,2024-07-23T16:11:14.005000Z,2024-07-23T16:24:12.848000Z,2024-07-23T19:43:12.336000Z,2024-07-23T16:24:13.448553Z,779.0,75b53a55e8.,45,26,Male,White,United States,United States,United States,English,No,Full-Time
669fd6208d34675632d84413,66799e44b43d4f81412626b4,RETURNED,Not Applicable,2024-07-23T16:11:22.589000Z,,,2024-09-06T15:57:01.778864Z,,,90,CONSENT_REVOKED,CONSENT_REVOKED,CONSENT_REVOKED,CONSENT_REVOKED,CONSENT_REVOKED,CONSENT_REVOKED,CONSENT_REVOKED,CONSENT_REVOKED,CONSENT_REVOKED
669fd622288973dd63a4abcb,663a73c05e670e0f32b6ae4f,RETURNED,Not Applicable,2024-07-23T16:11:24.399000Z,,,2024-09-06T15:57:01.767204Z,,,518,CONSENT_REVOKED,CONSENT_REVOKED,CONSENT_REVOKED,CONSENT_REVOKED,CONSENT_REVOKED,CONSENT_REVOKED,CONSENT_REVOKED,CONSENT_REVOKED,CONSENT_REVOKED
669fd622e42ec231ced8a656,5f05056acc8d327f2948bbc0,APPROVED,Not Applicable,2024-07-23T16:11:30.212000Z,2024-07-23T16:22:17.485000Z,2024-07-23T19:43:12.657000Z,2024-07-23T16:22:19.617598Z,648.0,75b53a55e8,2667,23,Male,White,United States,United States,United States,English,No,Full-Time
669fd624260b740be8d84463,606492360e422d12dc63000e,APPROVED,Not Applicable,2024-07-23T16:11:24.361000Z,2024-07-23T16:20:19.304000Z,2024-07-23T19:43:12.971000Z,2024-07-23T16:20:20.059370Z,535.0,75b53a55e8,1812,27,Male,White,United States,United States,United States,English,No,Full-Time
669fd6249ee6408b3ed93fcb,6543abd612dc7fc77f466814,APPROVED,Not Applicable,2024-07-23T16:11:20.422000Z,2024-07-23T16:27:18.100000Z,2024-07-23T19:43:13.323000Z,2024-07-23T16:30:31.026635Z,958.0,75b53a55e8,1629,50,Male,White,United States,United States,United States,English,No,Full-Time
669fd626ea26383fbe6f2faa,5d1b88dd6fb351001b70ae41,APPROVED,Not Applicable,2024-07-23T16:11:24.737000Z,2024-07-23T16:35:23.608000Z,2024-07-23T19:43:13.736000Z,2024-07-23T16:35:24.222308Z,1439.0,75b53a55e8,1061,35,Female,White,United States,United States,United States,English,DATA_EXPIRED,DATA_EXPIRED
669fd627023cc3653d3bb91a,666b15b5d7612ba25e342362,RETURNED,Not Applicable,2024-07-23T16:12:49.526000Z,,,2024-09-06T15:57:01.771515Z,,,143,CONSENT_REVOKED,CONSENT_REVOKED,CONSENT_REVOKED,CONSENT_REVOKED,CONSENT_REVOKED,CONSENT_REVOKED,CONSENT_REVOKED,CONSENT_REVOKED,CONSENT_REVOKED
669fd62748850bba80f39f50,614ee347a57616853a7b1356,APPROVED,Not Applicable,2024-07-23T16:11:22.856000Z,2024-07-23T16:29:36.408000Z,2024-07-23T19:43:14.100000Z,2024-07-23T16:31:32.900940Z,1094.0,75b53a55e8,2654,48,Female,White,United States,United States,United States,English,No,"Not in paid work (e.g. homemaker', 'retired or disabled)"
669fd6287bf7789f6a02738a,65c115f3942f3449529bf125,APPROVED,Not Applicable,2024-07-23T16:14:31.216000Z,2024-07-23T16:45:28.910000Z,2024-07-23T19:43:14.486000Z,2024-07-23T16:45:29.572576Z,1858.0,75b53a55e8,703,30,Female,Black,United States,United States,United States,English,No,Other
669fd62983064a07ab0ab7e4,662790ba12f6c8d4d6b4296a,APPROVED,Not Applicable,2024-07-23T16:14:32.967000Z,2024-07-23T17:10:40.601000Z,2024-07-23T19:43:14.853000Z,2024-07-23T17:10:43.270525Z,3368.0,75b53a55e8,120,39,Male,Black,United States,United States,United States,English,Yes,Full-Time
669fd62b6c49fcdbe3a98a2c,65d851f35d9565f1762c32db,APPROVED,Not Applicable,2024-07-23T16:16:06.707000Z,2024-07-23T16:32:45.645000Z,2024-07-23T19:43:15.131000Z,2024-07-23T16:32:46.216294Z,999.0,75b53a55e8,73,51,Male,Black,DATA_EXPIRED,United States,United States,English,No,Full-Time
669fd62dad7dc1d1e4924689,667db4cb602e9018a420b57f,APPROVED,Not Applicable,2024-07-23T16:11:47.828000Z,2024-07-23T16:36:45.713000Z,2024-07-23T19:43:15.408000Z,2024-07-23T16:36:46.375151Z,1498.0,75b53a55e8,149,41,Female,Other,United States,United States,United States,English,No,Other
669fd6327b911a4f812aae2e,5b70ed4b99982e000145eb7b,RETURNED,Not Applicable,2024-07-23T16:11:46.357000Z,,,2024-09-06T15:57:01.782070Z,,,7046,CONSENT_REVOKED,CONSENT_REVOKED,CONSENT_REVOKED,CONSENT_REVOKED,CONSENT_REVOKED,CONSENT_REVOKED,CONSENT_REVOKED,CONSENT_REVOKED,CONSENT_REVOKED
669fd63442ea316ab689aec6,661eb831881dbc159a911e81,APPROVED,Not Applicable,2024-07-23T16:11:40.175000Z,2024-07-23T16:23:51.160000Z,2024-07-23T19:43:16.171000Z,2024-07-23T16:23:51.619382Z,731.0,75b53a55e8,429,37,Male,White,United States,United States,United States,English,No,"Not in paid work (e.g. homemaker', 'retired or disabled)"
669fd634d9d73596b9a39537,5c690f6f81d8da000100c78b,APPROVED,Not Applicable,2024-07-23T16:11:36.915000Z,2024-07-23T16:28:22.326000Z,2024-07-23T19:43:16.493000Z,2024-07-23T16:31:17.510654Z,1006.0,75b53a55e8,1012,30,Female,Other,United States,United States,United States,English,DATA_EXPIRED,DATA_EXPIRED
669fd635c536ffd7d1e2b899,6685596264a893c52b84d8dd,RETURNED,Not Applicable,2024-07-23T16:11:40.900000Z,,,2024-09-06T15:57:01.774619Z,,,75,CONSENT_REVOKED,CONSENT_REVOKED,CONSENT_REVOKED,CONSENT_REVOKED,CONSENT_REVOKED,CONSENT_REVOKED,CONSENT_REVOKED,CONSENT_REVOKED,CONSENT_REVOKED
669fd6366f632d5822657481,6100841e5e4341f9725ba4e8,APPROVED,Not Applicable,2024-07-23T16:11:45.199000Z,2024-07-23T16:24:31.730000Z,2024-07-23T19:43:16.931000Z,2024-07-23T16:24:33.903950Z,767.0,75b53a55e8,1018,37,Female,White,United States,United States,United States,English,No,Full-Time
669fd637d126ac77d9a4abbe,6693d8fcba8aad739d413aa3,RETURNED,Not Applicable,2024-07-23T16:11:52.737000Z,,,2024-09-06T15:57:01.770832Z,,,223,CONSENT_REVOKED,CONSENT_REVOKED,CONSENT_REVOKED,CONSENT_REVOKED,CONSENT_REVOKED,CONSENT_REVOKED,CONSENT_REVOKED,CONSENT_REVOKED,CONSENT_REVOKED
669fd63968e62979bbf6fc98,65dd820cf40fd5cad9b7e2bb,APPROVED,Not Applicable,2024-07-23T16:12:11.149000Z,2024-07-23T17:00:42.829000Z,2024-07-23T19:43:17.349000Z,2024-07-23T17:00:43.504646Z,2912.0,75b53a55e8,528,27,Male,White,United States,United States,United States,English,No,Full-Time
669fd63a2172f8c37b23a8f0,6518353efd6c167905451597,APPROVED,Not Applicable,2024-07-23T16:11:49.964000Z,2024-07-23T16:31:49.369000Z,2024-07-23T19:43:17.766000Z,2024-07-23T16:31:55.469729Z,1200.0,75b53a55e8,1265,47,Female,White,United States,United States,United States,English,No,"Not in paid work (e.g. homemaker', 'retired or disabled)"
669fd63a3f1d7f55e7526da1,6650a3ae1357441677f359ed,APPROVED,Not Applicable,2024-07-23T16:11:47.231000Z,2024-07-23T16:26:42.452000Z,2024-07-23T19:43:18.165000Z,2024-07-23T16:29:33.903426Z,896.0,75b53a55e8,227,29,Female,White,United States,United States,United States,English,No,Full-Time
669fd63c8a68f94d1fc60293,6412794fafa4f3aa2564ac74,APPROVED,Not Applicable,2024-07-23T16:14:35.783000Z,2024-07-23T17:37:15.876000Z,2024-07-23T19:43:18.704000Z,2024-07-23T17:37:31.918163Z,4961.0,75b53a55e8,2836,49,Female,Black,United States,United States,United States,English,DATA_EXPIRED,DATA_EXPIRED
669fd63cfc23f71972ff1cbb,6658af3cc99a553bdd68dc53,APPROVED,Not Applicable,2024-07-23T16:13:28.411000Z,2024-07-23T16:43:17.124000Z,2024-07-23T19:43:19.091000Z,2024-07-23T16:43:17.808390Z,1789.0,75b53a55e8,203,48,Female,White,United States,United States,United States,English,No,Full-Time
669fd63dbb32f9aea9cebd10,5ed40ddff615650a50f1cbb2,RETURNED,Not Applicable,2024-07-23T16:11:57.537000Z,,,2024-09-06T15:57:01.779915Z,,,1429,CONSENT_REVOKED,CONSENT_REVOKED,CONSENT_REVOKED,CONSENT_REVOKED,CONSENT_REVOKED,CONSENT_REVOKED,CONSENT_REVOKED,CONSENT_REVOKED,CONSENT_REVOKED
669fd63f5147a821c88a2e26,667c661e51bf7672fdc50bcb,APPROVED,Not Applicable,2024-07-23T16:11:50.181000Z,2024-07-23T16:23:52.396000Z,2024-07-23T19:43:19.563000Z,2024-07-23T16:23:53.284454Z,723.0,75b53a55e8,105,41,Female,White,United States,United States,United States,English,No,Full-Time
669fd63f61fe2c4bb0aabf21,5becfeed4f191100013b46db,RETURNED,Not Applicable,2024-07-23T16:12:04.029000Z,,,2024-09-06T15:57:01.776236Z,,,3866,CONSENT_REVOKED,CONSENT_REVOKED,CONSENT_REVOKED,CONSENT_REVOKED,CONSENT_REVOKED,CONSENT_REVOKED,CONSENT_REVOKED,CONSENT_REVOKED,CONSENT_REVOKED
669fd641e0fa221332d8a734,667c45bc3236be18e465f192,APPROVED,Not Applicable,2024-07-23T16:11:54.003000Z,2024-07-23T16:26:18.831000Z,2024-07-23T19:43:19.964000Z,2024-07-23T16:29:01.689572Z,865.0,75b53a55e8,109,53,Female,White,United States,United States,United States,English,No,Full-Time
669fd6427a2d8ac7f33bb7ae,6656113a58489db2608ccfbd,APPROVED,Not Applicable,2024-07-23T16:11:56.730000Z,2024-07-23T16:24:32.372000Z,2024-07-23T19:43:20.289000Z,2024-07-23T16:24:33.065465Z,756.0,75b53a55e8,314,40,Female,Black,United States,United States,United States,English,No,Full-Time
669fd6428a68f94d1fc60297,5dabd0e647abe200145e0b3e,RETURNED,Not Applicable,2024-07-23T16:11:54.720000Z,,,2024-09-06T15:57:01.777168Z,,,101,CONSENT_REVOKED,CONSENT_REVOKED,CONSENT_REVOKED,CONSENT_REVOKED,CONSENT_REVOKED,CONSENT_REVOKED,CONSENT_REVOKED,CONSENT_REVOKED,CONSENT_REVOKED
669fd644bb32f9aea9cebd16,6675d793d27e7eeed76cb425,RETURNED,Not Applicable,2024-07-23T16:12:02.012000Z,,,2024-09-06T15:57:01.777362Z,,,179,CONSENT_REVOKED,CONSENT_REVOKED,CONSENT_REVOKED,CONSENT_REVOKED,CONSENT_REVOKED,CONSENT_REVOKED,CONSENT_REVOKED,CONSENT_REVOKED,CONSENT_REVOKED
669fd64502b5bda8d42aabf7,63f78c9346da47f7f8f3aef9,RETURNED,Not Applicable,2024-07-23T16:11:53.110000Z,,,2024-09-06T15:57:01.775894Z,,,2525,CONSENT_REVOKED,CONSENT_REVOKED,CONSENT_REVOKED,CONSENT_REVOKED,CONSENT_REVOKED,CONSENT_REVOKED,CONSENT_REVOKED,CONSENT_REVOKED,CONSENT_REVOKED
669fd645e50ae655aec43065,63618d3e69b595c41be0b5a2,APPROVED,Not Applicable,2024-07-23T16:12:04.073000Z,2024-07-23T16:27:21.761000Z,2024-07-23T19:43:20.619000Z,2024-07-23T16:30:35.013182Z,918.0,75b53a55e8,74,32,Male,White,United States,United States,United States,English,No,Unemployed (and job seeking)
669fd646309eb0806ffd7498,6672fb1558c9e4b7e6f9cd87,APPROVED,Not Applicable,2024-07-23T16:11:58.564000Z,2024-07-23T16:39:32.965000Z,2024-07-23T19:43:20.951000Z,2024-07-23T16:40:16.365181Z,1655.0,75b53a55e8,142,39,Male,Black,United States,United States,United States,English,Yes,Full-Time
669fd64648850bba80f39f57,65e3be43c010f4b4a1efaeaa,APPROVED,Not Applicable,2024-07-23T16:11:54.817000Z,2024-07-23T16:26:49.499000Z,2024-07-23T19:43:21.967000Z,2024-07-23T16:29:42.141442Z,895.0,75b53a55e8,404,51,Female,Asian,United States,United States,United States,English,No,Full-Time
669fd6469dae4a44737c2e8d,6683d0632d1c568815dd0296,APPROVED,Not Applicable,2024-07-23T16:12:10.188000Z,2024-07-23T17:15:02.398000Z,2024-07-23T19:43:22.286000Z,2024-07-23T17:17:41.550420Z,3773.0,75b53a55e8,19,27,Male,Black,United States,United States,United States,English,DATA_EXPIRED,Full-Time
669fd6485147a821c88a2e29,667970e6f7b68474a2a96409,APPROVED,Not Applicable,2024-07-23T16:11:58.740000Z,2024-07-23T16:34:58.972000Z,2024-07-23T19:43:22.613000Z,2024-07-23T16:34:59.657061Z,1381.0,75b53a55e8,86,40,Female,Other,United States,United States,United States,English,No,Part-Time
669fd649931b8e129d7afa95,5ea8d17c250c4032c8a30c6e,RETURNED,Not Applicable,2024-07-23T16:11:57.764000Z,,,2024-09-06T15:57:01.781573Z,,,899,CONSENT_REVOKED,CONSENT_REVOKED,CONSENT_REVOKED,CONSENT_REVOKED,CONSENT_REVOKED,CONSENT_REVOKED,CONSENT_REVOKED,CONSENT_REVOKED,CONSENT_REVOKED
669fd6499cfa7de4b9c5700e,63ea4471a837335f74ef0f68,APPROVED,Not Applicable,2024-07-23T16:21:34.406000Z,2024-07-23T16:52:15.613000Z,2024-07-23T19:43:23.051000Z,2024-07-23T16:52:16.318648Z,1842.0,75b53a55e8,1283,26,Male,Black,United States,United States,United States,English,DATA_EXPIRED,DATA_EXPIRED
669fd64a26dcc53b67fd7614,63fa41e7cd57bdf40db975ac,RETURNED,Not Applicable,2024-07-23T16:12:00.601000Z,,,2024-09-06T15:57:01.779893Z,,,344,CONSENT_REVOKED,CONSENT_REVOKED,CONSENT_REVOKED,CONSENT_REVOKED,CONSENT_REVOKED,CONSENT_REVOKED,CONSENT_REVOKED,CONSENT_REVOKED,CONSENT_REVOKED
669fd64a42136d3b65cebd14,667a0241cc159c39b31b9187,RETURNED,Not Applicable,2024-07-23T16:12:00.857000Z,,,2024-09-06T15:57:01.790173Z,,,162,CONSENT_REVOKED,CONSENT_REVOKED,CONSENT_REVOKED,CONSENT_REVOKED,CONSENT_REVOKED,CONSENT_REVOKED,CONSENT_REVOKED,CONSENT_REVOKED,CONSENT_REVOKED
669fd64bf93a18826157cd5d,6634e030d19afecb4e333021,RETURNED,Not Applicable,2024-07-23T16:12:13.737000Z,,,2024-09-06T15:57:01.791039Z,,,162,CONSENT_REVOKED,CONSENT_REVOKED,CONSENT_REVOKED,CONSENT_REVOKED,CONSENT_REVOKED,CONSENT_REVOKED,CONSENT_REVOKED,CONSENT_REVOKED,CONSENT_REVOKED
669fd64e7a2d8ac7f33bb7b0,558cdd7efdf99b0f1cc5f4c1,RETURNED,Not Applicable,2024-07-23T16:15:54.168000Z,,,2024-09-06T15:57:01.814482Z,,,6133,CONSENT_REVOKED,CONSENT_REVOKED,CONSENT_REVOKED,CONSENT_REVOKED,CONSENT_REVOKED,CONSENT_REVOKED,CONSENT_REVOKED,CONSENT_REVOKED,CONSENT_REVOKED
669fd64eaeea0a5a5923a902,6522d0a561a761b9950ac8dd,RETURNED,Not Applicable,2024-07-23T16:12:06.839000Z,,,2024-09-06T15:57:01.795506Z,,,982,CONSENT_REVOKED,CONSENT_REVOKED,CONSENT_REVOKED,CONSENT_REVOKED,CONSENT_REVOKED,CONSENT_REVOKED,CONSENT_REVOKED,CONSENT_REVOKED,CONSENT_REVOKED
669fd64fdf863de054067bee,5de9569d5c340f05d554fbeb,APPROVED,Not Applicable,2024-07-23T16:12:05.902000Z,2024-07-23T16:22:40.085000Z,2024-07-23T19:43:23.418000Z,2024-07-23T16:22:43.898214Z,635.0,75b53a55e8,3681,28,Male,White,United States,United States,United States,English,No,Full-Time
669fd64ff2e83d7d06f39fc7,5c3faea48cb6f5000180c64b,RETURNED,Not Applicable,2024-07-23T16:12:12.528000Z,,,2024-09-06T15:57:01.794840Z,,,4372,CONSENT_REVOKED,CONSENT_REVOKED,CONSENT_REVOKED,CONSENT_REVOKED,CONSENT_REVOKED,CONSENT_REVOKED,CONSENT_REVOKED,CONSENT_REVOKED,CONSENT_REVOKED
669fd657e42ec231ced8a66c,6471801682f074f04e9e66cf,APPROVED,Not Applicable,2024-07-23T16:12:07.284000Z,2024-07-23T16:41:52.752000Z,2024-07-23T19:43:23.725000Z,2024-07-23T16:41:53.250171Z,1786.0,75b53a55e8,705,51,Male,Black,United States,United States,United States,English,No,Full-Time
669fd65d6d5acea50129ab29,6625132dab9a4c3935013c10,APPROVED,Not Applicable,2024-07-23T16:12:13.807000Z,2024-07-23T16:34:09.625000Z,2024-07-23T19:43:24.056000Z,2024-07-23T16:34:10.217732Z,1316.0,75b53a55e8,585,32,Female,Mixed,United States,United States,United States,English,No,Unemployed (and job seeking)
669fd65ebcff4aaf344d305c,64572f8d127293d227cca2b5,APPROVED,Not Applicable,2024-07-23T16:12:28.572000Z,2024-07-23T16:39:41.603000Z,2024-07-23T19:43:24.416000Z,2024-07-23T16:40:20.651165Z,1634.0,75b53a55e8.,35,68,Male,White,United States,United States,United States,English,No,"Not in paid work (e.g. homemaker', 'retired or disabled)"
669fd65f4b551be59e6f9a91,5c11f3face422b0001d69416,APPROVED,Not Applicable,2024-07-23T16:12:22.246000Z,2024-07-23T16:48:42.863000Z,2024-07-23T19:43:24.734000Z,2024-07-23T16:50:51.340931Z,2181.0,75b53a55e8,2922,41,Male,White,United States,United States,United States,English,No,Full-Time
669fd660702fd5d143fd0b32,663791cf2001b8771b876561,APPROVED,Not Applicable,2024-07-23T16:12:24.666000Z,2024-07-23T16:22:43.535000Z,2024-07-23T19:43:25.078000Z,2024-07-23T16:22:46.801094Z,619.0,75b53a55e8,100,33,Male,White,United States,United States,United States,English,No,Full-Time
669fd66876ede0e213a3cf23,65ca839eca884b331bf402e1,RETURNED,Not Applicable,2024-07-23T16:12:24.750000Z,,,2024-09-06T15:57:01.805721Z,,,211,CONSENT_REVOKED,CONSENT_REVOKED,CONSENT_REVOKED,CONSENT_REVOKED,CONSENT_REVOKED,CONSENT_REVOKED,CONSENT_REVOKED,CONSENT_REVOKED,CONSENT_REVOKED
669fd66941ca727f941883f7,669eafaf1dd9bc507aa9e844,APPROVED,Not Applicable,2024-07-23T16:12:30.991000Z,2024-07-23T16:42:48.509000Z,2024-07-23T19:43:25.542000Z,2024-07-23T16:42:49.051606Z,1818.0,75b53a55e8,16,22,Male,White,United States,United States,United States,English,No,DATA_EXPIRED
669fd66d90306c01b56a482d,6640d0f23e24dde218c1e828,RETURNED,Not Applicable,2024-07-23T16:12:29.477000Z,,,2024-09-06T15:57:01.805753Z,,,298,CONSENT_REVOKED,CONSENT_REVOKED,CONSENT_REVOKED,CONSENT_REVOKED,CONSENT_REVOKED,CONSENT_REVOKED,CONSENT_REVOKED,CONSENT_REVOKED,CONSENT_REVOKED
669fd66f4ebb309ed602bf61,66787408e4fc93a68eb6f2b8,APPROVED,Not Applicable,2024-07-23T16:15:17.373000Z,2024-07-23T16:50:05.006000Z,2024-07-23T19:43:25.883000Z,2024-07-23T16:51:26.095661Z,2088.0,75b53a55e8,214,44,Female,Mixed,United States,United States,United States,English,No,DATA_EXPIRED
669fd67a6b4a32392bdbfcef,639cb369acdac1e599b3d97c,RETURNED,Not Applicable,2024-07-23T16:12:50.112000Z,,,2024-09-06T15:57:01.804356Z,,,1822,CONSENT_REVOKED,CONSENT_REVOKED,CONSENT_REVOKED,CONSENT_REVOKED,CONSENT_REVOKED,CONSENT_REVOKED,CONSENT_REVOKED,CONSENT_REVOKED,CONSENT_REVOKED
669fd686c2390829deaabfef,5bc0ac845a09ea00012e2d30,APPROVED,Not Applicable,2024-07-23T16:14:23.931000Z,2024-07-23T16:30:29.213000Z,2024-07-23T19:43:26.202000Z,2024-07-23T16:31:42.135629Z,966.0,75b53a55e8,4271,37,Female,White,United States,United States,United States,English,No,Other
669fd6903f1d7f55e7526db2,66710e62297eb53e56f84c84,APPROVED,Not Applicable,2024-07-23T16:13:04.929000Z,2024-07-23T16:52:12.700000Z,2024-07-23T19:43:26.528000Z,2024-07-23T16:52:13.293193Z,2348.0,C10YCXR8,62,36,Female,Black,United States,United States,United States,English,DATA_EXPIRED,Full-Time
669fd693aab7d519a2b90986,5f6eb18408ed4c3fa68fbf8a,APPROVED,Not Applicable,2024-07-23T16:15:45.069000Z,2024-07-23T16:28:17.658000Z,2024-07-23T19:43:26.842000Z,2024-07-23T16:31:16.161319Z,753.0,75b53a55e8,2566,42,Female,Asian,United States,United States,United States,English,No,DATA_EXPIRED
669fd6a17d17476702a1daad,669bd78975f22207e8e90ac0,APPROVED,Not Applicable,2024-07-23T16:13:27.753000Z,2024-07-23T16:24:42.909000Z,2024-07-23T19:43:27.159000Z,2024-07-23T16:24:43.538618Z,676.0,75b53a55e8,22,35,Male,White,United States,United States,United States,English,Yes,Full-Time
669fd6a524847e885b7af9da,5d4760d298512400188c1ce5,RETURNED,Not Applicable,2024-07-23T16:13:34.170000Z,,,2024-09-06T15:57:01.811272Z,,,1339,CONSENT_REVOKED,CONSENT_REVOKED,CONSENT_REVOKED,CONSENT_REVOKED,CONSENT_REVOKED,CONSENT_REVOKED,CONSENT_REVOKED,CONSENT_REVOKED,CONSENT_REVOKED
669fd6a78ea306d13fc76317,614e2210f5a608cb388bdb45,APPROVED,Not Applicable,2024-07-23T16:14:19.031000Z,2024-07-23T16:51:07.862000Z,2024-07-23T19:43:27.481000Z,2024-07-23T16:51:34.775873Z,2209.0,75b53a55e8,1043,24,Female,Black,United States,United States,United States,English,DATA_EXPIRED,DATA_EXPIRED
669fd6a863ececdab3e50e8d,6690354384b71b45e8abcd20,APPROVED,Not Applicable,2024-07-23T16:13:39.933000Z,2024-07-23T16:32:34.298000Z,2024-07-23T19:43:27.818000Z,2024-07-23T16:32:34.946219Z,1135.0,75b53a55e8,48,35,Male,White,United States,United States,United States,English,No,Unemployed (and job seeking)
669fd6b4ebe269b280a79161,665bbb465840a4aae75cfc52,RETURNED,Not Applicable,2024-07-23T16:13:46.176000Z,,,2024-09-06T15:57:01.807786Z,,,235,CONSENT_REVOKED,CONSENT_REVOKED,CONSENT_REVOKED,CONSENT_REVOKED,CONSENT_REVOKED,CONSENT_REVOKED,CONSENT_REVOKED,CONSENT_REVOKED,CONSENT_REVOKED
669fd6bbf437d0e5ac8e0c01,5f931063e3ae1f094b740dff,APPROVED,Not Applicable,2024-07-23T16:13:54.208000Z,2024-07-23T16:31:06.302000Z,2024-07-23T19:43:28.156000Z,2024-07-23T16:31:46.872945Z,1033.0,75b53a55e8,1479,34,Male,White,United States,United States,United States,English,No,Part-Time
669fd6be4ebb309ed602bf73,63f2ec0bc98f4dfb1b5e60d3,APPROVED,Not Applicable,2024-07-23T16:13:57.325000Z,2024-07-23T16:34:55.937000Z,2024-07-23T19:43:28.491000Z,2024-07-23T16:34:56.593267Z,1259.0,75b53a55e8,2727,26,Male,Black,United States,United States,United States,English,Yes,Full-Time
669fd6c190306c01b56a484b,65c123d4144370ab3f4da92a,RETURNED,Not Applicable,2024-07-23T16:15:45.235000Z,,,2024-09-06T15:57:01.818285Z,,,1100,CONSENT_REVOKED,CONSENT_REVOKED,CONSENT_REVOKED,CONSENT_REVOKED,CONSENT_REVOKED,CONSENT_REVOKED,CONSENT_REVOKED,CONSENT_REVOKED,CONSENT_REVOKED
669fd6c36c49fcdbe3a98a47,6595969229ac40a58a7fda41,APPROVED,Not Applicable,2024-07-23T16:13:55.045000Z,2024-07-23T16:32:27.354000Z,2024-07-23T19:43:28.824000Z,2024-07-23T16:32:28.004592Z,1113.0,75b53a55e8,281,26,Female,Black,United States,United States,United States,English,DATA_EXPIRED,DATA_EXPIRED
669fd6c424d9e61785fd0b84,664672fcce821ecd654e1319,APPROVED,Not Applicable,2024-07-23T16:14:02.840000Z,2024-07-23T16:25:40.238000Z,2024-07-23T19:43:29.163000Z,2024-07-23T16:25:41.037451Z,698.0,75b53a55e8,196,40,Male,White,United States,United States,United States,English,No,Part-Time
669fd6cb832da007c93f0a7a,6632bebab2c83f04274322ad,APPROVED,Not Applicable,2024-07-23T16:14:15.043000Z,2024-07-23T16:40:55.044000Z,2024-07-23T19:43:29.487000Z,2024-07-23T16:40:55.695695Z,1601.0,75b53a55e8,222,48,Male,White,United States,United States,United States,English,No,Unemployed (and job seeking)
669fd6d25147a821c88a2e51,6598a04cb03b2afe400db85f,APPROVED,Not Applicable,2024-07-23T16:14:16.196000Z,2024-07-23T16:30:56.667000Z,2024-07-23T19:43:29.834000Z,2024-07-23T16:31:45.706985Z,1001.0,75b53a55e8,50,22,Female,White,United States,United States,United States,English,DATA_EXPIRED,DATA_EXPIRED
669fd6d627b22b97f86f9a8c,66706763c730f4e22f00ddcd,RETURNED,Not Applicable,2024-07-23T16:14:25.713000Z,,,2024-09-06T15:57:01.808910Z,,,185,CONSENT_REVOKED,CONSENT_REVOKED,CONSENT_REVOKED,CONSENT_REVOKED,CONSENT_REVOKED,CONSENT_REVOKED,CONSENT_REVOKED,CONSENT_REVOKED,CONSENT_REVOKED
669fd6d857b47d88feb6aca2,66866fb7ce5b8822d5771b9c,APPROVED,Not Applicable,2024-07-23T16:14:27.822000Z,2024-07-23T16:47:44.014000Z,2024-07-23T19:43:30.862000Z,2024-07-23T16:47:44.616180Z,1997.0,75b53a55e8,66,34,Female,Black,Nigeria,United States,United States,English,No,Full-Time
669fd6d9612f19db5c528487,5ee1236e7f235110ac6c4ff4,APPROVED,Not Applicable,2024-07-23T16:14:21.492000Z,2024-07-23T16:22:29.698000Z,2024-07-23T19:43:31.199000Z,2024-07-23T16:22:30.366345Z,489.0,75b53a55e8,1286,25,Female,Black,United States,United States,United States,English,No,Full-Time
669fd6e88c5207acd6009201,5fd6f37a0ffc7b67ce2a73a3,APPROVED,Not Applicable,2024-07-23T16:14:51.607000Z,2024-07-23T16:29:48.912000Z,2024-07-23T19:43:31.547000Z,2024-07-23T16:31:34.419648Z,898.0,75b53a55e8,411,23,Female,White,United States,United States,United States,English,DATA_EXPIRED,Part-Time
669fd6ed02b5bda8d42aac21,6650d7f8d03611c9e7ed897e,APPROVED,Not Applicable,2024-07-23T16:14:46.608000Z,2024-07-23T16:29:20.253000Z,2024-07-23T19:43:31.900000Z,2024-07-23T16:31:30.984572Z,874.0,75b53a55e8,10,34,Male,White,United States,United States,United States,English,No,Full-Time
669fd6fbf5ac8316d6e50f05,66477595b14a10803eee0b6d,RETURNED,Not Applicable,2024-07-23T16:15:02.451000Z,,,2024-09-06T15:57:01.809993Z,,,160,CONSENT_REVOKED,CONSENT_REVOKED,CONSENT_REVOKED,CONSENT_REVOKED,CONSENT_REVOKED,CONSENT_REVOKED,CONSENT_REVOKED,CONSENT_REVOKED,CONSENT_REVOKED
669fd700debcfd1daa55de73,5cc7b1c21d0e530001d26c5e,RETURNED,Not Applicable,2024-07-23T16:25:00.067000Z,,,2024-09-06T15:57:01.821560Z,,,726,CONSENT_REVOKED,CONSENT_REVOKED,CONSENT_REVOKED,CONSENT_REVOKED,CONSENT_REVOKED,CONSENT_REVOKED,CONSENT_REVOKED,CONSENT_REVOKED,CONSENT_REVOKED
669fd7042db4b4e4414b0426,65c0433c5f31179dc13ec2ff,RETURNED,Not Applicable,2024-07-23T16:25:00.468000Z,,,2024-09-06T15:57:01.823701Z,,,382,CONSENT_REVOKED,CONSENT_REVOKED,CONSENT_REVOKED,CONSENT_REVOKED,CONSENT_REVOKED,CONSENT_REVOKED,CONSENT_REVOKED,CONSENT_REVOKED,CONSENT_REVOKED
669fd70826dcc53b67fd764b,5f022da3d2fab63b60a9427a,APPROVED,Not Applicable,2024-07-23T16:15:10.519000Z,2024-07-23T16:24:46.704000Z,2024-07-23T19:43:32.244000Z,2024-07-23T16:24:47.341930Z,577.0,75b53a55e8,399,25,Female,White,United States,United States,United States,English,No,Full-Time
669fd7127c94e3ce1da791bc,6110b7fdcacc9830ae87a3c2,APPROVED,Not Applicable,2024-07-23T16:15:20.394000Z,2024-07-23T16:25:02.691000Z,2024-07-23T19:43:32.571000Z,2024-07-23T16:25:03.738145Z,583.0,75b53a55e8,196,23,Male,White,United States,United States,United States,English,No,Full-Time
669fd7148d3a35f8bddd08dd,66748d21df607e201f1b692e,RETURNED,Not Applicable,2024-07-23T16:15:32.567000Z,,,2024-09-06T15:57:01.846036Z,,,250,CONSENT_REVOKED,CONSENT_REVOKED,CONSENT_REVOKED,CONSENT_REVOKED,CONSENT_REVOKED,CONSENT_REVOKED,CONSENT_REVOKED,CONSENT_REVOKED,CONSENT_REVOKED
669fd7262172f8c37b23a94a,6643c77e0c522dd6c4be1bd1,APPROVED,Not Applicable,2024-07-23T16:15:41.356000Z,2024-07-23T16:28:16.029000Z,2024-07-23T19:43:32.923000Z,2024-07-23T16:31:16.100006Z,755.0,75b53a55e8,175,35,Male,White,United States,United States,United States,English,No,Full-Time
669fd72b8ee95b49fab351e6,65c255d5f1d935efdc73ee21,TIMED-OUT,Not Applicable,2024-07-23T16:15:49.160000Z,,,2024-09-06T15:57:01.832822Z,3886873.0,,84,30,Female,Black,United States,United States,United States,English,Yes,Unemployed (and job seeking)
669fd72c6deec989e2558595,6619f005d8271f397c69e324,RETURNED,Not Applicable,2024-07-23T16:18:36.263000Z,,,2024-09-06T15:57:01.841832Z,,,485,CONSENT_REVOKED,CONSENT_REVOKED,CONSENT_REVOKED,CONSENT_REVOKED,CONSENT_REVOKED,CONSENT_REVOKED,CONSENT_REVOKED,CONSENT_REVOKED,CONSENT_REVOKED
669fd72d9aea228179adc3ec,666c1e8e6a09bd990bb6c5e6,RETURNED,Not Applicable,2024-07-23T16:25:41.637000Z,,,2024-09-06T15:57:01.835847Z,,,282,CONSENT_REVOKED,CONSENT_REVOKED,CONSENT_REVOKED,CONSENT_REVOKED,CONSENT_REVOKED,CONSENT_REVOKED,CONSENT_REVOKED,CONSENT_REVOKED,CONSENT_REVOKED
669fd739db882671c4d8fadd,62840ccca4e83b85b1c11a27,APPROVED,Not Applicable,2024-07-23T16:15:59.825000Z,2024-07-23T16:28:24.848000Z,2024-07-23T19:43:33.275000Z,2024-07-23T16:31:17.572003Z,746.0,75b53a55e8,985,24,Female,White,United States,United States,United States,English,No,Full-Time
669fd73d3f65c954709cf61d,663e612d5f95b66053212a77,APPROVED,Not Applicable,2024-07-23T16:16:06.352000Z,2024-07-23T16:29:57.507000Z,2024-07-23T19:43:33.650000Z,2024-07-23T16:31:35.696420Z,832.0,75b53a55e8,371,39,Female,Mixed,United States,United States,United States,English,No,Full-Time
669fd75697b08085c070b6d9,569cf4709e8363000c3010db,APPROVED,Not Applicable,2024-07-23T16:16:29.749000Z,2024-07-23T16:30:07.331000Z,2024-07-23T19:43:34.016000Z,2024-07-23T16:31:38.849157Z,818.0,75b53a55e8,732,56,Female,DATA_EXPIRED,United States,United States,United States,English,DATA_EXPIRED,DATA_EXPIRED
669fd75a6c49fcdbe3a98a73,6604543713f81bf1906dd444,APPROVED,Not Applicable,2024-07-23T16:16:37.199000Z,2024-07-23T16:35:41.344000Z,2024-07-23T19:43:34.371000Z,2024-07-23T16:35:41.919264Z,1145.0,75b53a55e8,793,51,Male,Mixed,United States,United States,United States,English,No,Part-Time
669fd76aba11ce2bc6ae7301,60d099f849987e86824eedcd,APPROVED,Not Applicable,2024-07-23T16:16:49.038000Z,2024-07-23T16:34:26.015000Z,2024-07-23T19:43:34.943000Z,2024-07-23T16:34:26.584233Z,1057.0,75b53a55e8,4828,33,Female,White,United States,United States,United States,English,DATA_EXPIRED,Full-Time
669fd781c93e1098912d7e94,65cf6dbbe3b7c1159d0364e9,APPROVED,Not Applicable,2024-07-23T16:17:13.587000Z,2024-07-23T16:33:18.123000Z,2024-07-23T19:43:35.309000Z,2024-07-23T16:33:18.995030Z,965.0,75b53a55e8,621,39,Female,Asian,Indonesia,United States,United States,Vietnamese,No,Full-Time
669fd789226fef443bc763ac,65604636575642aae60c29f6,RETURNED,Not Applicable,2024-07-23T16:17:24.067000Z,,,2024-09-06T15:57:01.832799Z,,,878,CONSENT_REVOKED,CONSENT_REVOKED,CONSENT_REVOKED,CONSENT_REVOKED,CONSENT_REVOKED,CONSENT_REVOKED,CONSENT_REVOKED,CONSENT_REVOKED,CONSENT_REVOKED
669fd7bb25d0dab74f872c7c,64d589152dba7a501113cbca,APPROVED,Not Applicable,2024-07-23T16:18:15.464000Z,2024-07-23T16:32:19.990000Z,2024-07-23T19:43:35.666000Z,2024-07-23T16:32:20.471548Z,845.0,75b53a55e8,648,52,Male,White,United States,United States,United States,English,No,Full-Time
669fd7bc3ec43e802c435091,669a4f8ea5deccd9eb83d0ff,APPROVED,Not Applicable,2024-07-23T16:18:22.808000Z,2024-07-23T16:44:11.964000Z,2024-07-23T19:43:36.006000Z,2024-07-23T16:44:12.753642Z,1550.0,75b53a55e8,16,50,Male,Black,United States,United States,United States,English,No,Full-Time
669fd7d63840a5a536c2a351,5fdd503ee766bb41fd50f9d1,APPROVED,Not Applicable,2024-07-23T16:18:36.781000Z,2024-07-23T16:42:41.538000Z,2024-07-23T19:43:36.349000Z,2024-07-23T16:42:42.326753Z,1445.0,75b53a55e8,833,37,Male,White,United States,United States,United States,English,No,Full-Time
669fd8008c8b168648dd6984,5c322ff624d16c00015b1818,RETURNED,Not Applicable,2024-07-23T16:19:19.319000Z,,,2024-09-06T15:57:01.828388Z,,,1387,CONSENT_REVOKED,CONSENT_REVOKED,CONSENT_REVOKED,CONSENT_REVOKED,CONSENT_REVOKED,CONSENT_REVOKED,CONSENT_REVOKED,CONSENT_REVOKED,CONSENT_REVOKED
669fd8028c8b168648dd6989,63d29a1e50cf0f82998d2564,APPROVED,Not Applicable,2024-07-23T16:19:19.863000Z,2024-07-23T16:35:39.871000Z,2024-07-23T19:43:36.703000Z,2024-07-23T16:35:40.523995Z,981.0,75b53a55e8,3013,30,Female,DATA_EXPIRED,United States,United States,United States,English,Yes,Full-Time
669fd84fa1989145665ffe3d,5fcfbee098277e12c671ee44,RETURNED,Not Applicable,2024-07-23T16:20:37.510000Z,,,2024-09-06T15:57:01.843199Z,,,4612,CONSENT_REVOKED,CONSENT_REVOKED,CONSENT_REVOKED,CONSENT_REVOKED,CONSENT_REVOKED,CONSENT_REVOKED,CONSENT_REVOKED,CONSENT_REVOKED,CONSENT_REVOKED
669fd85c46762728280ab7f7,662fd1455ee29e602dc1e1c5,RETURNED,Not Applicable,2024-07-23T16:20:50.027000Z,,,2024-09-06T15:57:01.832576Z,,,122,CONSENT_REVOKED,CONSENT_REVOKED,CONSENT_REVOKED,CONSENT_REVOKED,CONSENT_REVOKED,CONSENT_REVOKED,CONSENT_REVOKED,CONSENT_REVOKED,CONSENT_REVOKED
669fd863e52043d41a4d74ff,6694636013bd161456e5b6a1,APPROVED,Not Applicable,2024-07-23T16:20:56.801000Z,2024-07-23T16:46:29.445000Z,2024-07-23T19:43:37.046000Z,2024-07-23T16:46:32.015894Z,1533.0,75b53a55e8,32,31,Male,White,United States,United States,United States,English,Yes,Unemployed (and job seeking)
669fd90b8e344dcc6170b73a,6681660f62b96a4cce9c01ac,APPROVED,Not Applicable,2024-07-23T16:23:46.934000Z,2024-07-23T16:52:02.744000Z,2024-07-23T19:43:37.387000Z,2024-07-23T16:52:03.313998Z,1696.0,75b53a55e8.,8,38,Female,Mixed,United States,United States,United States,DATA_EXPIRED,DATA_EXPIRED,DATA_EXPIRED
669fd90d87b966cf4d1b3ff9,65cb6debbbccef2b87ca68be,RETURNED,Not Applicable,2024-07-23T16:23:51.008000Z,,,2024-09-06T15:57:01.839221Z,,,266,CONSENT_REVOKED,CONSENT_REVOKED,CONSENT_REVOKED,CONSENT_REVOKED,CONSENT_REVOKED,CONSENT_REVOKED,CONSENT_REVOKED,CONSENT_REVOKED,CONSENT_REVOKED
669fd918aab7d519a2b90a68,66901538e629aa1373733e9e,APPROVED,Not Applicable,2024-07-23T16:24:45.904000Z,2024-07-23T16:39:49.909000Z,2024-07-23T19:43:37.729000Z,2024-07-23T16:40:27.366371Z,905.0,75b53a55e8,49,22,Male,Asian,United States,United States,United States,English,No,Full-Time
669fd91e95fb3356964a4bab,60039f10910e80100d93520f,RETURNED,Not Applicable,2024-07-23T16:24:02.589000Z,,,2024-09-06T15:57:01.838133Z,,,958,CONSENT_REVOKED,CONSENT_REVOKED,CONSENT_REVOKED,CONSENT_REVOKED,CONSENT_REVOKED,CONSENT_REVOKED,CONSENT_REVOKED,CONSENT_REVOKED,CONSENT_REVOKED
669fd92d63809d21033f0384,66422323fdeebe4bc9030f81,APPROVED,Not Applicable,2024-07-23T16:24:28.971000Z,2024-07-23T16:37:25.710000Z,2024-07-23T19:43:38.082000Z,2024-07-23T16:39:37.347622Z,777.0,75b53a55e8,355,48,Male,White,Canada,United States,United States,English,No,Part-Time
669fd936306e173930558623,667df237f3b42c73b8bc1cca,APPROVED,Not Applicable,2024-07-23T16:24:27.320000Z,2024-07-23T17:08:49.634000Z,2024-07-23T19:43:38.442000Z,2024-07-23T17:08:50.271286Z,2663.0,75b53a55e8,71,35,Male,Black,United States,United States,United States,English,DATA_EXPIRED,Full-Time
669fd95f931b8e129d7afb5d,665995396531b6b450589403,RETURNED,Not Applicable,2024-07-23T16:26:11.837000Z,,,2024-09-06T15:57:01.843762Z,,,182,CONSENT_REVOKED,CONSENT_REVOKED,CONSENT_REVOKED,CONSENT_REVOKED,CONSENT_REVOKED,CONSENT_REVOKED,CONSENT_REVOKED,CONSENT_REVOKED,CONSENT_REVOKED
669fd979bf1a70e1075ffeef,6668561b108f1991d1fbb236,APPROVED,Not Applicable,2024-07-23T16:25:40.440000Z,2024-07-23T17:31:14.416000Z,2024-07-23T19:43:38.794000Z,2024-07-23T17:31:16.539922Z,3934.0,75b53a55e8,134,18,Female,Black,Nigeria,United States,United States,English,DATA_EXPIRED,DATA_EXPIRED
669fdaa2cd14618243f1fb91,6675a248b4b34ac37e7eea5f,APPROVED,Not Applicable,2024-07-23T16:30:36.432000Z,2024-07-23T16:49:15.369000Z,2024-07-23T19:43:39.160000Z,2024-07-23T16:51:03.054451Z,1119.0,75b53a55e8,191,48,Male,White,United States,United States,United States,English,No,Full-Time
669fdac1700d52abfc8e3956,606ca69aaab08c005f42092c,APPROVED,Not Applicable,2024-07-23T16:31:08.962000Z,2024-07-23T16:45:48.435000Z,2024-07-23T19:43:39.550000Z,2024-07-23T16:45:49.088522Z,880.0,75b53a55e8,1529,36,Female,White,United States,United States,United States,English,No,Part-Time
669fdb08f93a18826157ced3,66927feeb5bedd35aee3cc5f,APPROVED,Not Applicable,2024-07-23T16:32:15.173000Z,2024-07-23T16:42:43.840000Z,2024-07-23T19:43:39.887000Z,2024-07-23T16:42:44.437627Z,629.0,75b53a55e8,79,28,Female,White,United States,United States,United States,English,Yes,DATA_EXPIRED
669fdb5b42136d3b65cebe87,66380deabe642c814e1e7070,APPROVED,Not Applicable,2024-07-23T16:33:49.036000Z,2024-07-23T17:33:27.099000Z,2024-07-23T19:43:40.233000Z,2024-07-23T17:34:11.488790Z,3579.0,75b53a55e8,259,36,Male,Black,United States,United States,United States,English,No,Full-Time
669fdb8f7a8b12e031189c4c,668ebf594982c57c983cd910,APPROVED,Not Applicable,2024-07-23T16:34:31.856000Z,2024-07-23T16:46:48.979000Z,2024-07-23T19:43:40.577000Z,2024-07-23T16:46:49.813406Z,738.0,75b53a55e8,105,68,Female,White,United States,United States,United States,English,No,Full-Time
669fdd107f281190042808de,663adef4b6f1e4346b1b96b4,RETURNED,Not Applicable,2024-07-23T16:40:55.190000Z,,,2024-09-06T15:57:01.864797Z,,,229,CONSENT_REVOKED,CONSENT_REVOKED,CONSENT_REVOKED,CONSENT_REVOKED,CONSENT_REVOKED,CONSENT_REVOKED,CONSENT_REVOKED,CONSENT_REVOKED,CONSENT_REVOKED
669fdee8492e371e92e1fc2f,667434ac57d06c90c3261d5c,APPROVED,Not Applicable,2024-07-23T16:49:55.236000Z,2024-07-23T17:15:38.786000Z,2024-07-23T19:43:41.004000Z,2024-07-23T17:17:50.511645Z,1544.0,75b53a55e8,151,32,Female,Other,United States,United States,United States,English,No,Full-Time
669fdf068e344dcc6170b8d9,668770f25fe34e69feb1a3ae,RETURNED,Not Applicable,2024-07-23T16:49:23.529000Z,,,2024-09-06T15:57:01.862145Z,,,372,CONSENT_REVOKED,CONSENT_REVOKED,CONSENT_REVOKED,CONSENT_REVOKED,CONSENT_REVOKED,CONSENT_REVOKED,CONSENT_REVOKED,CONSENT_REVOKED,CONSENT_REVOKED
669fdf1f260b740be8d84724,666e9a369d162df415d8ad89,RETURNED,Not Applicable,2024-07-23T16:49:45.175000Z,,,2024-09-06T15:57:01.865027Z,,,178,CONSENT_REVOKED,CONSENT_REVOKED,CONSENT_REVOKED,CONSENT_REVOKED,CONSENT_REVOKED,CONSENT_REVOKED,CONSENT_REVOKED,CONSENT_REVOKED,CONSENT_REVOKED
669fdf2c2e66d48e4023db26,61510c168962d255220cbf74,RETURNED,Not Applicable,2024-07-23T16:49:58.783000Z,,,2024-09-06T15:57:01.862914Z,,,509,CONSENT_REVOKED,CONSENT_REVOKED,CONSENT_REVOKED,CONSENT_REVOKED,CONSENT_REVOKED,CONSENT_REVOKED,CONSENT_REVOKED,CONSENT_REVOKED,CONSENT_REVOKED
669fe004403f3a96304f0fa4,632d68dde8d04677f58d963c,APPROVED,Not Applicable,2024-07-23T16:53:33.650000Z,2024-07-23T17:03:37.058000Z,2024-07-23T19:43:41.355000Z,2024-07-23T17:03:37.739374Z,604.0,75b53a55e8,3990,27,Male,White,United States,United States,United States,English,DATA_EXPIRED,DATA_EXPIRED
669fe0a9f64bcd26635625e4,6685c72e8f6043ea0f2d2438,APPROVED,Not Applicable,2024-07-23T16:56:17.464000Z,2024-07-23T17:20:53.320000Z,2024-07-23T19:43:42.382000Z,2024-07-23T17:21:06.095601Z,1476.0,75b53a55e8.,89,54,Female,White,United States,United States,United States,English,No,Part-Time
669fe3940c9886c35772b793,6113ffbf45e79bc2769db74c,APPROVED,Not Applicable,2024-07-23T17:09:54.298000Z,2024-07-23T17:26:35.176000Z,2024-07-23T19:43:42.698000Z,2024-07-23T17:28:42.070786Z,1001.0,75b53a55e8,4865,24,Female,Black,Nigeria,United States,United States,English,Yes,Full-Time
669fe8a6f59430c291b41396,6633e68c74f4d23c9ccb9c9a,RETURNED,Not Applicable,2024-07-23T17:30:26.558000Z,,,2024-09-06T15:57:01.867582Z,,,456,CONSENT_REVOKED,CONSENT_REVOKED,CONSENT_REVOKED,CONSENT_REVOKED,CONSENT_REVOKED,CONSENT_REVOKED,CONSENT_REVOKED,CONSENT_REVOKED,CONSENT_REVOKED
669fe8a6fd87283b0b4f1257,654bc148c95bca00d541ec33,APPROVED,Not Applicable,2024-07-23T17:30:20.118000Z,2024-07-23T17:44:57.237000Z,2024-07-23T19:43:43.013000Z,2024-07-23T17:44:58.029633Z,878.0,75b53a55e8,1227,53,Female,White,United States,United States,United States,English,DATA_EXPIRED,Full-Time
669fe8a76e77f53f5a199fa1,668c3e0bcd20a4a22d1c47ca,APPROVED,Not Applicable,2024-07-23T17:30:24.228000Z,2024-07-23T17:57:28.483000Z,2024-07-23T19:43:43.363000Z,2024-07-23T17:57:29.478448Z,1625.0,75b53a55e8,115,31,Male,Asian,United States,United States,United States,English,No,Unemployed (and job seeking)
669fe8a8824534a80d5190a6,5d63179aa3b94d0001da4bb6,RETURNED,Not Applicable,2024-07-23T17:30:16.740000Z,,,2024-09-06T15:57:01.874604Z,,,6753,CONSENT_REVOKED,CONSENT_REVOKED,CONSENT_REVOKED,CONSENT_REVOKED,CONSENT_REVOKED,CONSENT_REVOKED,CONSENT_REVOKED,CONSENT_REVOKED,CONSENT_REVOKED
669fe8b3e4fa656c9ac95c1f,668c31af639495c75f26416d,APPROVED,Not Applicable,2024-07-23T17:30:54.723000Z,2024-07-23T17:55:28.431000Z,2024-07-23T19:43:43.727000Z,2024-07-23T17:55:29.203183Z,1474.0,75b53a55e8,95,29,Male,Mixed,United States,United States,United States,English,No,Full-Time
669fe8db9d19455bfabf147b,6676d179f1116e55d77487a3,APPROVED,Not Applicable,2024-07-23T17:31:21.527000Z,2024-07-23T18:39:06.535000Z,2024-07-23T19:43:44.071000Z,2024-07-23T18:39:34.677553Z,4066.0,75b53a55e8,142,42,Male,Black,United States,United States,United States,English,Yes,Full-Time
669fec27157827ff1cf8e99f,667efc197718aff0b8254be4,RETURNED,Not Applicable,2024-07-23T17:45:47.484000Z,,,2024-09-06T15:57:01.897072Z,,,296,CONSENT_REVOKED,CONSENT_REVOKED,CONSENT_REVOKED,CONSENT_REVOKED,CONSENT_REVOKED,CONSENT_REVOKED,CONSENT_REVOKED,CONSENT_REVOKED,CONSENT_REVOKED
669fedcbd1ac7325780bd902,666dd3d9e53e0ff59d7cc164,APPROVED,Not Applicable,2024-07-23T17:52:17.403000Z,2024-07-23T18:06:03.985000Z,2024-07-23T19:43:44.405000Z,2024-07-23T18:06:06.261789Z,827.0,75b53a55e8,74,20,Female,Other,United States,United States,Mexico,English,No,Unemployed (and job seeking)
669fedcd5d988d7042ee13f6,66771a82b12b534ae754e1d9,RETURNED,Not Applicable,2024-07-23T17:59:13.303000Z,,,2024-09-06T15:57:01.881833Z,,,320,CONSENT_REVOKED,CONSENT_REVOKED,CONSENT_REVOKED,CONSENT_REVOKED,CONSENT_REVOKED,CONSENT_REVOKED,CONSENT_REVOKED,CONSENT_REVOKED,CONSENT_REVOKED
669fedcd61c0193ad77b7eb7,6672f94f92182f291f5cd2f8,APPROVED,Not Applicable,2024-07-23T17:52:43.005000Z,2024-07-23T18:07:09.948000Z,2024-07-23T19:43:44.747000Z,2024-07-23T18:07:14.334084Z,867.0,75b53a55e8,102,28,Female,Mixed,United States,United States,United States,English,No,Unemployed (and job seeking)
669fedce1da081aa9668d262,66580db4d6c1b95db128bc15,APPROVED,Not Applicable,2024-07-23T17:52:17.610000Z,2024-07-23T18:07:00.122000Z,2024-07-23T19:43:45.075000Z,2024-07-23T18:07:07.101256Z,883.0,75b53a55e8,117,35,Female,Black,United States,United States,United States,English,No,"Not in paid work (e.g. homemaker', 'retired or disabled)"
669ff3508678d167762805d9,669a8660d4a57296b3d666e1,RETURNED,Not Applicable,2024-07-23T18:15:49.469000Z,,,2024-09-06T15:57:01.878252Z,,,251,CONSENT_REVOKED,CONSENT_REVOKED,CONSENT_REVOKED,CONSENT_REVOKED,CONSENT_REVOKED,CONSENT_REVOKED,CONSENT_REVOKED,CONSENT_REVOKED,CONSENT_REVOKED
669ff3b58dad8b1cb4f760f7,667e430fb57a5f04492676c6,APPROVED,Not Applicable,2024-07-23T18:17:28.447000Z,2024-07-23T18:40:54.651000Z,2024-07-23T19:43:45.412000Z,2024-07-23T18:40:55.618161Z,1407.0,75b53a55e8,41,33,Male,Other,United States,United States,United States,English,No,DATA_EXPIRED
66a0086e34661c1f9cc6cf12,6685b9d77dc95a39de6eedb1,RETURNED,Not Applicable,2024-07-23T19:46:15.202000Z,,,2024-09-06T15:57:01.874625Z,,,356,CONSENT_REVOKED,CONSENT_REVOKED,CONSENT_REVOKED,CONSENT_REVOKED,CONSENT_REVOKED,CONSENT_REVOKED,CONSENT_REVOKED,CONSENT_REVOKED,CONSENT_REVOKED
66a009fe8082195bfd426a97,665f2adf1d853c1e880b06be,APPROVED,Not Applicable,2024-07-23T19:52:34.053000Z,2024-07-23T20:10:49.391000Z,2024-07-31T17:19:11.969000Z,2024-07-23T20:11:03.839858Z,1096.0,75b53a55e8,174,25,Female,Mixed,United States,United States,United States,English,No,Part-Time
66aa718df938df185286be1c,66594fe4cdc0d772db2dd715,APPROVED,Not Applicable,2024-07-31T17:17:06.494000Z,2024-07-31T17:32:50.475000Z,2024-08-01T18:07:08.836000Z,2024-07-31T17:33:45.732134Z,944.0,75b53a55e8,56,25,Male,White,United States,United States,United States,English,Yes,DATA_EXPIRED
66aa719fb3848085b19f2f39,657f06882ad79871ba4e7b10,APPROVED,Not Applicable,2024-07-31T17:17:27.049000Z,2024-07-31T17:35:07.444000Z,2024-08-01T18:07:09.401000Z,2024-07-31T17:35:08.453935Z,1061.0,75b53a55e8,108,23,Female,DATA_EXPIRED,United States,United States,United States,Spanish,Yes,DATA_EXPIRED
66aa71ba1691470713ea16f2,6656dac20f9a0f05289273ac,RETURNED,Not Applicable,2024-07-31T17:17:59.368000Z,,,2024-09-06T15:57:01.883206Z,,,400,CONSENT_REVOKED,CONSENT_REVOKED,CONSENT_REVOKED,CONSENT_REVOKED,CONSENT_REVOKED,CONSENT_REVOKED,CONSENT_REVOKED,CONSENT_REVOKED,CONSENT_REVOKED
66aa71be0a10f1c70265030a,60fe274c1a2f4578dafd24b1,RETURNED,Not Applicable,2024-07-31T17:17:58.424000Z,,,2024-09-06T15:57:01.886558Z,,,62,CONSENT_REVOKED,CONSENT_REVOKED,CONSENT_REVOKED,CONSENT_REVOKED,CONSENT_REVOKED,CONSENT_REVOKED,CONSENT_REVOKED,CONSENT_REVOKED,CONSENT_REVOKED
66aa71c64f6ae3b8366e8169,6682fe597b14604f5b31fc75,RETURNED,Not Applicable,2024-07-31T17:18:32.685000Z,,,2024-09-06T15:57:01.898986Z,,,7,CONSENT_REVOKED,CONSENT_REVOKED,CONSENT_REVOKED,CONSENT_REVOKED,CONSENT_REVOKED,CONSENT_REVOKED,CONSENT_REVOKED,CONSENT_REVOKED,CONSENT_REVOKED
66aa71f66253593e722eb06a,669a7d6b84e2ca585e01244b,TIMED-OUT,Not Applicable,2024-07-31T17:19:01.657000Z,,,2024-09-06T15:57:01.898148Z,3191881.0,,83,51,Male,White,United States,United States,United States,English,No,Full-Time
66aa7246451764c4026c19a8,650affdd0bb1cb1a5045b3d1,APPROVED,Not Applicable,2024-07-31T17:20:11.743000Z,2024-07-31T17:32:29.206000Z,2024-08-01T18:07:09.815000Z,2024-07-31T17:33:19.937293Z,738.0,75b53a55e8,378,38,Female,White,United States,United States,United States,English,DATA_EXPIRED,DATA_EXPIRED
66aa75adb0767d4d42be5547,66397ad24036e6a540a10423,APPROVED,Not Applicable,2024-07-31T17:34:41.993000Z,2024-07-31T17:49:34.534000Z,2024-08-01T18:07:10.190000Z,2024-07-31T17:51:55.000773Z,893.0,75b53a55e8,396,37,Female,White,United States,United States,United States,English,No,"Not in paid work (e.g. homemaker', 'retired or disabled)"
66aa89bf0d0f1402958e44dd,669bc40c333f2cb18b89b95c,APPROVED,Not Applicable,2024-07-31T19:00:28.887000Z,2024-07-31T19:15:52.377000Z,2024-08-01T18:07:10.543000Z,2024-07-31T19:15:53.315832Z,924.0,75b53a55e8,55,21,Male,Asian,United States,United States,United States,Hindi,Yes,Other
66ba75d8d32d2acfdef8a059,5de5496937e1d50ca63e0fa5,APPROVED,Not Applicable,2024-08-12T20:51:44.953000Z,2024-08-12T21:09:21.665000Z,2024-08-16T21:59:49.637000Z,2024-08-12T21:09:23.994553Z,1057.0,75b53a55e8,6060,71,Female,White,United States,United States,United States,English,No,Full-Time
66d8a298502584ce9f744df5,59014316505ca20001647b81,RETURNED,Not Applicable,2024-09-04T18:10:39.406000Z,,,2024-09-06T15:57:01.896596Z,,,2432,CONSENT_REVOKED,CONSENT_REVOKED,CONSENT_REVOKED,CONSENT_REVOKED,CONSENT_REVOKED,CONSENT_REVOKED,CONSENT_REVOKED,CONSENT_REVOKED,CONSENT_REVOKED
66d8a2a5b5124df4f3ff4372,66174ebf94a0436a72781dee,APPROVED,Not Applicable,2024-09-04T18:11:16.539000Z,2024-09-04T19:10:36.070000Z,2024-09-06T15:55:31.369000Z,2024-09-04T19:12:14.256447Z,3560.0,75b53a55e8,84,30,Female,White,United States,United States,United States,English,No,Full-Time
66d8a2a9e6552c2e4edf97da,664a1fea9fd89ebf8bb93a5e,APPROVED,Not Applicable,2024-09-04T18:10:56.546000Z,2024-09-04T18:22:43.306000Z,2024-09-06T15:55:31.805000Z,2024-09-04T18:22:44.212620Z,707.0,75b53a55e8,150,31,Male,White,United States,United States,United States,English,No,Full-Time
66d8a2a9eebb810755d4ece3,6339d248a31798529a8cf2e4,APPROVED,Not Applicable,2024-09-04T18:12:37.640000Z,2024-09-04T18:26:39.378000Z,2024-09-06T15:55:32.136000Z,2024-09-04T18:27:35.708946Z,842.0,75b53a55e8,1038,37,Male,White,United States,United States,United States,English,DATA_EXPIRED,Full-Time
66d8a2aaa00ea57463087bf9,5a833410f49c9a0001f3744d,APPROVED,Not Applicable,2024-09-04T18:10:55.486000Z,2024-09-04T18:36:15.235000Z,2024-09-06T15:55:32.585000Z,2024-09-04T18:37:35.678895Z,1520.0,75b53a55e8,2201,45,Male,White,United States,United States,United States,English,DATA_EXPIRED,DATA_EXPIRED
66d8a2ab33da49e827d84739,5fea4e9eb11116a165b0834a,APPROVED,Not Applicable,2024-09-04T18:10:57.200000Z,2024-09-04T18:33:11.047000Z,2024-09-06T15:55:33.169000Z,2024-09-04T18:33:11.586471Z,1334.0,75b53a55e8,1003,39,Female,White,United States,United States,United States,English,No,Part-Time
66d8a2aca00ea57463087bfe,562cfb97733ea0000a162a0b,APPROVED,Not Applicable,2024-09-04T18:10:57.332000Z,2024-09-04T18:29:40.765000Z,2024-09-06T15:55:33.751000Z,2024-09-04T18:31:01.405425Z,1124.0,75b53a55e8,1171,43,Male,White,United States,United States,United States,English,No,Full-Time
66d8a2ad27aaf4c652f91b6c,60fdeeaeeea2326f5d3c302c,APPROVED,Not Applicable,2024-09-04T18:11:00.802000Z,2024-09-04T18:31:11.673000Z,2024-09-06T15:55:34.087000Z,2024-09-04T18:31:25.092321Z,1211.0,75b53a55e8,669,29,Female,White,United States,United States,United States,English,DATA_EXPIRED,Full-Time
66d8a2b3113ad9383108781d,66548a3de802502ed02ac6fa,APPROVED,Not Applicable,2024-09-04T18:13:08.751000Z,2024-09-04T18:34:58.177000Z,2024-09-06T15:55:35.134000Z,2024-09-04T18:36:40.275034Z,1310.0,75b53a55e8,613,46,Female,White,United States,United States,United States,English,No,"Not in paid work (e.g. homemaker', 'retired or disabled)"
66d8a2b77c364ec10c959d45,66d89bad7a86da0cf3a4714b,APPROVED,Not Applicable,2024-09-04T18:11:08.866000Z,2024-09-04T18:22:47.891000Z,2024-09-06T15:55:35.736000Z,2024-09-04T18:22:48.636508Z,700.0,75b53a55e8,0,24,Male,White,United States,United States,United States,English,DATA_EXPIRED,DATA_EXPIRED
66d8a2b7e80d4732e566e1c0,666322304dec4361a38f902a,RETURNED,Not Applicable,2024-09-04T18:11:09.435000Z,,,2024-09-06T15:57:01.898619Z,,,146,CONSENT_REVOKED,CONSENT_REVOKED,CONSENT_REVOKED,CONSENT_REVOKED,CONSENT_REVOKED,CONSENT_REVOKED,CONSENT_REVOKED,CONSENT_REVOKED,CONSENT_REVOKED
66d8a2c04c89e705314a261b,666868d7b397e614f21a0baa,RETURNED,Not Applicable,2024-09-04T18:11:21.123000Z,,,2024-09-06T15:57:01.919306Z,,,62,CONSENT_REVOKED,CONSENT_REVOKED,CONSENT_REVOKED,CONSENT_REVOKED,CONSENT_REVOKED,CONSENT_REVOKED,CONSENT_REVOKED,CONSENT_REVOKED,CONSENT_REVOKED
66d8a2c0826defbaead88baf,56d9f54b610fc0000bb76e8d,APPROVED,Not Applicable,2024-09-04T18:11:24.084000Z,2024-09-04T18:31:41.923000Z,2024-09-06T15:55:36.436000Z,2024-09-04T18:31:42.891599Z,1218.0,75b53a55e8,1882,54,Male,White,United States,United States,United States,English,DATA_EXPIRED,DATA_EXPIRED
66d8a2c4edbadfcfe395ee53,667f454e544c78eff18e194f,APPROVED,Not Applicable,2024-09-04T18:11:22.146000Z,2024-09-04T18:22:02.867000Z,2024-09-06T15:55:37.468000Z,2024-09-04T18:22:03.576402Z,641.0,75b53a55e8,169,43,Male,White,United States,United States,United States,English,No,Full-Time
66d8a2c8d271b0959550b0b0,66d89583d7dd156748fa2876,APPROVED,Not Applicable,2024-09-04T18:11:24.707000Z,2024-09-04T18:27:53.288000Z,2024-09-06T15:55:38.077000Z,2024-09-04T18:28:27.737055Z,989.0,75b53a55e8,2,43,Male,Other,United States,United States,United States,English,DATA_EXPIRED,DATA_EXPIRED
66d8a2cb94758f70964bd04f,5a02083e087f2e0001eadbdb,APPROVED,Not Applicable,2024-09-04T18:11:30.771000Z,2024-09-04T18:31:49.781000Z,2024-09-06T15:55:38.584000Z,2024-09-04T18:31:51.150981Z,1220.0,75b53a55e8,3645,51,Female,White,United States,United States,United States,English,No,DATA_EXPIRED
66d8a2d0017316209e89893e,665d35adb8d0e36434fca010,APPROVED,Not Applicable,2024-09-04T18:11:37.396000Z,2024-09-04T18:29:16.888000Z,2024-09-06T15:55:39.140000Z,2024-09-04T18:30:12.086738Z,1060.0,75b53a55e8,141,26,Female,White,United States,United States,United States,English,Yes,"Not in paid work (e.g. homemaker', 'retired or disabled)"
66d8a2d8ec829983a90ede91,5c05c77f24419e0001a3094f,RETURNED,Not Applicable,2024-09-04T18:11:42.397000Z,,,2024-09-06T15:57:01.902701Z,,,2477,CONSENT_REVOKED,CONSENT_REVOKED,CONSENT_REVOKED,CONSENT_REVOKED,CONSENT_REVOKED,CONSENT_REVOKED,CONSENT_REVOKED,CONSENT_REVOKED,CONSENT_REVOKED
66d8a2da571c13d124719863,62aa28c1027ae7d68ef3571c,APPROVED,Not Applicable,2024-09-04T18:11:48.458000Z,2024-09-04T18:27:01.648000Z,2024-09-06T15:55:39.836000Z,2024-09-04T18:27:46.180259Z,914.0,75b53a55e8,3392,22,Female,White,United States,United States,United States,English,No,Other
66d8a2db7995a0a44bc18500,55bc1119fdf99b5693f3ec47,APPROVED,Not Applicable,2024-09-04T18:13:26.739000Z,2024-09-04T18:25:08.054000Z,2024-09-06T15:55:40.378000Z,2024-09-04T18:26:48.873854Z,702.0,75b53a55e8,1220,31,Male,White,United States,United States,United States,English,No,DATA_EXPIRED
66d8a2dc0cd837ec984bd573,5c901b1129b39400014e44ef,APPROVED,Not Applicable,2024-09-04T18:13:02.145000Z,2024-09-04T18:24:06.175000Z,2024-09-06T15:55:40.844000Z,2024-09-04T18:26:30.333822Z,665.0,75b53a55e8,297,27,Female,White,United States,United States,United States,English,Yes,DATA_EXPIRED
66d8a2de906aff2609ba8038,660d6b2e957fa582ec87816f,APPROVED,Not Applicable,2024-09-04T18:11:59.967000Z,2024-09-04T18:23:28.256000Z,2024-09-06T15:55:41.237000Z,2024-09-04T18:23:28.839660Z,689.0,75b53a55e8.,482,36,Female,White,United States,United States,United States,English,No,Part-Time
66d8a2e1f9be59c9a9461d62,5737620867421f000d181393,RETURNED,Not Applicable,2024-09-04T18:12:03.891000Z,,,2024-09-06T15:57:01.910992Z,,,1401,CONSENT_REVOKED,CONSENT_REVOKED,CONSENT_REVOKED,CONSENT_REVOKED,CONSENT_REVOKED,CONSENT_REVOKED,CONSENT_REVOKED,CONSENT_REVOKED,CONSENT_REVOKED
66d8a2e2a8fbe174cb8506cb,66d713b87fa5e0060a957177,APPROVED,Not Applicable,2024-09-04T18:11:55.554000Z,2024-09-04T18:33:01.773000Z,2024-09-06T15:55:41.668000Z,2024-09-04T18:33:02.432019Z,1267.0,75b53a55e8,4,31,Female,White,United States,United States,United States,English,DATA_EXPIRED,DATA_EXPIRED
66d8a2e33298d7efa412e546,63eea80c0dd2a44e8b0266e4,APPROVED,Not Applicable,2024-09-04T18:11:55.956000Z,2024-09-04T18:29:07.358000Z,2024-09-06T15:55:42.029000Z,2024-09-04T18:29:52.540795Z,1032.0,75b53a55e8,2475,33,Male,Mixed,United States,United States,United States,English,DATA_EXPIRED,Full-Time
66d8a2e3f695319849742a5a,663a5c5171454bcc9b73e39b,TIMED-OUT,Not Applicable,2024-09-04T18:11:55.155000Z,,,2024-09-06T15:57:01.914441Z,164707.0,,71,35,Female,White,United States,United States,United States,English,Yes,DATA_EXPIRED
66d8a2e48a243c9721c0755d,6631236a819d589594d78907,APPROVED,Not Applicable,2024-09-04T18:12:19.901000Z,2024-09-04T18:25:20.035000Z,2024-09-06T15:55:42.405000Z,2024-09-04T18:26:53.256867Z,781.0,75b53a55e8,395,38,Female,Asian,United States,United States,United States,English,No,Full-Time
66d8a2e82c4f1aaf915ef7c2,66a990fb2a4d53f0bae8b04b,RETURNED,Not Applicable,2024-09-04T18:12:15.552000Z,,,2024-09-06T15:57:01.912551Z,,,77,CONSENT_REVOKED,CONSENT_REVOKED,CONSENT_REVOKED,CONSENT_REVOKED,CONSENT_REVOKED,CONSENT_REVOKED,CONSENT_REVOKED,CONSENT_REVOKED,CONSENT_REVOKED
66d8a2e9680d0a3d3613391e,66d5cfa19bfac935ceffb470,APPROVED,Not Applicable,2024-09-04T18:12:04.052000Z,2024-09-04T18:40:33.282000Z,2024-09-06T15:55:42.797000Z,2024-09-04T18:40:33.790738Z,1710.0,75b53a55e8,8,37,Male,White,United States,United States,United States,English,DATA_EXPIRED,DATA_EXPIRED
66d8a2ea33da49e827d84751,5a5aa53be0cf3d000126790a,APPROVED,Not Applicable,2024-09-04T18:11:59.139000Z,2024-09-04T18:28:39.972000Z,2024-09-06T15:55:43.097000Z,2024-09-04T18:29:13.022716Z,1001.0,75b53a55e8,694,25,Female,Asian,United States,United States,United States,English,No,Full-Time
66d8a2f7bd5ca2dce13a3421,62d0d83f6cb9f6d89cead14d,APPROVED,Not Applicable,2024-09-04T18:12:13.794000Z,2024-09-04T19:12:20.740000Z,2024-09-06T15:55:43.379000Z,2024-09-04T19:12:43.410047Z,3607.0,75b53a55e8,5,26,Prefer not to say,White,United States,United States,United States,English,No,DATA_EXPIRED
66d8a30307b316c37ccc107c,60f6d47e13b6f6b93d860dfe,RETURNED,Not Applicable,2024-09-04T18:12:28.396000Z,,,2024-09-06T15:57:01.914649Z,,,801,CONSENT_REVOKED,CONSENT_REVOKED,CONSENT_REVOKED,CONSENT_REVOKED,CONSENT_REVOKED,CONSENT_REVOKED,CONSENT_REVOKED,CONSENT_REVOKED,CONSENT_REVOKED
66d8a3474eb741982f74b1e8,5b0441b02c6f280001bb12ac,APPROVED,Not Applicable,2024-09-04T18:13:56.771000Z,2024-09-04T18:34:34.165000Z,2024-09-06T15:55:43.688000Z,2024-09-04T18:36:13.016726Z,1238.0,75b53a55e8,275,27,Female,Mixed,United States,United States,United States,English,No,DATA_EXPIRED
66d8a34ea8fbe174cb8506e3,665de11eda38023f3dccc4fb,RETURNED,Not Applicable,2024-09-04T18:13:39.914000Z,,,2024-09-06T15:57:01.921472Z,,,20,CONSENT_REVOKED,CONSENT_REVOKED,CONSENT_REVOKED,CONSENT_REVOKED,CONSENT_REVOKED,CONSENT_REVOKED,CONSENT_REVOKED,CONSENT_REVOKED,CONSENT_REVOKED
66d8a3745918c99346c02ea4,6644ba0cfa5897d92ceb35fd,APPROVED,Not Applicable,2024-09-04T18:17:43.804000Z,2024-09-04T18:35:48.409000Z,2024-09-06T15:55:43.971000Z,2024-09-04T18:37:18.603159Z,1085.0,75b53a55e8,461,26,Female,Other,United States,United States,United States,English,No,Full-Time
66d8a3793005ac2de8968716,66706191120230e6a89ddd0e,RETURNED,Not Applicable,2024-09-04T18:14:22.739000Z,,,2024-09-06T15:57:01.916264Z,,,197,CONSENT_REVOKED,CONSENT_REVOKED,CONSENT_REVOKED,CONSENT_REVOKED,CONSENT_REVOKED,CONSENT_REVOKED,CONSENT_REVOKED,CONSENT_REVOKED,CONSENT_REVOKED
66d8a37de5702ab23eb4f869,65d50e7a510f38650aa5340c,RETURNED,Not Applicable,2024-09-04T18:14:27.736000Z,,,2024-09-06T15:57:01.922077Z,,,745,CONSENT_REVOKED,CONSENT_REVOKED,CONSENT_REVOKED,CONSENT_REVOKED,CONSENT_REVOKED,CONSENT_REVOKED,CONSENT_REVOKED,CONSENT_REVOKED,CONSENT_REVOKED
66d8a38d0eb038b92df0d2d3,66a546ba23c7bc995ee9868e,REJECTED,Not Applicable,2024-09-04T18:14:42.536000Z,2024-09-04T18:16:25.877000Z,2024-09-06T15:33:27.245000Z,2024-09-06T15:57:01.922756Z,104.0,C1MZ6KBU,114,CONSENT_REVOKED,CONSENT_REVOKED,CONSENT_REVOKED,CONSENT_REVOKED,CONSENT_REVOKED,CONSENT_REVOKED,CONSENT_REVOKED,CONSENT_REVOKED,CONSENT_REVOKED
66d8a39f4aa062a3b829d0bb,66c4a45fdf6ae3da6af4f344,RETURNED,Not Applicable,2024-09-04T18:15:04.451000Z,,,2024-09-06T15:57:01.926748Z,,,49,CONSENT_REVOKED,CONSENT_REVOKED,CONSENT_REVOKED,CONSENT_REVOKED,CONSENT_REVOKED,CONSENT_REVOKED,CONSENT_REVOKED,CONSENT_REVOKED,CONSENT_REVOKED
66d8a3cf9953639f4e72cd29,6604610e7a4c3d8b8aa2309f,RETURNED,Not Applicable,2024-09-04T18:26:00.072000Z,,,2024-09-06T15:57:01.934114Z,,,595,CONSENT_REVOKED,CONSENT_REVOKED,CONSENT_REVOKED,CONSENT_REVOKED,CONSENT_REVOKED,CONSENT_REVOKED,CONSENT_REVOKED,CONSENT_REVOKED,CONSENT_REVOKED
66d8a5404261540ebb00c940,64abee38a80dfb5e45212487,RETURNED,Not Applicable,2024-09-04T18:22:01.234000Z,,,2024-09-06T15:57:01.931428Z,,,2246,CONSENT_REVOKED,CONSENT_REVOKED,CONSENT_REVOKED,CONSENT_REVOKED,CONSENT_REVOKED,CONSENT_REVOKED,CONSENT_REVOKED,CONSENT_REVOKED,CONSENT_REVOKED
66d8a5c1f9be59c9a9461df8,66435d67125fd343899c4647,RETURNED,Not Applicable,2024-09-04T18:24:05.436000Z,,,2024-09-06T15:57:01.927733Z,,,820,CONSENT_REVOKED,CONSENT_REVOKED,CONSENT_REVOKED,CONSENT_REVOKED,CONSENT_REVOKED,CONSENT_REVOKED,CONSENT_REVOKED,CONSENT_REVOKED,CONSENT_REVOKED
66d8a6437b771ba681aad17d,5dee8ee31255595293a9906b,APPROVED,Not Applicable,2024-09-04T18:26:15.953000Z,2024-09-04T18:43:29.566000Z,2024-09-06T15:55:44.319000Z,2024-09-04T18:43:30.646930Z,1034.0,75b53a55e8,1588,36,Male,White,United States,United States,United States,English,Yes,Full-Time
66d8a6e1c4f90e08c05ef77e,61109cd9ca8089124029d0e8,TIMED-OUT,Not Applicable,2024-09-04T18:28:55.483000Z,,,2024-09-06T15:57:01.946328Z,163687.0,,1031,23,Female,Black,United States,United States,United States,English,Yes,Unemployed (and job seeking)
66d8b8c9862decd752c44d88,66c00fafcb3ada59834af73b,APPROVED,Not Applicable,2024-09-04T19:45:20.228000Z,2024-09-04T19:59:45.420000Z,2024-09-06T15:55:44.630000Z,2024-09-04T20:01:13.826323Z,866.0,75b53a55e8,120,43,Female,White,United States,United States,United States,English,No,Full-Time
66d8bc49b5ef2a50bed38a3e,62e0532289a4e5d9fedadde1,APPROVED,Not Applicable,2024-09-04T20:00:14.220000Z,2024-09-04T20:20:25.650000Z,2024-09-06T15:55:45.007000Z,2024-09-04T20:22:20.057065Z,1212.0,75b53a55e8,5979,42,Male,White,United States,United States,United States,English,No,Full-Time
66db20f66dc3ef87e84535a0,65ff6765704c89daf32f6ddd,RETURNED,Not Applicable,2024-09-06T15:34:19.175000Z,,,2024-09-06T15:57:01.939149Z,,,717,CONSENT_REVOKED,CONSENT_REVOKED,CONSENT_REVOKED,CONSENT_REVOKED,CONSENT_REVOKED,CONSENT_REVOKED,CONSENT_REVOKED,CONSENT_REVOKED,CONSENT_REVOKED
66db212391284c53f9f4a850,6664571a4c9c647750ac55d4,RETURNED,Not Applicable,2024-09-06T15:35:04.019000Z,,,2024-09-06T15:57:01.939817Z,,,162,CONSENT_REVOKED,CONSENT_REVOKED,CONSENT_REVOKED,CONSENT_REVOKED,CONSENT_REVOKED,CONSENT_REVOKED,CONSENT_REVOKED,CONSENT_REVOKED,CONSENT_REVOKED
66db2206102d59b1a3eed29f,6410f845b7640c076f03cd66,APPROVED,Not Applicable,2024-09-06T15:38:54.808000Z,2024-09-06T15:53:51.052000Z,2024-09-06T15:55:45.356000Z,2024-09-06T15:54:06.495915Z,897.0,75b53a55e8,248,29,Male,White,United States,United States,United States,English,Yes,DATA_EXPIRED
671016045beb0c8e83fe47ec,670e0894d478dd59fab43b1a,APPROVED,Not Applicable,2024-10-16T19:37:48.058000Z,2024-10-16T19:49:59.045000Z,2024-10-16T20:39:13.276000Z,2024-10-16T19:49:59.698855Z,731.0,75b53a55e8,11,30,Male,White,United States,United States,United States,English,No,DATA_EXPIRED
6710160777794576de9837d4,62e151e072a7512b2a596883,APPROVED,Not Applicable,2024-10-16T19:37:51.427000Z,2024-10-16T20:06:55.812000Z,2024-10-16T20:39:13.801000Z,2024-10-16T20:07:40.924720Z,1745.0,75b53a55e8,3806,43,Female,Black,United States,United States,United States,English,No,Full-Time
6710160c24e67938e316f252,667ddc73297b040fa84477e6,APPROVED,Not Applicable,2024-10-16T19:37:55.260000Z,2024-10-16T19:53:05.108000Z,2024-10-16T20:39:14.236000Z,2024-10-16T19:53:05.980986Z,910.0,75b53a55e8,149,23,Female,Asian,India,United States,United States,Gujarati,Yes,Other
6710160e45c7da83b3d2ad08,5f4fc18ae52c090c077efd1c,RETURNED,Not Applicable,2024-10-16T19:37:56.776000Z,,,2024-10-16T21:36:09.926212Z,,,54,CONSENT_REVOKED,CONSENT_REVOKED,CONSENT_REVOKED,CONSENT_REVOKED,CONSENT_REVOKED,CONSENT_REVOKED,CONSENT_REVOKED,CONSENT_REVOKED,CONSENT_REVOKED
6710168fb767c04ccbe5fe30,66c69c4a9388409b0a85e902,RETURNED,Not Applicable,2024-10-16T19:40:06.115000Z,,,2024-10-16T21:36:09.914897Z,,,8,CONSENT_REVOKED,CONSENT_REVOKED,CONSENT_REVOKED,CONSENT_REVOKED,CONSENT_REVOKED,CONSENT_REVOKED,CONSENT_REVOKED,CONSENT_REVOKED,CONSENT_REVOKED
67101824698a02b78a28cc25,66634e3cd2b270f0314a12a8,RETURNED,Not Applicable,2024-10-16T19:46:49.743000Z,,,2024-10-16T21:36:09.920353Z,,,175,CONSENT_REVOKED,CONSENT_REVOKED,CONSENT_REVOKED,CONSENT_REVOKED,CONSENT_REVOKED,CONSENT_REVOKED,CONSENT_REVOKED,CONSENT_REVOKED,CONSENT_REVOKED
6710189790e71c8429ba51f4,63cc01345d00538aee5c5d8f,APPROVED,Not Applicable,2024-10-16T19:48:44.051000Z,2024-10-16T20:29:08.048000Z,2024-10-16T20:39:14.819000Z,2024-10-16T20:29:42.222792Z,2424.0,75b53a55e8,228,58,Male,Black,United States,United States,United States,English,No,DATA_EXPIRED
6717e60d9b3d6cb640cc2126,668dd14d6007c95f5f19ecea,APPROVED,Not Applicable,2024-10-22T17:51:20.601000Z,2024-10-22T18:07:20.777000Z,2024-10-23T15:08:55.936000Z,2024-10-22T18:07:46.434584Z,961.0,75b53a55e8,162,30,Female,White,United States,United States,United States,English,No,"Not in paid work (e.g. homemaker', 'retired or disabled)"
669fcee02db4b4e4414b01c1,669f140e71328a6c362248be,APPROVED,Not Applicable,2024-07-23T15:40:27.732000Z,2024-07-23T16:04:28.708000Z,2024-07-23T19:44:08.296000Z,2024-07-23T16:04:52.410000Z,1441.0,75b53a55e8,4,DATA_EXPIRED,DATA_EXPIRED,DATA_EXPIRED,DATA_EXPIRED,DATA_EXPIRED,DATA_EXPIRED,DATA_EXPIRED,DATA_EXPIRED,DATA_EXPIRED
669fcf3b3840a5a536c2a0d7,6684aa4ccea9a753ceef3db8,RETURNED,Not Applicable,2024-07-23T15:41:51.295000Z,,,2024-09-06T15:57:01.074000Z,,,3,CONSENT_REVOKED,CONSENT_REVOKED,CONSENT_REVOKED,CONSENT_REVOKED,CONSENT_REVOKED,CONSENT_REVOKED,CONSENT_REVOKED,CONSENT_REVOKED,CONSENT_REVOKED
669fd00035f2a76f236578d2,667a87dad239cba30291b3dc,APPROVED,Not Applicable,2024-07-23T15:45:09.611000Z,2024-07-23T16:09:47.810000Z,2024-07-23T19:44:11.519000Z,2024-07-23T16:09:48.365000Z,1479.0,75b53a55e8,4,DATA_EXPIRED,DATA_EXPIRED,DATA_EXPIRED,DATA_EXPIRED,DATA_EXPIRED,DATA_EXPIRED,DATA_EXPIRED,DATA_EXPIRED,DATA_EXPIRED
669fd0df56f23c1a7cc9a0ce,66882dbe4797106db89fe7c1,RETURNED,Not Applicable,2024-07-23T15:49:06.523000Z,,,2024-09-06T15:57:01.346000Z,,,7,CONSENT_REVOKED,CONSENT_REVOKED,CONSENT_REVOKED,CONSENT_REVOKED,CONSENT_REVOKED,CONSENT_REVOKED,CONSENT_REVOKED,CONSENT_REVOKED,CONSENT_REVOKED
669fd3204e19c675603b646a,666621943b08e2a34f9b9a2a,RETURNED,Not Applicable,2024-07-23T15:58:33.966000Z,,,2024-09-06T15:57:01.476000Z,,,94,CONSENT_REVOKED,CONSENT_REVOKED,CONSENT_REVOKED,CONSENT_REVOKED,CONSENT_REVOKED,CONSENT_REVOKED,CONSENT_REVOKED,CONSENT_REVOKED,CONSENT_REVOKED
669fd606022ff88b39c08fb4,65d5179cf1a1d839ea0e1b40,APPROVED,Not Applicable,2024-07-23T16:19:32.051000Z,2024-07-23T16:35:00.876000Z,2024-07-23T19:43:07.972000Z,2024-07-23T16:35:01.384000Z,929.0,75b53a55e8,363,DATA_EXPIRED,DATA_EXPIRED,DATA_EXPIRED,DATA_EXPIRED,DATA_EXPIRED,DATA_EXPIRED,DATA_EXPIRED,DATA_EXPIRED,DATA_EXPIRED
